version 1
nodes
0 "blender_implicit" -1
1 "nw4r_root" -1
2 "MABU00" 1
3 "MABU01" 1
4 "S005A_T01" 1
5 "char_root" 1
6 "base" 5
7 "j_koshi" 6
8 "j_momo_L" 7
9 "j_hiza_L" 8
10 "e_ashi_L" 9
11 "c_ashi_L" 10
12 "j_ashi_L" 11
13 "j_momo_R" 7
14 "j_hiza_R" 13
15 "e_ashi_R" 14
16 "c_ashi_R" 15
17 "j_ashi_R" 16
18 "j_mune_A" 6
19 "j_mune_B" 18
20 "j_atama" 19
21 "j_ago" 20
22 "j_mimi_L" 20
23 "j_mimi_R" 20
24 "j_kata_L" 19
25 "j_hiji_L" 24
26 "e_te_L" 25
27 "c_te_L" 26
28 "j_te_L" 27
29 "j_kata_R" 19
30 "j_hiji_R" 29
31 "e_te_R" 30
32 "c_te_R" 31
33 "j_te_R" 32
end
skeleton
time 0
0  0 0 0  0 0 0
1  0.000000 0.000000 0.000000  1.570796 0.000000 -3.141593
2  0.000000 0.000000 -0.000000  -0.000000 0.000000 0.000000
3  0.000000 0.000000 -0.000000  -0.000000 0.000000 0.000000
4  0.000000 0.000000 -0.000000  -0.000000 0.000000 0.000000
5  0.000000 0.000000 -0.000000  -0.000000 0.000000 0.000000
6  -0.000000 6.495104 1.102779  0.000003 -0.000000 0.000000
7  -0.000000 -0.000000 0.000000  -0.000002 0.000000 -0.000000
8  -2.138805 -0.393821 1.716335  -1.570797 -0.252945 -1.570794
9  2.880000 0.000003 -0.000005  0.000000 0.000001 -0.000005
10  2.880001 0.000018 -0.000004  -0.000000 0.000001 0.000011
11  -0.000000 0.000000 -0.000000  1.823736 -1.570796 0.000000
12  0.000000 0.000000 -0.000000  -0.000000 0.000000 0.000000
13  2.139000 -0.393821 1.716336  -1.570797 -0.252945 -1.570793
14  2.880000 0.000003 -0.000008  0.000000 0.000001 -0.000000
15  2.880000 0.000004 -0.000007  0.000000 0.000000 0.000005
16  -0.000000 0.000000 0.000000  1.933365 -1.570794 -0.083156
17  -0.000000 0.000001 0.000001  -0.000000 0.000000 -0.000000
18  -0.000000 -0.000000 0.000000  -0.000002 0.000000 -0.000000
19  0.000000 0.000000 -2.792115  0.000000 -0.000000 -0.000000
20  0.000000 -0.000001 -2.530704  0.000000 -0.000000 -0.000000
21  0.000000 -0.174160 -1.587459  0.000000 -0.000000 -0.000000
22  -2.640057 3.277378 -3.160311  0.000000 -0.575959 -0.000000
23  2.640000 3.277378 -3.160310  0.000000 0.575959 -0.000000
24  -2.138805 -1.440798 -1.246059  1.570796 0.246915 -1.570796
25  2.249999 -0.000008 0.000000  0.000000 0.000000 0.000005
26  2.249998 -0.000021 -0.000000  0.000000 0.000000 -0.000005
27  -0.000000 -0.000000 -0.000000  -1.817712 1.570796 0.000000
28  -0.000000 0.000000 -0.000000  -0.000000 0.000000 -0.000000
29  2.139000 -1.440798 -1.246058  1.570796 0.246917 -1.570797
30  2.249999 -0.000006 -0.000001  0.000000 0.000000 -0.000011
31  2.250000 0.000019 -0.000001  0.000000 0.000000 0.000011
32  0.000000 0.000000 0.000000  -1.817713 1.570796 0.000000
33  0.000000 0.000000 -0.000000  0.000000 0.000000 -0.000000
end
triangles
Komainu
0  3.443114 4.522761 6.218997  0.963308 0.150421 0.222286  0.241927 0.139465 2 7 0.500000 8 0.500000
0  3.462158 4.373343 6.238773  0.963310 0.150378 0.222307  0.239791 0.148804 2 8 0.510000 7 0.490000
0  3.551513 4.358692 5.860101  0.963302 0.150590 0.222196  0.219955 0.143860 2 7 0.500000 8 0.500000
Komainu
0  -2.033203 5.171660 7.473651  -0.561504 0.677749 0.474732  0.347961 0.068115 2 7 0.800000 13 0.200000
0  -1.852297 5.310822 7.543962  -0.402362 0.791640 0.459794  0.372376 0.055176 2 7 0.800000 13 0.200000
0  -2.400880 5.446338 6.457770  -0.416374 0.863635 0.284197  0.331604 0.025208 2 7 0.700000 13 0.300000
Komainu
0  -1.707277 4.417256 8.740023  -0.554804 0.503220 0.662542  0.388061 0.121399 2 7 0.800000 13 0.200000
0  -1.852297 5.310822 7.543962  -0.402362 0.791640 0.459794  0.372376 0.055176 2 7 0.800000 13 0.200000
0  -2.033203 5.171660 7.473651  -0.561504 0.677749 0.474732  0.347961 0.068115 2 7 0.800000 13 0.200000
Komainu
0  -2.317383 0.199950 9.317871  -0.616555 -0.193631 0.763129  0.395813 0.297180 2 7 0.500000 18 0.500000
0  -2.211915 0.867186 9.429934  -0.608583 0.025869 0.793068  0.399231 0.275879 2 7 0.500000 18 0.500000
0  -2.414064 0.585204 9.169188  -0.755616 0.046471 0.653364  0.391968 0.287842 2 7 0.500000 18 0.500000
Komainu
0  -2.317383 0.199950 9.317871  -0.616555 -0.193631 0.763129  0.395813 0.297180 2 7 0.500000 18 0.500000
0  -1.968018 0.797607 9.593262  -0.440846 -0.077337 0.894245  0.405212 0.277954 2 7 0.500000 18 0.500000
0  -2.211915 0.867186 9.429934  -0.608583 0.025869 0.793068  0.399231 0.275879 2 7 0.500000 18 0.500000
Komainu
0  -1.968018 0.797607 9.593262  -0.440846 -0.077337 0.894245  0.405212 0.277954 2 7 0.500000 18 0.500000
0  -2.033937 1.360839 9.509034  -0.532209 0.103902 0.840213  0.400330 0.252686 2 7 0.500000 18 0.500000
0  -2.211915 0.867186 9.429934  -0.608583 0.025869 0.793068  0.399231 0.275879 2 7 0.500000 18 0.500000
Komainu
0  -1.968018 0.797607 9.593262  -0.440846 -0.077337 0.894245  0.405212 0.277954 2 7 0.500000 18 0.500000
0  -1.756347 1.403319 9.670167  -0.393637 0.068615 0.916702  0.409058 0.254822 2 7 0.500000 18 0.500000
0  -2.033937 1.360839 9.509034  -0.532209 0.103902 0.840213  0.400330 0.252686 2 7 0.500000 18 0.500000
Komainu
0  -2.033937 1.360839 9.509034  -0.532209 0.103902 0.840213  0.400330 0.252686 2 7 0.500000 18 0.500000
0  -1.756347 1.403319 9.670167  -0.393637 0.068615 0.916702  0.409058 0.254822 2 7 0.500000 18 0.500000
0  -1.598145 2.979492 9.515625  -0.470201 0.254031 0.845210  0.408325 0.194763 2 7 0.800000 18 0.200000
Komainu
0  -1.085449 3.024171 9.685545  -0.147596 0.274715 0.950130  0.429138 0.188355 2 7 0.800000 18 0.200000
0  -1.598145 2.979492 9.515625  -0.470201 0.254031 0.845210  0.408325 0.194763 2 7 0.800000 18 0.200000
0  -1.756347 1.403319 9.670167  -0.393637 0.068615 0.916702  0.409058 0.254822 2 7 0.500000 18 0.500000
Komainu
0  -1.085449 3.024171 9.685545  -0.147596 0.274715 0.950130  0.429138 0.188355 2 7 0.800000 18 0.200000
0  -1.707277 4.417256 8.740023  -0.554804 0.503220 0.662542  0.388061 0.121399 2 7 0.800000 13 0.200000
0  -1.598145 2.979492 9.515625  -0.470201 0.254031 0.845210  0.408325 0.194763 2 7 0.800000 18 0.200000
Komainu
0  -1.085449 3.024171 9.685545  -0.147596 0.274715 0.950130  0.429138 0.188355 2 7 0.800000 18 0.200000
0  -1.327150 4.513938 8.864538  -0.251607 0.621065 0.742275  0.415100 0.117798 2 7 0.800000 13 0.200000
0  -1.707277 4.417256 8.740023  -0.554804 0.503220 0.662542  0.388061 0.121399 2 7 0.800000 13 0.200000
Komainu
0  -1.707277 4.417256 8.740023  -0.554804 0.503220 0.662542  0.388061 0.121399 2 7 0.800000 13 0.200000
0  -1.327150 4.513938 8.864538  -0.251607 0.621065 0.742275  0.415100 0.117798 2 7 0.800000 13 0.200000
0  -1.852297 5.310822 7.543962  -0.402362 0.791640 0.459794  0.372376 0.055176 2 7 0.800000 13 0.200000
Komainu
0  -1.152832 4.502952 8.852085  -0.074787 0.664145 0.743853  0.422852 0.117493 2 7 0.800000 13 0.200000
0  -1.852297 5.310822 7.543962  -0.402362 0.791640 0.459794  0.372376 0.055176 2 7 0.800000 13 0.200000
0  -1.327150 4.513938 8.864538  -0.251607 0.621065 0.742275  0.415100 0.117798 2 7 0.800000 13 0.200000
Komainu
0  -1.152832 4.502952 8.852085  -0.074787 0.664145 0.743853  0.422852 0.117493 2 7 0.800000 13 0.200000
0  -1.684570 5.375278 7.571796  -0.236768 0.873440 0.425493  0.385864 0.049744 2 7 0.800000 13 0.200000
0  -1.852297 5.310822 7.543962  -0.402362 0.791640 0.459794  0.372376 0.055176 2 7 0.800000 13 0.200000
Komainu
0  -2.284426 5.482230 6.418218  -0.281140 0.939985 0.193360  0.344971 0.018799 2 7 0.700000 13 0.300000
0  -1.852297 5.310822 7.543962  -0.402362 0.791640 0.459794  0.372376 0.055176 2 7 0.800000 13 0.200000
0  -1.684570 5.375278 7.571796  -0.236768 0.873440 0.425493  0.385864 0.049744 2 7 0.800000 13 0.200000
Komainu
0  -2.284426 5.482230 6.418218  -0.281140 0.939985 0.193360  0.344971 0.018799 2 7 0.700000 13 0.300000
0  -2.400880 5.446338 6.457770  -0.416374 0.863635 0.284197  0.331604 0.025208 2 7 0.700000 13 0.300000
0  -1.852297 5.310822 7.543962  -0.402362 0.791640 0.459794  0.372376 0.055176 2 7 0.800000 13 0.200000
Komainu
0  -2.400880 5.446338 6.457770  -0.416374 0.863635 0.284197  0.331604 0.025208 2 7 0.700000 13 0.300000
0  -2.284426 5.482230 6.418218  -0.281140 0.939985 0.193360  0.344971 0.018799 2 7 0.700000 13 0.300000
0  -2.741455 5.436833 5.862300  -0.325883 0.929810 0.171037  0.306152 0.009583 2 7 0.600000 13 0.400000
Komainu
0  -2.400880 5.446338 6.457770  -0.416374 0.863635 0.284197  0.331604 0.025208 2 7 0.700000 13 0.300000
0  -2.741455 5.436833 5.862300  -0.325883 0.929810 0.171037  0.306152 0.009583 2 7 0.600000 13 0.400000
0  -2.490235 5.405322 6.464364  -0.415403 0.858873 0.299630  0.318359 0.037720 2 7 0.700000 13 0.300000
Komainu
0  -2.490235 5.405322 6.464364  -0.415403 0.858873 0.299630  0.318359 0.037720 2 7 0.700000 13 0.300000
0  -2.033203 5.171660 7.473651  -0.561504 0.677749 0.474732  0.347961 0.068115 2 7 0.800000 13 0.200000
0  -2.400880 5.446338 6.457770  -0.416374 0.863635 0.284197  0.331604 0.025208 2 7 0.700000 13 0.300000
Komainu
0  -2.490235 5.405322 6.464364  -0.415403 0.858873 0.299630  0.318359 0.037720 2 7 0.700000 13 0.300000
0  -2.173096 5.113797 7.423845  -0.554767 0.693058 0.460330  0.332947 0.077087 2 7 0.800000 13 0.200000
0  -2.033203 5.171660 7.473651  -0.561504 0.677749 0.474732  0.347961 0.068115 2 7 0.800000 13 0.200000
Komainu
0  -1.883056 4.310321 8.559846  -0.675512 0.437372 0.593623  0.381592 0.123657 2 7 0.800000 13 0.200000
0  -2.033203 5.171660 7.473651  -0.561504 0.677749 0.474732  0.347961 0.068115 2 7 0.800000 13 0.200000
0  -2.173096 5.113797 7.423845  -0.554767 0.693058 0.460330  0.332947 0.077087 2 7 0.800000 13 0.200000
Komainu
0  -1.883056 4.310321 8.559846  -0.675512 0.437372 0.593623  0.381592 0.123657 2 7 0.800000 13 0.200000
0  -1.707277 4.417256 8.740023  -0.554804 0.503220 0.662542  0.388061 0.121399 2 7 0.800000 13 0.200000
0  -2.033203 5.171660 7.473651  -0.561504 0.677749 0.474732  0.347961 0.068115 2 7 0.800000 13 0.200000
Komainu
0  -1.598145 2.979492 9.515625  -0.470201 0.254031 0.845210  0.408325 0.194763 2 7 0.800000 18 0.200000
0  -1.707277 4.417256 8.740023  -0.554804 0.503220 0.662542  0.388061 0.121399 2 7 0.800000 13 0.200000
0  -1.883056 4.310321 8.559846  -0.675512 0.437372 0.593623  0.381592 0.123657 2 7 0.800000 13 0.200000
Komainu
0  -1.598145 2.979492 9.515625  -0.470201 0.254031 0.845210  0.408325 0.194763 2 7 0.800000 18 0.200000
0  -1.883056 4.310321 8.559846  -0.675512 0.437372 0.593623  0.381592 0.123657 2 7 0.800000 13 0.200000
0  -1.768798 2.971434 9.394776  -0.615533 0.236622 0.751751  0.402649 0.195374 2 7 0.800000 18 0.200000
Komainu
0  -2.033937 1.360839 9.509034  -0.532209 0.103902 0.840213  0.400330 0.252686 2 7 0.500000 18 0.500000
0  -1.598145 2.979492 9.515625  -0.470201 0.254031 0.845210  0.408325 0.194763 2 7 0.800000 18 0.200000
0  -1.768798 2.971434 9.394776  -0.615533 0.236622 0.751751  0.402649 0.195374 2 7 0.800000 18 0.200000
Komainu
0  -2.139405 -0.058593 9.248292  -0.095873 -0.706047 0.701645  0.398499 0.307434 2 7 0.500000 18 0.500000
0  -1.968018 0.797607 9.593262  -0.440846 -0.077337 0.894245  0.405212 0.277954 2 7 0.500000 18 0.500000
0  -2.317383 0.199950 9.317871  -0.616555 -0.193631 0.763129  0.395813 0.297180 2 7 0.500000 18 0.500000
Komainu
0  -1.085449 3.024171 9.685545  -0.147596 0.274715 0.950130  0.429138 0.188355 2 7 0.800000 18 0.200000
0  -1.152832 4.502952 8.852085  -0.074787 0.664145 0.743853  0.422852 0.117493 2 7 0.800000 13 0.200000
0  -1.327150 4.513938 8.864538  -0.251607 0.621065 0.742275  0.415100 0.117798 2 7 0.800000 13 0.200000
Komainu
0  -1.085449 3.024171 9.685545  -0.147596 0.274715 0.950130  0.429138 0.188355 2 7 0.800000 18 0.200000
0  -0.869385 3.052002 9.684081  0.020971 0.278027 0.960344  0.437195 0.187927 2 7 0.800000 18 0.200000
0  -1.152832 4.502952 8.852085  -0.074787 0.664145 0.743853  0.422852 0.117493 2 7 0.800000 13 0.200000
Komainu
0  -1.253175 1.404051 9.779299  -0.081416 -0.016186 0.996549  0.425354 0.253723 2 7 0.500000 18 0.500000
0  -0.869385 3.052002 9.684081  0.020971 0.278027 0.960344  0.437195 0.187927 2 7 0.800000 18 0.200000
0  -1.085449 3.024171 9.685545  -0.147596 0.274715 0.950130  0.429138 0.188355 2 7 0.800000 18 0.200000
Komainu
0  -1.085449 3.024171 9.685545  -0.147596 0.274715 0.950130  0.429138 0.188355 2 7 0.800000 18 0.200000
0  -1.756347 1.403319 9.670167  -0.393637 0.068615 0.916702  0.409058 0.254822 2 7 0.500000 18 0.500000
0  -1.253175 1.404051 9.779299  -0.081416 -0.016186 0.996549  0.425354 0.253723 2 7 0.500000 18 0.500000
Komainu
0  -1.968018 0.797607 9.593262  -0.440846 -0.077337 0.894245  0.405212 0.277954 2 7 0.500000 18 0.500000
0  -1.253175 1.404051 9.779299  -0.081416 -0.016186 0.996549  0.425354 0.253723 2 7 0.500000 18 0.500000
0  -1.756347 1.403319 9.670167  -0.393637 0.068615 0.916702  0.409058 0.254822 2 7 0.500000 18 0.500000
Komainu
0  -1.968018 0.797607 9.593262  -0.440846 -0.077337 0.894245  0.405212 0.277954 2 7 0.500000 18 0.500000
0  -1.576173 0.596190 9.678223  0.146189 -0.369734 0.917565  0.415833 0.280762 2 18 0.600000 7 0.400000
0  -1.253175 1.404051 9.779299  -0.081416 -0.016186 0.996549  0.425354 0.253723 2 7 0.500000 18 0.500000
Komainu
0  -2.139405 -0.058593 9.248292  -0.095873 -0.706047 0.701645  0.398499 0.307434 2 7 0.500000 18 0.500000
0  -1.576173 0.596190 9.678223  0.146189 -0.369734 0.917565  0.415833 0.280762 2 18 0.600000 7 0.400000
0  -1.968018 0.797607 9.593262  -0.440846 -0.077337 0.894245  0.405212 0.277954 2 7 0.500000 18 0.500000
Komainu
0  -1.482423 0.562500 9.569822  0.517090 -0.574397 0.634575  0.422241 0.284546 2 18 0.600000 7 0.400000
0  -1.576173 0.596190 9.678223  0.146189 -0.369734 0.917565  0.415833 0.280762 2 18 0.600000 7 0.400000
0  -2.139405 -0.058593 9.248292  -0.095873 -0.706047 0.701645  0.398499 0.307434 2 7 0.500000 18 0.500000
Komainu
0  -1.482423 0.562500 9.569822  0.517090 -0.574397 0.634575  0.422241 0.284546 2 18 0.600000 7 0.400000
0  -2.139405 -0.058593 9.248292  -0.095873 -0.706047 0.701645  0.398499 0.307434 2 7 0.500000 18 0.500000
0  -1.947510 -0.073974 9.102540  0.248640 -0.853505 0.457939  0.401184 0.311462 2 7 0.500000 18 0.500000
Komainu
0  -1.253175 1.404051 9.779299  -0.081416 -0.016186 0.996549  0.425354 0.253723 2 7 0.500000 18 0.500000
0  -1.114014 1.435545 9.766113  0.281951 -0.191629 0.940097  0.434387 0.253906 2 7 0.500000 18 0.500000
0  -0.869385 3.052002 9.684081  0.020971 0.278027 0.960344  0.437195 0.187927 2 7 0.800000 18 0.200000
Komainu
0  -1.114014 1.435545 9.766113  0.281951 -0.191629 0.940097  0.434387 0.253906 2 7 0.500000 18 0.500000
0  -1.253175 1.404051 9.779299  -0.081416 -0.016186 0.996549  0.425354 0.253723 2 7 0.500000 18 0.500000
0  -1.576173 0.596190 9.678223  0.146189 -0.369734 0.917565  0.415833 0.280762 2 18 0.600000 7 0.400000
Komainu
0  -1.482423 0.562500 9.569822  0.517090 -0.574397 0.634575  0.422241 0.284546 2 18 0.600000 7 0.400000
0  -1.114014 1.435545 9.766113  0.281951 -0.191629 0.940097  0.434387 0.253906 2 7 0.500000 18 0.500000
0  -1.576173 0.596190 9.678223  0.146189 -0.369734 0.917565  0.415833 0.280762 2 18 0.600000 7 0.400000
Komainu
0  -2.663817 2.148191 9.175047  -0.442916 0.493174 0.748736  0.380737 0.232666 2 7 0.600000 18 0.400000
0  -2.515869 2.326169 9.008787  -0.369254 0.751116 0.547245  0.379150 0.222778 2 7 0.600000 18 0.400000
0  -2.873292 2.417723 8.663085  -0.586303 0.720611 0.370094  0.360657 0.225403 2 7 0.700000 18 0.300000
Komainu
0  -2.663817 2.148191 9.175047  -0.442916 0.493174 0.748736  0.380737 0.232666 2 7 0.600000 18 0.400000
0  -2.873292 2.417723 8.663085  -0.586303 0.720611 0.370094  0.360657 0.225403 2 7 0.700000 18 0.300000
0  -2.945802 2.278563 8.783201  -0.770862 0.421024 0.478028  0.362793 0.231201 2 7 0.700000 18 0.300000
Komainu
0  -2.945802 2.278563 8.783201  -0.770862 0.421024 0.478028  0.362793 0.231201 2 7 0.700000 18 0.300000
0  -2.873292 2.417723 8.663085  -0.586303 0.720611 0.370094  0.360657 0.225403 2 7 0.700000 18 0.300000
0  -3.147948 2.208251 8.121093  -0.889515 0.449878 -0.079835  0.339600 0.237488 2 7 0.700000 18 0.300000
Komainu
0  -2.945802 2.278563 8.783201  -0.770862 0.421024 0.478028  0.362793 0.231201 2 7 0.700000 18 0.300000
0  -3.147948 2.208251 8.121093  -0.889515 0.449878 -0.079835  0.339600 0.237488 2 7 0.700000 18 0.300000
0  -3.208740 2.118896 8.268312  -0.955736 0.245185 0.162645  0.344360 0.241272 2 7 0.700000 18 0.300000
Komainu
0  -3.208740 2.118896 8.268312  -0.955736 0.245185 0.162645  0.344360 0.241272 2 7 0.700000 18 0.300000
0  -3.147948 2.208251 8.121093  -0.889515 0.449878 -0.079835  0.339600 0.237488 2 7 0.700000 18 0.300000
0  -3.176514 1.609131 7.821534  -0.912208 0.108818 -0.395014  0.331238 0.260681 2 7 0.700000 18 0.300000
Komainu
0  -3.208740 2.118896 8.268312  -0.955736 0.245185 0.162645  0.344360 0.241272 2 7 0.700000 18 0.300000
0  -3.176514 1.609131 7.821534  -0.912208 0.108818 -0.395014  0.331238 0.260681 2 7 0.700000 18 0.300000
0  -3.270264 1.532225 8.012693  -0.998028 0.030704 -0.054742  0.338745 0.262451 2 7 0.700000 18 0.300000
Komainu
0  -3.156006 0.819579 7.800294  -0.858033 -0.208800 -0.469235  0.333435 0.288818 2 7 0.500000 18 0.500000
0  -3.270264 1.532225 8.012693  -0.998028 0.030704 -0.054742  0.338745 0.262451 2 7 0.700000 18 0.300000
0  -3.176514 1.609131 7.821534  -0.912208 0.108818 -0.395014  0.331238 0.260681 2 7 0.700000 18 0.300000
Komainu
0  -3.156006 0.819579 7.800294  -0.858033 -0.208800 -0.469235  0.333435 0.288818 2 7 0.500000 18 0.500000
0  -3.248292 0.788817 7.959960  -0.977113 -0.188226 -0.099106  0.340210 0.286987 2 7 0.500000 18 0.500000
0  -3.270264 1.532225 8.012693  -0.998028 0.030704 -0.054742  0.338745 0.262451 2 7 0.700000 18 0.300000
Komainu
0  -2.894532 -0.017580 8.064695  -0.673091 -0.678285 -0.294751  0.352234 0.314819 2 7 0.500000 18 0.500000
0  -3.248292 0.788817 7.959960  -0.977113 -0.188226 -0.099106  0.340210 0.286987 2 7 0.500000 18 0.500000
0  -3.156006 0.819579 7.800294  -0.858033 -0.208800 -0.469235  0.333435 0.288818 2 7 0.500000 18 0.500000
Komainu
0  -2.894532 -0.017580 8.064695  -0.673091 -0.678285 -0.294751  0.352234 0.314819 2 7 0.500000 18 0.500000
0  -2.971437 0.013182 8.203856  -0.842177 -0.538802 0.020766  0.355591 0.309815 2 7 0.500000 18 0.500000
0  -3.248292 0.788817 7.959960  -0.977113 -0.188226 -0.099106  0.340210 0.286987 2 7 0.500000 18 0.500000
Komainu
0  -2.473389 -0.306153 8.594970  -0.204972 -0.972026 0.114685  0.379028 0.324280 2 7 0.500000 18 0.500000
0  -2.971437 0.013182 8.203856  -0.842177 -0.538802 0.020766  0.355591 0.309815 2 7 0.500000 18 0.500000
0  -2.894532 -0.017580 8.064695  -0.673091 -0.678285 -0.294751  0.352234 0.314819 2 7 0.500000 18 0.500000
Komainu
0  -2.473389 -0.306153 8.594970  -0.204972 -0.972026 0.114685  0.379028 0.324280 2 7 0.500000 18 0.500000
0  -2.601564 -0.259278 8.734131  -0.497423 -0.791994 0.354000  0.378601 0.316956 2 7 0.500000 18 0.500000
0  -2.971437 0.013182 8.203856  -0.842177 -0.538802 0.020766  0.355591 0.309815 2 7 0.500000 18 0.500000
Komainu
0  -2.601564 -0.259278 8.734131  -0.497423 -0.791994 0.354000  0.378601 0.316956 2 7 0.500000 18 0.500000
0  -2.473389 -0.306153 8.594970  -0.204972 -0.972026 0.114685  0.379028 0.324280 2 7 0.500000 18 0.500000
0  -1.947510 -0.073974 9.102540  0.248640 -0.853505 0.457939  0.401184 0.311462 2 7 0.500000 18 0.500000
Komainu
0  -2.601564 -0.259278 8.734131  -0.497423 -0.791994 0.354000  0.378601 0.316956 2 7 0.500000 18 0.500000
0  -1.947510 -0.073974 9.102540  0.248640 -0.853505 0.457939  0.401184 0.311462 2 7 0.500000 18 0.500000
0  -2.139405 -0.058593 9.248292  -0.095873 -0.706047 0.701645  0.398499 0.307434 2 7 0.500000 18 0.500000
Komainu
0  -2.682129 0.048339 8.886474  -0.779301 -0.174919 0.601741  0.379517 0.304565 2 7 0.500000 18 0.500000
0  -2.601564 -0.259278 8.734131  -0.497423 -0.791994 0.354000  0.378601 0.316956 2 7 0.500000 18 0.500000
0  -2.139405 -0.058593 9.248292  -0.095873 -0.706047 0.701645  0.398499 0.307434 2 7 0.500000 18 0.500000
Komainu
0  -2.682129 0.048339 8.886474  -0.779301 -0.174919 0.601741  0.379517 0.304565 2 7 0.500000 18 0.500000
0  -2.139405 -0.058593 9.248292  -0.095873 -0.706047 0.701645  0.398499 0.307434 2 7 0.500000 18 0.500000
0  -2.317383 0.199950 9.317871  -0.616555 -0.193631 0.763129  0.395813 0.297180 2 7 0.500000 18 0.500000
Komainu
0  -2.610351 0.459228 8.849853  -0.778858 0.151101 0.608727  0.381165 0.293640 2 7 0.500000 18 0.500000
0  -2.682129 0.048339 8.886474  -0.779301 -0.174919 0.601741  0.379517 0.304565 2 7 0.500000 18 0.500000
0  -2.317383 0.199950 9.317871  -0.616555 -0.193631 0.763129  0.395813 0.297180 2 7 0.500000 18 0.500000
Komainu
0  -2.610351 0.459228 8.849853  -0.778858 0.151101 0.608727  0.381165 0.293640 2 7 0.500000 18 0.500000
0  -2.317383 0.199950 9.317871  -0.616555 -0.193631 0.763129  0.395813 0.297180 2 7 0.500000 18 0.500000
0  -2.414064 0.585204 9.169188  -0.755616 0.046471 0.653364  0.391968 0.287842 2 7 0.500000 18 0.500000
Komainu
0  -2.819823 0.566160 8.572267  -0.666530 0.153708 0.729460  0.368957 0.291077 2 7 0.500000 18 0.500000
0  -2.682129 0.048339 8.886474  -0.779301 -0.174919 0.601741  0.379517 0.304565 2 7 0.500000 18 0.500000
0  -2.610351 0.459228 8.849853  -0.778858 0.151101 0.608727  0.381165 0.293640 2 7 0.500000 18 0.500000
Komainu
0  -2.819823 0.566160 8.572267  -0.666530 0.153708 0.729460  0.368957 0.291077 2 7 0.500000 18 0.500000
0  -2.970702 0.227784 8.506347  -0.825182 -0.094219 0.556954  0.362061 0.300049 2 7 0.500000 18 0.500000
0  -2.682129 0.048339 8.886474  -0.779301 -0.174919 0.601741  0.379517 0.304565 2 7 0.500000 18 0.500000
Komainu
0  -2.970702 0.227784 8.506347  -0.825182 -0.094219 0.556954  0.362061 0.300049 2 7 0.500000 18 0.500000
0  -2.601564 -0.259278 8.734131  -0.497423 -0.791994 0.354000  0.378601 0.316956 2 7 0.500000 18 0.500000
0  -2.682129 0.048339 8.886474  -0.779301 -0.174919 0.601741  0.379517 0.304565 2 7 0.500000 18 0.500000
Komainu
0  -2.970702 0.227784 8.506347  -0.825182 -0.094219 0.556954  0.362061 0.300049 2 7 0.500000 18 0.500000
0  -2.971437 0.013182 8.203856  -0.842177 -0.538802 0.020766  0.355591 0.309815 2 7 0.500000 18 0.500000
0  -2.601564 -0.259278 8.734131  -0.497423 -0.791994 0.354000  0.378601 0.316956 2 7 0.500000 18 0.500000
Komainu
0  -3.128175 0.845214 8.309324  -0.795957 -0.074708 0.600725  0.351501 0.283203 2 7 0.500000 18 0.500000
0  -2.971437 0.013182 8.203856  -0.842177 -0.538802 0.020766  0.355591 0.309815 2 7 0.500000 18 0.500000
0  -2.970702 0.227784 8.506347  -0.825182 -0.094219 0.556954  0.362061 0.300049 2 7 0.500000 18 0.500000
Komainu
0  -3.128175 0.845214 8.309324  -0.795957 -0.074708 0.600725  0.351501 0.283203 2 7 0.500000 18 0.500000
0  -3.248292 0.788817 7.959960  -0.977113 -0.188226 -0.099106  0.340210 0.286987 2 7 0.500000 18 0.500000
0  -2.971437 0.013182 8.203856  -0.842177 -0.538802 0.020766  0.355591 0.309815 2 7 0.500000 18 0.500000
Komainu
0  -3.270264 1.532225 8.012693  -0.998028 0.030704 -0.054742  0.338745 0.262451 2 7 0.700000 18 0.300000
0  -3.248292 0.788817 7.959960  -0.977113 -0.188226 -0.099106  0.340210 0.286987 2 7 0.500000 18 0.500000
0  -3.128175 0.845214 8.309324  -0.795957 -0.074708 0.600725  0.351501 0.283203 2 7 0.500000 18 0.500000
Komainu
0  -3.270264 1.532225 8.012693  -0.998028 0.030704 -0.054742  0.338745 0.262451 2 7 0.700000 18 0.300000
0  -3.128175 0.845214 8.309324  -0.795957 -0.074708 0.600725  0.351501 0.283203 2 7 0.500000 18 0.500000
0  -3.170655 1.434813 8.364990  -0.775532 -0.122072 0.619394  0.350220 0.262390 2 7 0.700000 18 0.300000
Komainu
0  -3.208740 2.118896 8.268312  -0.955736 0.245185 0.162645  0.344360 0.241272 2 7 0.700000 18 0.300000
0  -3.270264 1.532225 8.012693  -0.998028 0.030704 -0.054742  0.338745 0.262451 2 7 0.700000 18 0.300000
0  -3.170655 1.434813 8.364990  -0.775532 -0.122072 0.619394  0.350220 0.262390 2 7 0.700000 18 0.300000
Komainu
0  -3.208740 2.118896 8.268312  -0.955736 0.245185 0.162645  0.344360 0.241272 2 7 0.700000 18 0.300000
0  -3.170655 1.434813 8.364990  -0.775532 -0.122072 0.619394  0.350220 0.262390 2 7 0.700000 18 0.300000
0  -3.111327 1.812744 8.521728  -0.716606 -0.226821 0.659566  0.354309 0.248535 2 7 0.700000 18 0.300000
Komainu
0  -2.945802 2.278563 8.783201  -0.770862 0.421024 0.478028  0.362793 0.231201 2 7 0.700000 18 0.300000
0  -3.208740 2.118896 8.268312  -0.955736 0.245185 0.162645  0.344360 0.241272 2 7 0.700000 18 0.300000
0  -3.111327 1.812744 8.521728  -0.716606 -0.226821 0.659566  0.354309 0.248535 2 7 0.700000 18 0.300000
Komainu
0  -2.945802 2.278563 8.783201  -0.770862 0.421024 0.478028  0.362793 0.231201 2 7 0.700000 18 0.300000
0  -3.111327 1.812744 8.521728  -0.716606 -0.226821 0.659566  0.354309 0.248535 2 7 0.700000 18 0.300000
0  -2.936280 1.984131 8.830076  -0.768526 -0.350142 0.535508  0.366455 0.240601 2 7 0.700000 18 0.300000
Komainu
0  -2.715087 1.894041 9.157470  -0.873883 -0.276500 0.399845  0.380798 0.241455 2 7 0.600000 18 0.400000
0  -2.945802 2.278563 8.783201  -0.770862 0.421024 0.478028  0.362793 0.231201 2 7 0.700000 18 0.300000
0  -2.936280 1.984131 8.830076  -0.768526 -0.350142 0.535508  0.366455 0.240601 2 7 0.700000 18 0.300000
Komainu
0  -2.715087 1.894041 9.157470  -0.873883 -0.276500 0.399845  0.380798 0.241455 2 7 0.600000 18 0.400000
0  -2.936280 1.984131 8.830076  -0.768526 -0.350142 0.535508  0.366455 0.240601 2 7 0.700000 18 0.300000
0  -2.706297 1.768797 8.891601  -0.763489 -0.550300 0.338016  0.376587 0.248108 2 7 0.600000 18 0.400000
Komainu
0  -2.715087 1.894041 9.157470  -0.873883 -0.276500 0.399845  0.380798 0.241455 2 7 0.600000 18 0.400000
0  -2.706297 1.768797 8.891601  -0.763489 -0.550300 0.338016  0.376587 0.248108 2 7 0.600000 18 0.400000
0  -2.592774 1.623045 9.134767  -0.942846 -0.309836 0.122653  0.385010 0.251282 2 7 0.600000 18 0.400000
Komainu
0  -2.592774 1.623045 9.134767  -0.942846 -0.309836 0.122653  0.385010 0.251282 2 7 0.600000 18 0.400000
0  -2.581056 1.639158 9.352293  -0.878002 -0.106321 0.466700  0.389343 0.249146 2 7 0.600000 18 0.400000
0  -2.715087 1.894041 9.157470  -0.873883 -0.276500 0.399845  0.380798 0.241455 2 7 0.600000 18 0.400000
Komainu
0  -2.542968 1.364502 9.364014  -0.874725 -0.054203 0.481578  0.391846 0.258423 2 7 0.600000 18 0.400000
0  -2.581056 1.639158 9.352293  -0.878002 -0.106321 0.466700  0.389343 0.249146 2 7 0.600000 18 0.400000
0  -2.592774 1.623045 9.134767  -0.942846 -0.309836 0.122653  0.385010 0.251282 2 7 0.600000 18 0.400000
Komainu
0  -2.353272 1.368162 9.523680  -0.355415 -0.071912 0.931938  0.397034 0.257324 2 7 0.600000 18 0.400000
0  -2.581056 1.639158 9.352293  -0.878002 -0.106321 0.466700  0.389343 0.249146 2 7 0.600000 18 0.400000
0  -2.542968 1.364502 9.364014  -0.874725 -0.054203 0.481578  0.391846 0.258423 2 7 0.600000 18 0.400000
Komainu
0  -2.936280 1.984131 8.830076  -0.768526 -0.350142 0.535508  0.366455 0.240601 2 7 0.700000 18 0.300000
0  -2.881347 1.699950 8.610351  -0.555833 -0.470386 0.685410  0.365906 0.252136 2 7 0.600000 18 0.400000
0  -2.706297 1.768797 8.891601  -0.763489 -0.550300 0.338016  0.376587 0.248108 2 7 0.600000 18 0.400000
Komainu
0  -2.881347 1.699950 8.610351  -0.555833 -0.470386 0.685410  0.365906 0.252136 2 7 0.600000 18 0.400000
0  -2.936280 1.984131 8.830076  -0.768526 -0.350142 0.535508  0.366455 0.240601 2 7 0.700000 18 0.300000
0  -3.111327 1.812744 8.521728  -0.716606 -0.226821 0.659566  0.354309 0.248535 2 7 0.700000 18 0.300000
Komainu
0  -2.977296 1.357911 8.455812  -0.476394 -0.210762 0.853597  0.360169 0.264404 2 7 0.500000 18 0.500000
0  -2.881347 1.699950 8.610351  -0.555833 -0.470386 0.685410  0.365906 0.252136 2 7 0.600000 18 0.400000
0  -3.111327 1.812744 8.521728  -0.716606 -0.226821 0.659566  0.354309 0.248535 2 7 0.700000 18 0.300000
Komainu
0  -2.977296 1.357911 8.455812  -0.476394 -0.210762 0.853597  0.360169 0.264404 2 7 0.500000 18 0.500000
0  -3.111327 1.812744 8.521728  -0.716606 -0.226821 0.659566  0.354309 0.248535 2 7 0.700000 18 0.300000
0  -3.170655 1.434813 8.364990  -0.775532 -0.122072 0.619394  0.350220 0.262390 2 7 0.700000 18 0.300000
Komainu
0  -2.977296 1.357911 8.455812  -0.476394 -0.210762 0.853597  0.360169 0.264404 2 7 0.500000 18 0.500000
0  -3.170655 1.434813 8.364990  -0.775532 -0.122072 0.619394  0.350220 0.262390 2 7 0.700000 18 0.300000
0  -3.128175 0.845214 8.309324  -0.795957 -0.074708 0.600725  0.351501 0.283203 2 7 0.500000 18 0.500000
Komainu
0  -2.977296 1.357911 8.455812  -0.476394 -0.210762 0.853597  0.360169 0.264404 2 7 0.500000 18 0.500000
0  -3.128175 0.845214 8.309324  -0.795957 -0.074708 0.600725  0.351501 0.283203 2 7 0.500000 18 0.500000
0  -2.947998 0.939696 8.425782  -0.535098 0.001298 0.844789  0.361145 0.278870 2 7 0.500000 18 0.500000
Komainu
0  -3.128175 0.845214 8.309324  -0.795957 -0.074708 0.600725  0.351501 0.283203 2 7 0.500000 18 0.500000
0  -2.819823 0.566160 8.572267  -0.666530 0.153708 0.729460  0.368957 0.291077 2 7 0.500000 18 0.500000
0  -2.947998 0.939696 8.425782  -0.535098 0.001298 0.844789  0.361145 0.278870 2 7 0.500000 18 0.500000
Komainu
0  -3.128175 0.845214 8.309324  -0.795957 -0.074708 0.600725  0.351501 0.283203 2 7 0.500000 18 0.500000
0  -2.970702 0.227784 8.506347  -0.825182 -0.094219 0.556954  0.362061 0.300049 2 7 0.500000 18 0.500000
0  -2.819823 0.566160 8.572267  -0.666530 0.153708 0.729460  0.368957 0.291077 2 7 0.500000 18 0.500000
Komainu
0  -2.715087 1.894041 9.157470  -0.873883 -0.276500 0.399845  0.380798 0.241455 2 7 0.600000 18 0.400000
0  -2.663817 2.148191 9.175047  -0.442916 0.493174 0.748736  0.380737 0.232666 2 7 0.600000 18 0.400000
0  -2.945802 2.278563 8.783201  -0.770862 0.421024 0.478028  0.362793 0.231201 2 7 0.700000 18 0.300000
Komainu
0  -2.581056 1.639158 9.352293  -0.878002 -0.106321 0.466700  0.389343 0.249146 2 7 0.600000 18 0.400000
0  -2.663817 2.148191 9.175047  -0.442916 0.493174 0.748736  0.380737 0.232666 2 7 0.600000 18 0.400000
0  -2.715087 1.894041 9.157470  -0.873883 -0.276500 0.399845  0.380798 0.241455 2 7 0.600000 18 0.400000
Komainu
0  -2.581056 1.639158 9.352293  -0.878002 -0.106321 0.466700  0.389343 0.249146 2 7 0.600000 18 0.400000
0  -2.412597 1.717527 9.490722  -0.371514 0.200379 0.906546  0.394531 0.245667 2 7 0.600000 18 0.400000
0  -2.663817 2.148191 9.175047  -0.442916 0.493174 0.748736  0.380737 0.232666 2 7 0.600000 18 0.400000
Komainu
0  -2.353272 1.368162 9.523680  -0.355415 -0.071912 0.931938  0.397034 0.257324 2 7 0.600000 18 0.400000
0  -2.412597 1.717527 9.490722  -0.371514 0.200379 0.906546  0.394531 0.245667 2 7 0.600000 18 0.400000
0  -2.581056 1.639158 9.352293  -0.878002 -0.106321 0.466700  0.389343 0.249146 2 7 0.600000 18 0.400000
Komainu
0  -2.353272 1.368162 9.523680  -0.355415 -0.071912 0.931938  0.397034 0.257324 2 7 0.600000 18 0.400000
0  -2.118165 1.758543 9.473877  -0.012086 0.331492 0.943381  0.397034 0.241211 2 7 0.600000 18 0.400000
0  -2.412597 1.717527 9.490722  -0.371514 0.200379 0.906546  0.394531 0.245667 2 7 0.600000 18 0.400000
Komainu
0  -2.353272 1.368162 9.523680  -0.355415 -0.071912 0.931938  0.397034 0.257324 2 7 0.600000 18 0.400000
0  -2.033937 1.360839 9.509034  -0.000001 -0.055975 0.998432  0.400330 0.252686 2 7 0.500000 18 0.500000
0  -2.118165 1.758543 9.473877  -0.012086 0.331492 0.943381  0.397034 0.241211 2 7 0.600000 18 0.400000
Komainu
0  -2.211915 0.867186 9.429934  -0.178592 -0.369319 0.911981  0.399231 0.275879 2 7 0.500000 18 0.500000
0  -2.033937 1.360839 9.509034  -0.000001 -0.055975 0.998432  0.400330 0.252686 2 7 0.500000 18 0.500000
0  -2.353272 1.368162 9.523680  -0.355415 -0.071912 0.931938  0.397034 0.257324 2 7 0.600000 18 0.400000
Komainu
0  -2.412597 1.717527 9.490722  -0.371514 0.200379 0.906546  0.394531 0.245667 2 7 0.600000 18 0.400000
0  -2.118165 1.758543 9.473877  -0.012086 0.331492 0.943381  0.397034 0.241211 2 7 0.600000 18 0.400000
0  -2.305665 2.108643 9.245361  -0.064940 0.629584 0.774214  0.387146 0.229919 2 7 0.600000 18 0.400000
Komainu
0  -2.412597 1.717527 9.490722  -0.371514 0.200379 0.906546  0.394531 0.245667 2 7 0.600000 18 0.400000
0  -2.305665 2.108643 9.245361  -0.064940 0.629584 0.774214  0.387146 0.229919 2 7 0.600000 18 0.400000
0  -2.663817 2.148191 9.175047  -0.442916 0.493174 0.748736  0.380737 0.232666 2 7 0.600000 18 0.400000
Komainu
0  -2.515869 2.326169 9.008787  -0.059520 0.708274 0.703424  0.379150 0.222778 2 7 0.600000 18 0.400000
0  -2.663817 2.148191 9.175047  -0.442916 0.493174 0.748736  0.380737 0.232666 2 7 0.600000 18 0.400000
0  -2.305665 2.108643 9.245361  -0.064940 0.629584 0.774214  0.387146 0.229919 2 7 0.600000 18 0.400000
Komainu
0  -2.425782 0.950682 9.403563  -0.462594 -0.247148 0.851425  0.395386 0.272705 2 7 0.500000 18 0.500000
0  -2.353272 1.368162 9.523680  -0.355415 -0.071912 0.931938  0.397034 0.257324 2 7 0.600000 18 0.400000
0  -2.542968 1.364502 9.364014  -0.874725 -0.054203 0.481578  0.391846 0.258423 2 7 0.600000 18 0.400000
Komainu
0  -2.211915 0.867186 9.429934  -0.178592 -0.369319 0.911981  0.399231 0.275879 2 7 0.500000 18 0.500000
0  -2.353272 1.368162 9.523680  -0.355415 -0.071912 0.931938  0.397034 0.257324 2 7 0.600000 18 0.400000
0  -2.425782 0.950682 9.403563  -0.462594 -0.247148 0.851425  0.395386 0.272705 2 7 0.500000 18 0.500000
Komainu
0  -2.414064 0.585204 9.169188  -0.375586 -0.610350 0.697430  0.391968 0.287842 2 7 0.500000 18 0.500000
0  -2.211915 0.867186 9.429934  -0.178592 -0.369319 0.911981  0.399231 0.275879 2 7 0.500000 18 0.500000
0  -2.425782 0.950682 9.403563  -0.462594 -0.247148 0.851425  0.395386 0.272705 2 7 0.500000 18 0.500000
Komainu
0  -2.414064 0.585204 9.169188  -0.375586 -0.610350 0.697430  0.391968 0.287842 2 7 0.500000 18 0.500000
0  -2.425782 0.950682 9.403563  -0.462594 -0.247148 0.851425  0.395386 0.272705 2 7 0.500000 18 0.500000
0  -2.578857 0.751464 9.220458  -0.598656 -0.389154 0.700122  0.389343 0.280396 2 7 0.500000 18 0.500000
Komainu
0  -2.712159 0.632079 8.992678  -0.759126 -0.387072 0.523357  0.381836 0.285278 2 7 0.500000 18 0.500000
0  -2.414064 0.585204 9.169188  -0.375586 -0.610350 0.697430  0.391968 0.287842 2 7 0.500000 18 0.500000
0  -2.578857 0.751464 9.220458  -0.598656 -0.389154 0.700122  0.389343 0.280396 2 7 0.500000 18 0.500000
Komainu
0  -2.712159 0.632079 8.992678  -0.759126 -0.387072 0.523357  0.381836 0.285278 2 7 0.500000 18 0.500000
0  -2.578857 0.751464 9.220458  -0.598656 -0.389154 0.700122  0.389343 0.280396 2 7 0.500000 18 0.500000
0  -2.666748 0.949218 9.158201  -0.813550 0.085885 0.575117  0.386475 0.273987 2 7 0.500000 18 0.500000
Komainu
0  -2.712159 0.632079 8.992678  -0.759126 -0.387072 0.523357  0.381836 0.285278 2 7 0.500000 18 0.500000
0  -2.666748 0.949218 9.158201  -0.813550 0.085885 0.575117  0.386475 0.273987 2 7 0.500000 18 0.500000
0  -2.793456 0.990234 8.986814  -0.825153 -0.094178 0.557003  0.379639 0.273376 2 7 0.600000 18 0.400000
Komainu
0  -2.602296 1.083984 9.141356  -0.182643 -0.400119 0.898079  0.387878 0.269043 2 7 0.500000 18 0.500000
0  -2.793456 0.990234 8.986814  -0.825153 -0.094178 0.557003  0.379639 0.273376 2 7 0.600000 18 0.400000
0  -2.666748 0.949218 9.158201  -0.813550 0.085885 0.575117  0.386475 0.273987 2 7 0.500000 18 0.500000
Komainu
0  -2.602296 1.083984 9.141356  -0.182643 -0.400119 0.898079  0.387878 0.269043 2 7 0.500000 18 0.500000
0  -2.666748 0.949218 9.158201  -0.813550 0.085885 0.575117  0.386475 0.273987 2 7 0.500000 18 0.500000
0  -2.574462 1.055418 9.261474  -0.856257 0.075672 0.510976  0.390442 0.269714 2 7 0.500000 18 0.500000
Komainu
0  -2.574462 1.055418 9.261474  -0.856257 0.075672 0.510976  0.390442 0.269714 2 7 0.500000 18 0.500000
0  -2.572998 1.335936 9.194822  -0.141860 -0.284758 0.948045  0.388428 0.260315 2 7 0.500000 18 0.500000
0  -2.602296 1.083984 9.141356  -0.182643 -0.400119 0.898079  0.387878 0.269043 2 7 0.500000 18 0.500000
Komainu
0  -2.574462 1.055418 9.261474  -0.856257 0.075672 0.510976  0.390442 0.269714 2 7 0.500000 18 0.500000
0  -2.542968 1.364502 9.364014  -0.874725 -0.054203 0.481578  0.391846 0.258423 2 7 0.600000 18 0.400000
0  -2.572998 1.335936 9.194822  -0.141860 -0.284758 0.948045  0.388428 0.260315 2 7 0.500000 18 0.500000
Komainu
0  -2.542968 1.364502 9.364014  -0.874725 -0.054203 0.481578  0.391846 0.258423 2 7 0.600000 18 0.400000
0  -2.592774 1.623045 9.134767  -0.942846 -0.309836 0.122653  0.385010 0.251282 2 7 0.600000 18 0.400000
0  -2.572998 1.335936 9.194822  -0.141860 -0.284758 0.948045  0.388428 0.260315 2 7 0.500000 18 0.500000
Komainu
0  -2.666748 0.949218 9.158201  -0.813550 0.085885 0.575117  0.386475 0.273987 2 7 0.500000 18 0.500000
0  -2.578857 0.751464 9.220458  -0.598656 -0.389154 0.700122  0.389343 0.280396 2 7 0.500000 18 0.500000
0  -2.425782 0.950682 9.403563  -0.462594 -0.247148 0.851425  0.395386 0.272705 2 7 0.500000 18 0.500000
Komainu
0  -2.666748 0.949218 9.158201  -0.813550 0.085885 0.575117  0.386475 0.273987 2 7 0.500000 18 0.500000
0  -2.425782 0.950682 9.403563  -0.462594 -0.247148 0.851425  0.395386 0.272705 2 7 0.500000 18 0.500000
0  -2.574462 1.055418 9.261474  -0.856257 0.075672 0.510976  0.390442 0.269714 2 7 0.500000 18 0.500000
Komainu
0  -2.425782 0.950682 9.403563  -0.462594 -0.247148 0.851425  0.395386 0.272705 2 7 0.500000 18 0.500000
0  -2.542968 1.364502 9.364014  -0.874725 -0.054203 0.481578  0.391846 0.258423 2 7 0.600000 18 0.400000
0  -2.574462 1.055418 9.261474  -0.856257 0.075672 0.510976  0.390442 0.269714 2 7 0.500000 18 0.500000
Komainu
0  -2.947998 0.939696 8.425782  -0.979898 -0.199193 -0.011072  0.361145 0.278870 2 7 0.500000 18 0.500000
0  -2.819823 0.566160 8.572267  -0.859446 -0.486749 0.156294  0.368957 0.291077 2 7 0.500000 18 0.500000
0  -2.866698 0.717774 8.772216  -0.886857 -0.323129 0.330261  0.373169 0.283569 2 7 0.500000 18 0.500000
Komainu
0  -2.866698 0.717774 8.772216  -0.886857 -0.323129 0.330261  0.373169 0.283569 2 7 0.500000 18 0.500000
0  -2.819823 0.566160 8.572267  -0.859446 -0.486749 0.156294  0.368957 0.291077 2 7 0.500000 18 0.500000
0  -2.610351 0.459228 8.849853  -0.597731 -0.670909 0.438859  0.381165 0.293640 2 7 0.500000 18 0.500000
Komainu
0  -2.866698 0.717774 8.772216  -0.886857 -0.323129 0.330261  0.373169 0.283569 2 7 0.500000 18 0.500000
0  -2.610351 0.459228 8.849853  -0.597731 -0.670909 0.438859  0.381165 0.293640 2 7 0.500000 18 0.500000
0  -2.712159 0.632079 8.992678  -0.759126 -0.387072 0.523357  0.381836 0.285278 2 7 0.500000 18 0.500000
Komainu
0  -2.712159 0.632079 8.992678  -0.759126 -0.387072 0.523357  0.381836 0.285278 2 7 0.500000 18 0.500000
0  -2.610351 0.459228 8.849853  -0.597731 -0.670909 0.438859  0.381165 0.293640 2 7 0.500000 18 0.500000
0  -2.414064 0.585204 9.169188  -0.375586 -0.610350 0.697430  0.391968 0.287842 2 7 0.500000 18 0.500000
Komainu
0  -2.866698 0.717774 8.772216  -0.886857 -0.323129 0.330261  0.373169 0.283569 2 7 0.500000 18 0.500000
0  -2.712159 0.632079 8.992678  -0.759126 -0.387072 0.523357  0.381836 0.285278 2 7 0.500000 18 0.500000
0  -2.793456 0.990234 8.986814  -0.825153 -0.094178 0.557003  0.379639 0.273376 2 7 0.600000 18 0.400000
Komainu
0  -2.955321 0.980712 8.660889  -0.961718 -0.157529 0.224240  0.367981 0.275635 2 7 0.500000 18 0.500000
0  -2.866698 0.717774 8.772216  -0.886857 -0.323129 0.330261  0.373169 0.283569 2 7 0.500000 18 0.500000
0  -2.793456 0.990234 8.986814  -0.825153 -0.094178 0.557003  0.379639 0.273376 2 7 0.600000 18 0.400000
Komainu
0  -2.947998 0.939696 8.425782  -0.979898 -0.199193 -0.011072  0.361145 0.278870 2 7 0.500000 18 0.500000
0  -2.866698 0.717774 8.772216  -0.886857 -0.323129 0.330261  0.373169 0.283569 2 7 0.500000 18 0.500000
0  -2.955321 0.980712 8.660889  -0.961718 -0.157529 0.224240  0.367981 0.275635 2 7 0.500000 18 0.500000
Komainu
0  -2.987547 1.302245 8.671144  -0.968571 0.024912 0.247486  0.366760 0.265442 2 7 0.600000 18 0.400000
0  -2.947998 0.939696 8.425782  -0.979898 -0.199193 -0.011072  0.361145 0.278870 2 7 0.500000 18 0.500000
0  -2.955321 0.980712 8.660889  -0.961718 -0.157529 0.224240  0.367981 0.275635 2 7 0.500000 18 0.500000
Komainu
0  -2.987547 1.302245 8.671144  -0.968571 0.024912 0.247486  0.366760 0.265442 2 7 0.600000 18 0.400000
0  -2.977296 1.357911 8.455812  -0.995726 0.091823 -0.009908  0.360169 0.264404 2 7 0.500000 18 0.500000
0  -2.947998 0.939696 8.425782  -0.979898 -0.199193 -0.011072  0.361145 0.278870 2 7 0.500000 18 0.500000
Komainu
0  -2.914305 1.562256 8.779539  -0.899062 0.230658 0.372134  0.370483 0.256897 2 7 0.600000 18 0.400000
0  -2.977296 1.357911 8.455812  -0.995726 0.091823 -0.009908  0.360169 0.264404 2 7 0.500000 18 0.500000
0  -2.987547 1.302245 8.671144  -0.968571 0.024912 0.247486  0.366760 0.265442 2 7 0.600000 18 0.400000
Komainu
0  -2.914305 1.562256 8.779539  -0.899062 0.230658 0.372134  0.370483 0.256897 2 7 0.600000 18 0.400000
0  -2.881347 1.699950 8.610351  -0.883494 0.434499 0.175070  0.365906 0.252136 2 7 0.600000 18 0.400000
0  -2.977296 1.357911 8.455812  -0.995726 0.091823 -0.009908  0.360169 0.264404 2 7 0.500000 18 0.500000
Komainu
0  -2.706297 1.768797 8.891601  -0.623145 0.615159 0.482980  0.376587 0.248108 2 7 0.600000 18 0.400000
0  -2.881347 1.699950 8.610351  -0.883494 0.434499 0.175070  0.365906 0.252136 2 7 0.600000 18 0.400000
0  -2.914305 1.562256 8.779539  -0.899062 0.230658 0.372134  0.370483 0.256897 2 7 0.600000 18 0.400000
Komainu
0  -2.706297 1.768797 8.891601  -0.623145 0.615159 0.482980  0.376587 0.248108 2 7 0.600000 18 0.400000
0  -2.914305 1.562256 8.779539  -0.899062 0.230658 0.372134  0.370483 0.256897 2 7 0.600000 18 0.400000
0  -2.776611 1.624511 8.995605  -0.799264 0.285411 0.528884  0.378113 0.253601 2 7 0.600000 18 0.400000
Komainu
0  -2.592774 1.623045 9.134767  -0.304295 0.449358 0.839930  0.385010 0.251282 2 7 0.600000 18 0.400000
0  -2.706297 1.768797 8.891601  -0.623145 0.615159 0.482980  0.376587 0.248108 2 7 0.600000 18 0.400000
0  -2.776611 1.624511 8.995605  -0.799264 0.285411 0.528884  0.378113 0.253601 2 7 0.600000 18 0.400000
Komainu
0  -2.592774 1.623045 9.134767  -0.304295 0.449358 0.839930  0.385010 0.251282 2 7 0.600000 18 0.400000
0  -2.776611 1.624511 8.995605  -0.799264 0.285411 0.528884  0.378113 0.253601 2 7 0.600000 18 0.400000
0  -2.671875 1.552734 9.131835  -0.499809 0.349440 0.792517  0.383545 0.254456 2 7 0.600000 18 0.400000
Komainu
0  -2.572998 1.335936 9.194822  -0.141860 -0.284758 0.948045  0.388428 0.260315 2 7 0.500000 18 0.500000
0  -2.592774 1.623045 9.134767  -0.304295 0.449358 0.839930  0.385010 0.251282 2 7 0.600000 18 0.400000
0  -2.671875 1.552734 9.131835  -0.499809 0.349440 0.792517  0.383545 0.254456 2 7 0.600000 18 0.400000
Komainu
0  -2.572998 1.335936 9.194822  -0.141860 -0.284758 0.948045  0.388428 0.260315 2 7 0.500000 18 0.500000
0  -2.671875 1.552734 9.131835  -0.499809 0.349440 0.792517  0.383545 0.254456 2 7 0.600000 18 0.400000
0  -2.668944 1.324950 9.197754  -0.308451 0.051200 0.949861  0.385742 0.261353 2 7 0.600000 18 0.400000
Komainu
0  -2.602296 1.083984 9.141356  -0.182643 -0.400119 0.898079  0.387878 0.269043 2 7 0.500000 18 0.500000
0  -2.572998 1.335936 9.194822  -0.141860 -0.284758 0.948045  0.388428 0.260315 2 7 0.500000 18 0.500000
0  -2.668944 1.324950 9.197754  -0.308451 0.051200 0.949861  0.385742 0.261353 2 7 0.600000 18 0.400000
Komainu
0  -2.602296 1.083984 9.141356  -0.182643 -0.400119 0.898079  0.387878 0.269043 2 7 0.500000 18 0.500000
0  -2.668944 1.324950 9.197754  -0.308451 0.051200 0.949861  0.385742 0.261353 2 7 0.600000 18 0.400000
0  -2.707764 1.125000 9.161865  -0.541549 -0.249226 0.802877  0.384705 0.267700 2 7 0.600000 18 0.400000
Komainu
0  -2.793456 0.990234 8.986814  -0.825153 -0.094178 0.557003  0.379639 0.273376 2 7 0.600000 18 0.400000
0  -2.602296 1.083984 9.141356  -0.182643 -0.400119 0.898079  0.387878 0.269043 2 7 0.500000 18 0.500000
0  -2.707764 1.125000 9.161865  -0.541549 -0.249226 0.802877  0.384705 0.267700 2 7 0.600000 18 0.400000
Komainu
0  -2.793456 0.990234 8.986814  -0.825153 -0.094178 0.557003  0.379639 0.273376 2 7 0.600000 18 0.400000
0  -2.707764 1.125000 9.161865  -0.541549 -0.249226 0.802877  0.384705 0.267700 2 7 0.600000 18 0.400000
0  -2.776611 1.624511 8.995605  -0.799264 0.285411 0.528884  0.378113 0.253601 2 7 0.600000 18 0.400000
Komainu
0  -2.776611 1.624511 8.995605  -0.799264 0.285411 0.528884  0.378113 0.253601 2 7 0.600000 18 0.400000
0  -2.914305 1.562256 8.779539  -0.899062 0.230658 0.372134  0.370483 0.256897 2 7 0.600000 18 0.400000
0  -2.793456 0.990234 8.986814  -0.825153 -0.094178 0.557003  0.379639 0.273376 2 7 0.600000 18 0.400000
Komainu
0  -2.914305 1.562256 8.779539  -0.899062 0.230658 0.372134  0.370483 0.256897 2 7 0.600000 18 0.400000
0  -2.987547 1.302245 8.671144  -0.968571 0.024912 0.247486  0.366760 0.265442 2 7 0.600000 18 0.400000
0  -2.793456 0.990234 8.986814  -0.825153 -0.094178 0.557003  0.379639 0.273376 2 7 0.600000 18 0.400000
Komainu
0  -2.987547 1.302245 8.671144  -0.968571 0.024912 0.247486  0.366760 0.265442 2 7 0.600000 18 0.400000
0  -2.955321 0.980712 8.660889  -0.961718 -0.157529 0.224240  0.367981 0.275635 2 7 0.500000 18 0.500000
0  -2.793456 0.990234 8.986814  -0.825153 -0.094178 0.557003  0.379639 0.273376 2 7 0.600000 18 0.400000
Komainu
0  -2.776611 1.624511 8.995605  -0.799264 0.285411 0.528884  0.378113 0.253601 2 7 0.600000 18 0.400000
0  -2.668944 1.324950 9.197754  -0.308451 0.051200 0.949861  0.385742 0.261353 2 7 0.600000 18 0.400000
0  -2.671875 1.552734 9.131835  -0.499809 0.349440 0.792517  0.383545 0.254456 2 7 0.600000 18 0.400000
Komainu
0  -2.776611 1.624511 8.995605  -0.799264 0.285411 0.528884  0.378113 0.253601 2 7 0.600000 18 0.400000
0  -2.707764 1.125000 9.161865  -0.541549 -0.249226 0.802877  0.384705 0.267700 2 7 0.600000 18 0.400000
0  -2.668944 1.324950 9.197754  -0.308451 0.051200 0.949861  0.385742 0.261353 2 7 0.600000 18 0.400000
Komainu
0  -1.876465 5.633130 6.338386  -0.202301 0.970264 0.132895  0.389510 0.013977 2 7 0.600000 13 0.400000
0  -2.284426 5.482230 6.418218  -0.283705 0.943876 0.169145  0.345504 0.017822 2 7 0.700000 13 0.300000
0  -1.684570 5.375278 7.571796  -0.226324 0.907781 0.353144  0.389816 0.046631 2 7 0.800000 13 0.200000
Komainu
0  1.876463 5.633131 6.338386  0.202340 0.970252 0.132926  0.389510 0.013977 2 7 0.600000 8 0.400000
0  0.776366 5.817705 6.165528  0.074505 0.995283 0.062140  0.425399 0.013794 2 7 0.600000 8 0.400000
0  0.752195 5.526891 7.659688  0.135923 0.905641 0.401670  0.432845 0.047058 2 7 0.800000 8 0.200000
Komainu
0  0.776366 5.817705 6.165528  0.074505 0.995283 0.062140  0.425399 0.013794 2 7 0.600000 8 0.400000
0  -0.000001 5.591343 7.697043  0.000000 0.918958 0.394355  0.452743 0.046326 3 7 0.800000 8 0.100000 13 0.100000
0  0.752195 5.526891 7.659688  0.135923 0.905641 0.401670  0.432845 0.047058 2 7 0.800000 8 0.200000
Komainu
0  0.776366 5.817705 6.165528  0.074505 0.995283 0.062140  0.425399 0.013794 2 7 0.600000 8 0.400000
0  -0.000001 5.874102 6.094481  0.000000 0.999584 0.028826  0.449264 0.013733 3 7 0.600000 8 0.200000 13 0.200000
0  -0.000001 5.591343 7.697043  0.000000 0.918958 0.394355  0.452743 0.046326 3 7 0.800000 8 0.100000 13 0.100000
Komainu
0  -0.000001 5.591343 7.697043  0.000000 0.918958 0.394355  0.452743 0.046326 3 7 0.800000 8 0.100000 13 0.100000
0  -0.000001 5.874102 6.094481  0.000000 0.999584 0.028826  0.449264 0.013733 3 7 0.600000 8 0.200000 13 0.200000
0  -0.776368 5.817705 6.165528  -0.074504 0.995283 0.062137  0.425399 0.013794 2 7 0.600000 13 0.400000
Komainu
0  -0.000001 5.591343 7.697043  0.000000 0.918958 0.394355  0.452743 0.046326 3 7 0.800000 8 0.100000 13 0.100000
0  -0.776368 5.817705 6.165528  -0.074504 0.995283 0.062137  0.425399 0.013794 2 7 0.600000 13 0.400000
0  -0.752197 5.526891 7.659688  -0.135735 0.905700 0.401601  0.432845 0.047058 2 7 0.800000 13 0.200000
Komainu
0  -0.752197 5.526891 7.659688  -0.135735 0.905700 0.401601  0.432845 0.047058 2 7 0.800000 13 0.200000
0  -0.776368 5.817705 6.165528  -0.074504 0.995283 0.062137  0.425399 0.013794 2 7 0.600000 13 0.400000
0  -1.876465 5.633130 6.338386  -0.202301 0.970264 0.132895  0.389510 0.013977 2 7 0.600000 13 0.400000
Komainu
0  -0.752197 5.526891 7.659688  -0.135735 0.905700 0.401601  0.432845 0.047058 2 7 0.800000 13 0.200000
0  -1.876465 5.633130 6.338386  -0.202301 0.970264 0.132895  0.389510 0.013977 2 7 0.600000 13 0.400000
0  -1.684570 5.375278 7.571796  -0.226324 0.907781 0.353144  0.389816 0.046631 2 7 0.800000 13 0.200000
Komainu
0  -0.646729 4.578120 8.998524  -0.178287 0.635432 0.751292  0.444808 0.118652 1 7 1.000000
0  -0.752197 5.526891 7.659688  -0.135735 0.905700 0.401601  0.432845 0.047058 2 7 0.800000 13 0.200000
0  -1.684570 5.375278 7.571796  -0.226324 0.907781 0.353144  0.389816 0.046631 2 7 0.800000 13 0.200000
Komainu
0  -0.646729 4.578120 8.998524  -0.178287 0.635432 0.751292  0.444808 0.118652 1 7 1.000000
0  -1.684570 5.375278 7.571796  -0.226324 0.907781 0.353144  0.389816 0.046631 2 7 0.800000 13 0.200000
0  -1.152832 4.502952 8.852085  -0.263177 0.616572 0.742009  0.426803 0.117493 2 7 0.800000 13 0.200000
Komainu
0  -0.551515 3.126708 9.747068  -0.176661 0.261136 0.948999  0.447555 0.188782 2 7 0.800000 18 0.200000
0  -0.646729 4.578120 8.998524  -0.178287 0.635432 0.751292  0.444808 0.118652 1 7 1.000000
0  -1.152832 4.502952 8.852085  -0.263177 0.616572 0.742009  0.426803 0.117493 2 7 0.800000 13 0.200000
Komainu
0  -0.551515 3.126708 9.747068  -0.176661 0.261136 0.948999  0.447555 0.188782 2 7 0.800000 18 0.200000
0  -0.000001 4.609614 9.037341  -0.000000 0.651909 0.758298  0.454330 0.119141 1 7 1.000000
0  -0.646729 4.578120 8.998524  -0.178287 0.635432 0.751292  0.444808 0.118652 1 7 1.000000
Komainu
0  -0.551515 3.126708 9.747068  -0.176661 0.261136 0.948999  0.447555 0.188782 2 7 0.800000 18 0.200000
0  0.000000 3.168456 9.795408  0.000001 0.270355 0.962761  0.454330 0.189331 2 7 0.800000 18 0.200000
0  -0.000001 4.609614 9.037341  -0.000000 0.651909 0.758298  0.454330 0.119141 1 7 1.000000
Komainu
0  -0.000001 4.609614 9.037341  -0.000000 0.651909 0.758298  0.454330 0.119141 1 7 1.000000
0  -0.752197 5.526891 7.659688  -0.135735 0.905700 0.401601  0.432845 0.047058 2 7 0.800000 13 0.200000
0  -0.646729 4.578120 8.998524  -0.178287 0.635432 0.751292  0.444808 0.118652 1 7 1.000000
Komainu
0  0.752195 5.526891 7.659688  0.135923 0.905641 0.401670  0.432845 0.047058 2 7 0.800000 8 0.200000
0  -0.000001 5.591343 7.697043  0.000000 0.918958 0.394355  0.452743 0.046326 3 7 0.800000 8 0.100000 13 0.100000
0  -0.000001 4.609614 9.037341  -0.000000 0.651909 0.758298  0.454330 0.119141 1 7 1.000000
Komainu
0  -0.000001 4.609614 9.037341  -0.000000 0.651909 0.758298  0.454330 0.119141 1 7 1.000000
0  -0.000001 5.591343 7.697043  0.000000 0.918958 0.394355  0.452743 0.046326 3 7 0.800000 8 0.100000 13 0.100000
0  -0.752197 5.526891 7.659688  -0.135735 0.905700 0.401601  0.432845 0.047058 2 7 0.800000 13 0.200000
Komainu
0  -0.551515 3.126708 9.747068  -0.176661 0.261136 0.948999  0.447555 0.188782 2 7 0.800000 18 0.200000
0  -1.152832 4.502952 8.852085  -0.263177 0.616572 0.742009  0.426803 0.117493 2 7 0.800000 13 0.200000
0  -0.869385 3.052002 9.684081  -0.186224 0.186896 0.964567  0.441635 0.187927 2 7 0.800000 18 0.200000
Komainu
0  1.876463 5.633131 6.338386  0.202340 0.970252 0.132926  0.389510 0.013977 2 7 0.600000 8 0.400000
0  1.684568 5.375278 7.571796  0.226323 0.907782 0.353143  0.389816 0.046631 2 7 0.800000 8 0.200000
0  2.284424 5.482231 6.418218  0.283706 0.943876 0.169145  0.345504 0.017822 2 7 0.700000 8 0.300000
Komainu
0  1.876463 5.633131 6.338386  0.202340 0.970252 0.132926  0.389510 0.013977 2 7 0.600000 8 0.400000
0  0.752195 5.526891 7.659688  0.135923 0.905641 0.401670  0.432845 0.047058 2 7 0.800000 8 0.200000
0  1.684568 5.375278 7.571796  0.226323 0.907782 0.353143  0.389816 0.046631 2 7 0.800000 8 0.200000
Komainu
0  1.684568 5.375278 7.571796  0.226323 0.907782 0.353143  0.389816 0.046631 2 7 0.800000 8 0.200000
0  0.752195 5.526891 7.659688  0.135923 0.905641 0.401670  0.432845 0.047058 2 7 0.800000 8 0.200000
0  0.646727 4.578120 8.998524  0.178299 0.635391 0.751324  0.444808 0.118652 1 7 1.000000
Komainu
0  0.752195 5.526891 7.659688  0.135923 0.905641 0.401670  0.432845 0.047058 2 7 0.800000 8 0.200000
0  -0.000001 4.609614 9.037341  -0.000000 0.651909 0.758298  0.454330 0.119141 1 7 1.000000
0  0.646727 4.578120 8.998524  0.178299 0.635391 0.751324  0.444808 0.118652 1 7 1.000000
Komainu
0  -0.000001 4.609614 9.037341  -0.000000 0.651909 0.758298  0.454330 0.119141 1 7 1.000000
0  0.551514 3.126708 9.747068  0.176711 0.260988 0.949030  0.447555 0.188782 2 7 0.800000 18 0.200000
0  0.646727 4.578120 8.998524  0.178299 0.635391 0.751324  0.444808 0.118652 1 7 1.000000
Komainu
0  -0.000001 4.609614 9.037341  -0.000000 0.651909 0.758298  0.454330 0.119141 1 7 1.000000
0  0.000000 3.168456 9.795408  0.000001 0.270355 0.962761  0.454330 0.189331 2 7 0.800000 18 0.200000
0  0.551514 3.126708 9.747068  0.176711 0.260988 0.949030  0.447555 0.188782 2 7 0.800000 18 0.200000
Komainu
0  0.551514 3.126708 9.747068  0.176711 0.260988 0.949030  0.447555 0.188782 2 7 0.800000 18 0.200000
0  0.000000 3.168456 9.795408  0.000001 0.270355 0.962761  0.454330 0.189331 2 7 0.800000 18 0.200000
0  0.000000 1.529295 9.906738  0.000001 -0.033278 0.999446  0.454330 0.254028 2 7 0.600000 18 0.400000
Komainu
0  0.000000 1.529295 9.906738  0.000001 -0.033278 0.999446  0.454330 0.254028 2 7 0.600000 18 0.400000
0  0.000000 3.168456 9.795408  0.000001 0.270355 0.962761  0.454330 0.189331 2 7 0.800000 18 0.200000
0  -0.551515 3.126708 9.747068  -0.176661 0.261136 0.948999  0.447555 0.188782 2 7 0.800000 18 0.200000
Komainu
0  0.000000 1.529295 9.906738  0.000001 -0.033278 0.999446  0.454330 0.254028 2 7 0.600000 18 0.400000
0  -0.551515 3.126708 9.747068  -0.176661 0.261136 0.948999  0.447555 0.188782 2 7 0.800000 18 0.200000
0  -0.510498 1.502928 9.867918  -0.144094 -0.033814 0.988986  0.449264 0.254028 2 7 0.600000 18 0.400000
Komainu
0  -0.510498 1.502928 9.867918  -0.144094 -0.033814 0.988986  0.449264 0.254028 2 7 0.600000 18 0.400000
0  -0.551515 3.126708 9.747068  -0.176661 0.261136 0.948999  0.447555 0.188782 2 7 0.800000 18 0.200000
0  -0.869385 3.052002 9.684081  -0.186224 0.186896 0.964567  0.441635 0.187927 2 7 0.800000 18 0.200000
Komainu
0  -0.510498 1.502928 9.867918  -0.144094 -0.033814 0.988986  0.449264 0.254028 2 7 0.600000 18 0.400000
0  -0.869385 3.052002 9.684081  -0.186224 0.186896 0.964567  0.441635 0.187927 2 7 0.800000 18 0.200000
0  -0.948486 1.445067 9.770508  -0.143916 -0.034124 0.989001  0.441573 0.253906 2 7 0.500000 18 0.500000
Komainu
0  -0.869385 3.052002 9.684081  -0.186224 0.186896 0.964567  0.441635 0.187927 2 7 0.800000 18 0.200000
0  -1.114014 1.435545 9.766113  -0.079489 -0.046502 0.995751  0.435226 0.253906 2 7 0.500000 18 0.500000
0  -0.948486 1.445067 9.770508  -0.143916 -0.034124 0.989001  0.441573 0.253906 2 7 0.500000 18 0.500000
Komainu
0  -1.114014 1.435545 9.766113  -0.079489 -0.046502 0.995751  0.435226 0.253906 2 7 0.500000 18 0.500000
0  -1.001952 0.528807 9.643064  -0.198374 -0.188304 0.961868  0.430526 0.294983 2 18 0.600000 7 0.400000
0  -0.948486 1.445067 9.770508  -0.143916 -0.034124 0.989001  0.441573 0.253906 2 7 0.500000 18 0.500000
Komainu
0  -0.948486 1.445067 9.770508  -0.143916 -0.034124 0.989001  0.441573 0.253906 2 7 0.500000 18 0.500000
0  -1.001952 0.528807 9.643064  -0.198374 -0.188304 0.961868  0.430526 0.294983 2 18 0.600000 7 0.400000
0  -0.523683 0.530274 9.722166  -0.149473 -0.149167 0.977449  0.444808 0.309570 2 18 0.600000 7 0.400000
Komainu
0  -0.521484 0.038085 9.654786  -0.137095 -0.215447 0.966844  0.443893 0.335693 2 18 0.700000 7 0.300000
0  -0.523683 0.530274 9.722166  -0.149473 -0.149167 0.977449  0.444808 0.309570 2 18 0.600000 7 0.400000
0  -1.001952 0.528807 9.643064  -0.198374 -0.188304 0.961868  0.430526 0.294983 2 18 0.600000 7 0.400000
Komainu
0  0.000000 0.495849 9.775635  -0.000001 -0.167760 0.985828  0.454330 0.319336 2 18 0.600000 7 0.400000
0  -0.523683 0.530274 9.722166  -0.149473 -0.149167 0.977449  0.444808 0.309570 2 18 0.600000 7 0.400000
0  -0.521484 0.038085 9.654786  -0.137095 -0.215447 0.966844  0.443893 0.335693 2 18 0.700000 7 0.300000
Komainu
0  0.000000 0.145752 9.692871  0.000001 -0.246349 0.969181  0.454330 0.333130 2 18 0.700000 7 0.300000
0  0.000000 0.495849 9.775635  -0.000001 -0.167760 0.985828  0.454330 0.319336 2 18 0.600000 7 0.400000
0  -0.521484 0.038085 9.654786  -0.137095 -0.215447 0.966844  0.443893 0.335693 2 18 0.700000 7 0.300000
Komainu
0  0.000000 0.145752 9.692871  0.000001 -0.246349 0.969181  0.454330 0.333130 2 18 0.700000 7 0.300000
0  0.521484 0.038085 9.654786  0.137061 -0.215483 0.966841  0.443893 0.335693 2 18 0.700000 7 0.300000
0  0.000000 0.495849 9.775635  -0.000001 -0.167760 0.985828  0.454330 0.319336 2 18 0.600000 7 0.400000
Komainu
0  0.551514 3.126708 9.747068  0.176711 0.260988 0.949030  0.447555 0.188782 2 7 0.800000 18 0.200000
0  0.000000 1.529295 9.906738  0.000001 -0.033278 0.999446  0.454330 0.254028 2 7 0.600000 18 0.400000
0  0.510498 1.502928 9.867918  0.144096 -0.033815 0.988986  0.449264 0.254028 2 7 0.600000 18 0.400000
Komainu
0  0.000000 0.495849 9.775635  -0.000001 -0.167760 0.985828  0.454330 0.319336 2 18 0.600000 7 0.400000
0  0.510498 1.502928 9.867918  0.144096 -0.033815 0.988986  0.449264 0.254028 2 7 0.600000 18 0.400000
0  0.000000 1.529295 9.906738  0.000001 -0.033278 0.999446  0.454330 0.254028 2 7 0.600000 18 0.400000
Komainu
0  -0.510498 1.502928 9.867918  -0.144094 -0.033814 0.988986  0.449264 0.254028 2 7 0.600000 18 0.400000
0  0.000000 0.495849 9.775635  -0.000001 -0.167760 0.985828  0.454330 0.319336 2 18 0.600000 7 0.400000
0  0.000000 1.529295 9.906738  0.000001 -0.033278 0.999446  0.454330 0.254028 2 7 0.600000 18 0.400000
Komainu
0  -0.510498 1.502928 9.867918  -0.144094 -0.033814 0.988986  0.449264 0.254028 2 7 0.600000 18 0.400000
0  -0.523683 0.530274 9.722166  -0.149473 -0.149167 0.977449  0.444808 0.309570 2 18 0.600000 7 0.400000
0  0.000000 0.495849 9.775635  -0.000001 -0.167760 0.985828  0.454330 0.319336 2 18 0.600000 7 0.400000
Komainu
0  -0.948486 1.445067 9.770508  -0.143916 -0.034124 0.989001  0.441573 0.253906 2 7 0.500000 18 0.500000
0  -0.523683 0.530274 9.722166  -0.149473 -0.149167 0.977449  0.444808 0.309570 2 18 0.600000 7 0.400000
0  -0.510498 1.502928 9.867918  -0.144094 -0.033814 0.988986  0.449264 0.254028 2 7 0.600000 18 0.400000
Komainu
0  1.684568 5.375278 7.571796  0.226323 0.907782 0.353143  0.389816 0.046631 2 7 0.800000 8 0.200000
0  0.646727 4.578120 8.998524  0.178299 0.635391 0.751324  0.444808 0.118652 1 7 1.000000
0  1.152830 4.502952 8.852085  0.263176 0.616575 0.742006  0.426803 0.117493 2 7 0.800000 8 0.200000
Komainu
0  1.152830 4.502952 8.852085  0.263176 0.616575 0.742006  0.426803 0.117493 2 7 0.800000 8 0.200000
0  0.646727 4.578120 8.998524  0.178299 0.635391 0.751324  0.444808 0.118652 1 7 1.000000
0  0.551514 3.126708 9.747068  0.176711 0.260988 0.949030  0.447555 0.188782 2 7 0.800000 18 0.200000
Komainu
0  1.152830 4.502952 8.852085  0.263176 0.616575 0.742006  0.426803 0.117493 2 7 0.800000 8 0.200000
0  0.551514 3.126708 9.747068  0.176711 0.260988 0.949030  0.447555 0.188782 2 7 0.800000 18 0.200000
0  0.869385 3.052002 9.684081  0.186223 0.186896 0.964568  0.441635 0.187927 2 7 0.800000 18 0.200000
Komainu
0  0.000000 -0.741945 9.455564  -0.000000 -0.324328 0.945945  0.454330 0.401917 3 18 0.700000 7 0.200000 19 0.100000
0  -0.521484 0.038085 9.654786  -0.137095 -0.215447 0.966844  0.443893 0.335693 2 18 0.700000 7 0.300000
0  -0.689940 -0.807129 9.418943  -0.166668 -0.318912 0.933015  0.442306 0.403198 3 18 0.700000 7 0.200000 19 0.100000
Komainu
0  0.000000 -0.741945 9.455564  -0.000000 -0.324328 0.945945  0.454330 0.401917 3 18 0.700000 7 0.200000 19 0.100000
0  0.000000 0.145752 9.692871  0.000001 -0.246349 0.969181  0.454330 0.333130 2 18 0.700000 7 0.300000
0  -0.521484 0.038085 9.654786  -0.137095 -0.215447 0.966844  0.443893 0.335693 2 18 0.700000 7 0.300000
Komainu
0  0.521484 0.038085 9.654786  0.137061 -0.215483 0.966841  0.443893 0.335693 2 18 0.700000 7 0.300000
0  0.689940 -0.807129 9.418943  0.166668 -0.318911 0.933015  0.442306 0.403198 3 18 0.700000 7 0.200000 19 0.100000
0  1.332276 -1.052490 9.084960  0.342649 -0.313368 0.885659  0.413802 0.405273 3 18 0.700000 7 0.200000 19 0.100000
Komainu
0  0.521484 0.038085 9.654786  0.137061 -0.215483 0.966841  0.443893 0.335693 2 18 0.700000 7 0.300000
0  1.332276 -1.052490 9.084960  0.342649 -0.313368 0.885659  0.413802 0.405273 3 18 0.700000 7 0.200000 19 0.100000
0  1.062012 -0.304689 9.432861  0.285845 -0.252802 0.924329  0.429977 0.345764 2 18 0.700000 7 0.300000
Komainu
0  1.001952 0.528807 9.643064  0.198377 -0.188299 0.961868  0.430526 0.294983 2 18 0.600000 7 0.400000
0  0.521484 0.038085 9.654786  0.137061 -0.215483 0.966841  0.443893 0.335693 2 18 0.700000 7 0.300000
0  1.062012 -0.304689 9.432861  0.285845 -0.252802 0.924329  0.429977 0.345764 2 18 0.700000 7 0.300000
Komainu
0  1.001952 0.528807 9.643064  0.198377 -0.188299 0.961868  0.430526 0.294983 2 18 0.600000 7 0.400000
0  0.523683 0.530274 9.722166  0.149412 -0.149094 0.977470  0.444808 0.309570 2 18 0.600000 7 0.400000
0  0.521484 0.038085 9.654786  0.137061 -0.215483 0.966841  0.443893 0.335693 2 18 0.700000 7 0.300000
Komainu
0  0.523683 0.530274 9.722166  0.149412 -0.149094 0.977470  0.444808 0.309570 2 18 0.600000 7 0.400000
0  1.001952 0.528807 9.643064  0.198377 -0.188299 0.961868  0.430526 0.294983 2 18 0.600000 7 0.400000
0  0.948486 1.445067 9.770508  0.143915 -0.034121 0.989002  0.441573 0.253906 2 7 0.500000 18 0.500000
Komainu
0  0.523683 0.530274 9.722166  0.149412 -0.149094 0.977470  0.444808 0.309570 2 18 0.600000 7 0.400000
0  0.948486 1.445067 9.770508  0.143915 -0.034121 0.989002  0.441573 0.253906 2 7 0.500000 18 0.500000
0  0.510498 1.502928 9.867918  0.144096 -0.033815 0.988986  0.449264 0.254028 2 7 0.600000 18 0.400000
Komainu
0  0.000000 0.495849 9.775635  -0.000001 -0.167760 0.985828  0.454330 0.319336 2 18 0.600000 7 0.400000
0  0.523683 0.530274 9.722166  0.149412 -0.149094 0.977470  0.444808 0.309570 2 18 0.600000 7 0.400000
0  0.510498 1.502928 9.867918  0.144096 -0.033815 0.988986  0.449264 0.254028 2 7 0.600000 18 0.400000
Komainu
0  0.000000 0.495849 9.775635  -0.000001 -0.167760 0.985828  0.454330 0.319336 2 18 0.600000 7 0.400000
0  0.521484 0.038085 9.654786  0.137061 -0.215483 0.966841  0.443893 0.335693 2 18 0.700000 7 0.300000
0  0.523683 0.530274 9.722166  0.149412 -0.149094 0.977470  0.444808 0.309570 2 18 0.600000 7 0.400000
Komainu
0  -1.209960 -3.194823 8.069091  -0.449072 0.259689 0.854924  0.415328 0.470642 2 19 0.800000 20 0.200000
0  -0.684813 -3.070311 8.250000  -0.242432 0.253299 0.936518  0.443954 0.468567 2 19 0.800000 20 0.200000
0  -0.722901 -2.106447 8.859375  -0.137894 -0.455350 0.879569  0.442306 0.440186 2 18 0.500000 19 0.500000
Komainu
0  0.000000 -3.006591 8.315916  -0.000004 0.247276 0.968945  0.454330 0.466309 2 19 0.800000 20 0.200000
0  -0.722901 -2.106447 8.859375  -0.137894 -0.455350 0.879569  0.442306 0.440186 2 18 0.500000 19 0.500000
0  -0.684813 -3.070311 8.250000  -0.242432 0.253299 0.936518  0.443954 0.468567 2 19 0.800000 20 0.200000
Komainu
0  0.000000 -3.006591 8.315916  -0.000004 0.247276 0.968945  0.454330 0.466309 2 19 0.800000 20 0.200000
0  0.000000 -2.037597 8.927490  0.000002 -0.461962 0.886900  0.454330 0.439514 2 18 0.500000 19 0.500000
0  -0.722901 -2.106447 8.859375  -0.137894 -0.455350 0.879569  0.442306 0.440186 2 18 0.500000 19 0.500000
Komainu
0  0.722901 -2.106447 8.859375  0.137832 -0.455427 0.879539  0.442306 0.440186 2 18 0.500000 19 0.500000
0  0.000000 -2.037597 8.927490  0.000002 -0.461962 0.886900  0.454330 0.439514 2 18 0.500000 19 0.500000
0  0.000000 -3.006591 8.315916  -0.000004 0.247276 0.968945  0.454330 0.466309 2 19 0.800000 20 0.200000
Komainu
0  0.722901 -2.106447 8.859375  0.137832 -0.455427 0.879539  0.442306 0.440186 2 18 0.500000 19 0.500000
0  0.000000 -0.741945 9.455564  -0.000000 -0.324328 0.945945  0.454330 0.401917 3 18 0.700000 7 0.200000 19 0.100000
0  0.000000 -2.037597 8.927490  0.000002 -0.461962 0.886900  0.454330 0.439514 2 18 0.500000 19 0.500000
Komainu
0  0.000000 -0.741945 9.455564  -0.000000 -0.324328 0.945945  0.454330 0.401917 3 18 0.700000 7 0.200000 19 0.100000
0  -0.722901 -2.106447 8.859375  -0.137894 -0.455350 0.879569  0.442306 0.440186 2 18 0.500000 19 0.500000
0  0.000000 -2.037597 8.927490  0.000002 -0.461962 0.886900  0.454330 0.439514 2 18 0.500000 19 0.500000
Komainu
0  0.000000 -0.741945 9.455564  -0.000000 -0.324328 0.945945  0.454330 0.401917 3 18 0.700000 7 0.200000 19 0.100000
0  -0.689940 -0.807129 9.418943  -0.166668 -0.318912 0.933015  0.442306 0.403198 3 18 0.700000 7 0.200000 19 0.100000
0  -0.722901 -2.106447 8.859375  -0.137894 -0.455350 0.879569  0.442306 0.440186 2 18 0.500000 19 0.500000
Komainu
0  -1.332276 -1.052490 9.084960  -0.342648 -0.313368 0.885659  0.413802 0.405273 3 18 0.700000 7 0.200000 19 0.100000
0  -0.722901 -2.106447 8.859375  -0.137894 -0.455350 0.879569  0.442306 0.440186 2 18 0.500000 19 0.500000
0  -0.689940 -0.807129 9.418943  -0.166668 -0.318912 0.933015  0.442306 0.403198 3 18 0.700000 7 0.200000 19 0.100000
Komainu
0  -1.332276 -1.052490 9.084960  -0.342648 -0.313368 0.885659  0.413802 0.405273 3 18 0.700000 7 0.200000 19 0.100000
0  -0.689940 -0.807129 9.418943  -0.166668 -0.318912 0.933015  0.442306 0.403198 3 18 0.700000 7 0.200000 19 0.100000
0  -0.521484 0.038085 9.654786  -0.137095 -0.215447 0.966844  0.443893 0.335693 2 18 0.700000 7 0.300000
Komainu
0  -1.332276 -1.052490 9.084960  -0.342648 -0.313368 0.885659  0.413802 0.405273 3 18 0.700000 7 0.200000 19 0.100000
0  -0.521484 0.038085 9.654786  -0.137095 -0.215447 0.966844  0.443893 0.335693 2 18 0.700000 7 0.300000
0  -1.062012 -0.304689 9.432861  -0.285837 -0.252795 0.924333  0.429977 0.345764 2 18 0.700000 7 0.300000
Komainu
0  -0.521484 0.038085 9.654786  -0.137095 -0.215447 0.966844  0.443893 0.335693 2 18 0.700000 7 0.300000
0  -1.001952 0.528807 9.643064  -0.198374 -0.188304 0.961868  0.430526 0.294983 2 18 0.600000 7 0.400000
0  -1.062012 -0.304689 9.432861  -0.285837 -0.252795 0.924333  0.429977 0.345764 2 18 0.700000 7 0.300000
Komainu
0  -1.062012 -0.304689 9.432861  -0.285837 -0.252795 0.924333  0.429977 0.345764 2 18 0.700000 7 0.300000
0  -1.001952 0.528807 9.643064  -0.198374 -0.188304 0.961868  0.430526 0.294983 2 18 0.600000 7 0.400000
0  -1.482423 0.562500 9.569822  -0.337799 -0.244804 0.908825  0.423873 0.284546 2 18 0.600000 7 0.400000
Komainu
0  -1.114014 1.435545 9.766113  -0.079489 -0.046502 0.995751  0.435226 0.253906 2 7 0.500000 18 0.500000
0  -1.482423 0.562500 9.569822  -0.337799 -0.244804 0.908825  0.423873 0.284546 2 18 0.600000 7 0.400000
0  -1.001952 0.528807 9.643064  -0.198374 -0.188304 0.961868  0.430526 0.294983 2 18 0.600000 7 0.400000
Komainu
0  -1.947510 -0.073974 9.102540  -0.531951 -0.287901 0.796330  0.401229 0.315796 2 7 0.500000 18 0.500000
0  -1.814208 -0.292968 9.109863  -0.517177 -0.299005 0.801950  0.399215 0.337402 2 18 0.800000 7 0.200000
0  -1.482423 0.562500 9.569822  -0.337799 -0.244804 0.908825  0.423873 0.284546 2 18 0.600000 7 0.400000
Komainu
0  1.312500 -2.274903 8.608155  0.285753 -0.432382 0.855214  0.415206 0.440796 2 18 0.500000 19 0.500000
0  1.209960 -3.194823 8.069091  0.449098 0.259706 0.854906  0.415328 0.470642 2 19 0.800000 20 0.200000
0  1.794436 -3.407958 7.783446  0.676352 0.256505 0.690473  0.381759 0.470642 2 19 0.800000 20 0.200000
Komainu
0  0.722901 -2.106447 8.859375  0.137832 -0.455427 0.879539  0.442306 0.440186 2 18 0.500000 19 0.500000
0  1.209960 -3.194823 8.069091  0.449098 0.259706 0.854906  0.415328 0.470642 2 19 0.800000 20 0.200000
0  1.312500 -2.274903 8.608155  0.285753 -0.432382 0.855214  0.415206 0.440796 2 18 0.500000 19 0.500000
Komainu
0  0.722901 -2.106447 8.859375  0.137832 -0.455427 0.879539  0.442306 0.440186 2 18 0.500000 19 0.500000
0  0.684813 -3.070311 8.250000  0.242423 0.253265 0.936530  0.443954 0.468567 2 19 0.800000 20 0.200000
0  1.209960 -3.194823 8.069091  0.449098 0.259706 0.854906  0.415328 0.470642 2 19 0.800000 20 0.200000
Komainu
0  0.722901 -2.106447 8.859375  0.137832 -0.455427 0.879539  0.442306 0.440186 2 18 0.500000 19 0.500000
0  0.000000 -3.006591 8.315916  -0.000004 0.247276 0.968945  0.454330 0.466309 2 19 0.800000 20 0.200000
0  0.684813 -3.070311 8.250000  0.242423 0.253265 0.936530  0.443954 0.468567 2 19 0.800000 20 0.200000
Komainu
0  -1.062012 -0.304689 9.432861  -0.285837 -0.252795 0.924333  0.429977 0.345764 2 18 0.700000 7 0.300000
0  -1.582764 -0.618897 9.128907  -0.447708 -0.263780 0.854387  0.416915 0.359131 2 18 0.700000 7 0.300000
0  -1.332276 -1.052490 9.084960  -0.342648 -0.313368 0.885659  0.413802 0.405273 3 18 0.700000 7 0.200000 19 0.100000
Komainu
0  -1.062012 -0.304689 9.432861  -0.285837 -0.252795 0.924333  0.429977 0.345764 2 18 0.700000 7 0.300000
0  -1.482423 0.562500 9.569822  -0.337799 -0.244804 0.908825  0.423873 0.284546 2 18 0.600000 7 0.400000
0  -1.582764 -0.618897 9.128907  -0.447708 -0.263780 0.854387  0.416915 0.359131 2 18 0.700000 7 0.300000
Komainu
0  -1.582764 -0.618897 9.128907  -0.447708 -0.263780 0.854387  0.416915 0.359131 2 18 0.700000 7 0.300000
0  -1.482423 0.562500 9.569822  -0.337799 -0.244804 0.908825  0.423873 0.284546 2 18 0.600000 7 0.400000
0  -1.814208 -0.292968 9.109863  -0.517177 -0.299005 0.801950  0.399215 0.337402 2 18 0.800000 7 0.200000
Komainu
0  -2.192871 -0.859131 8.588379  -0.716552 -0.226862 0.659611  0.380660 0.362244 2 18 0.700000 7 0.300000
0  -1.582764 -0.618897 9.128907  -0.447708 -0.263780 0.854387  0.416915 0.359131 2 18 0.700000 7 0.300000
0  -1.814208 -0.292968 9.109863  -0.517177 -0.299005 0.801950  0.399215 0.337402 2 18 0.800000 7 0.200000
Komainu
0  -1.947510 -0.073974 9.102540  -0.531951 -0.287901 0.796330  0.401229 0.315796 2 7 0.500000 18 0.500000
0  -2.192871 -0.859131 8.588379  -0.716552 -0.226862 0.659611  0.380660 0.362244 2 18 0.700000 7 0.300000
0  -1.814208 -0.292968 9.109863  -0.517177 -0.299005 0.801950  0.399215 0.337402 2 18 0.800000 7 0.200000
Komainu
0  -1.947510 -0.073974 9.102540  -0.531951 -0.287901 0.796330  0.401229 0.315796 2 7 0.500000 18 0.500000
0  -2.473389 -0.306153 8.594970  -0.690495 -0.320986 0.648216  0.376815 0.327942 2 7 0.500000 18 0.500000
0  -2.192871 -0.859131 8.588379  -0.716552 -0.226862 0.659611  0.380660 0.362244 2 18 0.700000 7 0.300000
Komainu
0  -2.862306 -0.667968 7.798095  -0.838798 -0.273489 0.470768  0.347579 0.352478 3 18 0.600000 7 0.200000 19 0.200000
0  -2.192871 -0.859131 8.588379  -0.716552 -0.226862 0.659611  0.380660 0.362244 2 18 0.700000 7 0.300000
0  -2.473389 -0.306153 8.594970  -0.690495 -0.320986 0.648216  0.376815 0.327942 2 7 0.500000 18 0.500000
Komainu
0  -2.862306 -0.667968 7.798095  -0.838798 -0.273489 0.470768  0.347579 0.352478 3 18 0.600000 7 0.200000 19 0.200000
0  -2.473389 -0.306153 8.594970  -0.690495 -0.320986 0.648216  0.376815 0.327942 2 7 0.500000 18 0.500000
0  -2.894532 -0.017580 8.064695  -0.849251 -0.253339 0.463240  0.350021 0.318543 2 7 0.500000 18 0.500000
Komainu
0  -3.156006 0.819579 7.800294  -0.876343 -0.151994 0.457079  0.327255 0.292175 2 7 0.500000 18 0.500000
0  -2.862306 -0.667968 7.798095  -0.838798 -0.273489 0.470768  0.347579 0.352478 3 18 0.600000 7 0.200000 19 0.200000
0  -2.894532 -0.017580 8.064695  -0.849251 -0.253339 0.463240  0.350021 0.318543 2 7 0.500000 18 0.500000
Komainu
0  -3.156006 0.819579 7.800294  -0.876343 -0.151994 0.457079  0.327255 0.292175 2 7 0.500000 18 0.500000
0  -3.434325 -0.167725 6.748533  -0.945680 -0.190332 0.263558  0.272994 0.322754 3 18 0.600000 7 0.200000 19 0.200000
0  -2.862306 -0.667968 7.798095  -0.838798 -0.273489 0.470768  0.347579 0.352478 3 18 0.600000 7 0.200000 19 0.200000
Komainu
0  -3.156006 0.819579 7.800294  -0.876343 -0.151994 0.457079  0.327255 0.292175 2 7 0.500000 18 0.500000
0  -3.634278 0.563933 6.551520  -0.950975 -0.226180 0.210927  0.264022 0.299927 2 7 0.800000 13 0.200000
0  -3.434325 -0.167725 6.748533  -0.945680 -0.190332 0.263558  0.272994 0.322754 3 18 0.600000 7 0.200000 19 0.200000
Komainu
0  -3.434325 -0.167725 6.748533  -0.945680 -0.190332 0.263558  0.272994 0.322754 3 18 0.600000 7 0.200000 19 0.200000
0  -2.750976 -1.300782 7.575438  -0.878000 -0.106338 0.466700  0.347579 0.372376 2 18 0.800000 19 0.200000
0  -2.862306 -0.667968 7.798095  -0.838798 -0.273489 0.470768  0.347579 0.352478 3 18 0.600000 7 0.200000 19 0.200000
Komainu
0  -2.192871 -0.859131 8.588379  -0.716552 -0.226862 0.659611  0.380660 0.362244 2 18 0.700000 7 0.300000
0  -2.862306 -0.667968 7.798095  -0.838798 -0.273489 0.470768  0.347579 0.352478 3 18 0.600000 7 0.200000 19 0.200000
0  -2.750976 -1.300782 7.575438  -0.878000 -0.106338 0.466700  0.347579 0.372376 2 18 0.800000 19 0.200000
Komainu
0  -1.863282 -1.899891 2.931129  0.066903 0.510626 -0.857196  0.116256 0.366638 2 29 0.600000 19 0.400000
0  -2.956056 -1.897695 3.500226  -0.738398 0.505557 -0.446296  0.145370 0.366638 2 29 0.600000 19 0.400000
0  -2.594238 -0.411621 4.028319  -0.672769 0.165750 -0.721047  0.148605 0.336304 3 7 0.400000 18 0.400000 19 0.200000
Komainu
0  -2.594238 -0.411621 4.028319  -0.672769 0.165750 -0.721047  0.148605 0.336304 3 7 0.400000 18 0.400000 19 0.200000
0  -2.956056 -1.897695 3.500226  -0.738398 0.505557 -0.446296  0.145370 0.366638 2 29 0.600000 19 0.400000
0  -3.419679 -1.984120 4.769526  -0.984210 0.143741 -0.103295  0.208541 0.365601 2 29 0.700000 19 0.300000
Komainu
0  -2.594238 -0.411621 4.028319  -0.672769 0.165750 -0.721047  0.148605 0.336304 3 7 0.400000 18 0.400000 19 0.200000
0  -3.419679 -1.984120 4.769526  -0.984210 0.143741 -0.103295  0.208541 0.365601 2 29 0.700000 19 0.300000
0  -3.429930 -0.473146 5.217042  -0.969257 -0.066038 -0.237024  0.205428 0.336304 3 18 0.600000 7 0.200000 19 0.200000
Komainu
0  -3.434325 -0.167725 6.748533  -0.945680 -0.190332 0.263558  0.272994 0.322754 3 18 0.600000 7 0.200000 19 0.200000
0  -3.429930 -0.473146 5.217042  -0.969257 -0.066038 -0.237024  0.205428 0.336304 3 18 0.600000 7 0.200000 19 0.200000
0  -3.419679 -1.984120 4.769526  -0.984210 0.143741 -0.103295  0.208541 0.365601 2 29 0.700000 19 0.300000
Komainu
0  -3.434325 -0.167725 6.748533  -0.945680 -0.190332 0.263558  0.272994 0.322754 3 18 0.600000 7 0.200000 19 0.200000
0  -3.681153 0.578570 5.296128  -0.911327 -0.321453 -0.257197  0.205428 0.303345 2 7 0.700000 13 0.300000
0  -3.429930 -0.473146 5.217042  -0.969257 -0.066038 -0.237024  0.205428 0.336304 3 18 0.600000 7 0.200000 19 0.200000
Komainu
0  -3.434325 -0.167725 6.748533  -0.945680 -0.190332 0.263558  0.272994 0.322754 3 18 0.600000 7 0.200000 19 0.200000
0  -3.634278 0.563933 6.551520  -0.950975 -0.226180 0.210927  0.264022 0.299927 2 7 0.800000 13 0.200000
0  -3.681153 0.578570 5.296128  -0.911327 -0.321453 -0.257197  0.205428 0.303345 2 7 0.700000 13 0.300000
Komainu
0  -3.634278 0.563933 6.551520  -0.950975 -0.226180 0.210927  0.264022 0.299927 2 7 0.800000 13 0.200000
0  -3.902343 1.398146 5.457255  -0.960504 -0.265923 -0.081954  0.205428 0.282898 2 7 0.500000 13 0.500000
0  -3.681153 0.578570 5.296128  -0.911327 -0.321453 -0.257197  0.205428 0.303345 2 7 0.700000 13 0.300000
Komainu
0  -3.634278 0.563933 6.551520  -0.950975 -0.226180 0.210927  0.264022 0.299927 2 7 0.800000 13 0.200000
0  -3.854004 1.367393 6.476817  -0.944600 -0.253814 0.208111  0.252670 0.277527 2 7 0.600000 13 0.400000
0  -3.902343 1.398146 5.457255  -0.960504 -0.265923 -0.081954  0.205428 0.282898 2 7 0.500000 13 0.500000
Komainu
0  -3.634278 0.563933 6.551520  -0.950975 -0.226180 0.210927  0.264022 0.299927 2 7 0.800000 13 0.200000
0  -3.632079 1.761458 7.313247  -0.827363 -0.146733 0.542163  0.283553 0.254700 2 7 0.800000 13 0.200000
0  -3.854004 1.367393 6.476817  -0.944600 -0.253814 0.208111  0.252670 0.277527 2 7 0.600000 13 0.400000
Komainu
0  -3.634278 0.563933 6.551520  -0.950975 -0.226180 0.210927  0.264022 0.299927 2 7 0.800000 13 0.200000
0  -3.156006 0.819579 7.800294  -0.876343 -0.151994 0.457079  0.327255 0.292175 2 7 0.500000 18 0.500000
0  -3.632079 1.761458 7.313247  -0.827363 -0.146733 0.542163  0.283553 0.254700 2 7 0.800000 13 0.200000
Komainu
0  -3.632079 1.761458 7.313247  -0.827363 -0.146733 0.542163  0.283553 0.254700 2 7 0.800000 13 0.200000
0  -3.156006 0.819579 7.800294  -0.876343 -0.151994 0.457079  0.327255 0.292175 2 7 0.500000 18 0.500000
0  -3.176514 1.609131 7.821534  -0.780017 -0.099498 0.617798  0.325057 0.260681 2 7 0.700000 18 0.300000
Komainu
0  -3.147948 2.208251 8.121093  -0.839075 -0.140498 0.525560  0.332626 0.235413 2 7 0.700000 18 0.300000
0  -3.632079 1.761458 7.313247  -0.827363 -0.146733 0.542163  0.283553 0.254700 2 7 0.800000 13 0.200000
0  -3.176514 1.609131 7.821534  -0.780017 -0.099498 0.617798  0.325057 0.260681 2 7 0.700000 18 0.300000
Komainu
0  -3.147948 2.208251 8.121093  -0.839075 -0.140498 0.525560  0.332626 0.235413 2 7 0.700000 18 0.300000
0  -3.486327 2.614743 7.667746  -0.848072 -0.047958 0.527707  0.294723 0.221191 2 7 0.800000 13 0.200000
0  -3.632079 1.761458 7.313247  -0.827363 -0.146733 0.542163  0.283553 0.254700 2 7 0.800000 13 0.200000
Komainu
0  -3.486327 2.614743 7.667746  -0.848072 -0.047958 0.527707  0.294723 0.221191 2 7 0.800000 13 0.200000
0  -3.147948 2.208251 8.121093  -0.839075 -0.140498 0.525560  0.332626 0.235413 2 7 0.700000 18 0.300000
0  -3.213867 2.703368 8.137206  -0.814494 0.096589 0.572076  0.334945 0.217041 2 7 0.800000 18 0.200000
Komainu
0  -3.213867 2.703368 8.137206  -0.814494 0.096589 0.572076  0.334945 0.217041 2 7 0.800000 18 0.200000
0  -3.412354 3.446052 7.547626  -0.885020 0.239712 0.399096  0.289962 0.186462 2 7 0.800000 13 0.200000
0  -3.486327 2.614743 7.667746  -0.848072 -0.047958 0.527707  0.294723 0.221191 2 7 0.800000 13 0.200000
Komainu
0  -3.213867 2.703368 8.137206  -0.814494 0.096589 0.572076  0.334945 0.217041 2 7 0.800000 18 0.200000
0  -3.224122 3.714123 7.802511  -0.764636 0.417713 0.490762  0.307235 0.174194 2 7 0.800000 13 0.200000
0  -3.412354 3.446052 7.547626  -0.885020 0.239712 0.399096  0.289962 0.186462 2 7 0.800000 13 0.200000
Komainu
0  -3.224122 3.714123 7.802511  -0.764636 0.417713 0.490762  0.307235 0.174194 2 7 0.800000 13 0.200000
0  -3.380128 4.144067 6.910416  -0.809577 0.460860 0.363585  0.265792 0.157165 2 7 0.700000 13 0.300000
0  -3.412354 3.446052 7.547626  -0.885020 0.239712 0.399096  0.289962 0.186462 2 7 0.800000 13 0.200000
Komainu
0  -3.224122 3.714123 7.802511  -0.764636 0.417713 0.490762  0.307235 0.174194 2 7 0.800000 13 0.200000
0  -3.126709 4.379900 7.014417  -0.635694 0.626718 0.450685  0.287704 0.143982 2 7 0.800000 13 0.200000
0  -3.380128 4.144067 6.910416  -0.809577 0.460860 0.363585  0.265792 0.157165 2 7 0.700000 13 0.300000
Komainu
0  -3.213867 2.703368 8.137206  -0.814494 0.096589 0.572076  0.334945 0.217041 2 7 0.800000 18 0.200000
0  -3.147948 2.208251 8.121093  -0.839075 -0.140498 0.525560  0.332626 0.235413 2 7 0.700000 18 0.300000
0  -2.873292 2.417723 8.663085  -0.767812 0.115466 0.630184  0.358688 0.221863 2 7 0.700000 18 0.300000
Komainu
0  -3.224122 3.714123 7.802511  -0.764636 0.417713 0.490762  0.307235 0.174194 2 7 0.800000 13 0.200000
0  -2.715087 3.918471 8.103540  -0.629769 0.491726 0.601329  0.324447 0.159302 2 7 0.800000 13 0.200000
0  -3.126709 4.379900 7.014417  -0.635694 0.626718 0.450685  0.287704 0.143982 2 7 0.800000 13 0.200000
Komainu
0  -3.213867 2.703368 8.137206  -0.814494 0.096589 0.572076  0.334945 0.217041 2 7 0.800000 18 0.200000
0  -2.715087 3.918471 8.103540  -0.629769 0.491726 0.601329  0.324447 0.159302 2 7 0.800000 13 0.200000
0  -3.224122 3.714123 7.802511  -0.764636 0.417713 0.490762  0.307235 0.174194 2 7 0.800000 13 0.200000
Komainu
0  -3.213867 2.703368 8.137206  -0.814494 0.096589 0.572076  0.334945 0.217041 2 7 0.800000 18 0.200000
0  -2.545899 2.803710 8.864502  -0.686527 0.255008 0.680920  0.368148 0.208191 2 7 0.800000 18 0.200000
0  -2.715087 3.918471 8.103540  -0.629769 0.491726 0.601329  0.324447 0.159302 2 7 0.800000 13 0.200000
Komainu
0  -2.545899 2.803710 8.864502  -0.686527 0.255008 0.680920  0.368148 0.208191 2 7 0.800000 18 0.200000
0  -3.213867 2.703368 8.137206  -0.814494 0.096589 0.572076  0.334945 0.217041 2 7 0.800000 18 0.200000
0  -2.873292 2.417723 8.663085  -0.767812 0.115466 0.630184  0.358688 0.221863 2 7 0.700000 18 0.300000
Komainu
0  -2.545899 2.803710 8.864502  -0.686527 0.255008 0.680920  0.368148 0.208191 2 7 0.800000 18 0.200000
0  -2.873292 2.417723 8.663085  -0.767812 0.115466 0.630184  0.358688 0.221863 2 7 0.700000 18 0.300000
0  -2.515869 2.326169 9.008787  -0.659927 0.178975 0.729702  0.376876 0.221374 2 7 0.600000 18 0.400000
Komainu
0  -0.641601 -0.185304 3.186036  -0.118075 0.285704 -0.951016  0.075668 0.336304 3 7 0.400000 18 0.400000 19 0.200000
0  0.000000 1.048827 3.592530  -0.000000 0.101095 -0.994877  0.054305 0.303345 2 7 0.800000 18 0.200000
0  0.000000 -0.181641 3.123048  -0.000000 0.281742 -0.959490  0.054305 0.336304 3 7 0.400000 18 0.400000 19 0.200000
Komainu
0  -0.641601 -0.185304 3.186036  -0.118075 0.285704 -0.951016  0.075668 0.336304 3 7 0.400000 18 0.400000 19 0.200000
0  -0.684813 1.055421 3.645996  -0.162627 0.100402 -0.981566  0.075179 0.303345 2 7 0.800000 18 0.200000
0  0.000000 1.048827 3.592530  -0.000000 0.101095 -0.994877  0.054305 0.303345 2 7 0.800000 18 0.200000
Komainu
0  0.000000 1.048827 3.592530  -0.000000 0.101095 -0.994877  0.054305 0.303345 2 7 0.800000 18 0.200000
0  -0.684813 1.055421 3.645996  -0.162627 0.100402 -0.981566  0.075179 0.303345 2 7 0.800000 18 0.200000
0  -0.747804 3.007332 3.332430  0.212121 -0.062276 -0.975257  0.093673 0.195557 2 7 0.500000 13 0.500000
Komainu
0  -0.747804 3.007332 3.332430  0.212121 -0.062276 -0.975257  0.093673 0.195557 2 7 0.500000 13 0.500000
0  -0.684813 1.055421 3.645996  -0.162627 0.100402 -0.981566  0.075179 0.303345 2 7 0.800000 18 0.200000
0  -1.235595 1.051758 3.803466  -0.229321 0.089791 -0.969200  0.089584 0.303345 2 7 0.800000 18 0.200000
Komainu
0  -0.747804 3.007332 3.332430  0.212121 -0.062276 -0.975257  0.093673 0.195557 2 7 0.500000 13 0.500000
0  -1.235595 1.051758 3.803466  -0.229321 0.089791 -0.969200  0.089584 0.303345 2 7 0.800000 18 0.200000
0  -1.596681 1.048827 3.864990  -0.004325 -0.241994 -0.970268  0.103988 0.303345 2 7 0.800000 18 0.200000
Komainu
0  -1.645752 -0.274659 3.403563  -0.333477 0.285704 -0.898424  0.111129 0.336304 3 7 0.400000 18 0.400000 19 0.200000
0  -1.596681 1.048827 3.864990  -0.004325 -0.241994 -0.970268  0.103988 0.303345 2 7 0.800000 18 0.200000
0  -1.235595 1.051758 3.803466  -0.229321 0.089791 -0.969200  0.089584 0.303345 2 7 0.800000 18 0.200000
Komainu
0  -1.645752 -0.274659 3.403563  -0.333477 0.285704 -0.898424  0.111129 0.336304 3 7 0.400000 18 0.400000 19 0.200000
0  -2.835936 0.794601 4.115404  -0.518302 -0.415130 -0.747683  0.151779 0.303345 3 13 0.600000 7 0.300000 18 0.100000
0  -1.596681 1.048827 3.864990  -0.004325 -0.241994 -0.970268  0.103988 0.303345 2 7 0.800000 18 0.200000
Komainu
0  -1.645752 -0.274659 3.403563  -0.333477 0.285704 -0.898424  0.111129 0.336304 3 7 0.400000 18 0.400000 19 0.200000
0  -2.594238 -0.411621 4.028319  -0.672769 0.165750 -0.721047  0.148605 0.336304 3 7 0.400000 18 0.400000 19 0.200000
0  -2.835936 0.794601 4.115404  -0.518302 -0.415130 -0.747683  0.151779 0.303345 3 13 0.600000 7 0.300000 18 0.100000
Komainu
0  -2.594238 -0.411621 4.028319  -0.672769 0.165750 -0.721047  0.148605 0.336304 3 7 0.400000 18 0.400000 19 0.200000
0  -3.681153 0.578570 5.296128  -0.911327 -0.321453 -0.257197  0.205428 0.303345 2 7 0.700000 13 0.300000
0  -2.835936 0.794601 4.115404  -0.518302 -0.415130 -0.747683  0.151779 0.303345 3 13 0.600000 7 0.300000 18 0.100000
Komainu
0  -2.594238 -0.411621 4.028319  -0.672769 0.165750 -0.721047  0.148605 0.336304 3 7 0.400000 18 0.400000 19 0.200000
0  -3.429930 -0.473146 5.217042  -0.969257 -0.066038 -0.237024  0.205428 0.336304 3 18 0.600000 7 0.200000 19 0.200000
0  -3.681153 0.578570 5.296128  -0.911327 -0.321453 -0.257197  0.205428 0.303345 2 7 0.700000 13 0.300000
Komainu
0  -1.645752 -0.274659 3.403563  -0.333477 0.285704 -0.898424  0.111129 0.336304 3 7 0.400000 18 0.400000 19 0.200000
0  -1.235595 1.051758 3.803466  -0.229321 0.089791 -0.969200  0.089584 0.303345 2 7 0.800000 18 0.200000
0  -1.070067 -0.221193 3.241699  -0.180617 0.299866 -0.936727  0.089828 0.336304 3 7 0.400000 18 0.400000 19 0.200000
Komainu
0  -1.070067 -0.221193 3.241699  -0.180617 0.299866 -0.936727  0.089828 0.336304 3 7 0.400000 18 0.400000 19 0.200000
0  -1.235595 1.051758 3.803466  -0.229321 0.089791 -0.969200  0.089584 0.303345 2 7 0.800000 18 0.200000
0  -0.684813 1.055421 3.645996  -0.162627 0.100402 -0.981566  0.075179 0.303345 2 7 0.800000 18 0.200000
Komainu
0  -1.070067 -0.221193 3.241699  -0.180617 0.299866 -0.936727  0.089828 0.336304 3 7 0.400000 18 0.400000 19 0.200000
0  -0.684813 1.055421 3.645996  -0.162627 0.100402 -0.981566  0.075179 0.303345 2 7 0.800000 18 0.200000
0  -0.641601 -0.185304 3.186036  -0.118075 0.285704 -0.951016  0.075668 0.336304 3 7 0.400000 18 0.400000 19 0.200000
Komainu
0  3.681153 0.578572 5.296128  0.911327 -0.321453 -0.257197  0.205428 0.303345 2 7 0.700000 8 0.300000
0  3.429930 -0.473145 5.217042  0.969257 -0.066038 -0.237025  0.205428 0.336304 3 18 0.600000 7 0.200000 19 0.200000
0  2.594238 -0.411621 4.028319  0.672773 0.165754 -0.721042  0.148605 0.336304 3 7 0.400000 18 0.400000 19 0.200000
Komainu
0  3.681153 0.578572 5.296128  0.911327 -0.321453 -0.257197  0.205428 0.303345 2 7 0.700000 8 0.300000
0  2.594238 -0.411621 4.028319  0.672773 0.165754 -0.721042  0.148605 0.336304 3 7 0.400000 18 0.400000 19 0.200000
0  2.835936 0.794601 4.115404  0.518306 -0.415088 -0.747704  0.151779 0.303345 3 8 0.600000 7 0.300000 18 0.100000
Komainu
0  2.835936 0.794601 4.115404  0.518306 -0.415088 -0.747704  0.151779 0.303345 3 8 0.600000 7 0.300000 18 0.100000
0  2.594238 -0.411621 4.028319  0.672773 0.165754 -0.721042  0.148605 0.336304 3 7 0.400000 18 0.400000 19 0.200000
0  1.645752 -0.274659 3.403563  0.333479 0.285708 -0.898423  0.111129 0.336304 3 7 0.400000 18 0.400000 19 0.200000
Komainu
0  2.835936 0.794601 4.115404  0.518306 -0.415088 -0.747704  0.151779 0.303345 3 8 0.600000 7 0.300000 18 0.100000
0  1.645752 -0.274659 3.403563  0.333479 0.285708 -0.898423  0.111129 0.336304 3 7 0.400000 18 0.400000 19 0.200000
0  1.596681 1.048827 3.864990  -0.004339 -0.242000 -0.970266  0.103988 0.303345 2 7 0.800000 18 0.200000
Komainu
0  1.235595 1.051758 3.803466  0.229358 0.089808 -0.969190  0.089584 0.303345 2 7 0.800000 18 0.200000
0  1.596681 1.048827 3.864990  -0.004339 -0.242000 -0.970266  0.103988 0.303345 2 7 0.800000 18 0.200000
0  1.645752 -0.274659 3.403563  0.333479 0.285708 -0.898423  0.111129 0.336304 3 7 0.400000 18 0.400000 19 0.200000
Komainu
0  0.747804 3.007332 3.332430  -0.212130 -0.062281 -0.975255  0.093673 0.195557 2 7 0.500000 8 0.500000
0  1.596681 1.048827 3.864990  -0.004339 -0.242000 -0.970266  0.103988 0.303345 2 7 0.800000 18 0.200000
0  1.235595 1.051758 3.803466  0.229358 0.089808 -0.969190  0.089584 0.303345 2 7 0.800000 18 0.200000
Komainu
0  0.747804 3.007332 3.332430  -0.212130 -0.062281 -0.975255  0.093673 0.195557 2 7 0.500000 8 0.500000
0  1.235595 1.051758 3.803466  0.229358 0.089808 -0.969190  0.089584 0.303345 2 7 0.800000 18 0.200000
0  0.684813 1.055421 3.645996  0.162583 0.100404 -0.981573  0.075179 0.303345 2 7 0.800000 18 0.200000
Komainu
0  0.747804 3.007332 3.332430  -0.212130 -0.062281 -0.975255  0.093673 0.195557 2 7 0.500000 8 0.500000
0  0.684813 1.055421 3.645996  0.162583 0.100404 -0.981573  0.075179 0.303345 2 7 0.800000 18 0.200000
0  0.000000 1.048827 3.592530  -0.000000 0.101095 -0.994877  0.054305 0.303345 2 7 0.800000 18 0.200000
Komainu
0  0.000000 1.048827 3.592530  -0.000000 0.101095 -0.994877  0.054305 0.303345 2 7 0.800000 18 0.200000
0  0.684813 1.055421 3.645996  0.162583 0.100404 -0.981573  0.075179 0.303345 2 7 0.800000 18 0.200000
0  0.641601 -0.185304 3.186036  0.118036 0.285843 -0.950979  0.075668 0.336304 3 7 0.400000 18 0.400000 19 0.200000
Komainu
0  0.000000 1.048827 3.592530  -0.000000 0.101095 -0.994877  0.054305 0.303345 2 7 0.800000 18 0.200000
0  0.641601 -0.185304 3.186036  0.118036 0.285843 -0.950979  0.075668 0.336304 3 7 0.400000 18 0.400000 19 0.200000
0  0.000000 -0.181641 3.123048  -0.000000 0.281742 -0.959490  0.054305 0.336304 3 7 0.400000 18 0.400000 19 0.200000
Komainu
0  0.000000 -1.894776 2.747313  0.000000 0.045697 -0.998955  0.054305 0.366638 2 19 0.700000 18 0.300000
0  0.000000 -0.181641 3.123048  -0.000000 0.281742 -0.959490  0.054305 0.336304 3 7 0.400000 18 0.400000 19 0.200000
0  0.641601 -0.185304 3.186036  0.118036 0.285843 -0.950979  0.075668 0.336304 3 7 0.400000 18 0.400000 19 0.200000
Komainu
0  -0.641601 -0.185304 3.186036  -0.118075 0.285704 -0.951016  0.075668 0.336304 3 7 0.400000 18 0.400000 19 0.200000
0  0.000000 -0.181641 3.123048  -0.000000 0.281742 -0.959490  0.054305 0.336304 3 7 0.400000 18 0.400000 19 0.200000
0  0.000000 -1.894776 2.747313  0.000000 0.045697 -0.998955  0.054305 0.366638 2 19 0.700000 18 0.300000
Komainu
0  -0.641601 -0.185304 3.186036  -0.118075 0.285704 -0.951016  0.075668 0.336304 3 7 0.400000 18 0.400000 19 0.200000
0  0.000000 -1.894776 2.747313  0.000000 0.045697 -0.998955  0.054305 0.366638 2 19 0.700000 18 0.300000
0  -0.538329 -1.917480 2.808102  -0.055092 0.058726 -0.996753  0.076156 0.366638 3 19 0.700000 18 0.200000 29 0.100000
Komainu
0  -1.070067 -0.221193 3.241699  -0.180617 0.299866 -0.936727  0.089828 0.336304 3 7 0.400000 18 0.400000 19 0.200000
0  -0.641601 -0.185304 3.186036  -0.118075 0.285704 -0.951016  0.075668 0.336304 3 7 0.400000 18 0.400000 19 0.200000
0  -0.538329 -1.917480 2.808102  -0.055092 0.058726 -0.996753  0.076156 0.366638 3 19 0.700000 18 0.200000 29 0.100000
Komainu
0  -1.070067 -0.221193 3.241699  -0.180617 0.299866 -0.936727  0.089828 0.336304 3 7 0.400000 18 0.400000 19 0.200000
0  -0.538329 -1.917480 2.808102  -0.055092 0.058726 -0.996753  0.076156 0.366638 3 19 0.700000 18 0.200000 29 0.100000
0  -1.064208 -1.916013 2.813223  -0.101032 0.074759 -0.992070  0.093002 0.366638 3 19 0.600000 18 0.200000 29 0.200000
Komainu
0  -1.645752 -0.274659 3.403563  -0.333477 0.285704 -0.898424  0.111129 0.336304 3 7 0.400000 18 0.400000 19 0.200000
0  -1.070067 -0.221193 3.241699  -0.180617 0.299866 -0.936727  0.089828 0.336304 3 7 0.400000 18 0.400000 19 0.200000
0  -1.064208 -1.916013 2.813223  -0.101032 0.074759 -0.992070  0.093002 0.366638 3 19 0.600000 18 0.200000 29 0.200000
Komainu
0  -1.645752 -0.274659 3.403563  -0.333477 0.285704 -0.898424  0.111129 0.336304 3 7 0.400000 18 0.400000 19 0.200000
0  -1.064208 -1.916013 2.813223  -0.101032 0.074759 -0.992070  0.093002 0.366638 3 19 0.600000 18 0.200000 29 0.200000
0  -1.863282 -1.899891 2.931129  0.066903 0.510626 -0.857196  0.116256 0.366638 2 29 0.600000 19 0.400000
Komainu
0  -1.863282 -1.899891 2.931129  0.066903 0.510626 -0.857196  0.116256 0.366638 2 29 0.600000 19 0.400000
0  -2.594238 -0.411621 4.028319  -0.672769 0.165750 -0.721047  0.148605 0.336304 3 7 0.400000 18 0.400000 19 0.200000
0  -1.645752 -0.274659 3.403563  -0.333477 0.285704 -0.898424  0.111129 0.336304 3 7 0.400000 18 0.400000 19 0.200000
Komainu
0  3.419679 -1.984119 4.769529  0.984211 0.143733 -0.103294  0.208541 0.365601 2 24 0.700000 19 0.300000
0  2.594238 -0.411621 4.028319  0.672773 0.165754 -0.721042  0.148605 0.336304 3 7 0.400000 18 0.400000 19 0.200000
0  3.429930 -0.473145 5.217042  0.969257 -0.066038 -0.237025  0.205428 0.336304 3 18 0.600000 7 0.200000 19 0.200000
Komainu
0  3.419679 -1.984119 4.769529  0.984211 0.143733 -0.103294  0.208541 0.365601 2 24 0.700000 19 0.300000
0  2.956056 -1.897691 3.500226  0.738397 0.505562 -0.446293  0.145370 0.366638 2 24 0.700000 19 0.300000
0  2.594238 -0.411621 4.028319  0.672773 0.165754 -0.721042  0.148605 0.336304 3 7 0.400000 18 0.400000 19 0.200000
Komainu
0  2.594238 -0.411621 4.028319  0.672773 0.165754 -0.721042  0.148605 0.336304 3 7 0.400000 18 0.400000 19 0.200000
0  2.956056 -1.897691 3.500226  0.738397 0.505562 -0.446293  0.145370 0.366638 2 24 0.700000 19 0.300000
0  1.863282 -1.899891 2.931126  -0.066908 0.510652 -0.857181  0.116256 0.366638 2 24 0.700000 19 0.300000
Komainu
0  2.594238 -0.411621 4.028319  0.672773 0.165754 -0.721042  0.148605 0.336304 3 7 0.400000 18 0.400000 19 0.200000
0  1.863282 -1.899891 2.931126  -0.066908 0.510652 -0.857181  0.116256 0.366638 2 24 0.700000 19 0.300000
0  1.645752 -0.274659 3.403563  0.333479 0.285708 -0.898423  0.111129 0.336304 3 7 0.400000 18 0.400000 19 0.200000
Komainu
0  -0.538329 -1.917480 2.808102  -0.055092 0.058726 -0.996753  0.076156 0.366638 3 19 0.700000 18 0.200000 29 0.100000
0  0.000000 -1.894776 2.747313  0.000000 0.045697 -0.998955  0.054305 0.366638 2 19 0.700000 18 0.300000
0  0.000000 -3.147588 2.923083  0.000002 -0.175609 -0.984460  0.054305 0.404297 1 19 1.000000
Komainu
0  0.000000 -3.147588 2.923083  0.000002 -0.175609 -0.984460  0.054305 0.404297 1 19 1.000000
0  0.000000 -1.894776 2.747313  0.000000 0.045697 -0.998955  0.054305 0.366638 2 19 0.700000 18 0.300000
0  0.538329 -1.917480 2.808102  0.055138 0.058703 -0.996752  0.076156 0.366638 3 19 0.700000 18 0.200000 24 0.100000
Komainu
0  0.000000 -1.894776 2.747313  0.000000 0.045697 -0.998955  0.054305 0.366638 2 19 0.700000 18 0.300000
0  0.641601 -0.185304 3.186036  0.118036 0.285843 -0.950979  0.075668 0.336304 3 7 0.400000 18 0.400000 19 0.200000
0  0.538329 -1.917480 2.808102  0.055138 0.058703 -0.996752  0.076156 0.366638 3 19 0.700000 18 0.200000 24 0.100000
Komainu
0  0.538329 -1.917480 2.808102  0.055138 0.058703 -0.996752  0.076156 0.366638 3 19 0.700000 18 0.200000 24 0.100000
0  0.641601 -0.185304 3.186036  0.118036 0.285843 -0.950979  0.075668 0.336304 3 7 0.400000 18 0.400000 19 0.200000
0  1.070067 -0.221193 3.241699  0.180615 0.299862 -0.936729  0.089828 0.336304 3 7 0.400000 18 0.400000 19 0.200000
Komainu
0  0.684813 1.055421 3.645996  0.162583 0.100404 -0.981573  0.075179 0.303345 2 7 0.800000 18 0.200000
0  1.070067 -0.221193 3.241699  0.180615 0.299862 -0.936729  0.089828 0.336304 3 7 0.400000 18 0.400000 19 0.200000
0  0.641601 -0.185304 3.186036  0.118036 0.285843 -0.950979  0.075668 0.336304 3 7 0.400000 18 0.400000 19 0.200000
Komainu
0  0.684813 1.055421 3.645996  0.162583 0.100404 -0.981573  0.075179 0.303345 2 7 0.800000 18 0.200000
0  1.235595 1.051758 3.803466  0.229358 0.089808 -0.969190  0.089584 0.303345 2 7 0.800000 18 0.200000
0  1.070067 -0.221193 3.241699  0.180615 0.299862 -0.936729  0.089828 0.336304 3 7 0.400000 18 0.400000 19 0.200000
Komainu
0  1.235595 1.051758 3.803466  0.229358 0.089808 -0.969190  0.089584 0.303345 2 7 0.800000 18 0.200000
0  1.645752 -0.274659 3.403563  0.333479 0.285708 -0.898423  0.111129 0.336304 3 7 0.400000 18 0.400000 19 0.200000
0  1.070067 -0.221193 3.241699  0.180615 0.299862 -0.936729  0.089828 0.336304 3 7 0.400000 18 0.400000 19 0.200000
Komainu
0  1.064208 -1.916013 2.813223  0.101076 0.074736 -0.992068  0.093002 0.366638 3 19 0.600000 18 0.200000 24 0.200000
0  1.070067 -0.221193 3.241699  0.180615 0.299862 -0.936729  0.089828 0.336304 3 7 0.400000 18 0.400000 19 0.200000
0  1.645752 -0.274659 3.403563  0.333479 0.285708 -0.898423  0.111129 0.336304 3 7 0.400000 18 0.400000 19 0.200000
Komainu
0  1.064208 -1.916013 2.813223  0.101076 0.074736 -0.992068  0.093002 0.366638 3 19 0.600000 18 0.200000 24 0.200000
0  1.645752 -0.274659 3.403563  0.333479 0.285708 -0.898423  0.111129 0.336304 3 7 0.400000 18 0.400000 19 0.200000
0  1.863282 -1.899891 2.931126  -0.066908 0.510652 -0.857181  0.116256 0.366638 2 24 0.700000 19 0.300000
Komainu
0  1.863282 -1.899891 2.931126  -0.066908 0.510652 -0.857181  0.116256 0.366638 2 24 0.700000 19 0.300000
0  0.714843 -3.210207 2.914299  -0.240095 -0.127926 -0.962283  0.097946 0.404114 2 19 0.800000 24 0.200000
0  1.064208 -1.916013 2.813223  0.101076 0.074736 -0.992068  0.093002 0.366638 3 19 0.600000 18 0.200000 24 0.200000
Komainu
0  0.538329 -1.917480 2.808102  0.055138 0.058703 -0.996752  0.076156 0.366638 3 19 0.700000 18 0.200000 24 0.100000
0  1.064208 -1.916013 2.813223  0.101076 0.074736 -0.992068  0.093002 0.366638 3 19 0.600000 18 0.200000 24 0.200000
0  0.714843 -3.210207 2.914299  -0.240095 -0.127926 -0.962283  0.097946 0.404114 2 19 0.800000 24 0.200000
Komainu
0  0.538329 -1.917480 2.808102  0.055138 0.058703 -0.996752  0.076156 0.366638 3 19 0.700000 18 0.200000 24 0.100000
0  0.714843 -3.210207 2.914299  -0.240095 -0.127926 -0.962283  0.097946 0.404114 2 19 0.800000 24 0.200000
0  0.494385 -3.161133 2.931147  0.045035 -0.214045 -0.975785  0.075424 0.404297 2 19 0.900000 24 0.100000
Komainu
0  0.000000 -3.147588 2.923083  0.000002 -0.175609 -0.984460  0.054305 0.404297 1 19 1.000000
0  0.538329 -1.917480 2.808102  0.055138 0.058703 -0.996752  0.076156 0.366638 3 19 0.700000 18 0.200000 24 0.100000
0  0.494385 -3.161133 2.931147  0.045035 -0.214045 -0.975785  0.075424 0.404297 2 19 0.900000 24 0.100000
Komainu
0  0.538329 -1.917480 2.808102  0.055138 0.058703 -0.996752  0.076156 0.366638 3 19 0.700000 18 0.200000 24 0.100000
0  1.070067 -0.221193 3.241699  0.180615 0.299862 -0.936729  0.089828 0.336304 3 7 0.400000 18 0.400000 19 0.200000
0  1.064208 -1.916013 2.813223  0.101076 0.074736 -0.992068  0.093002 0.366638 3 19 0.600000 18 0.200000 24 0.200000
Komainu
0  0.494385 -3.161133 2.931147  0.045035 -0.214045 -0.975785  0.075424 0.404297 2 19 0.900000 24 0.100000
0  0.714843 -3.210207 2.914299  -0.240095 -0.127926 -0.962283  0.097946 0.404114 2 19 0.800000 24 0.200000
0  0.811525 -3.594729 3.136224  -0.199341 -0.632662 -0.748333  0.104781 0.427307 2 19 0.800000 24 0.200000
Komainu
0  -1.863282 -1.899891 2.931129  0.066903 0.510626 -0.857196  0.116256 0.366638 2 29 0.600000 19 0.400000
0  -1.064208 -1.916013 2.813223  -0.101032 0.074759 -0.992070  0.093002 0.366638 3 19 0.600000 18 0.200000 29 0.200000
0  -0.714842 -3.210207 2.914299  0.240101 -0.127905 -0.962285  0.097946 0.404114 2 19 0.800000 29 0.200000
Komainu
0  -0.714842 -3.210207 2.914299  0.240101 -0.127905 -0.962285  0.097946 0.404114 2 19 0.800000 29 0.200000
0  -1.064208 -1.916013 2.813223  -0.101032 0.074759 -0.992070  0.093002 0.366638 3 19 0.600000 18 0.200000 29 0.200000
0  -0.538329 -1.917480 2.808102  -0.055092 0.058726 -0.996753  0.076156 0.366638 3 19 0.700000 18 0.200000 29 0.100000
Komainu
0  -0.714842 -3.210207 2.914299  0.240101 -0.127905 -0.962285  0.097946 0.404114 2 19 0.800000 29 0.200000
0  -0.538329 -1.917480 2.808102  -0.055092 0.058726 -0.996753  0.076156 0.366638 3 19 0.700000 18 0.200000 29 0.100000
0  -0.494385 -3.161133 2.931147  -0.045034 -0.214052 -0.975784  0.075424 0.404297 2 19 0.900000 29 0.100000
Komainu
0  -0.538329 -1.917480 2.808102  -0.055092 0.058726 -0.996753  0.076156 0.366638 3 19 0.700000 18 0.200000 29 0.100000
0  0.000000 -3.147588 2.923083  0.000002 -0.175609 -0.984460  0.054305 0.404297 1 19 1.000000
0  -0.494385 -3.161133 2.931147  -0.045034 -0.214052 -0.975784  0.075424 0.404297 2 19 0.900000 29 0.100000
Komainu
0  -0.494385 -3.161133 2.931147  -0.045034 -0.214052 -0.975784  0.075424 0.404297 2 19 0.900000 29 0.100000
0  0.000000 -3.147588 2.923083  0.000002 -0.175609 -0.984460  0.054305 0.404297 1 19 1.000000
0  0.000001 -3.652959 2.989734  0.000001 -0.391427 -0.920209  0.054305 0.427002 1 19 1.000000
Komainu
0  0.000001 -3.652959 2.989734  0.000001 -0.391427 -0.920209  0.054305 0.427002 1 19 1.000000
0  0.000000 -3.147588 2.923083  0.000002 -0.175609 -0.984460  0.054305 0.404297 1 19 1.000000
0  0.494385 -3.161133 2.931147  0.045035 -0.214045 -0.975785  0.075424 0.404297 2 19 0.900000 24 0.100000
Komainu
0  0.000001 -3.652959 2.989734  0.000001 -0.391427 -0.920209  0.054305 0.427002 1 19 1.000000
0  0.494385 -3.161133 2.931147  0.045035 -0.214045 -0.975785  0.075424 0.404297 2 19 0.900000 24 0.100000
0  0.518557 -3.622560 3.096675  0.125920 -0.424390 -0.896681  0.076888 0.427002 2 19 0.900000 24 0.100000
Komainu
0  0.494385 -3.161133 2.931147  0.045035 -0.214045 -0.975785  0.075424 0.404297 2 19 0.900000 24 0.100000
0  0.811525 -3.594729 3.136224  -0.199341 -0.632662 -0.748333  0.104781 0.427307 2 19 0.800000 24 0.200000
0  0.518557 -3.622560 3.096675  0.125920 -0.424390 -0.896681  0.076888 0.427002 2 19 0.900000 24 0.100000
Komainu
0  0.518557 -3.622560 3.096675  0.125920 -0.424390 -0.896681  0.076888 0.427002 2 19 0.900000 24 0.100000
0  0.811525 -3.594729 3.136224  -0.199341 -0.632662 -0.748333  0.104781 0.427307 2 19 0.800000 24 0.200000
0  0.866455 -3.802005 3.286374  0.320069 -0.495161 -0.807695  0.092025 0.438904 3 19 0.800000 24 0.120000 20 0.080000
Komainu
0  0.811525 -3.594729 3.136224  -0.199341 -0.632662 -0.748333  0.104781 0.427307 2 19 0.800000 24 0.200000
0  1.100098 -3.802002 3.429927  -0.212054 -0.860370 -0.463462  0.107162 0.437439 3 19 0.800000 20 0.100000 24 0.100000
0  0.866455 -3.802005 3.286374  0.320069 -0.495161 -0.807695  0.092025 0.438904 3 19 0.800000 24 0.120000 20 0.080000
Komainu
0  -0.494385 -3.161133 2.931147  -0.045034 -0.214052 -0.975784  0.075424 0.404297 2 19 0.900000 29 0.100000
0  0.000001 -3.652959 2.989734  0.000001 -0.391427 -0.920209  0.054305 0.427002 1 19 1.000000
0  -0.518555 -3.622560 3.096675  -0.125921 -0.424384 -0.896684  0.076888 0.427002 2 19 0.900000 29 0.100000
Komainu
0  0.000001 -3.898320 3.155262  0.000009 -0.527053 -0.849832  0.054305 0.438904 1 19 1.000000
0  -0.518555 -3.622560 3.096675  -0.125921 -0.424384 -0.896684  0.076888 0.427002 2 19 0.900000 29 0.100000
0  0.000001 -3.652959 2.989734  0.000001 -0.391427 -0.920209  0.054305 0.427002 1 19 1.000000
Komainu
0  0.518557 -3.622560 3.096675  0.125920 -0.424390 -0.896681  0.076888 0.427002 2 19 0.900000 24 0.100000
0  0.000001 -3.898320 3.155262  0.000009 -0.527053 -0.849832  0.054305 0.438904 1 19 1.000000
0  0.000001 -3.652959 2.989734  0.000001 -0.391427 -0.920209  0.054305 0.427002 1 19 1.000000
Komainu
0  -0.811523 -3.594729 3.136224  0.199341 -0.632661 -0.748334  0.104781 0.427307 2 19 0.800000 29 0.200000
0  -0.714842 -3.210207 2.914299  0.240101 -0.127905 -0.962285  0.097946 0.404114 2 19 0.800000 29 0.200000
0  -0.494385 -3.161133 2.931147  -0.045034 -0.214052 -0.975784  0.075424 0.404297 2 19 0.900000 29 0.100000
Komainu
0  -0.811523 -3.594729 3.136224  0.199341 -0.632661 -0.748334  0.104781 0.427307 2 19 0.800000 29 0.200000
0  -0.494385 -3.161133 2.931147  -0.045034 -0.214052 -0.975784  0.075424 0.404297 2 19 0.900000 29 0.100000
0  -0.518555 -3.622560 3.096675  -0.125921 -0.424384 -0.896684  0.076888 0.427002 2 19 0.900000 29 0.100000
Komainu
0  -0.866453 -3.802005 3.286374  -0.320070 -0.495160 -0.807695  0.092025 0.438904 3 19 0.800000 29 0.120000 20 0.080000
0  -0.811523 -3.594729 3.136224  0.199341 -0.632661 -0.748334  0.104781 0.427307 2 19 0.800000 29 0.200000
0  -0.518555 -3.622560 3.096675  -0.125921 -0.424384 -0.896684  0.076888 0.427002 2 19 0.900000 29 0.100000
Komainu
0  -0.866453 -3.802005 3.286374  -0.320070 -0.495160 -0.807695  0.092025 0.438904 3 19 0.800000 29 0.120000 20 0.080000
0  -0.518555 -3.622560 3.096675  -0.125921 -0.424384 -0.896684  0.076888 0.427002 2 19 0.900000 29 0.100000
0  -0.529541 -3.856203 3.242427  -0.180039 -0.531872 -0.827465  0.079086 0.440186 2 19 0.900000 29 0.100000
Komainu
0  0.000001 -3.898320 3.155262  0.000009 -0.527053 -0.849832  0.054305 0.438904 1 19 1.000000
0  -0.529541 -3.856203 3.242427  -0.180039 -0.531872 -0.827465  0.079086 0.440186 2 19 0.900000 29 0.100000
0  -0.518555 -3.622560 3.096675  -0.125921 -0.424384 -0.896684  0.076888 0.427002 2 19 0.900000 29 0.100000
Komainu
0  -0.192626 -4.111818 3.311277  -0.088751 -0.693992 -0.714492  0.067062 0.447632 2 19 0.900000 29 0.100000
0  -0.529541 -3.856203 3.242427  -0.180039 -0.531872 -0.827465  0.079086 0.440186 2 19 0.900000 29 0.100000
0  0.000001 -3.898320 3.155262  0.000009 -0.527053 -0.849832  0.054305 0.438904 1 19 1.000000
Komainu
0  -0.192626 -4.111818 3.311277  -0.088751 -0.693992 -0.714492  0.067062 0.447632 2 19 0.900000 29 0.100000
0  0.000001 -3.898320 3.155262  0.000009 -0.527053 -0.849832  0.054305 0.438904 1 19 1.000000
0  0.000001 -4.073370 3.294420  0.000002 -0.689546 -0.724242  0.054305 0.447632 1 19 1.000000
Komainu
0  -0.192626 -4.111818 3.311277  -0.088751 -0.693992 -0.714492  0.067062 0.447632 2 19 0.900000 29 0.100000
0  0.000001 -4.073370 3.294420  0.000002 -0.689546 -0.724242  0.054305 0.447632 1 19 1.000000
0  0.000001 -4.273680 3.596190  0.000002 -0.819310 -0.573350  0.054305 0.458069 2 19 0.920000 20 0.080000
Komainu
0  0.192628 -4.111818 3.311277  0.088750 -0.693992 -0.714492  0.067062 0.447632 2 19 0.900000 24 0.100000
0  0.000001 -4.273680 3.596190  0.000002 -0.819310 -0.573350  0.054305 0.458069 2 19 0.920000 20 0.080000
0  0.000001 -4.073370 3.294420  0.000002 -0.689546 -0.724242  0.054305 0.447632 1 19 1.000000
Komainu
0  0.000001 -3.898320 3.155262  0.000009 -0.527053 -0.849832  0.054305 0.438904 1 19 1.000000
0  0.192628 -4.111818 3.311277  0.088750 -0.693992 -0.714492  0.067062 0.447632 2 19 0.900000 24 0.100000
0  0.000001 -4.073370 3.294420  0.000002 -0.689546 -0.724242  0.054305 0.447632 1 19 1.000000
Komainu
0  0.000001 -3.898320 3.155262  0.000009 -0.527053 -0.849832  0.054305 0.438904 1 19 1.000000
0  0.529543 -3.856203 3.242427  0.180039 -0.531872 -0.827465  0.079086 0.440186 2 19 0.900000 24 0.100000
0  0.192628 -4.111818 3.311277  0.088750 -0.693992 -0.714492  0.067062 0.447632 2 19 0.900000 24 0.100000
Komainu
0  0.518557 -3.622560 3.096675  0.125920 -0.424390 -0.896681  0.076888 0.427002 2 19 0.900000 24 0.100000
0  0.529543 -3.856203 3.242427  0.180039 -0.531872 -0.827465  0.079086 0.440186 2 19 0.900000 24 0.100000
0  0.000001 -3.898320 3.155262  0.000009 -0.527053 -0.849832  0.054305 0.438904 1 19 1.000000
Komainu
0  0.518557 -3.622560 3.096675  0.125920 -0.424390 -0.896681  0.076888 0.427002 2 19 0.900000 24 0.100000
0  0.866455 -3.802005 3.286374  0.320069 -0.495161 -0.807695  0.092025 0.438904 3 19 0.800000 24 0.120000 20 0.080000
0  0.529543 -3.856203 3.242427  0.180039 -0.531872 -0.827465  0.079086 0.440186 2 19 0.900000 24 0.100000
Komainu
0  -0.811523 -3.594729 3.136224  0.199341 -0.632661 -0.748334  0.104781 0.427307 2 19 0.800000 29 0.200000
0  -0.866453 -3.802005 3.286374  -0.320070 -0.495160 -0.807695  0.092025 0.438904 3 19 0.800000 29 0.120000 20 0.080000
0  -1.100096 -3.802002 3.429930  0.212045 -0.860415 -0.463382  0.107162 0.437439 3 19 0.800000 20 0.100000 29 0.100000
Komainu
0  -3.417481 4.935113 6.220461  -0.846807 0.434317 0.307062  0.244446 0.124268 2 7 0.600000 13 0.400000
0  -3.443116 4.522760 6.218997  -0.936320 0.014813 0.350836  0.243896 0.139465 2 7 0.500000 13 0.500000
0  -3.126709 4.379900 7.014417  -0.936321 0.014841 0.350832  0.289673 0.143982 2 7 0.800000 13 0.200000
Komainu
0  -3.551515 4.358691 5.860101  -0.937002 0.000051 0.349324  0.221924 0.143860 2 7 0.500000 13 0.500000
0  -3.443116 4.522760 6.218997  -0.936320 0.014813 0.350836  0.243896 0.139465 2 7 0.500000 13 0.500000
0  -3.417481 4.935113 6.220461  -0.846807 0.434317 0.307062  0.244446 0.124268 2 7 0.600000 13 0.400000
Komainu
0  -3.551515 4.358691 5.860101  -0.937002 0.000051 0.349324  0.221924 0.143860 2 7 0.500000 13 0.500000
0  -3.417481 4.935113 6.220461  -0.846807 0.434317 0.307062  0.244446 0.124268 2 7 0.600000 13 0.400000
0  -3.707521 4.666319 5.509992  -0.909009 0.327244 0.258098  0.208801 0.132446 2 7 0.500000 13 0.500000
Komainu
0  -3.052735 5.225161 6.021236  -0.536445 0.825783 0.174094  0.242065 0.102478 2 7 0.600000 13 0.400000
0  -3.707521 4.666319 5.509992  -0.909009 0.327244 0.258098  0.208801 0.132446 2 7 0.500000 13 0.500000
0  -3.417481 4.935113 6.220461  -0.846807 0.434317 0.307062  0.244446 0.124268 2 7 0.600000 13 0.400000
Komainu
0  -3.052735 5.225161 6.021236  -0.536445 0.825783 0.174094  0.242065 0.102478 2 7 0.600000 13 0.400000
0  -3.387451 5.029611 5.293920  -0.610702 0.777762 -0.148760  0.197998 0.117310 2 7 0.500000 13 0.500000
0  -3.707521 4.666319 5.509992  -0.909009 0.327244 0.258098  0.208801 0.132446 2 7 0.500000 13 0.500000
Komainu
0  -3.387451 5.029611 5.293920  -0.610702 0.777762 -0.148760  0.197998 0.117310 2 7 0.500000 13 0.500000
0  -3.971923 4.234185 5.022174  -0.944660 0.300877 0.130733  0.189880 0.161499 2 13 0.600000 7 0.400000
0  -3.707521 4.666319 5.509992  -0.909009 0.327244 0.258098  0.208801 0.132446 2 7 0.500000 13 0.500000
Komainu
0  -3.387451 5.029611 5.293920  -0.610702 0.777762 -0.148760  0.197998 0.117310 2 7 0.500000 13 0.500000
0  -3.713380 4.511052 4.645695  -0.683055 0.584599 -0.437812  0.177368 0.148438 2 13 0.600000 7 0.400000
0  -3.971923 4.234185 5.022174  -0.944660 0.300877 0.130733  0.189880 0.161499 2 13 0.600000 7 0.400000
Komainu
0  -3.971923 4.234185 5.022174  -0.944660 0.300877 0.130733  0.189880 0.161499 2 13 0.600000 7 0.400000
0  -3.713380 4.511052 4.645695  -0.683055 0.584599 -0.437812  0.177368 0.148438 2 13 0.600000 7 0.400000
0  -3.935304 3.782259 4.381293  -0.735145 0.298488 -0.608660  0.167603 0.183228 2 7 0.500000 13 0.500000
Komainu
0  -2.305665 2.108643 9.245361  -0.733700 0.050036 0.677629  0.387146 0.229919 2 7 0.600000 18 0.400000
0  -2.118165 1.758543 9.473877  -0.566357 0.118973 0.815527  0.397034 0.241211 2 7 0.600000 18 0.400000
0  -2.096922 2.948730 9.268064  -0.276839 0.263262 0.924150  0.390808 0.199219 2 7 0.800000 18 0.200000
Komainu
0  -2.305665 2.108643 9.245361  -0.733700 0.050036 0.677629  0.387146 0.229919 2 7 0.600000 18 0.400000
0  -2.096922 2.948730 9.268064  -0.276839 0.263262 0.924150  0.390808 0.199219 2 7 0.800000 18 0.200000
0  -2.513674 2.876220 9.035889  -0.786903 0.118396 0.605613  0.377502 0.205566 2 7 0.800000 18 0.200000
Komainu
0  -2.096922 2.948730 9.268064  -0.276839 0.263262 0.924150  0.390808 0.199219 2 7 0.800000 18 0.200000
0  -2.658691 4.049577 8.339382  -0.834401 0.250966 0.490704  0.337769 0.150757 2 7 0.800000 13 0.200000
0  -2.513674 2.876220 9.035889  -0.786903 0.118396 0.605613  0.377502 0.205566 2 7 0.800000 18 0.200000
Komainu
0  -2.658691 4.049577 8.339382  -0.834401 0.250966 0.490704  0.337769 0.150757 2 7 0.800000 13 0.200000
0  -2.545899 2.803710 8.864502  -0.931778 -0.010383 0.362880  0.370117 0.208191 2 7 0.800000 18 0.200000
0  -2.513674 2.876220 9.035889  -0.786903 0.118396 0.605613  0.377502 0.205566 2 7 0.800000 18 0.200000
Komainu
0  -2.658691 4.049577 8.339382  -0.834401 0.250966 0.490704  0.337769 0.150757 2 7 0.800000 13 0.200000
0  -2.715087 3.918471 8.103540  -0.962399 -0.007196 0.271545  0.326416 0.159302 2 7 0.800000 13 0.200000
0  -2.545899 2.803710 8.864502  -0.931778 -0.010383 0.362880  0.370117 0.208191 2 7 0.800000 18 0.200000
Komainu
0  -3.126709 4.379900 7.014417  -0.936321 0.014841 0.350832  0.289673 0.143982 2 7 0.800000 13 0.200000
0  -2.715087 3.918471 8.103540  -0.962399 -0.007196 0.271545  0.326416 0.159302 2 7 0.800000 13 0.200000
0  -2.658691 4.049577 8.339382  -0.834401 0.250966 0.490704  0.337769 0.150757 2 7 0.800000 13 0.200000
Komainu
0  -3.126709 4.379900 7.014417  -0.936321 0.014841 0.350832  0.289673 0.143982 2 7 0.800000 13 0.200000
0  -2.658691 4.049577 8.339382  -0.834401 0.250966 0.490704  0.337769 0.150757 2 7 0.800000 13 0.200000
0  -3.076174 4.746117 7.108168  -0.819231 0.384610 0.425366  0.294556 0.127502 2 7 0.800000 13 0.200000
Komainu
0  -3.417481 4.935113 6.220461  -0.846807 0.434317 0.307062  0.244446 0.124268 2 7 0.600000 13 0.400000
0  -3.126709 4.379900 7.014417  -0.936321 0.014841 0.350832  0.289673 0.143982 2 7 0.800000 13 0.200000
0  -3.076174 4.746117 7.108168  -0.819231 0.384610 0.425366  0.294556 0.127502 2 7 0.800000 13 0.200000
Komainu
0  -2.556886 5.028104 7.344741  -0.415653 0.802827 0.427437  0.312805 0.096619 2 7 0.800000 13 0.200000
0  -3.417481 4.935113 6.220461  -0.846807 0.434317 0.307062  0.244446 0.124268 2 7 0.600000 13 0.400000
0  -3.076174 4.746117 7.108168  -0.819231 0.384610 0.425366  0.294556 0.127502 2 7 0.800000 13 0.200000
Komainu
0  -2.556886 5.028104 7.344741  -0.415653 0.802827 0.427437  0.312805 0.096619 2 7 0.800000 13 0.200000
0  -3.052735 5.225161 6.021236  -0.536445 0.825783 0.174094  0.242065 0.102478 2 7 0.600000 13 0.400000
0  -3.417481 4.935113 6.220461  -0.846807 0.434317 0.307062  0.244446 0.124268 2 7 0.600000 13 0.400000
Komainu
0  -2.490235 5.405322 6.464364  -0.415402 0.858875 0.299625  0.280212 0.081909 2 7 0.700000 13 0.300000
0  -3.052735 5.225161 6.021236  -0.536445 0.825783 0.174094  0.242065 0.102478 2 7 0.600000 13 0.400000
0  -2.556886 5.028104 7.344741  -0.415653 0.802827 0.427437  0.312805 0.096619 2 7 0.800000 13 0.200000
Komainu
0  -2.741455 5.436833 5.862300  -0.427360 0.903649 0.027943  0.239319 0.089600 2 7 0.600000 13 0.400000
0  -3.052735 5.225161 6.021236  -0.536445 0.825783 0.174094  0.242065 0.102478 2 7 0.600000 13 0.400000
0  -2.490235 5.405322 6.464364  -0.415402 0.858875 0.299625  0.280212 0.081909 2 7 0.700000 13 0.300000
Komainu
0  -2.741455 5.436833 5.862300  -0.427360 0.903649 0.027943  0.239319 0.089600 2 7 0.600000 13 0.400000
0  -3.387451 5.029611 5.293920  -0.610702 0.777762 -0.148760  0.197998 0.117310 2 7 0.500000 13 0.500000
0  -3.052735 5.225161 6.021236  -0.536445 0.825783 0.174094  0.242065 0.102478 2 7 0.600000 13 0.400000
Komainu
0  -2.741455 5.436833 5.862300  -0.427360 0.903649 0.027943  0.239319 0.089600 2 7 0.600000 13 0.400000
0  -3.134767 5.101391 5.135712  -0.525554 0.834436 -0.165857  0.191895 0.108398 2 7 0.500000 13 0.500000
0  -3.387451 5.029611 5.293920  -0.610702 0.777762 -0.148760  0.197998 0.117310 2 7 0.500000 13 0.500000
Komainu
0  -3.134767 5.101391 5.135712  -0.525554 0.834436 -0.165857  0.191895 0.108398 2 7 0.500000 13 0.500000
0  -3.713380 4.511052 4.645695  -0.683055 0.584599 -0.437812  0.177368 0.148438 2 13 0.600000 7 0.400000
0  -3.387451 5.029611 5.293920  -0.610702 0.777762 -0.148760  0.197998 0.117310 2 7 0.500000 13 0.500000
Komainu
0  -3.134767 5.101391 5.135712  -0.525554 0.834436 -0.165857  0.191895 0.108398 2 7 0.500000 13 0.500000
0  -3.580078 4.519838 4.579776  -0.453613 0.627082 -0.633248  0.170593 0.140930 2 13 0.600000 7 0.400000
0  -3.713380 4.511052 4.645695  -0.683055 0.584599 -0.437812  0.177368 0.148438 2 13 0.600000 7 0.400000
Komainu
0  -3.580078 4.519838 4.579776  -0.453613 0.627082 -0.633248  0.170593 0.140930 2 13 0.600000 7 0.400000
0  -3.935304 3.782259 4.381293  -0.735145 0.298488 -0.608660  0.167603 0.183228 2 7 0.500000 13 0.500000
0  -3.713380 4.511052 4.645695  -0.683055 0.584599 -0.437812  0.177368 0.148438 2 13 0.600000 7 0.400000
Komainu
0  -3.580078 4.519838 4.579776  -0.453613 0.627082 -0.633248  0.170593 0.140930 2 13 0.600000 7 0.400000
0  -3.811524 3.786650 4.305117  -0.478636 0.297064 -0.826232  0.159424 0.179810 2 7 0.500000 13 0.500000
0  -3.935304 3.782259 4.381293  -0.735145 0.298488 -0.608660  0.167603 0.183228 2 7 0.500000 13 0.500000
Komainu
0  -2.515869 2.326169 9.008787  -0.863192 -0.021667 0.504411  0.379150 0.222778 2 7 0.600000 18 0.400000
0  -2.513674 2.876220 9.035889  -0.786903 0.118396 0.605613  0.377502 0.205566 2 7 0.800000 18 0.200000
0  -2.545899 2.803710 8.864502  -0.931778 -0.010383 0.362880  0.370117 0.208191 2 7 0.800000 18 0.200000
Komainu
0  -2.515869 2.326169 9.008787  -0.863192 -0.021667 0.504411  0.379150 0.222778 2 7 0.600000 18 0.400000
0  -2.305665 2.108643 9.245361  -0.733700 0.050036 0.677629  0.387146 0.229919 2 7 0.600000 18 0.400000
0  -2.513674 2.876220 9.035889  -0.786903 0.118396 0.605613  0.377502 0.205566 2 7 0.800000 18 0.200000
Komainu
0  -2.490235 5.405322 6.464364  -0.415402 0.858875 0.299625  0.318359 0.037720 2 7 0.700000 13 0.300000
0  -2.556886 5.028104 7.344741  -0.415653 0.802827 0.427437  0.312805 0.096619 2 7 0.800000 13 0.200000
0  -2.173096 5.113797 7.423845  -0.196458 0.865711 0.460379  0.332947 0.077087 2 7 0.800000 13 0.200000
Komainu
0  -2.212648 4.330830 8.585481  -0.375344 0.592493 0.712790  0.364258 0.128967 2 7 0.800000 13 0.200000
0  -2.173096 5.113797 7.423845  -0.196458 0.865711 0.460379  0.332947 0.077087 2 7 0.800000 13 0.200000
0  -2.556886 5.028104 7.344741  -0.415653 0.802827 0.427437  0.312805 0.096619 2 7 0.800000 13 0.200000
Komainu
0  -2.212648 4.330830 8.585481  -0.375344 0.592493 0.712790  0.364258 0.128967 2 7 0.800000 13 0.200000
0  -2.556886 5.028104 7.344741  -0.415653 0.802827 0.427437  0.312805 0.096619 2 7 0.800000 13 0.200000
0  -3.076174 4.746117 7.108168  -0.819231 0.384610 0.425366  0.294556 0.127502 2 7 0.800000 13 0.200000
Komainu
0  -2.212648 4.330830 8.585481  -0.375344 0.592493 0.712790  0.364258 0.128967 2 7 0.800000 13 0.200000
0  -3.076174 4.746117 7.108168  -0.819231 0.384610 0.425366  0.294556 0.127502 2 7 0.800000 13 0.200000
0  -2.658691 4.049577 8.339382  -0.834401 0.250966 0.490704  0.337769 0.150757 2 7 0.800000 13 0.200000
Komainu
0  -2.096922 2.948730 9.268064  -0.276839 0.263262 0.924150  0.390808 0.199219 2 7 0.800000 18 0.200000
0  -2.212648 4.330830 8.585481  -0.375344 0.592493 0.712790  0.364258 0.128967 2 7 0.800000 13 0.200000
0  -2.658691 4.049577 8.339382  -0.834401 0.250966 0.490704  0.337769 0.150757 2 7 0.800000 13 0.200000
Komainu
0  -2.096922 2.948730 9.268064  -0.276839 0.263262 0.924150  0.390808 0.199219 2 7 0.800000 18 0.200000
0  -1.883056 4.310321 8.559846  -0.129570 0.668587 0.732259  0.381592 0.123657 2 7 0.800000 13 0.200000
0  -2.212648 4.330830 8.585481  -0.375344 0.592493 0.712790  0.364258 0.128967 2 7 0.800000 13 0.200000
Komainu
0  -2.096922 2.948730 9.268064  -0.276839 0.263262 0.924150  0.390808 0.199219 2 7 0.800000 18 0.200000
0  -1.768798 2.971434 9.394776  -0.256295 0.306405 0.916749  0.402649 0.195374 2 7 0.800000 18 0.200000
0  -1.883056 4.310321 8.559846  -0.129570 0.668587 0.732259  0.381592 0.123657 2 7 0.800000 13 0.200000
Komainu
0  -1.768798 2.971434 9.394776  -0.256295 0.306405 0.916749  0.402649 0.195374 2 7 0.800000 18 0.200000
0  -2.096922 2.948730 9.268064  -0.276839 0.263262 0.924150  0.390808 0.199219 2 7 0.800000 18 0.200000
0  -2.033937 1.360839 9.509034  -0.011794 0.149665 0.988666  0.400330 0.252686 2 7 0.500000 18 0.500000
Komainu
0  -2.096922 2.948730 9.268064  -0.276839 0.263262 0.924150  0.390808 0.199219 2 7 0.800000 18 0.200000
0  -2.118165 1.758543 9.473877  0.343614 0.154231 0.926360  0.397034 0.241211 2 7 0.600000 18 0.400000
0  -2.033937 1.360839 9.509034  -0.011794 0.149665 0.988666  0.400330 0.252686 2 7 0.500000 18 0.500000
Komainu
0  -2.212648 4.330830 8.585481  -0.375344 0.592493 0.712790  0.364258 0.128967 2 7 0.800000 13 0.200000
0  -1.883056 4.310321 8.559846  -0.129570 0.668587 0.732259  0.381592 0.123657 2 7 0.800000 13 0.200000
0  -2.173096 5.113797 7.423845  -0.196458 0.865711 0.460379  0.332947 0.077087 2 7 0.800000 13 0.200000
Komainu
0  -3.811524 3.786650 4.305117  -0.478636 0.297064 -0.826232  0.159424 0.179810 2 7 0.500000 13 0.500000
0  -4.056885 2.950199 4.291191  -0.781798 -0.012506 -0.623406  0.170227 0.218018 2 13 0.600000 7 0.400000
0  -3.935304 3.782259 4.381293  -0.735145 0.298488 -0.608660  0.167603 0.183228 2 7 0.500000 13 0.500000
Komainu
0  -3.811524 3.786650 4.305117  -0.478636 0.297064 -0.826232  0.159424 0.179810 2 7 0.500000 13 0.500000
0  -3.923584 2.926028 4.215015  -0.528677 -0.066174 -0.846240  0.159424 0.218445 2 13 0.600000 7 0.400000
0  -4.056885 2.950199 4.291191  -0.781798 -0.012506 -0.623406  0.170227 0.218018 2 13 0.600000 7 0.400000
Komainu
0  -3.923584 2.926028 4.215015  -0.528677 -0.066174 -0.846240  0.159424 0.218445 2 13 0.600000 7 0.400000
0  -4.083252 2.078579 4.630305  -0.789829 -0.370315 -0.488913  0.178711 0.250549 2 13 0.700000 7 0.300000
0  -4.056885 2.950199 4.291191  -0.781798 -0.012506 -0.623406  0.170227 0.218018 2 13 0.600000 7 0.400000
Komainu
0  -3.923584 2.926028 4.215015  -0.528677 -0.066174 -0.846240  0.159424 0.218445 2 13 0.600000 7 0.400000
0  -3.927978 2.023647 4.540944  -0.509457 -0.532226 -0.676157  0.169983 0.252808 2 13 0.700000 7 0.300000
0  -4.083252 2.078579 4.630305  -0.789829 -0.370315 -0.488913  0.178711 0.250549 2 13 0.700000 7 0.300000
Komainu
0  -3.927978 2.023647 4.540944  -0.509457 -0.532226 -0.676157  0.169983 0.252808 2 13 0.700000 7 0.300000
0  -4.091310 1.461869 5.496807  -0.781452 -0.602256 -0.163159  0.210938 0.273499 2 7 0.500000 13 0.500000
0  -4.083252 2.078579 4.630305  -0.789829 -0.370315 -0.488913  0.178711 0.250549 2 13 0.700000 7 0.300000
Komainu
0  -3.927978 2.023647 4.540944  -0.509457 -0.532226 -0.676157  0.169983 0.252808 2 13 0.700000 7 0.300000
0  -3.902343 1.398146 5.457255  -0.430592 -0.863415 -0.262880  0.207398 0.282898 2 7 0.500000 13 0.500000
0  -4.091310 1.461869 5.496807  -0.781452 -0.602256 -0.163159  0.210938 0.273499 2 7 0.500000 13 0.500000
Komainu
0  -3.902343 1.398146 5.457255  -0.430592 -0.863415 -0.262880  0.207398 0.282898 2 7 0.500000 13 0.500000
0  -4.023924 1.452356 6.482677  -0.767328 -0.587469 0.257076  0.252258 0.269226 2 7 0.600000 13 0.400000
0  -4.091310 1.461869 5.496807  -0.781452 -0.602256 -0.163159  0.210938 0.273499 2 7 0.500000 13 0.500000
Komainu
0  -3.902343 1.398146 5.457255  -0.430592 -0.863415 -0.262880  0.207398 0.282898 2 7 0.500000 13 0.500000
0  -3.854004 1.367393 6.476817  -0.427543 -0.867357 0.254751  0.254639 0.277527 2 7 0.600000 13 0.400000
0  -4.023924 1.452356 6.482677  -0.767328 -0.587469 0.257076  0.252258 0.269226 2 7 0.600000 13 0.400000
Komainu
0  -4.023924 1.452356 6.482677  -0.767328 -0.587469 0.257076  0.252258 0.269226 2 7 0.600000 13 0.400000
0  -3.854004 1.367393 6.476817  -0.427543 -0.867357 0.254751  0.254639 0.277527 2 7 0.600000 13 0.400000
0  -3.632079 1.761458 7.313247  -0.460443 -0.539005 0.705312  0.285522 0.254700 2 7 0.800000 13 0.200000
Komainu
0  -4.023924 1.452356 6.482677  -0.767328 -0.587469 0.257076  0.252258 0.269226 2 7 0.600000 13 0.400000
0  -3.632079 1.761458 7.313247  -0.460443 -0.539005 0.705312  0.285522 0.254700 2 7 0.800000 13 0.200000
0  -3.777831 1.837631 7.269300  -0.731462 -0.350825 0.584710  0.279297 0.249817 2 7 0.800000 13 0.200000
Komainu
0  -3.632079 1.761458 7.313247  -0.460443 -0.539005 0.705312  0.285522 0.254700 2 7 0.800000 13 0.200000
0  -3.667969 2.630856 7.575459  -0.677804 -0.011672 0.735150  0.288452 0.221008 2 7 0.800000 13 0.200000
0  -3.777831 1.837631 7.269300  -0.731462 -0.350825 0.584710  0.279297 0.249817 2 7 0.800000 13 0.200000
Komainu
0  -4.038573 2.113751 6.807879  -0.977531 0.038771 0.207195  0.263000 0.240173 2 7 0.600000 13 0.400000
0  -3.777831 1.837631 7.269300  -0.731462 -0.350825 0.584710  0.279297 0.249817 2 7 0.800000 13 0.200000
0  -3.667969 2.630856 7.575459  -0.677804 -0.011672 0.735150  0.288452 0.221008 2 7 0.800000 13 0.200000
Komainu
0  -4.038573 2.113751 6.807879  -0.977531 0.038771 0.207195  0.263000 0.240173 2 7 0.600000 13 0.400000
0  -3.667969 2.630856 7.575459  -0.677804 -0.011672 0.735150  0.288452 0.221008 2 7 0.800000 13 0.200000
0  -3.945555 2.727536 7.108912  -0.963963 0.104008 0.244861  0.271301 0.218384 2 7 0.600000 13 0.400000
Komainu
0  -3.930177 2.746578 6.635028  -0.986867 0.159553 -0.025223  0.255859 0.217896 2 7 0.500000 13 0.500000
0  -4.038573 2.113751 6.807879  -0.977531 0.038771 0.207195  0.263000 0.240173 2 7 0.600000 13 0.400000
0  -3.945555 2.727536 7.108912  -0.963963 0.104008 0.244861  0.271301 0.218384 2 7 0.600000 13 0.400000
Komainu
0  -3.945555 2.727536 7.108912  -0.963963 0.104008 0.244861  0.271301 0.218384 2 7 0.600000 13 0.400000
0  -3.863527 3.175793 6.694356  -0.995434 0.089780 -0.032413  0.256287 0.200378 2 7 0.500000 13 0.500000
0  -3.930177 2.746578 6.635028  -0.986867 0.159553 -0.025223  0.255859 0.217896 2 7 0.500000 13 0.500000
Komainu
0  -3.945555 2.727536 7.108912  -0.963963 0.104008 0.244861  0.271301 0.218384 2 7 0.600000 13 0.400000
0  -3.852540 3.314955 7.057641  -0.958128 0.169013 0.231140  0.268127 0.195068 2 7 0.600000 13 0.400000
0  -3.863527 3.175793 6.694356  -0.995434 0.089780 -0.032413  0.256287 0.200378 2 7 0.500000 13 0.500000
Komainu
0  -3.852540 3.314955 7.057641  -0.958128 0.169013 0.231140  0.268127 0.195068 2 7 0.600000 13 0.400000
0  -3.826905 3.496604 6.509046  -0.994624 -0.094432 0.042489  0.247681 0.187927 2 7 0.500000 13 0.500000
0  -3.863527 3.175793 6.694356  -0.995434 0.089780 -0.032413  0.256287 0.200378 2 7 0.500000 13 0.500000
Komainu
0  -3.852540 3.314955 7.057641  -0.958128 0.169013 0.231140  0.268127 0.195068 2 7 0.600000 13 0.400000
0  -3.852540 3.736839 6.740496  -0.966660 0.139671 0.214619  0.254578 0.178772 2 7 0.600000 13 0.400000
0  -3.826905 3.496604 6.509046  -0.994624 -0.094432 0.042489  0.247681 0.187927 2 7 0.500000 13 0.500000
Komainu
0  -3.632079 1.761458 7.313247  -0.460443 -0.539005 0.705312  0.285522 0.254700 2 7 0.800000 13 0.200000
0  -3.486327 2.614743 7.667746  -0.420824 -0.064020 0.904880  0.296692 0.221191 2 7 0.800000 13 0.200000
0  -3.667969 2.630856 7.575459  -0.677804 -0.011672 0.735150  0.288452 0.221008 2 7 0.800000 13 0.200000
Komainu
0  -3.580810 3.406500 7.496355  -0.633547 0.340639 0.694682  0.284180 0.190491 2 7 0.800000 13 0.200000
0  -3.667969 2.630856 7.575459  -0.677804 -0.011672 0.735150  0.288452 0.221008 2 7 0.800000 13 0.200000
0  -3.486327 2.614743 7.667746  -0.420824 -0.064020 0.904880  0.296692 0.221191 2 7 0.800000 13 0.200000
Komainu
0  -3.945555 2.727536 7.108912  -0.963963 0.104008 0.244861  0.271301 0.218384 2 7 0.600000 13 0.400000
0  -3.667969 2.630856 7.575459  -0.677804 -0.011672 0.735150  0.288452 0.221008 2 7 0.800000 13 0.200000
0  -3.580810 3.406500 7.496355  -0.633547 0.340639 0.694682  0.284180 0.190491 2 7 0.800000 13 0.200000
Komainu
0  -3.945555 2.727536 7.108912  -0.963963 0.104008 0.244861  0.271301 0.218384 2 7 0.600000 13 0.400000
0  -3.580810 3.406500 7.496355  -0.633547 0.340639 0.694682  0.284180 0.190491 2 7 0.800000 13 0.200000
0  -3.852540 3.314955 7.057641  -0.958128 0.169013 0.231140  0.268127 0.195068 2 7 0.600000 13 0.400000
Komainu
0  -3.659914 4.041528 6.917739  -0.634102 0.606179 0.480065  0.260254 0.166260 2 7 0.700000 13 0.300000
0  -3.852540 3.314955 7.057641  -0.958128 0.169013 0.231140  0.268127 0.195068 2 7 0.600000 13 0.400000
0  -3.580810 3.406500 7.496355  -0.633547 0.340639 0.694682  0.284180 0.190491 2 7 0.800000 13 0.200000
Komainu
0  -3.659914 4.041528 6.917739  -0.634102 0.606179 0.480065  0.260254 0.166260 2 7 0.700000 13 0.300000
0  -3.852540 3.736839 6.740496  -0.966660 0.139671 0.214619  0.254578 0.178772 2 7 0.600000 13 0.400000
0  -3.852540 3.314955 7.057641  -0.958128 0.169013 0.231140  0.268127 0.195068 2 7 0.600000 13 0.400000
Komainu
0  -3.580810 3.406500 7.496355  -0.633547 0.340639 0.694682  0.284180 0.190491 2 7 0.800000 13 0.200000
0  -3.486327 2.614743 7.667746  -0.420824 -0.064020 0.904880  0.296692 0.221191 2 7 0.800000 13 0.200000
0  -3.412354 3.446052 7.547626  -0.343444 0.412411 0.843779  0.291931 0.186462 2 7 0.800000 13 0.200000
Komainu
0  -3.380128 4.144067 6.910416  -0.324778 0.780527 0.534133  0.267761 0.157165 2 7 0.700000 13 0.300000
0  -3.580810 3.406500 7.496355  -0.633547 0.340639 0.694682  0.284180 0.190491 2 7 0.800000 13 0.200000
0  -3.412354 3.446052 7.547626  -0.343444 0.412411 0.843779  0.291931 0.186462 2 7 0.800000 13 0.200000
Komainu
0  -3.380128 4.144067 6.910416  -0.324778 0.780527 0.534133  0.267761 0.157165 2 7 0.700000 13 0.300000
0  -3.659914 4.041528 6.917739  -0.634102 0.606179 0.480065  0.260254 0.166260 2 7 0.700000 13 0.300000
0  -3.580810 3.406500 7.496355  -0.633547 0.340639 0.694682  0.284180 0.190491 2 7 0.800000 13 0.200000
Komainu
0  -3.659914 4.041528 6.917739  -0.634102 0.606179 0.480065  0.260254 0.166260 2 7 0.700000 13 0.300000
0  -3.380128 4.144067 6.910416  -0.324778 0.780527 0.534133  0.267761 0.157165 2 7 0.700000 13 0.300000
0  -3.462160 4.373343 6.238773  -0.458490 0.869642 0.183056  0.241760 0.148804 2 13 0.510000 7 0.490000
Komainu
0  -3.462160 4.373343 6.238773  -0.458490 0.869642 0.183056  0.241760 0.148804 2 13 0.510000 7 0.490000
0  -3.551515 4.358691 5.860101  -0.546418 0.836726 0.036289  0.221924 0.143860 2 7 0.500000 13 0.500000
0  -3.722170 4.268610 5.561257  -0.687967 0.712039 -0.140363  0.213623 0.149292 2 13 0.590000 7 0.410000
Komainu
0  -3.826905 3.496604 6.509046  -0.994624 -0.094432 0.042489  0.247681 0.187927 2 7 0.500000 13 0.500000
0  -3.852540 3.736839 6.740496  -0.966660 0.139671 0.214619  0.254578 0.178772 2 7 0.600000 13 0.400000
0  -3.935304 3.887729 6.321540  -0.951218 0.114936 0.286311  0.236511 0.174255 2 7 0.500000 13 0.500000
Komainu
0  -3.659914 4.041528 6.917739  -0.634102 0.606179 0.480065  0.260254 0.166260 2 7 0.700000 13 0.300000
0  -3.935304 3.887729 6.321540  -0.951218 0.114936 0.286311  0.236511 0.174255 2 7 0.500000 13 0.500000
0  -3.852540 3.736839 6.740496  -0.966660 0.139671 0.214619  0.254578 0.178772 2 7 0.600000 13 0.400000
Komainu
0  -3.659914 4.041528 6.917739  -0.634102 0.606179 0.480065  0.260254 0.166260 2 7 0.700000 13 0.300000
0  -3.778564 4.207808 6.299568  -0.705991 0.673904 0.217783  0.236450 0.162231 2 7 0.500000 13 0.500000
0  -3.935304 3.887729 6.321540  -0.951218 0.114936 0.286311  0.236511 0.174255 2 7 0.500000 13 0.500000
Komainu
0  -3.659914 4.041528 6.917739  -0.634102 0.606179 0.480065  0.260254 0.166260 2 7 0.700000 13 0.300000
0  -3.462160 4.373343 6.238773  -0.458490 0.869642 0.183056  0.241760 0.148804 2 13 0.510000 7 0.490000
0  -3.778564 4.207808 6.299568  -0.705991 0.673904 0.217783  0.236450 0.162231 2 7 0.500000 13 0.500000
Komainu
0  -3.462160 4.373343 6.238773  -0.458490 0.869642 0.183056  0.241760 0.148804 2 13 0.510000 7 0.490000
0  -3.949219 4.077435 5.774405  -0.830014 0.557407 -0.019352  0.217835 0.166138 2 13 0.540000 7 0.460000
0  -3.778564 4.207808 6.299568  -0.705991 0.673904 0.217783  0.236450 0.162231 2 7 0.500000 13 0.500000
Komainu
0  -3.462160 4.373343 6.238773  -0.458490 0.869642 0.183056  0.241760 0.148804 2 13 0.510000 7 0.490000
0  -3.722170 4.268610 5.561257  -0.687967 0.712039 -0.140363  0.213623 0.149292 2 13 0.590000 7 0.410000
0  -3.949219 4.077435 5.774405  -0.830014 0.557407 -0.019352  0.217835 0.166138 2 13 0.540000 7 0.460000
Komainu
0  -3.859132 3.930224 5.286585  -0.801729 0.466449 -0.373706  0.200867 0.171875 2 13 0.700000 7 0.300000
0  -3.949219 4.077435 5.774405  -0.830014 0.557407 -0.019352  0.217835 0.166138 2 13 0.540000 7 0.460000
0  -3.722170 4.268610 5.561257  -0.687967 0.712039 -0.140363  0.213623 0.149292 2 13 0.590000 7 0.410000
Komainu
0  -3.859132 3.930224 5.286585  -0.801729 0.466449 -0.373706  0.200867 0.171875 2 13 0.700000 7 0.300000
0  -4.088379 3.712679 5.520243  -0.902832 0.357493 -0.238940  0.210266 0.183777 2 13 0.570000 7 0.430000
0  -3.949219 4.077435 5.774405  -0.830014 0.557407 -0.019352  0.217835 0.166138 2 13 0.540000 7 0.460000
Komainu
0  -4.088379 3.712679 5.520243  -0.902832 0.357493 -0.238940  0.210266 0.183777 2 13 0.570000 7 0.430000
0  -3.859132 3.930224 5.286585  -0.801729 0.466449 -0.373706  0.200867 0.171875 2 13 0.700000 7 0.300000
0  -3.977784 3.506132 5.129838  -0.856144 0.296154 -0.423450  0.201843 0.191223 2 13 0.700000 7 0.300000
Komainu
0  -4.182129 3.235121 5.397924  -0.960557 0.152462 -0.232562  0.210754 0.202576 2 13 0.570000 7 0.430000
0  -4.088379 3.712679 5.520243  -0.902832 0.357493 -0.238940  0.210266 0.183777 2 13 0.570000 7 0.430000
0  -3.977784 3.506132 5.129838  -0.856144 0.296154 -0.423450  0.201843 0.191223 2 13 0.700000 7 0.300000
Komainu
0  -4.080321 3.090098 5.119584  -0.897582 0.065563 -0.435946  0.204285 0.209412 2 13 0.700000 7 0.300000
0  -4.182129 3.235121 5.397924  -0.960557 0.152462 -0.232562  0.210754 0.202576 2 13 0.570000 7 0.430000
0  -3.977784 3.506132 5.129838  -0.856144 0.296154 -0.423450  0.201843 0.191223 2 13 0.700000 7 0.300000
Komainu
0  -4.182129 3.235121 5.397924  -0.960557 0.152462 -0.232562  0.210754 0.202576 2 13 0.570000 7 0.430000
0  -4.080321 3.090098 5.119584  -0.897582 0.065563 -0.435946  0.204285 0.209412 2 13 0.700000 7 0.300000
0  -4.083984 2.708489 5.308557  -0.855770 -0.339267 -0.390583  0.210388 0.224976 2 13 0.700000 7 0.300000
Komainu
0  -4.182129 3.235121 5.397924  -0.960557 0.152462 -0.232562  0.210754 0.202576 2 13 0.570000 7 0.430000
0  -4.083984 2.708489 5.308557  -0.855770 -0.339267 -0.390583  0.210388 0.224976 2 13 0.700000 7 0.300000
0  -4.239258 2.830076 5.515848  -0.971799 -0.117736 -0.204314  0.215698 0.217163 2 13 0.540000 7 0.460000
Komainu
0  -4.239258 2.830076 5.515848  -0.971799 -0.117736 -0.204314  0.215698 0.217163 2 13 0.540000 7 0.460000
0  -4.083984 2.708489 5.308557  -0.855770 -0.339267 -0.390583  0.210388 0.224976 2 13 0.700000 7 0.300000
0  -4.024660 2.395733 5.760483  -0.718441 -0.684265 -0.124995  0.223938 0.235840 2 13 0.600000 7 0.400000
Komainu
0  -4.239258 2.830076 5.515848  -0.971799 -0.117736 -0.204314  0.215698 0.217163 2 13 0.540000 7 0.460000
0  -4.024660 2.395733 5.760483  -0.718441 -0.684265 -0.124995  0.223938 0.235840 2 13 0.600000 7 0.400000
0  -4.252440 2.603753 5.867424  -0.945044 -0.326167 -0.022509  0.225708 0.223145 2 7 0.500000 13 0.500000
Komainu
0  -4.252440 2.603753 5.867424  -0.945044 -0.326167 -0.022509  0.225708 0.223145 2 7 0.500000 13 0.500000
0  -4.024660 2.395733 5.760483  -0.718441 -0.684265 -0.124995  0.223938 0.235840 2 13 0.600000 7 0.400000
0  -3.974854 2.413313 6.210942  -0.602428 -0.713438 0.357893  0.241577 0.233093 2 13 0.600000 7 0.400000
Komainu
0  -4.252440 2.603753 5.867424  -0.945044 -0.326167 -0.022509  0.225708 0.223145 2 7 0.500000 13 0.500000
0  -3.974854 2.413313 6.210942  -0.602428 -0.713438 0.357893  0.241577 0.233093 2 13 0.600000 7 0.400000
0  -4.196046 2.596427 6.251225  -0.891211 -0.330882 0.310259  0.238708 0.222290 2 7 0.500000 13 0.500000
Komainu
0  -4.196046 2.596427 6.251225  -0.891211 -0.330882 0.310259  0.238708 0.222290 2 7 0.500000 13 0.500000
0  -3.974854 2.413313 6.210942  -0.602428 -0.713438 0.357893  0.241577 0.233093 2 13 0.600000 7 0.400000
0  -3.930177 2.746578 6.635028  -0.513535 -0.346499 0.784997  0.255859 0.217896 2 7 0.500000 13 0.500000
Komainu
0  -3.935304 3.887729 6.321540  -0.951218 0.114936 0.286311  0.236511 0.174255 2 7 0.500000 13 0.500000
0  -3.778564 4.207808 6.299568  -0.705991 0.673904 0.217783  0.236450 0.162231 2 7 0.500000 13 0.500000
0  -3.949219 4.077435 5.774405  -0.830014 0.557407 -0.019352  0.217835 0.166138 2 13 0.540000 7 0.460000
Komainu
0  -4.151368 3.499532 5.827872  -0.952936 0.186788 0.238797  0.220520 0.190674 2 7 0.500000 13 0.500000
0  -4.074462 3.713408 5.951655  -0.930990 0.140561 0.336898  0.224182 0.179749 2 13 0.520000 7 0.480000
0  -3.949219 4.077435 5.774405  -0.830014 0.557407 -0.019352  0.217835 0.166138 2 13 0.540000 7 0.460000
Komainu
0  -3.935304 3.887729 6.321540  -0.951218 0.114936 0.286311  0.236511 0.174255 2 7 0.500000 13 0.500000
0  -3.949219 4.077435 5.774405  -0.830014 0.557407 -0.019352  0.217835 0.166138 2 13 0.540000 7 0.460000
0  -4.074462 3.713408 5.951655  -0.930990 0.140561 0.336898  0.224182 0.179749 2 13 0.520000 7 0.480000
Komainu
0  -4.045899 3.468770 5.975826  -0.825178 0.002630 0.564867  0.226013 0.190186 2 7 0.500000 13 0.500000
0  -3.935304 3.887729 6.321540  -0.951218 0.114936 0.286311  0.236511 0.174255 2 7 0.500000 13 0.500000
0  -4.074462 3.713408 5.951655  -0.930990 0.140561 0.336898  0.224182 0.179749 2 13 0.520000 7 0.480000
Komainu
0  -4.045899 3.468770 5.975826  -0.825178 0.002630 0.564867  0.226013 0.190186 2 7 0.500000 13 0.500000
0  -3.884767 3.590358 6.231450  -0.927720 -0.201223 0.314397  0.234314 0.184448 2 7 0.500000 13 0.500000
0  -3.935304 3.887729 6.321540  -0.951218 0.114936 0.286311  0.236511 0.174255 2 7 0.500000 13 0.500000
Komainu
0  -3.826905 3.496604 6.509046  -0.994624 -0.094432 0.042489  0.247681 0.187927 2 7 0.500000 13 0.500000
0  -3.935304 3.887729 6.321540  -0.951218 0.114936 0.286311  0.236511 0.174255 2 7 0.500000 13 0.500000
0  -3.884767 3.590358 6.231450  -0.927720 -0.201223 0.314397  0.234314 0.184448 2 7 0.500000 13 0.500000
Komainu
0  -4.045899 3.468770 5.975826  -0.825178 0.002630 0.564867  0.226013 0.190186 2 7 0.500000 13 0.500000
0  -4.151368 3.499532 5.827872  -0.952936 0.186788 0.238797  0.220520 0.190674 2 7 0.500000 13 0.500000
0  -4.205565 3.151622 5.891595  -0.972865 0.191350 0.130070  0.224487 0.203613 2 7 0.500000 13 0.500000
Komainu
0  -4.045899 3.468770 5.975826  -0.825178 0.002630 0.564867  0.226013 0.190186 2 7 0.500000 13 0.500000
0  -4.074462 3.713408 5.951655  -0.930990 0.140561 0.336898  0.224182 0.179749 2 13 0.520000 7 0.480000
0  -4.151368 3.499532 5.827872  -0.952936 0.186788 0.238797  0.220520 0.190674 2 7 0.500000 13 0.500000
Komainu
0  -4.196046 2.596427 6.251225  -0.891211 -0.330882 0.310259  0.238708 0.222290 2 7 0.500000 13 0.500000
0  -3.930177 2.746578 6.635028  -0.513535 -0.346499 0.784997  0.255859 0.217896 2 7 0.500000 13 0.500000
0  -4.076662 2.853515 6.568374  -0.825151 -0.094177 0.557007  0.249146 0.213257 2 7 0.500000 13 0.500000
Komainu
0  -4.076662 2.853515 6.568374  -0.825151 -0.094177 0.557007  0.249146 0.213257 2 7 0.500000 13 0.500000
0  -3.930177 2.746578 6.635028  -0.513535 -0.346499 0.784997  0.255859 0.217896 2 7 0.500000 13 0.500000
0  -3.863527 3.175793 6.694356  -0.432113 0.221476 0.874201  0.256287 0.200378 2 7 0.500000 13 0.500000
Komainu
0  -4.076662 2.853515 6.568374  -0.825151 -0.094177 0.557007  0.249146 0.213257 2 7 0.500000 13 0.500000
0  -3.863527 3.175793 6.694356  -0.432113 0.221476 0.874201  0.256287 0.200378 2 7 0.500000 13 0.500000
0  -4.006348 3.167735 6.620379  -0.803107 0.227108 0.550855  0.250000 0.202026 2 7 0.500000 13 0.500000
Komainu
0  -3.863527 3.175793 6.694356  -0.432113 0.221476 0.874201  0.256287 0.200378 2 7 0.500000 13 0.500000
0  -3.963867 3.443135 6.485607  -0.606442 0.583076 0.540602  0.244446 0.192505 2 7 0.500000 13 0.500000
0  -4.006348 3.167735 6.620379  -0.803107 0.227108 0.550855  0.250000 0.202026 2 7 0.500000 13 0.500000
Komainu
0  -4.021729 3.522971 6.264408  -0.665136 0.716488 0.210331  0.234436 0.189880 2 7 0.500000 13 0.500000
0  -4.006348 3.167735 6.620379  -0.803107 0.227108 0.550855  0.250000 0.202026 2 7 0.500000 13 0.500000
0  -3.963867 3.443135 6.485607  -0.606442 0.583076 0.540602  0.244446 0.192505 2 7 0.500000 13 0.500000
Komainu
0  -3.963867 3.443135 6.485607  -0.606442 0.583076 0.540602  0.244446 0.192505 2 7 0.500000 13 0.500000
0  -3.884767 3.590358 6.231450  -0.465656 0.874034 0.138671  0.234314 0.184448 2 7 0.500000 13 0.500000
0  -4.021729 3.522971 6.264408  -0.665136 0.716488 0.210331  0.234436 0.189880 2 7 0.500000 13 0.500000
Komainu
0  -4.021729 3.522971 6.264408  -0.665136 0.716488 0.210331  0.234436 0.189880 2 7 0.500000 13 0.500000
0  -3.884767 3.590358 6.231450  -0.465656 0.874034 0.138671  0.234314 0.184448 2 7 0.500000 13 0.500000
0  -4.045899 3.468770 5.975826  -0.687550 0.686163 -0.237603  0.226013 0.190186 2 7 0.500000 13 0.500000
Komainu
0  -4.021729 3.522971 6.264408  -0.665136 0.716488 0.210331  0.234436 0.189880 2 7 0.500000 13 0.500000
0  -4.045899 3.468770 5.975826  -0.687550 0.686163 -0.237603  0.226013 0.190186 2 7 0.500000 13 0.500000
0  -4.112550 3.421160 6.059325  -0.875224 0.482919 0.027805  0.228394 0.193542 2 7 0.500000 13 0.500000
Komainu
0  -4.205565 3.151622 5.891595  -0.972865 0.191350 0.130070  0.224487 0.203613 2 7 0.500000 13 0.500000
0  -4.112550 3.421160 6.059325  -0.875224 0.482919 0.027805  0.228394 0.193542 2 7 0.500000 13 0.500000
0  -4.045899 3.468770 5.975826  -0.687550 0.686163 -0.237603  0.226013 0.190186 2 7 0.500000 13 0.500000
Komainu
0  -4.205565 3.151622 5.891595  -0.972865 0.191350 0.130070  0.224487 0.203613 2 7 0.500000 13 0.500000
0  -4.006348 3.167735 6.620379  -0.803107 0.227108 0.550855  0.250000 0.202026 2 7 0.500000 13 0.500000
0  -4.112550 3.421160 6.059325  -0.875224 0.482919 0.027805  0.228394 0.193542 2 7 0.500000 13 0.500000
Komainu
0  -4.006348 3.167735 6.620379  -0.803107 0.227108 0.550855  0.250000 0.202026 2 7 0.500000 13 0.500000
0  -4.205565 3.151622 5.891595  -0.972865 0.191350 0.130070  0.224487 0.203613 2 7 0.500000 13 0.500000
0  -4.076662 2.853515 6.568374  -0.825151 -0.094177 0.557007  0.249146 0.213257 2 7 0.500000 13 0.500000
Komainu
0  -4.076662 2.853515 6.568374  -0.825151 -0.094177 0.557007  0.249146 0.213257 2 7 0.500000 13 0.500000
0  -4.205565 3.151622 5.891595  -0.972865 0.191350 0.130070  0.224487 0.203613 2 7 0.500000 13 0.500000
0  -4.196046 2.596427 6.251225  -0.891211 -0.330882 0.310259  0.238708 0.222290 2 7 0.500000 13 0.500000
Komainu
0  -4.196046 2.596427 6.251225  -0.891211 -0.330882 0.310259  0.238708 0.222290 2 7 0.500000 13 0.500000
0  -4.205565 3.151622 5.891595  -0.972865 0.191350 0.130070  0.224487 0.203613 2 7 0.500000 13 0.500000
0  -4.252440 2.603753 5.867424  -0.945044 -0.326167 -0.022509  0.225708 0.223145 2 7 0.500000 13 0.500000
Komainu
0  -4.252440 2.603753 5.867424  -0.945044 -0.326167 -0.022509  0.225708 0.223145 2 7 0.500000 13 0.500000
0  -4.205565 3.151622 5.891595  -0.972865 0.191350 0.130070  0.224487 0.203613 2 7 0.500000 13 0.500000
0  -4.239258 2.830076 5.515848  -0.971799 -0.117736 -0.204314  0.215698 0.217163 2 13 0.540000 7 0.460000
Komainu
0  -4.239258 2.830076 5.515848  -0.971799 -0.117736 -0.204314  0.215698 0.217163 2 13 0.540000 7 0.460000
0  -4.205565 3.151622 5.891595  -0.972865 0.191350 0.130070  0.224487 0.203613 2 7 0.500000 13 0.500000
0  -4.182129 3.235121 5.397924  -0.960557 0.152462 -0.232562  0.210754 0.202576 2 13 0.570000 7 0.430000
Komainu
0  -4.182129 3.235121 5.397924  -0.960557 0.152462 -0.232562  0.210754 0.202576 2 13 0.570000 7 0.430000
0  -4.205565 3.151622 5.891595  -0.972865 0.191350 0.130070  0.224487 0.203613 2 7 0.500000 13 0.500000
0  -4.151368 3.499532 5.827872  -0.952936 0.186788 0.238797  0.220520 0.190674 2 7 0.500000 13 0.500000
Komainu
0  -4.182129 3.235121 5.397924  -0.960557 0.152462 -0.232562  0.210754 0.202576 2 13 0.570000 7 0.430000
0  -4.151368 3.499532 5.827872  -0.952936 0.186788 0.238797  0.220520 0.190674 2 7 0.500000 13 0.500000
0  -4.088379 3.712679 5.520243  -0.902832 0.357493 -0.238940  0.210266 0.183777 2 13 0.570000 7 0.430000
Komainu
0  -4.151368 3.499532 5.827872  -0.952936 0.186788 0.238797  0.220520 0.190674 2 7 0.500000 13 0.500000
0  -3.949219 4.077435 5.774405  -0.830014 0.557407 -0.019352  0.217835 0.166138 2 13 0.540000 7 0.460000
0  -4.088379 3.712679 5.520243  -0.902832 0.357493 -0.238940  0.210266 0.183777 2 13 0.570000 7 0.430000
Komainu
0  -4.021729 3.522971 6.264408  -0.665136 0.716488 0.210331  0.234436 0.189880 2 7 0.500000 13 0.500000
0  -4.112550 3.421160 6.059325  -0.875224 0.482919 0.027805  0.228394 0.193542 2 7 0.500000 13 0.500000
0  -4.006348 3.167735 6.620379  -0.803107 0.227108 0.550855  0.250000 0.202026 2 7 0.500000 13 0.500000
Komainu
0  -3.963867 3.443135 6.485607  -0.606442 0.583076 0.540602  0.244446 0.192505 2 7 0.500000 13 0.500000
0  -3.826905 3.496604 6.509046  -0.386815 0.691455 0.610135  0.247681 0.187927 2 7 0.500000 13 0.500000
0  -3.884767 3.590358 6.231450  -0.465656 0.874034 0.138671  0.234314 0.184448 2 7 0.500000 13 0.500000
Komainu
0  -3.863527 3.175793 6.694356  -0.432113 0.221476 0.874201  0.256287 0.200378 2 7 0.500000 13 0.500000
0  -3.826905 3.496604 6.509046  -0.386815 0.691455 0.610135  0.247681 0.187927 2 7 0.500000 13 0.500000
0  -3.963867 3.443135 6.485607  -0.606442 0.583076 0.540602  0.244446 0.192505 2 7 0.500000 13 0.500000
Komainu
0  -3.859132 3.930224 5.286585  -0.894285 0.067809 0.442331  0.200867 0.171875 2 13 0.700000 7 0.300000
0  -4.127932 3.626978 4.828818  -0.976875 0.204056 0.063846  0.183838 0.189514 2 7 0.500000 13 0.500000
0  -3.977784 3.506132 5.129838  -0.891117 0.109546 0.440353  0.201843 0.191223 2 13 0.700000 7 0.300000
Komainu
0  -3.977784 3.506132 5.129838  -0.891117 0.109546 0.440353  0.201843 0.191223 2 13 0.700000 7 0.300000
0  -4.127932 3.626978 4.828818  -0.976875 0.204056 0.063846  0.183838 0.189514 2 7 0.500000 13 0.500000
0  -4.222414 3.029303 4.762155  -0.994734 0.100466 0.020245  0.185608 0.216553 2 13 0.600000 7 0.400000
Komainu
0  -3.977784 3.506132 5.129838  -0.891117 0.109546 0.440353  0.201843 0.191223 2 13 0.700000 7 0.300000
0  -4.222414 3.029303 4.762155  -0.994734 0.100466 0.020245  0.185608 0.216553 2 13 0.600000 7 0.400000
0  -4.080321 3.090098 5.119584  -0.918129 0.145629 0.368554  0.204285 0.209412 2 13 0.700000 7 0.300000
Komainu
0  -4.222414 3.029303 4.762155  -0.994734 0.100466 0.020245  0.185608 0.216553 2 13 0.600000 7 0.400000
0  -4.083984 2.708489 5.308557  -0.937553 0.188938 0.292055  0.210388 0.224976 2 13 0.700000 7 0.300000
0  -4.080321 3.090098 5.119584  -0.918129 0.145629 0.368554  0.204285 0.209412 2 13 0.700000 7 0.300000
Komainu
0  -4.222414 3.029303 4.762155  -0.994734 0.100466 0.020245  0.185608 0.216553 2 13 0.600000 7 0.400000
0  -4.234131 2.424299 4.978221  -0.999555 0.013421 0.026648  0.192444 0.241455 2 13 0.700000 7 0.300000
0  -4.083984 2.708489 5.308557  -0.937553 0.188938 0.292055  0.210388 0.224976 2 13 0.700000 7 0.300000
Komainu
0  -4.234131 2.424299 4.978221  -0.999555 0.013421 0.026648  0.192444 0.241455 2 13 0.700000 7 0.300000
0  -4.024660 2.395733 5.760483  -0.949431 0.254516 0.183854  0.223938 0.235840 2 13 0.600000 7 0.400000
0  -4.083984 2.708489 5.308557  -0.937553 0.188938 0.292055  0.210388 0.224976 2 13 0.700000 7 0.300000
Komainu
0  -4.234131 2.424299 4.978221  -0.999555 0.013421 0.026648  0.192444 0.241455 2 13 0.700000 7 0.300000
0  -4.203370 1.850798 5.638170  -0.996922 0.011792 0.077510  0.217407 0.256531 2 7 0.500000 13 0.500000
0  -4.024660 2.395733 5.760483  -0.949431 0.254516 0.183854  0.223938 0.235840 2 13 0.600000 7 0.400000
Komainu
0  -4.024660 2.395733 5.760483  -0.949431 0.254516 0.183854  0.223938 0.235840 2 13 0.600000 7 0.400000
0  -4.203370 1.850798 5.638170  -0.996922 0.011792 0.077510  0.217407 0.256531 2 7 0.500000 13 0.500000
0  -4.105957 1.885961 6.352304  -0.990107 0.026918 0.137710  0.246277 0.251526 2 7 0.600000 13 0.400000
Komainu
0  -4.024660 2.395733 5.760483  -0.949431 0.254516 0.183854  0.223938 0.235840 2 13 0.600000 7 0.400000
0  -4.105957 1.885961 6.352304  -0.990107 0.026918 0.137710  0.246277 0.251526 2 7 0.600000 13 0.400000
0  -3.974854 2.413313 6.210942  -0.972721 0.229326 0.034989  0.241577 0.233093 2 13 0.600000 7 0.400000
Komainu
0  -3.707521 4.666319 5.509992  -0.909009 0.327244 0.258098  0.208801 0.132446 2 7 0.500000 13 0.500000
0  -3.722170 4.268610 5.561257  -0.894279 0.067807 0.442343  0.213623 0.149292 2 13 0.590000 7 0.410000
0  -3.551515 4.358691 5.860101  -0.876689 0.092834 0.472015  0.221924 0.143860 2 7 0.500000 13 0.500000
Komainu
0  -3.707521 4.666319 5.509992  -0.909009 0.327244 0.258098  0.208801 0.132446 2 7 0.500000 13 0.500000
0  -3.859132 3.930224 5.286585  -0.894285 0.067809 0.442331  0.200867 0.171875 2 13 0.700000 7 0.300000
0  -3.722170 4.268610 5.561257  -0.894279 0.067807 0.442343  0.213623 0.149292 2 13 0.590000 7 0.410000
Komainu
0  -3.707521 4.666319 5.509992  -0.909009 0.327244 0.258098  0.208801 0.132446 2 7 0.500000 13 0.500000
0  -3.971923 4.234185 5.022174  -0.944660 0.300877 0.130733  0.189880 0.161499 2 13 0.600000 7 0.400000
0  -3.859132 3.930224 5.286585  -0.894285 0.067809 0.442331  0.200867 0.171875 2 13 0.700000 7 0.300000
Komainu
0  -3.859132 3.930224 5.286585  -0.894285 0.067809 0.442331  0.200867 0.171875 2 13 0.700000 7 0.300000
0  -3.971923 4.234185 5.022174  -0.944660 0.300877 0.130733  0.189880 0.161499 2 13 0.600000 7 0.400000
0  -4.127932 3.626978 4.828818  -0.976875 0.204056 0.063846  0.183838 0.189514 2 7 0.500000 13 0.500000
Komainu
0  -3.971923 4.234185 5.022174  -0.944660 0.300877 0.130733  0.189880 0.161499 2 13 0.600000 7 0.400000
0  -3.935304 3.782259 4.381293  -0.735145 0.298488 -0.608660  0.167603 0.183228 2 7 0.500000 13 0.500000
0  -4.127932 3.626978 4.828818  -0.976875 0.204056 0.063846  0.183838 0.189514 2 7 0.500000 13 0.500000
Komainu
0  -3.935304 3.782259 4.381293  -0.735145 0.298488 -0.608660  0.167603 0.183228 2 7 0.500000 13 0.500000
0  -4.222414 3.029303 4.762155  -0.994734 0.100466 0.020245  0.185608 0.216553 2 13 0.600000 7 0.400000
0  -4.127932 3.626978 4.828818  -0.976875 0.204056 0.063846  0.183838 0.189514 2 7 0.500000 13 0.500000
Komainu
0  -3.935304 3.782259 4.381293  -0.735145 0.298488 -0.608660  0.167603 0.183228 2 7 0.500000 13 0.500000
0  -4.056885 2.950199 4.291191  -0.781798 -0.012506 -0.623406  0.170227 0.218018 2 13 0.600000 7 0.400000
0  -4.222414 3.029303 4.762155  -0.994734 0.100466 0.020245  0.185608 0.216553 2 13 0.600000 7 0.400000
Komainu
0  -4.056885 2.950199 4.291191  -0.781798 -0.012506 -0.623406  0.170227 0.218018 2 13 0.600000 7 0.400000
0  -4.234131 2.424299 4.978221  -0.999555 0.013421 0.026648  0.192444 0.241455 2 13 0.700000 7 0.300000
0  -4.222414 3.029303 4.762155  -0.994734 0.100466 0.020245  0.185608 0.216553 2 13 0.600000 7 0.400000
Komainu
0  -4.056885 2.950199 4.291191  -0.781798 -0.012506 -0.623406  0.170227 0.218018 2 13 0.600000 7 0.400000
0  -4.083252 2.078579 4.630305  -0.789829 -0.370315 -0.488913  0.178711 0.250549 2 13 0.700000 7 0.300000
0  -4.234131 2.424299 4.978221  -0.999555 0.013421 0.026648  0.192444 0.241455 2 13 0.700000 7 0.300000
Komainu
0  -4.083252 2.078579 4.630305  -0.789829 -0.370315 -0.488913  0.178711 0.250549 2 13 0.700000 7 0.300000
0  -4.203370 1.850798 5.638170  -0.996922 0.011792 0.077510  0.217407 0.256531 2 7 0.500000 13 0.500000
0  -4.234131 2.424299 4.978221  -0.999555 0.013421 0.026648  0.192444 0.241455 2 13 0.700000 7 0.300000
Komainu
0  -4.083252 2.078579 4.630305  -0.789829 -0.370315 -0.488913  0.178711 0.250549 2 13 0.700000 7 0.300000
0  -4.091310 1.461869 5.496807  -0.781452 -0.602256 -0.163159  0.210938 0.273499 2 7 0.500000 13 0.500000
0  -4.203370 1.850798 5.638170  -0.996922 0.011792 0.077510  0.217407 0.256531 2 7 0.500000 13 0.500000
Komainu
0  -4.203370 1.850798 5.638170  -0.996922 0.011792 0.077510  0.217407 0.256531 2 7 0.500000 13 0.500000
0  -4.091310 1.461869 5.496807  -0.781452 -0.602256 -0.163159  0.210938 0.273499 2 7 0.500000 13 0.500000
0  -4.023924 1.452356 6.482677  -0.767328 -0.587469 0.257076  0.252258 0.269226 2 7 0.600000 13 0.400000
Komainu
0  -4.203370 1.850798 5.638170  -0.996922 0.011792 0.077510  0.217407 0.256531 2 7 0.500000 13 0.500000
0  -4.023924 1.452356 6.482677  -0.767328 -0.587469 0.257076  0.252258 0.269226 2 7 0.600000 13 0.400000
0  -4.105957 1.885961 6.352304  -0.990107 0.026918 0.137710  0.246277 0.251526 2 7 0.600000 13 0.400000
Komainu
0  -4.105957 1.885961 6.352304  -0.990107 0.026918 0.137710  0.246277 0.251526 2 7 0.600000 13 0.400000
0  -4.023924 1.452356 6.482677  -0.767328 -0.587469 0.257076  0.252258 0.269226 2 7 0.600000 13 0.400000
0  -3.777831 1.837631 7.269300  -0.731462 -0.350825 0.584710  0.279297 0.249817 2 7 0.800000 13 0.200000
Komainu
0  -4.105957 1.885961 6.352304  -0.990107 0.026918 0.137710  0.246277 0.251526 2 7 0.600000 13 0.400000
0  -3.777831 1.837631 7.269300  -0.731462 -0.350825 0.584710  0.279297 0.249817 2 7 0.800000 13 0.200000
0  -4.038573 2.113751 6.807879  -0.977531 0.038771 0.207195  0.263000 0.240173 2 7 0.600000 13 0.400000
Komainu
0  -3.974854 2.413313 6.210942  -0.972721 0.229326 0.034989  0.241577 0.233093 2 13 0.600000 7 0.400000
0  -4.105957 1.885961 6.352304  -0.990107 0.026918 0.137710  0.246277 0.251526 2 7 0.600000 13 0.400000
0  -4.038573 2.113751 6.807879  -0.977531 0.038771 0.207195  0.263000 0.240173 2 7 0.600000 13 0.400000
Komainu
0  -3.930177 2.746578 6.635028  -0.986867 0.159553 -0.025223  0.255859 0.217896 2 7 0.500000 13 0.500000
0  -3.974854 2.413313 6.210942  -0.972721 0.229326 0.034989  0.241577 0.233093 2 13 0.600000 7 0.400000
0  -4.038573 2.113751 6.807879  -0.977531 0.038771 0.207195  0.263000 0.240173 2 7 0.600000 13 0.400000
Komainu
0  -1.442872 4.763823 -0.000417  0.629974 0.274362 -0.726539  0.521102 0.465332 2 17 0.800000 14 0.200000
0  -3.135825 3.468833 0.000153  -0.891252 -0.166718 -0.421753  0.567428 0.429199 1 17 1.000000
0  -2.797120 4.763823 -0.000417  -0.588041 0.308280 -0.747777  0.550704 0.465332 2 17 0.800000 14 0.200000
Komainu
0  -1.442872 4.763823 -0.000417  0.629974 0.274362 -0.726539  0.521102 0.465332 2 17 0.800000 14 0.200000
0  -1.217613 3.468834 0.000153  0.922958 -0.095808 -0.372785  0.505172 0.429199 1 17 1.000000
0  -3.135825 3.468833 0.000153  -0.891252 -0.166718 -0.421753  0.567428 0.429199 1 17 1.000000
Komainu
0  -1.217613 3.468834 0.000153  0.922958 -0.095808 -0.372785  0.505172 0.429199 1 17 1.000000
0  -2.894127 2.893152 0.000153  -0.464955 -0.697586 -0.545153  0.560592 0.400269 1 17 1.000000
0  -3.135825 3.468833 0.000153  -0.891252 -0.166718 -0.421753  0.567428 0.429199 1 17 1.000000
Komainu
0  -1.217613 3.468834 0.000153  0.922958 -0.095808 -0.372785  0.505172 0.429199 1 17 1.000000
0  -1.352379 2.893152 0.000153  0.500727 -0.631454 -0.592062  0.512130 0.400269 1 17 1.000000
0  -2.894127 2.893152 0.000153  -0.464955 -0.697586 -0.545153  0.560592 0.400269 1 17 1.000000
Komainu
0  -3.141687 3.928065 0.513582  -0.998126 -0.005174 -0.060976  0.714645 0.040833 1 17 1.000000
0  -2.797120 4.763823 -0.000417  -0.588041 0.308280 -0.747777  0.777877 0.006226 2 17 0.800000 14 0.200000
0  -3.135825 3.468833 0.000153  -0.891252 -0.166718 -0.421753  0.712631 0.006226 1 17 1.000000
Komainu
0  -3.141687 3.928065 0.513582  -0.998126 -0.005174 -0.060976  0.714645 0.040833 1 17 1.000000
0  -2.797120 5.423790 0.422241  -0.750534 0.553966 -0.360305  0.781051 0.045593 2 14 0.500000 17 0.500000
0  -2.797120 4.763823 -0.000417  -0.588041 0.308280 -0.747777  0.777877 0.006226 2 17 0.800000 14 0.200000
Komainu
0  -2.797120 4.763823 -0.000417  -0.588041 0.308280 -0.747777  0.777877 0.006226 2 17 0.800000 14 0.200000
0  -2.797120 5.423790 0.422241  -0.750534 0.553966 -0.360305  0.781051 0.045593 2 14 0.500000 17 0.500000
0  -1.439209 5.423790 0.422241  0.784276 0.523947 -0.332251  0.866989 0.045593 2 14 0.500000 17 0.500000
Komainu
0  -2.797120 5.423790 0.422241  -0.750534 0.553966 -0.360305  0.781051 0.045593 2 14 0.500000 17 0.500000
0  -1.379884 5.540232 1.581024  0.659802 0.750841 -0.029977  0.867843 0.071960 2 14 0.800000 17 0.200000
0  -1.439209 5.423790 0.422241  0.784276 0.523947 -0.332251  0.866989 0.045593 2 14 0.500000 17 0.500000
Komainu
0  -1.439209 5.423790 0.422241  0.784276 0.523947 -0.332251  0.866989 0.045593 2 14 0.500000 17 0.500000
0  -1.379884 5.540232 1.581024  0.659802 0.750841 -0.029977  0.867843 0.071960 2 14 0.800000 17 0.200000
0  -1.171144 3.856263 1.233096  0.986335 -0.141003 -0.085209  0.945419 0.069336 2 14 0.800000 17 0.200000
Komainu
0  -1.379884 5.540232 1.581024  0.659802 0.750841 -0.029977  0.867843 0.071960 2 14 0.800000 17 0.200000
0  -1.075930 3.479781 2.354496  0.932830 -0.252319 -0.257223  0.954574 0.100586 2 14 0.750000 13 0.250000
0  -1.171144 3.856263 1.233096  0.986335 -0.141003 -0.085209  0.945419 0.069336 2 14 0.800000 17 0.200000
Komainu
0  -2.797120 4.763823 -0.000417  -0.588041 0.308280 -0.747777  0.777877 0.006226 2 17 0.800000 14 0.200000
0  -1.439209 5.423790 0.422241  0.784276 0.523947 -0.332251  0.866989 0.045593 2 14 0.500000 17 0.500000
0  -1.442872 4.763823 -0.000417  0.629974 0.274362 -0.726539  0.871932 0.006226 2 17 0.800000 14 0.200000
Komainu
0  -1.197106 3.922938 0.564117  0.996344 -0.080732 -0.027951  0.949630 0.043579 1 17 1.000000
0  -1.442872 4.763823 -0.000417  0.629974 0.274362 -0.726539  0.871932 0.006226 2 17 0.800000 14 0.200000
0  -1.439209 5.423790 0.422241  0.784276 0.523947 -0.332251  0.866989 0.045593 2 14 0.500000 17 0.500000
Komainu
0  -1.439209 5.423790 0.422241  0.784276 0.523947 -0.332251  0.866989 0.045593 2 14 0.500000 17 0.500000
0  -1.171144 3.856263 1.233096  0.986335 -0.141003 -0.085209  0.945419 0.069336 2 14 0.800000 17 0.200000
0  -1.197106 3.922938 0.564117  0.996344 -0.080732 -0.027951  0.949630 0.043579 1 17 1.000000
Komainu
0  -1.197106 3.922938 0.564117  0.996344 -0.080732 -0.027951  0.949630 0.043579 1 17 1.000000
0  -1.217613 3.468834 0.000153  0.922958 -0.095808 -0.372785  0.953842 0.006226 1 17 1.000000
0  -1.442872 4.763823 -0.000417  0.629974 0.274362 -0.726539  0.871932 0.006226 2 17 0.800000 14 0.200000
Komainu
0  -3.134767 5.101391 5.135712  -0.525554 0.834436 -0.165857  0.851730 0.185120 2 7 0.500000 13 0.500000
0  -2.019289 5.693957 5.086632  -0.260983 0.956574 -0.129827  0.888107 0.188782 2 13 0.600000 7 0.400000
0  -2.828614 5.243532 4.101459  -0.572323 0.812320 -0.112170  0.850448 0.132446 2 13 0.800000 7 0.200000
Komainu
0  -2.019289 5.693957 5.086632  -0.260983 0.956574 -0.129827  0.888107 0.188782 2 13 0.600000 7 0.400000
0  -0.909670 5.420787 3.949110  0.587889 0.731224 -0.345975  0.887679 0.132446 2 13 0.800000 7 0.200000
0  -2.828614 5.243532 4.101459  -0.572323 0.812320 -0.112170  0.850448 0.132446 2 13 0.800000 7 0.200000
Komainu
0  -0.909670 5.420787 3.949110  0.587889 0.731224 -0.345975  0.887679 0.132446 2 13 0.800000 7 0.200000
0  -2.019289 5.693957 5.086632  -0.260983 0.956574 -0.129827  0.888107 0.188782 2 13 0.600000 7 0.400000
0  -0.700195 5.703480 4.660344  0.152032 0.877786 -0.454288  0.914962 0.179260 2 13 0.600000 7 0.400000
Komainu
0  -0.909670 5.420787 3.949110  0.587889 0.731224 -0.345975  0.887679 0.132446 2 13 0.800000 7 0.200000
0  -0.700195 5.703480 4.660344  0.152032 0.877786 -0.454288  0.914962 0.179260 2 13 0.600000 7 0.400000
0  -0.747804 3.007332 3.332430  0.212121 -0.062276 -0.975257  0.974838 0.160645 2 7 0.500000 13 0.500000
Komainu
0  -0.909670 5.420787 3.949110  0.587889 0.731224 -0.345975  0.887679 0.132446 2 13 0.800000 7 0.200000
0  -0.747804 3.007332 3.332430  0.212121 -0.062276 -0.975257  0.974838 0.160645 2 7 0.500000 13 0.500000
0  -0.947022 2.917242 3.177792  0.877273 -0.179259 -0.445261  0.959579 0.151245 2 13 0.500000 14 0.500000
Komainu
0  -1.010010 3.287871 2.765415  0.908663 -0.230775 -0.347959  0.957076 0.120361 2 14 0.571429 13 0.428571
0  -0.909670 5.420787 3.949110  0.587889 0.731224 -0.345975  0.887679 0.132446 2 13 0.800000 7 0.200000
0  -0.947022 2.917242 3.177792  0.877273 -0.179259 -0.445261  0.959579 0.151245 2 13 0.500000 14 0.500000
Komainu
0  -0.909670 5.420787 3.949110  0.587889 0.731224 -0.345975  0.887679 0.132446 2 13 0.800000 7 0.200000
0  -1.010010 3.287871 2.765415  0.908663 -0.230775 -0.347959  0.957076 0.120361 2 14 0.571429 13 0.428571
0  -1.075930 3.479781 2.354496  0.932830 -0.252319 -0.257223  0.954574 0.100586 2 14 0.750000 13 0.250000
Komainu
0  -0.909670 5.420787 3.949110  0.587889 0.731224 -0.345975  0.887679 0.132446 2 13 0.800000 7 0.200000
0  -1.075930 3.479781 2.354496  0.932830 -0.252319 -0.257223  0.954574 0.100586 2 14 0.750000 13 0.250000
0  -1.127197 5.358562 2.830602  0.655253 0.754108 -0.044336  0.874984 0.100159 2 14 0.600000 13 0.400000
Komainu
0  -1.379884 5.540232 1.581024  0.659802 0.750841 -0.029977  0.867843 0.071960 2 14 0.800000 17 0.200000
0  -1.127197 5.358562 2.830602  0.655253 0.754108 -0.044336  0.874984 0.100159 2 14 0.600000 13 0.400000
0  -1.075930 3.479781 2.354496  0.932830 -0.252319 -0.257223  0.954574 0.100586 2 14 0.750000 13 0.250000
Komainu
0  -2.923096 5.537301 1.653537  -0.648894 0.760159 -0.033085  0.781051 0.071960 2 14 0.800000 17 0.200000
0  -1.127197 5.358562 2.830602  0.655253 0.754108 -0.044336  0.874984 0.100159 2 14 0.600000 13 0.400000
0  -1.379884 5.540232 1.581024  0.659802 0.750841 -0.029977  0.867843 0.071960 2 14 0.800000 17 0.200000
Komainu
0  -2.797120 5.423790 0.422241  -0.750534 0.553966 -0.360305  0.781051 0.045593 2 14 0.500000 17 0.500000
0  -2.923096 5.537301 1.653537  -0.648894 0.760159 -0.033085  0.781051 0.071960 2 14 0.800000 17 0.200000
0  -1.379884 5.540232 1.581024  0.659802 0.750841 -0.029977  0.867843 0.071960 2 14 0.800000 17 0.200000
Komainu
0  -3.176514 3.856262 1.233096  -0.993320 -0.062248 -0.097165  0.751327 0.071167 2 14 0.800000 17 0.200000
0  -2.923096 5.537301 1.653537  -0.648894 0.760159 -0.033085  0.781051 0.071960 2 14 0.800000 17 0.200000
0  -2.797120 5.423790 0.422241  -0.750534 0.553966 -0.360305  0.781051 0.045593 2 14 0.500000 17 0.500000
Komainu
0  -3.176514 3.856262 1.233096  -0.993320 -0.062248 -0.097165  0.751327 0.071167 2 14 0.800000 17 0.200000
0  -2.797120 5.423790 0.422241  -0.750534 0.553966 -0.360305  0.781051 0.045593 2 14 0.500000 17 0.500000
0  -3.141687 3.928065 0.513582  -0.998126 -0.005174 -0.060976  0.714645 0.040833 1 17 1.000000
Komainu
0  -2.878419 3.142046 0.627342  -0.676044 -0.687125 0.266128  0.658248 0.046143 2 17 0.900000 14 0.100000
0  -3.176514 3.856262 1.233096  -0.993320 -0.062248 -0.097165  0.751327 0.071167 2 14 0.800000 17 0.200000
0  -3.141687 3.928065 0.513582  -0.998126 -0.005174 -0.060976  0.714645 0.040833 1 17 1.000000
Komainu
0  -2.878419 3.142046 0.627342  -0.676044 -0.687125 0.266128  0.658248 0.046143 2 17 0.900000 14 0.100000
0  -3.141687 3.928065 0.513582  -0.998126 -0.005174 -0.060976  0.714645 0.040833 1 17 1.000000
0  -3.135825 3.468833 0.000153  -0.891252 -0.166718 -0.421753  0.712631 0.006226 1 17 1.000000
Komainu
0  -2.878419 3.142046 0.627342  -0.676044 -0.687125 0.266128  0.658248 0.046143 2 17 0.900000 14 0.100000
0  -3.135825 3.468833 0.000153  -0.891252 -0.166718 -0.421753  0.712631 0.006226 1 17 1.000000
0  -2.886805 2.871180 0.276276  -0.584734 -0.774386 0.241685  0.658004 0.018433 1 17 1.000000
Komainu
0  -2.886805 2.871180 0.276276  -0.584734 -0.774386 0.241685  0.658004 0.018433 1 17 1.000000
0  -3.135825 3.468833 0.000153  -0.891252 -0.166718 -0.421753  0.712631 0.006226 1 17 1.000000
0  -2.894127 2.893152 0.000153  -0.464955 -0.697586 -0.545153  0.656295 0.006226 1 17 1.000000
Komainu
0  -1.352379 2.893152 0.000153  0.500727 -0.631454 -0.592062  0.593795 0.006226 1 17 1.000000
0  -2.886805 2.871180 0.276276  -0.584734 -0.774386 0.241685  0.658004 0.018433 1 17 1.000000
0  -2.894127 2.893152 0.000153  -0.464955 -0.697586 -0.545153  0.656295 0.006226 1 17 1.000000
Komainu
0  -2.878419 3.142046 0.627342  -0.676044 -0.687125 0.266128  0.658248 0.046143 2 17 0.900000 14 0.100000
0  -2.731200 3.093020 1.260198  -0.525544 -0.826969 -0.199817  0.660079 0.066589 2 14 0.800000 17 0.200000
0  -3.176514 3.856262 1.233096  -0.993320 -0.062248 -0.097165  0.751327 0.071167 2 14 0.800000 17 0.200000
Komainu
0  -3.369142 4.280366 3.577719  -0.929538 0.330699 -0.163085  0.785629 0.124573 2 13 0.500000 14 0.500000
0  -2.828614 5.243532 4.101459  -0.572323 0.812320 -0.112170  0.850448 0.132446 2 13 0.800000 7 0.200000
0  -3.071779 5.219395 2.949993  -0.734271 0.678004 0.034001  0.781051 0.099487 2 14 0.600000 13 0.400000
Komainu
0  -0.909670 5.420787 3.949110  0.587889 0.731224 -0.345975  0.887679 0.132446 2 13 0.800000 7 0.200000
0  -3.071779 5.219395 2.949993  -0.734271 0.678004 0.034001  0.781051 0.099487 2 14 0.600000 13 0.400000
0  -2.828614 5.243532 4.101459  -0.572323 0.812320 -0.112170  0.850448 0.132446 2 13 0.800000 7 0.200000
Komainu
0  -0.909670 5.420787 3.949110  0.587889 0.731224 -0.345975  0.887679 0.132446 2 13 0.800000 7 0.200000
0  -1.127197 5.358562 2.830602  0.655253 0.754108 -0.044336  0.874984 0.100159 2 14 0.600000 13 0.400000
0  -3.071779 5.219395 2.949993  -0.734271 0.678004 0.034001  0.781051 0.099487 2 14 0.600000 13 0.400000
Komainu
0  -2.923096 5.537301 1.653537  -0.648894 0.760159 -0.033085  0.781051 0.071960 2 14 0.800000 17 0.200000
0  -3.071779 5.219395 2.949993  -0.734271 0.678004 0.034001  0.781051 0.099487 2 14 0.600000 13 0.400000
0  -1.127197 5.358562 2.830602  0.655253 0.754108 -0.044336  0.874984 0.100159 2 14 0.600000 13 0.400000
Komainu
0  -2.923096 5.537301 1.653537  -0.648894 0.760159 -0.033085  0.781051 0.071960 2 14 0.800000 17 0.200000
0  -3.376464 3.488568 2.583759  -0.964141 -0.127403 -0.232811  0.737594 0.099548 2 14 0.630000 13 0.370000
0  -3.071779 5.219395 2.949993  -0.734271 0.678004 0.034001  0.781051 0.099487 2 14 0.600000 13 0.400000
Komainu
0  -2.923096 5.537301 1.653537  -0.648894 0.760159 -0.033085  0.781051 0.071960 2 14 0.800000 17 0.200000
0  -3.176514 3.856262 1.233096  -0.993320 -0.062248 -0.097165  0.751327 0.071167 2 14 0.800000 17 0.200000
0  -3.376464 3.488568 2.583759  -0.964141 -0.127403 -0.232811  0.737594 0.099548 2 14 0.630000 13 0.370000
Komainu
0  -2.895264 2.752437 2.218989  -0.499934 -0.707457 -0.499570  0.659835 0.097046 2 14 0.680000 13 0.320000
0  -3.376464 3.488568 2.583759  -0.964141 -0.127403 -0.232811  0.737594 0.099548 2 14 0.630000 13 0.370000
0  -3.176514 3.856262 1.233096  -0.993320 -0.062248 -0.097165  0.751327 0.071167 2 14 0.800000 17 0.200000
Komainu
0  -2.895264 2.752437 2.218989  -0.499934 -0.707457 -0.499570  0.659835 0.097046 2 14 0.680000 13 0.320000
0  -3.176514 3.856262 1.233096  -0.993320 -0.062248 -0.097165  0.751327 0.071167 2 14 0.800000 17 0.200000
0  -2.731200 3.093020 1.260198  -0.525544 -0.826969 -0.199817  0.660079 0.066589 2 14 0.800000 17 0.200000
Komainu
0  -1.650880 3.093021 1.260198  0.474055 -0.861288 -0.182907  0.591110 0.066589 2 14 0.800000 17 0.200000
0  -2.895264 2.752437 2.218989  -0.499934 -0.707457 -0.499570  0.659835 0.097046 2 14 0.680000 13 0.320000
0  -2.731200 3.093020 1.260198  -0.525544 -0.826969 -0.199817  0.660079 0.066589 2 14 0.800000 17 0.200000
Komainu
0  -1.542480 3.142047 0.627342  0.675568 -0.659563 0.329522  0.589889 0.045898 2 17 0.900000 14 0.100000
0  -1.650880 3.093021 1.260198  0.474055 -0.861288 -0.182907  0.591110 0.066589 2 14 0.800000 17 0.200000
0  -2.731200 3.093020 1.260198  -0.525544 -0.826969 -0.199817  0.660079 0.066589 2 14 0.800000 17 0.200000
Komainu
0  -1.542480 3.142047 0.627342  0.675568 -0.659563 0.329522  0.589889 0.045898 2 17 0.900000 14 0.100000
0  -2.731200 3.093020 1.260198  -0.525544 -0.826969 -0.199817  0.660079 0.066589 2 14 0.800000 17 0.200000
0  -2.878419 3.142046 0.627342  -0.676044 -0.687125 0.266128  0.658248 0.046143 2 17 0.900000 14 0.100000
Komainu
0  -1.336998 2.871180 0.276276  0.646075 -0.688881 0.328679  0.591110 0.018433 1 17 1.000000
0  -1.542480 3.142047 0.627342  0.675568 -0.659563 0.329522  0.589889 0.045898 2 17 0.900000 14 0.100000
0  -2.878419 3.142046 0.627342  -0.676044 -0.687125 0.266128  0.658248 0.046143 2 17 0.900000 14 0.100000
Komainu
0  -1.336998 2.871180 0.276276  0.646075 -0.688881 0.328679  0.591110 0.018433 1 17 1.000000
0  -2.878419 3.142046 0.627342  -0.676044 -0.687125 0.266128  0.658248 0.046143 2 17 0.900000 14 0.100000
0  -2.886805 2.871180 0.276276  -0.584734 -0.774386 0.241685  0.658004 0.018433 1 17 1.000000
Komainu
0  -3.376464 3.488568 2.583759  -0.964141 -0.127403 -0.232811  0.737594 0.099548 2 14 0.630000 13 0.370000
0  -3.369142 4.280366 3.577719  -0.929538 0.330699 -0.163085  0.785629 0.124573 2 13 0.500000 14 0.500000
0  -3.071779 5.219395 2.949993  -0.734271 0.678004 0.034001  0.781051 0.099487 2 14 0.600000 13 0.400000
Komainu
0  -3.376464 3.488568 2.583759  -0.964141 -0.127403 -0.232811  0.737594 0.099548 2 14 0.630000 13 0.370000
0  -3.495117 3.067398 3.210753  -0.912660 -0.097997 -0.396796  0.720809 0.120728 2 13 0.500000 14 0.500000
0  -3.369142 4.280366 3.577719  -0.929538 0.330699 -0.163085  0.785629 0.124573 2 13 0.500000 14 0.500000
Komainu
0  -3.927978 2.023647 4.540944  -0.942513 -0.193324 -0.272570  0.715072 0.178955 2 13 0.700000 7 0.300000
0  -3.923584 2.926028 4.215015  -0.924267 -0.012309 -0.381549  0.742843 0.164795 2 13 0.600000 7 0.400000
0  -3.695802 1.743848 4.009182  -0.855398 -0.300748 -0.421717  0.696395 0.158814 2 13 0.700000 7 0.300000
Komainu
0  -3.923584 2.926028 4.215015  -0.924267 -0.012309 -0.381549  0.742843 0.164795 2 13 0.600000 7 0.400000
0  -3.495117 3.067398 3.210753  -0.912660 -0.097997 -0.396796  0.720809 0.120728 2 13 0.500000 14 0.500000
0  -3.695802 1.743848 4.009182  -0.855398 -0.300748 -0.421717  0.696395 0.158814 2 13 0.700000 7 0.300000
Komainu
0  -3.811524 3.786650 4.305117  -0.870370 0.352835 -0.343459  0.781722 0.163879 2 7 0.500000 13 0.500000
0  -3.495117 3.067398 3.210753  -0.912660 -0.097997 -0.396796  0.720809 0.120728 2 13 0.500000 14 0.500000
0  -3.923584 2.926028 4.215015  -0.924267 -0.012309 -0.381549  0.742843 0.164795 2 13 0.600000 7 0.400000
Komainu
0  -3.811524 3.786650 4.305117  -0.870370 0.352835 -0.343459  0.781722 0.163879 2 7 0.500000 13 0.500000
0  -3.369142 4.280366 3.577719  -0.929538 0.330699 -0.163085  0.785629 0.124573 2 13 0.500000 14 0.500000
0  -3.495117 3.067398 3.210753  -0.912660 -0.097997 -0.396796  0.720809 0.120728 2 13 0.500000 14 0.500000
Komainu
0  -3.580078 4.519838 4.579776  -0.775935 0.595205 -0.208940  0.817489 0.169495 2 13 0.600000 7 0.400000
0  -3.369142 4.280366 3.577719  -0.929538 0.330699 -0.163085  0.785629 0.124573 2 13 0.500000 14 0.500000
0  -3.811524 3.786650 4.305117  -0.870370 0.352835 -0.343459  0.781722 0.163879 2 7 0.500000 13 0.500000
Komainu
0  -3.580078 4.519838 4.579776  -0.775935 0.595205 -0.208940  0.817489 0.169495 2 13 0.600000 7 0.400000
0  -2.828614 5.243532 4.101459  -0.572323 0.812320 -0.112170  0.850448 0.132446 2 13 0.800000 7 0.200000
0  -3.369142 4.280366 3.577719  -0.929538 0.330699 -0.163085  0.785629 0.124573 2 13 0.500000 14 0.500000
Komainu
0  -3.580078 4.519838 4.579776  -0.775935 0.595205 -0.208940  0.817489 0.169495 2 13 0.600000 7 0.400000
0  -3.134767 5.101391 5.135712  -0.525554 0.834436 -0.165857  0.851730 0.185120 2 7 0.500000 13 0.500000
0  -2.828614 5.243532 4.101459  -0.572323 0.812320 -0.112170  0.850448 0.132446 2 13 0.800000 7 0.200000
Komainu
0  -1.757079 2.310756 2.600610  0.378891 -0.623293 -0.684067  0.595687 0.111389 2 14 0.536082 13 0.463918
0  -1.724121 1.326321 3.392403  0.401645 -0.640564 -0.654491  0.590377 0.136536 2 13 0.700000 14 0.300000
0  -2.846193 1.217916 3.509598  -0.361140 -0.659748 -0.659022  0.652084 0.148254 2 13 0.700000 14 0.300000
Komainu
0  -1.757079 2.310756 2.600610  0.378891 -0.623293 -0.684067  0.595687 0.111389 2 14 0.536082 13 0.463918
0  -2.846193 1.217916 3.509598  -0.361140 -0.659748 -0.659022  0.652084 0.148254 2 13 0.700000 14 0.300000
0  -2.875488 2.304168 2.646750  -0.452499 -0.569644 -0.686112  0.660201 0.114258 2 14 0.520000 13 0.480000
Komainu
0  -2.875488 2.304168 2.646750  -0.452499 -0.569644 -0.686112  0.660201 0.114258 2 14 0.520000 13 0.480000
0  -2.846193 1.217916 3.509598  -0.361140 -0.659748 -0.659022  0.652084 0.148254 2 13 0.700000 14 0.300000
0  -3.695802 1.743848 4.009182  -0.855398 -0.300748 -0.421717  0.696395 0.158814 2 13 0.700000 7 0.300000
Komainu
0  -2.875488 2.304168 2.646750  -0.452499 -0.569644 -0.686112  0.660201 0.114258 2 14 0.520000 13 0.480000
0  -3.695802 1.743848 4.009182  -0.855398 -0.300748 -0.421717  0.696395 0.158814 2 13 0.700000 7 0.300000
0  -3.495117 3.067398 3.210753  -0.912660 -0.097997 -0.396796  0.720809 0.120728 2 13 0.500000 14 0.500000
Komainu
0  -3.376464 3.488568 2.583759  -0.964141 -0.127403 -0.232811  0.737594 0.099548 2 14 0.630000 13 0.370000
0  -2.875488 2.304168 2.646750  -0.452499 -0.569644 -0.686112  0.660201 0.114258 2 14 0.520000 13 0.480000
0  -3.495117 3.067398 3.210753  -0.912660 -0.097997 -0.396796  0.720809 0.120728 2 13 0.500000 14 0.500000
Komainu
0  -3.376464 3.488568 2.583759  -0.964141 -0.127403 -0.232811  0.737594 0.099548 2 14 0.630000 13 0.370000
0  -2.895264 2.752437 2.218989  -0.499934 -0.707457 -0.499570  0.659835 0.097046 2 14 0.680000 13 0.320000
0  -2.875488 2.304168 2.646750  -0.452499 -0.569644 -0.686112  0.660201 0.114258 2 14 0.520000 13 0.480000
Komainu
0  -1.650880 3.093021 1.260198  0.474055 -0.861288 -0.182907  0.591110 0.066589 2 14 0.800000 17 0.200000
0  -1.778319 2.692371 2.218995  0.409203 -0.769660 -0.490078  0.595077 0.096802 2 14 0.708333 13 0.291667
0  -2.895264 2.752437 2.218989  -0.499934 -0.707457 -0.499570  0.659835 0.097046 2 14 0.680000 13 0.320000
Komainu
0  -1.778319 2.692371 2.218995  0.409203 -0.769660 -0.490078  0.595077 0.096802 2 14 0.708333 13 0.291667
0  -2.875488 2.304168 2.646750  -0.452499 -0.569644 -0.686112  0.660201 0.114258 2 14 0.520000 13 0.480000
0  -2.895264 2.752437 2.218989  -0.499934 -0.707457 -0.499570  0.659835 0.097046 2 14 0.680000 13 0.320000
Komainu
0  -1.778319 2.692371 2.218995  0.409203 -0.769660 -0.490078  0.595077 0.096802 2 14 0.708333 13 0.291667
0  -1.757079 2.310756 2.600610  0.378891 -0.623293 -0.684067  0.595687 0.111389 2 14 0.536082 13 0.463918
0  -2.875488 2.304168 2.646750  -0.452499 -0.569644 -0.686112  0.660201 0.114258 2 14 0.520000 13 0.480000
Komainu
0  -1.352379 2.893152 0.000153  0.500727 -0.631454 -0.592062  0.593795 0.006226 1 17 1.000000
0  -1.336998 2.871180 0.276276  0.646075 -0.688881 0.328679  0.591110 0.018433 1 17 1.000000
0  -2.886805 2.871180 0.276276  -0.584734 -0.774386 0.241685  0.658004 0.018433 1 17 1.000000
Komainu
0  -1.217613 3.468834 0.000153  0.922958 -0.095808 -0.372785  0.520675 0.006226 1 17 1.000000
0  -1.336998 2.871180 0.276276  0.646075 -0.688881 0.328679  0.591110 0.018433 1 17 1.000000
0  -1.352379 2.893152 0.000153  0.500727 -0.631454 -0.592062  0.593795 0.006226 1 17 1.000000
Komainu
0  -1.217613 3.468834 0.000153  0.922958 -0.095808 -0.372785  0.520675 0.006226 1 17 1.000000
0  -1.542480 3.142047 0.627342  0.675568 -0.659563 0.329522  0.589889 0.045898 2 17 0.900000 14 0.100000
0  -1.336998 2.871180 0.276276  0.646075 -0.688881 0.328679  0.591110 0.018433 1 17 1.000000
Komainu
0  -1.217613 3.468834 0.000153  0.922958 -0.095808 -0.372785  0.520675 0.006226 1 17 1.000000
0  -1.197106 3.922938 0.564117  0.996344 -0.080732 -0.027951  0.528488 0.041687 1 17 1.000000
0  -1.542480 3.142047 0.627342  0.675568 -0.659563 0.329522  0.589889 0.045898 2 17 0.900000 14 0.100000
Komainu
0  -1.197106 3.922938 0.564117  0.996344 -0.080732 -0.027951  0.528488 0.041687 1 17 1.000000
0  -1.650880 3.093021 1.260198  0.474055 -0.861288 -0.182907  0.591110 0.066589 2 14 0.800000 17 0.200000
0  -1.542480 3.142047 0.627342  0.675568 -0.659563 0.329522  0.589889 0.045898 2 17 0.900000 14 0.100000
Komainu
0  -1.197106 3.922938 0.564117  0.996344 -0.080732 -0.027951  0.528488 0.041687 1 17 1.000000
0  -1.171144 3.856263 1.233096  0.986335 -0.141003 -0.085209  0.533431 0.069458 2 14 0.800000 17 0.200000
0  -1.650880 3.093021 1.260198  0.474055 -0.861288 -0.182907  0.591110 0.066589 2 14 0.800000 17 0.200000
Komainu
0  -1.171144 3.856263 1.233096  0.986335 -0.141003 -0.085209  0.533431 0.069458 2 14 0.800000 17 0.200000
0  -1.778319 2.692371 2.218995  0.409203 -0.769660 -0.490078  0.595077 0.096802 2 14 0.708333 13 0.291667
0  -1.650880 3.093021 1.260198  0.474055 -0.861288 -0.182907  0.591110 0.066589 2 14 0.800000 17 0.200000
Komainu
0  -1.171144 3.856263 1.233096  0.986335 -0.141003 -0.085209  0.533431 0.069458 2 14 0.800000 17 0.200000
0  -1.075930 3.479781 2.354496  0.932830 -0.252319 -0.257223  0.527450 0.100586 2 14 0.750000 13 0.250000
0  -1.778319 2.692371 2.218995  0.409203 -0.769660 -0.490078  0.595077 0.096802 2 14 0.708333 13 0.291667
Komainu
0  -1.757079 2.310756 2.600610  0.378891 -0.623293 -0.684067  0.595687 0.111389 2 14 0.536082 13 0.463918
0  -1.778319 2.692371 2.218995  0.409203 -0.769660 -0.490078  0.595077 0.096802 2 14 0.708333 13 0.291667
0  -1.075930 3.479781 2.354496  0.932830 -0.252319 -0.257223  0.527450 0.100586 2 14 0.750000 13 0.250000
Komainu
0  -1.757079 2.310756 2.600610  0.378891 -0.623293 -0.684067  0.595687 0.111389 2 14 0.536082 13 0.463918
0  -1.075930 3.479781 2.354496  0.932830 -0.252319 -0.257223  0.527450 0.100586 2 14 0.750000 13 0.250000
0  -1.010010 3.287871 2.765415  0.908663 -0.230775 -0.347959  0.524032 0.120361 2 14 0.571429 13 0.428571
Komainu
0  -1.757079 2.310756 2.600610  0.378891 -0.623293 -0.684067  0.595687 0.111389 2 14 0.536082 13 0.463918
0  -1.010010 3.287871 2.765415  0.908663 -0.230775 -0.347959  0.524032 0.120361 2 14 0.571429 13 0.428571
0  -0.947022 2.917242 3.177792  0.877273 -0.179259 -0.445261  0.519149 0.151245 2 13 0.500000 14 0.500000
Komainu
0  -1.757079 2.310756 2.600610  0.378891 -0.623293 -0.684067  0.595687 0.111389 2 14 0.536082 13 0.463918
0  -0.947022 2.917242 3.177792  0.877273 -0.179259 -0.445261  0.519149 0.151245 2 13 0.500000 14 0.500000
0  -1.724121 1.326321 3.392403  0.401645 -0.640564 -0.654491  0.590377 0.136536 2 13 0.700000 14 0.300000
Komainu
0  -1.596681 1.048827 3.864990  -0.004325 -0.241994 -0.970268  0.586776 0.151550 2 7 0.800000 18 0.200000
0  -1.724121 1.326321 3.392403  0.401645 -0.640564 -0.654491  0.590377 0.136536 2 13 0.700000 14 0.300000
0  -0.947022 2.917242 3.177792  0.877273 -0.179259 -0.445261  0.519149 0.151245 2 13 0.500000 14 0.500000
Komainu
0  -1.724121 1.326321 3.392403  0.401645 -0.640564 -0.654491  0.590377 0.136536 2 13 0.700000 14 0.300000
0  -1.596681 1.048827 3.864990  -0.004325 -0.241994 -0.970268  0.586776 0.151550 2 7 0.800000 18 0.200000
0  -2.835936 0.794601 4.115404  -0.518302 -0.415130 -0.747683  0.650192 0.165405 3 13 0.600000 7 0.300000 18 0.100000
Komainu
0  -1.724121 1.326321 3.392403  0.401645 -0.640564 -0.654491  0.590377 0.136536 2 13 0.700000 14 0.300000
0  -2.835936 0.794601 4.115404  -0.518302 -0.415130 -0.747683  0.650192 0.165405 3 13 0.600000 7 0.300000 18 0.100000
0  -2.846193 1.217916 3.509598  -0.361140 -0.659748 -0.659022  0.652084 0.148254 2 13 0.700000 14 0.300000
Komainu
0  -2.846193 1.217916 3.509598  -0.361140 -0.659748 -0.659022  0.652084 0.148254 2 13 0.700000 14 0.300000
0  -2.835936 0.794601 4.115404  -0.518302 -0.415130 -0.747683  0.650192 0.165405 3 13 0.600000 7 0.300000 18 0.100000
0  -3.681153 0.578570 5.296128  -0.911327 -0.321453 -0.257197  0.688033 0.194702 2 7 0.700000 13 0.300000
Komainu
0  -2.846193 1.217916 3.509598  -0.361140 -0.659748 -0.659022  0.652084 0.148254 2 13 0.700000 14 0.300000
0  -3.681153 0.578570 5.296128  -0.911327 -0.321453 -0.257197  0.688033 0.194702 2 7 0.700000 13 0.300000
0  -3.695802 1.743848 4.009182  -0.855398 -0.300748 -0.421717  0.696395 0.158814 2 13 0.700000 7 0.300000
Komainu
0  -3.681153 0.578570 5.296128  -0.911327 -0.321453 -0.257197  0.688033 0.194702 2 7 0.700000 13 0.300000
0  -3.927978 2.023647 4.540944  -0.942513 -0.193324 -0.272570  0.715072 0.178955 2 13 0.700000 7 0.300000
0  -3.695802 1.743848 4.009182  -0.855398 -0.300748 -0.421717  0.696395 0.158814 2 13 0.700000 7 0.300000
Komainu
0  -1.596681 1.048827 3.864990  -0.004325 -0.241994 -0.970268  0.586776 0.151550 2 7 0.800000 18 0.200000
0  -0.947022 2.917242 3.177792  0.877273 -0.179259 -0.445261  0.519149 0.151245 2 13 0.500000 14 0.500000
0  -0.747804 3.007332 3.332430  0.212121 -0.062276 -0.975257  0.510360 0.160645 2 7 0.500000 13 0.500000
Komainu
0  -3.681153 0.578570 5.296128  -0.911327 -0.321453 -0.257197  0.688033 0.194702 2 7 0.700000 13 0.300000
0  -3.902343 1.398146 5.457255  -0.960504 -0.265923 -0.081954  0.697067 0.211975 2 7 0.500000 13 0.500000
0  -3.927978 2.023647 4.540944  -0.942513 -0.193324 -0.272570  0.715072 0.178955 2 13 0.700000 7 0.300000
Komainu
0  -3.443116 4.522760 6.218997  -0.963308 0.150425 0.222283  0.241927 0.139465 2 7 0.500000 13 0.500000
0  -3.551515 4.358691 5.860101  -0.963318 0.150129 0.222440  0.219955 0.143860 2 7 0.500000 13 0.500000
0  -3.462160 4.373343 6.238773  -0.963295 0.150807 0.222082  0.239791 0.148804 2 13 0.510000 7 0.490000
Komainu
0  1.691896 -4.705077 4.164552  0.404601 0.175370 -0.897521  0.901046 0.498047 2 19 0.900000 21 0.100000
0  2.547364 -4.686054 4.990722  0.832778 -0.406532 -0.375783  0.937606 0.508240 2 24 0.600000 19 0.400000
0  2.751709 -4.940918 5.047851  0.746898 0.515209 -0.420361  0.938644 0.519898 2 20 0.700000 21 0.300000
Komainu
0  1.691896 -4.705077 4.164552  0.404601 0.175370 -0.897521  0.901046 0.498047 2 19 0.900000 21 0.100000
0  2.751709 -4.940918 5.047851  0.746898 0.515209 -0.420361  0.938644 0.519898 2 20 0.700000 21 0.300000
0  1.882324 -5.433836 3.842286  0.447842 0.426144 -0.786027  0.901046 0.525635 2 21 0.800000 20 0.200000
Komainu
0  0.939697 -5.663817 3.405030  0.176683 0.367015 -0.913282  0.857101 0.529846 2 21 0.800000 20 0.200000
0  1.691896 -4.705077 4.164552  0.404601 0.175370 -0.897521  0.901046 0.498047 2 19 0.900000 21 0.100000
0  1.882324 -5.433836 3.842286  0.447842 0.426144 -0.786027  0.901046 0.525635 2 21 0.800000 20 0.200000
Komainu
0  0.939697 -5.663817 3.405030  0.176683 0.367015 -0.913282  0.857101 0.529846 2 21 0.800000 20 0.200000
0  0.841555 -5.052979 3.721437  0.119750 0.570978 -0.812185  0.857101 0.507690 3 21 0.500000 20 0.350000 19 0.150000
0  1.691896 -4.705077 4.164552  0.404601 0.175370 -0.897521  0.901046 0.498047 2 19 0.900000 21 0.100000
Komainu
0  0.841555 -5.052979 3.721437  0.119750 0.570978 -0.812185  0.857101 0.507690 3 21 0.500000 20 0.350000 19 0.150000
0  0.936769 -4.650146 4.098633  0.082710 0.149795 -0.985252  0.857101 0.491882 2 19 0.900000 21 0.100000
0  1.691896 -4.705077 4.164552  0.404601 0.175370 -0.897521  0.901046 0.498047 2 19 0.900000 21 0.100000
Komainu
0  2.751709 -4.940918 5.047851  0.746898 0.515209 -0.420361  0.938644 0.519898 2 20 0.700000 21 0.300000
0  2.038330 -6.172851 3.600585  0.473207 0.249315 -0.844936  0.895370 0.551392 2 21 0.900000 20 0.100000
0  1.882324 -5.433836 3.842286  0.447842 0.426144 -0.786027  0.901046 0.525635 2 21 0.800000 20 0.200000
Komainu
0  1.882324 -5.433836 3.842286  0.447842 0.426144 -0.786027  0.901046 0.525635 2 21 0.800000 20 0.200000
0  2.038330 -6.172851 3.600585  0.473207 0.249315 -0.844936  0.895370 0.551392 2 21 0.900000 20 0.100000
0  1.013674 -6.432128 3.222657  0.193210 0.162468 -0.967613  0.859603 0.555115 2 21 0.900000 20 0.100000
Komainu
0  1.882324 -5.433836 3.842286  0.447842 0.426144 -0.786027  0.901046 0.525635 2 21 0.800000 20 0.200000
0  1.013674 -6.432128 3.222657  0.193210 0.162468 -0.967613  0.859603 0.555115 2 21 0.900000 20 0.100000
0  0.939697 -5.663817 3.405030  0.176683 0.367015 -0.913282  0.857101 0.529846 2 21 0.800000 20 0.200000
Komainu
0  0.000001 -5.743653 3.303954  -0.000000 0.347665 -0.937619  0.827194 0.531067 2 21 0.800000 20 0.200000
0  0.939697 -5.663817 3.405030  0.176683 0.367015 -0.913282  0.857101 0.529846 2 21 0.800000 20 0.200000
0  1.013674 -6.432128 3.222657  0.193210 0.162468 -0.967613  0.859603 0.555115 2 21 0.900000 20 0.100000
Komainu
0  0.841555 -5.052979 3.721437  0.119750 0.570978 -0.812185  0.857101 0.507690 3 21 0.500000 20 0.350000 19 0.150000
0  0.939697 -5.663817 3.405030  0.176683 0.367015 -0.913282  0.857101 0.529846 2 21 0.800000 20 0.200000
0  0.000001 -5.743653 3.303954  -0.000000 0.347665 -0.937619  0.827194 0.531067 2 21 0.800000 20 0.200000
Komainu
0  0.841555 -5.052979 3.721437  0.119750 0.570978 -0.812185  0.857101 0.507690 3 21 0.500000 20 0.350000 19 0.150000
0  0.000001 -5.743653 3.303954  -0.000000 0.347665 -0.937619  0.827194 0.531067 2 21 0.800000 20 0.200000
0  0.000001 -5.118897 3.632079  0.000000 0.571141 -0.820852  0.827194 0.507690 3 21 0.500000 20 0.350000 19 0.150000
Komainu
0  0.936769 -4.650146 4.098633  0.082710 0.149795 -0.985252  0.857101 0.491882 2 19 0.900000 21 0.100000
0  0.841555 -5.052979 3.721437  0.119750 0.570978 -0.812185  0.857101 0.507690 3 21 0.500000 20 0.350000 19 0.150000
0  0.000001 -5.118897 3.632079  0.000000 0.571141 -0.820852  0.827194 0.507690 3 21 0.500000 20 0.350000 19 0.150000
Komainu
0  0.936769 -4.650146 4.098633  0.082710 0.149795 -0.985252  0.857101 0.491882 2 19 0.900000 21 0.100000
0  0.000001 -5.118897 3.632079  0.000000 0.571141 -0.820852  0.827194 0.507690 3 21 0.500000 20 0.350000 19 0.150000
0  0.000001 -4.642821 4.047363  0.000003 0.101055 -0.994881  0.827194 0.491882 2 19 0.900000 21 0.100000
Komainu
0  0.000001 -5.118897 3.632079  0.000000 0.571141 -0.820852  0.827194 0.507690 3 21 0.500000 20 0.350000 19 0.150000
0  -0.936767 -4.650146 4.098633  -0.082701 0.149748 -0.985259  0.857101 0.491882 2 19 0.900000 21 0.100000
0  0.000001 -4.642821 4.047363  0.000003 0.101055 -0.994881  0.827194 0.491882 2 19 0.900000 21 0.100000
Komainu
0  0.000001 -5.118897 3.632079  0.000000 0.571141 -0.820852  0.827194 0.507690 3 21 0.500000 20 0.350000 19 0.150000
0  -0.841553 -5.052979 3.721437  -0.119750 0.570978 -0.812185  0.857101 0.507690 3 21 0.500000 20 0.350000 19 0.150000
0  -0.936767 -4.650146 4.098633  -0.082701 0.149748 -0.985259  0.857101 0.491882 2 19 0.900000 21 0.100000
Komainu
0  -0.841553 -5.052979 3.721437  -0.119750 0.570978 -0.812185  0.857101 0.507690 3 21 0.500000 20 0.350000 19 0.150000
0  -1.691894 -4.705078 4.164552  -0.404604 0.175322 -0.897529  0.901046 0.498047 2 19 0.900000 21 0.100000
0  -0.936767 -4.650146 4.098633  -0.082701 0.149748 -0.985259  0.857101 0.491882 2 19 0.900000 21 0.100000
Komainu
0  -1.691894 -4.705078 4.164552  -0.404604 0.175322 -0.897529  0.901046 0.498047 2 19 0.900000 21 0.100000
0  -0.841553 -5.052979 3.721437  -0.119750 0.570978 -0.812185  0.857101 0.507690 3 21 0.500000 20 0.350000 19 0.150000
0  -0.939695 -5.663817 3.405030  -0.176687 0.367018 -0.913280  0.857101 0.529846 2 21 0.800000 20 0.200000
Komainu
0  -1.691894 -4.705078 4.164552  -0.404604 0.175322 -0.897529  0.901046 0.498047 2 19 0.900000 21 0.100000
0  -0.939695 -5.663817 3.405030  -0.176687 0.367018 -0.913280  0.857101 0.529846 2 21 0.800000 20 0.200000
0  -1.882322 -5.433837 3.842286  -0.447846 0.426151 -0.786022  0.901046 0.525635 2 21 0.800000 20 0.200000
Komainu
0  -1.013672 -6.432128 3.222657  -0.193177 0.162518 -0.967611  0.859603 0.555115 2 21 0.900000 20 0.100000
0  -1.882322 -5.433837 3.842286  -0.447846 0.426151 -0.786022  0.901046 0.525635 2 21 0.800000 20 0.200000
0  -0.939695 -5.663817 3.405030  -0.176687 0.367018 -0.913280  0.857101 0.529846 2 21 0.800000 20 0.200000
Komainu
0  -1.013672 -6.432128 3.222657  -0.193177 0.162518 -0.967611  0.859603 0.555115 2 21 0.900000 20 0.100000
0  -2.038328 -6.172852 3.600585  -0.473207 0.249315 -0.844936  0.895370 0.551392 2 21 0.900000 20 0.100000
0  -1.882322 -5.433837 3.842286  -0.447846 0.426151 -0.786022  0.901046 0.525635 2 21 0.800000 20 0.200000
Komainu
0  -2.100584 -7.168212 3.508301  -0.487691 -0.019480 -0.872799  0.895614 0.584717 2 21 0.900000 20 0.100000
0  -2.038328 -6.172852 3.600585  -0.473207 0.249315 -0.844936  0.895370 0.551392 2 21 0.900000 20 0.100000
0  -1.013672 -6.432128 3.222657  -0.193177 0.162518 -0.967611  0.859603 0.555115 2 21 0.900000 20 0.100000
Komainu
0  -2.933348 -5.772216 4.458252  -0.724822 0.264002 -0.636346  0.932601 0.548401 2 21 0.600000 20 0.400000
0  -2.038328 -6.172852 3.600585  -0.473207 0.249315 -0.844936  0.895370 0.551392 2 21 0.900000 20 0.100000
0  -2.100584 -7.168212 3.508301  -0.487691 -0.019480 -0.872799  0.895614 0.584717 2 21 0.900000 20 0.100000
Komainu
0  -2.933348 -5.772216 4.458252  -0.724822 0.264002 -0.636346  0.932601 0.548401 2 21 0.600000 20 0.400000
0  -2.100584 -7.168212 3.508301  -0.487691 -0.019480 -0.872799  0.895614 0.584717 2 21 0.900000 20 0.100000
0  -2.711426 -6.766844 4.133058  -0.671872 0.060914 -0.738158  0.920577 0.578979 2 21 0.900000 20 0.100000
Komainu
0  0.000001 -5.743653 3.303954  -0.000000 0.347665 -0.937619  0.827194 0.531067 2 21 0.800000 20 0.200000
0  -0.841553 -5.052979 3.721437  -0.119750 0.570978 -0.812185  0.857101 0.507690 3 21 0.500000 20 0.350000 19 0.150000
0  0.000001 -5.118897 3.632079  0.000000 0.571141 -0.820852  0.827194 0.507690 3 21 0.500000 20 0.350000 19 0.150000
Komainu
0  0.000001 -5.743653 3.303954  -0.000000 0.347665 -0.937619  0.827194 0.531067 2 21 0.800000 20 0.200000
0  1.013674 -6.432128 3.222657  0.193210 0.162468 -0.967613  0.859603 0.555115 2 21 0.900000 20 0.100000
0  0.000001 -6.585203 3.123048  -0.000000 0.128216 -0.991746  0.827194 0.554627 2 21 0.900000 20 0.100000
Komainu
0  -3.202148 -7.522705 4.500000  -0.717336 0.080389 -0.692074  0.944259 0.612060 2 21 0.800000 20 0.200000
0  -3.429929 -7.221681 4.820067  -0.811856 0.139697 -0.566899  0.955428 0.601318 2 21 0.600000 20 0.400000
0  -2.933348 -5.772216 4.458252  -0.724822 0.264002 -0.636346  0.932601 0.548401 2 21 0.600000 20 0.400000
Komainu
0  -3.585935 -7.163817 5.206053  -0.944682 0.136658 -0.298162  0.964889 0.598267 2 20 0.600000 21 0.400000
0  -2.933348 -5.772216 4.458252  -0.724822 0.264002 -0.636346  0.932601 0.548401 2 21 0.600000 20 0.400000
0  -3.429929 -7.221681 4.820067  -0.811856 0.139697 -0.566899  0.955428 0.601318 2 21 0.600000 20 0.400000
Komainu
0  -3.585935 -7.163817 5.206053  -0.944682 0.136658 -0.298162  0.964889 0.598267 2 20 0.600000 21 0.400000
0  -3.394043 -5.887207 5.062500  -0.882262 0.288104 -0.372305  0.953048 0.554749 2 21 0.600000 20 0.400000
0  -2.933348 -5.772216 4.458252  -0.724822 0.264002 -0.636346  0.932601 0.548401 2 21 0.600000 20 0.400000
Komainu
0  -2.751707 -4.940919 5.047851  -0.746901 0.515205 -0.420360  0.938644 0.519898 2 20 0.700000 21 0.300000
0  -2.933348 -5.772216 4.458252  -0.724822 0.264002 -0.636346  0.932601 0.548401 2 21 0.600000 20 0.400000
0  -3.394043 -5.887207 5.062500  -0.882262 0.288104 -0.372305  0.953048 0.554749 2 21 0.600000 20 0.400000
Komainu
0  -2.038328 -6.172852 3.600585  -0.473207 0.249315 -0.844936  0.895370 0.551392 2 21 0.900000 20 0.100000
0  -2.933348 -5.772216 4.458252  -0.724822 0.264002 -0.636346  0.932601 0.548401 2 21 0.600000 20 0.400000
0  -2.751707 -4.940919 5.047851  -0.746901 0.515205 -0.420360  0.938644 0.519898 2 20 0.700000 21 0.300000
Komainu
0  -2.038328 -6.172852 3.600585  -0.473207 0.249315 -0.844936  0.895370 0.551392 2 21 0.900000 20 0.100000
0  -2.751707 -4.940919 5.047851  -0.746901 0.515205 -0.420360  0.938644 0.519898 2 20 0.700000 21 0.300000
0  -1.882322 -5.433837 3.842286  -0.447846 0.426151 -0.786022  0.901046 0.525635 2 21 0.800000 20 0.200000
Komainu
0  -2.751707 -4.940919 5.047851  -0.746901 0.515205 -0.420360  0.938644 0.519898 2 20 0.700000 21 0.300000
0  -1.691894 -4.705078 4.164552  -0.404604 0.175322 -0.897529  0.901046 0.498047 2 19 0.900000 21 0.100000
0  -1.882322 -5.433837 3.842286  -0.447846 0.426151 -0.786022  0.901046 0.525635 2 21 0.800000 20 0.200000
Komainu
0  -2.751707 -4.940919 5.047851  -0.746901 0.515205 -0.420360  0.938644 0.519898 2 20 0.700000 21 0.300000
0  -2.547362 -4.686055 4.990722  -0.832770 -0.406525 -0.375809  0.937606 0.508240 2 29 0.600000 19 0.400000
0  -1.691894 -4.705078 4.164552  -0.404604 0.175322 -0.897529  0.901046 0.498047 2 19 0.900000 21 0.100000
Komainu
0  -3.202148 -7.522705 4.500000  -0.717336 0.080389 -0.692074  0.944259 0.612060 2 21 0.800000 20 0.200000
0  -2.933348 -5.772216 4.458252  -0.724822 0.264002 -0.636346  0.932601 0.548401 2 21 0.600000 20 0.400000
0  -2.711426 -6.766844 4.133058  -0.671872 0.060914 -0.738158  0.920577 0.578979 2 21 0.900000 20 0.100000
Komainu
0  -2.711426 -6.766844 4.133058  -0.671872 0.060914 -0.738158  0.920577 0.578979 2 21 0.900000 20 0.100000
0  -2.901122 -7.973145 4.170411  -0.660983 -0.066545 -0.747444  0.927596 0.618408 2 21 0.900000 20 0.100000
0  -3.202148 -7.522705 4.500000  -0.717336 0.080389 -0.692074  0.944259 0.612060 2 21 0.800000 20 0.200000
Komainu
0  -2.711426 -6.766844 4.133058  -0.671872 0.060914 -0.738158  0.920577 0.578979 2 21 0.900000 20 0.100000
0  -2.165771 -8.570929 3.789696  -0.469842 -0.245806 -0.847837  0.899032 0.623657 1 21 1.000000
0  -2.901122 -7.973145 4.170411  -0.660983 -0.066545 -0.747444  0.927596 0.618408 2 21 0.900000 20 0.100000
Komainu
0  -2.711426 -6.766844 4.133058  -0.671872 0.060914 -0.738158  0.920577 0.578979 2 21 0.900000 20 0.100000
0  -2.100584 -7.168212 3.508301  -0.487691 -0.019480 -0.872799  0.895614 0.584717 2 21 0.900000 20 0.100000
0  -2.165771 -8.570929 3.789696  -0.469842 -0.245806 -0.847837  0.899032 0.623657 1 21 1.000000
Komainu
0  -1.097168 -8.903444 3.605127  -0.213065 -0.322743 -0.922193  0.862472 0.624939 1 21 1.000000
0  -2.165771 -8.570929 3.789696  -0.469842 -0.245806 -0.847837  0.899032 0.623657 1 21 1.000000
0  -2.100584 -7.168212 3.508301  -0.487691 -0.019480 -0.872799  0.895614 0.584717 2 21 0.900000 20 0.100000
Komainu
0  -1.097168 -8.903444 3.605127  -0.213065 -0.322743 -0.922193  0.862472 0.624939 1 21 1.000000
0  -2.100584 -7.168212 3.508301  -0.487691 -0.019480 -0.872799  0.895614 0.584717 2 21 0.900000 20 0.100000
0  -1.133789 -7.494873 3.186036  -0.207327 -0.100707 -0.973074  0.862289 0.588074 2 21 0.900000 20 0.100000
Komainu
0  -1.097168 -8.903444 3.605127  -0.213065 -0.322743 -0.922193  0.862472 0.624939 1 21 1.000000
0  -1.133789 -7.494873 3.186036  -0.207327 -0.100707 -0.973074  0.862289 0.588074 2 21 0.900000 20 0.100000
0  0.000001 -7.692627 3.100341  -0.000003 -0.129684 -0.991555  0.827194 0.587585 2 21 0.900000 20 0.100000
Komainu
0  -1.013672 -6.432128 3.222657  -0.193177 0.162518 -0.967611  0.859603 0.555115 2 21 0.900000 20 0.100000
0  0.000001 -7.692627 3.100341  -0.000003 -0.129684 -0.991555  0.827194 0.587585 2 21 0.900000 20 0.100000
0  -1.133789 -7.494873 3.186036  -0.207327 -0.100707 -0.973074  0.862289 0.588074 2 21 0.900000 20 0.100000
Komainu
0  -2.100584 -7.168212 3.508301  -0.487691 -0.019480 -0.872799  0.895614 0.584717 2 21 0.900000 20 0.100000
0  -1.013672 -6.432128 3.222657  -0.193177 0.162518 -0.967611  0.859603 0.555115 2 21 0.900000 20 0.100000
0  -1.133789 -7.494873 3.186036  -0.207327 -0.100707 -0.973074  0.862289 0.588074 2 21 0.900000 20 0.100000
Komainu
0  -1.097168 -8.903444 3.605127  -0.213065 -0.322743 -0.922193  0.862472 0.624939 1 21 1.000000
0  0.000001 -7.692627 3.100341  -0.000003 -0.129684 -0.991555  0.827194 0.587585 2 21 0.900000 20 0.100000
0  0.000001 -9.029425 3.504051  0.000004 -0.331300 -0.943525  0.827194 0.626343 1 21 1.000000
Komainu
0  0.000001 -7.692627 3.100341  -0.000003 -0.129684 -0.991555  0.827194 0.587585 2 21 0.900000 20 0.100000
0  1.097170 -8.903444 3.605127  0.213065 -0.322743 -0.922193  0.862472 0.624939 1 21 1.000000
0  0.000001 -9.029425 3.504051  0.000004 -0.331300 -0.943525  0.827194 0.626343 1 21 1.000000
Komainu
0  0.000001 -7.692627 3.100341  -0.000003 -0.129684 -0.991555  0.827194 0.587585 2 21 0.900000 20 0.100000
0  1.133791 -7.494873 3.186036  0.207332 -0.100703 -0.973074  0.862289 0.588074 2 21 0.900000 20 0.100000
0  1.097170 -8.903444 3.605127  0.213065 -0.322743 -0.922193  0.862472 0.624939 1 21 1.000000
Komainu
0  0.000001 -5.743653 3.303954  -0.000000 0.347665 -0.937619  0.827194 0.531067 2 21 0.800000 20 0.200000
0  -0.939695 -5.663817 3.405030  -0.176687 0.367018 -0.913280  0.857101 0.529846 2 21 0.800000 20 0.200000
0  -0.841553 -5.052979 3.721437  -0.119750 0.570978 -0.812185  0.857101 0.507690 3 21 0.500000 20 0.350000 19 0.150000
Komainu
0  -1.013672 -6.432128 3.222657  -0.193177 0.162518 -0.967611  0.859603 0.555115 2 21 0.900000 20 0.100000
0  -0.939695 -5.663817 3.405030  -0.176687 0.367018 -0.913280  0.857101 0.529846 2 21 0.800000 20 0.200000
0  0.000001 -5.743653 3.303954  -0.000000 0.347665 -0.937619  0.827194 0.531067 2 21 0.800000 20 0.200000
Komainu
0  -1.013672 -6.432128 3.222657  -0.193177 0.162518 -0.967611  0.859603 0.555115 2 21 0.900000 20 0.100000
0  0.000001 -5.743653 3.303954  -0.000000 0.347665 -0.937619  0.827194 0.531067 2 21 0.800000 20 0.200000
0  0.000001 -6.585203 3.123048  -0.000000 0.128216 -0.991746  0.827194 0.554627 2 21 0.900000 20 0.100000
Komainu
0  -1.013672 -6.432128 3.222657  -0.193177 0.162518 -0.967611  0.859603 0.555115 2 21 0.900000 20 0.100000
0  0.000001 -6.585203 3.123048  -0.000000 0.128216 -0.991746  0.827194 0.554627 2 21 0.900000 20 0.100000
0  0.000001 -7.692627 3.100341  -0.000003 -0.129684 -0.991555  0.827194 0.587585 2 21 0.900000 20 0.100000
Komainu
0  0.000001 -7.692627 3.100341  -0.000003 -0.129684 -0.991555  0.827194 0.587585 2 21 0.900000 20 0.100000
0  0.000001 -6.585203 3.123048  -0.000000 0.128216 -0.991746  0.827194 0.554627 2 21 0.900000 20 0.100000
0  1.013674 -6.432128 3.222657  0.193210 0.162468 -0.967613  0.859603 0.555115 2 21 0.900000 20 0.100000
Komainu
0  0.000001 -7.692627 3.100341  -0.000003 -0.129684 -0.991555  0.827194 0.587585 2 21 0.900000 20 0.100000
0  1.013674 -6.432128 3.222657  0.193210 0.162468 -0.967613  0.859603 0.555115 2 21 0.900000 20 0.100000
0  1.133791 -7.494873 3.186036  0.207332 -0.100703 -0.973074  0.862289 0.588074 2 21 0.900000 20 0.100000
Komainu
0  1.013674 -6.432128 3.222657  0.193210 0.162468 -0.967613  0.859603 0.555115 2 21 0.900000 20 0.100000
0  2.100586 -7.168211 3.508301  0.487691 -0.019480 -0.872799  0.895614 0.584717 2 21 0.900000 20 0.100000
0  1.133791 -7.494873 3.186036  0.207332 -0.100703 -0.973074  0.862289 0.588074 2 21 0.900000 20 0.100000
Komainu
0  2.100586 -7.168211 3.508301  0.487691 -0.019480 -0.872799  0.895614 0.584717 2 21 0.900000 20 0.100000
0  1.097170 -8.903444 3.605127  0.213065 -0.322743 -0.922193  0.862472 0.624939 1 21 1.000000
0  1.133791 -7.494873 3.186036  0.207332 -0.100703 -0.973074  0.862289 0.588074 2 21 0.900000 20 0.100000
Komainu
0  2.100586 -7.168211 3.508301  0.487691 -0.019480 -0.872799  0.895614 0.584717 2 21 0.900000 20 0.100000
0  2.165773 -8.570929 3.789696  0.469838 -0.245801 -0.847841  0.899032 0.623657 1 21 1.000000
0  1.097170 -8.903444 3.605127  0.213065 -0.322743 -0.922193  0.862472 0.624939 1 21 1.000000
Komainu
0  2.165773 -8.570929 3.789696  0.469838 -0.245801 -0.847841  0.899032 0.623657 1 21 1.000000
0  2.100586 -7.168211 3.508301  0.487691 -0.019480 -0.872799  0.895614 0.584717 2 21 0.900000 20 0.100000
0  2.711428 -6.766843 4.133058  0.671980 0.060779 -0.738071  0.920577 0.578979 2 21 0.900000 20 0.100000
Komainu
0  2.165773 -8.570929 3.789696  0.469838 -0.245801 -0.847841  0.899032 0.623657 1 21 1.000000
0  2.711428 -6.766843 4.133058  0.671980 0.060779 -0.738071  0.920577 0.578979 2 21 0.900000 20 0.100000
0  2.901124 -7.973145 4.170411  0.660984 -0.066542 -0.747444  0.927596 0.618408 2 21 0.900000 20 0.100000
Komainu
0  2.711428 -6.766843 4.133058  0.671980 0.060779 -0.738071  0.920577 0.578979 2 21 0.900000 20 0.100000
0  3.202150 -7.522704 4.500000  0.717334 0.080387 -0.692077  0.944259 0.612060 2 21 0.800000 20 0.200000
0  2.901124 -7.973145 4.170411  0.660984 -0.066542 -0.747444  0.927596 0.618408 2 21 0.900000 20 0.100000
Komainu
0  2.933350 -5.772215 4.458252  0.724799 0.264053 -0.636351  0.932601 0.548401 2 21 0.600000 20 0.400000
0  3.202150 -7.522704 4.500000  0.717334 0.080387 -0.692077  0.944259 0.612060 2 21 0.800000 20 0.200000
0  2.711428 -6.766843 4.133058  0.671980 0.060779 -0.738071  0.920577 0.578979 2 21 0.900000 20 0.100000
Komainu
0  2.933350 -5.772215 4.458252  0.724799 0.264053 -0.636351  0.932601 0.548401 2 21 0.600000 20 0.400000
0  3.429931 -7.221680 4.820067  0.811855 0.139702 -0.566899  0.955428 0.601318 2 21 0.600000 20 0.400000
0  3.202150 -7.522704 4.500000  0.717334 0.080387 -0.692077  0.944259 0.612060 2 21 0.800000 20 0.200000
Komainu
0  2.933350 -5.772215 4.458252  0.724799 0.264053 -0.636351  0.932601 0.548401 2 21 0.600000 20 0.400000
0  3.585937 -7.163816 5.206053  0.944689 0.136652 -0.298142  0.964889 0.598267 2 20 0.600000 21 0.400000
0  3.429931 -7.221680 4.820067  0.811855 0.139702 -0.566899  0.955428 0.601318 2 21 0.600000 20 0.400000
Komainu
0  2.933350 -5.772215 4.458252  0.724799 0.264053 -0.636351  0.932601 0.548401 2 21 0.600000 20 0.400000
0  3.394045 -5.887206 5.062500  0.882266 0.288077 -0.372315  0.953048 0.554749 2 21 0.600000 20 0.400000
0  3.585937 -7.163816 5.206053  0.944689 0.136652 -0.298142  0.964889 0.598267 2 20 0.600000 21 0.400000
Komainu
0  2.751709 -4.940918 5.047851  0.746898 0.515209 -0.420361  0.938644 0.519898 2 20 0.700000 21 0.300000
0  3.394045 -5.887206 5.062500  0.882266 0.288077 -0.372315  0.953048 0.554749 2 21 0.600000 20 0.400000
0  2.933350 -5.772215 4.458252  0.724799 0.264053 -0.636351  0.932601 0.548401 2 21 0.600000 20 0.400000
Komainu
0  2.751709 -4.940918 5.047851  0.746898 0.515209 -0.420361  0.938644 0.519898 2 20 0.700000 21 0.300000
0  2.933350 -5.772215 4.458252  0.724799 0.264053 -0.636351  0.932601 0.548401 2 21 0.600000 20 0.400000
0  2.038330 -6.172851 3.600585  0.473207 0.249315 -0.844936  0.895370 0.551392 2 21 0.900000 20 0.100000
Komainu
0  1.013674 -6.432128 3.222657  0.193210 0.162468 -0.967613  0.859603 0.555115 2 21 0.900000 20 0.100000
0  2.038330 -6.172851 3.600585  0.473207 0.249315 -0.844936  0.895370 0.551392 2 21 0.900000 20 0.100000
0  2.100586 -7.168211 3.508301  0.487691 -0.019480 -0.872799  0.895614 0.584717 2 21 0.900000 20 0.100000
Komainu
0  2.100586 -7.168211 3.508301  0.487691 -0.019480 -0.872799  0.895614 0.584717 2 21 0.900000 20 0.100000
0  2.038330 -6.172851 3.600585  0.473207 0.249315 -0.844936  0.895370 0.551392 2 21 0.900000 20 0.100000
0  2.933350 -5.772215 4.458252  0.724799 0.264053 -0.636351  0.932601 0.548401 2 21 0.600000 20 0.400000
Komainu
0  2.100586 -7.168211 3.508301  0.487691 -0.019480 -0.872799  0.895614 0.584717 2 21 0.900000 20 0.100000
0  2.933350 -5.772215 4.458252  0.724799 0.264053 -0.636351  0.932601 0.548401 2 21 0.600000 20 0.400000
0  2.711428 -6.766843 4.133058  0.671980 0.060779 -0.738071  0.920577 0.578979 2 21 0.900000 20 0.100000
Komainu
0  -2.901122 -7.973145 4.170411  -0.660983 -0.066545 -0.747444  0.929810 0.621399 2 21 0.900000 20 0.100000
0  -2.165771 -8.570929 3.789696  -0.469842 -0.245806 -0.847837  0.901489 0.626160 1 21 1.000000
0  -2.249999 -8.807499 3.971337  -0.541932 -0.615439 -0.572315  0.904419 0.633362 1 21 1.000000
Komainu
0  -1.023194 -8.585573 4.254783  0.099788 0.031490 0.994510  0.864075 0.672607 1 21 1.000000
0  -1.097900 -9.044069 4.220361  0.008482 -0.358579 0.933461  0.864990 0.662109 1 21 1.000000
0  0.000001 -9.139287 4.174950  0.008462 -0.358634 0.933440  0.829163 0.662415 1 21 1.000000
Komainu
0  -1.940918 -8.278688 4.347069  0.234059 0.036862 0.971523  0.901245 0.668945 1 21 1.000000
0  -1.097900 -9.044069 4.220361  0.008482 -0.358579 0.933461  0.864990 0.662109 1 21 1.000000
0  -1.023194 -8.585573 4.254783  0.099788 0.031490 0.994510  0.864075 0.672607 1 21 1.000000
Komainu
0  -1.940918 -8.278688 4.347069  0.234059 0.036862 0.971523  0.901245 0.668945 1 21 1.000000
0  -2.085203 -8.647830 4.418847  0.049869 -0.318307 0.946675  0.904358 0.660523 1 21 1.000000
0  -1.097900 -9.044069 4.220361  0.008482 -0.358579 0.933461  0.864990 0.662109 1 21 1.000000
Komainu
0  -2.571533 -7.888186 4.487549  0.376714 0.031679 0.925788  0.930908 0.661621 2 21 0.900000 20 0.100000
0  -2.085203 -8.647830 4.418847  0.049869 -0.318307 0.946675  0.904358 0.660523 1 21 1.000000
0  -1.940918 -8.278688 4.347069  0.234059 0.036862 0.971523  0.901245 0.668945 1 21 1.000000
Komainu
0  -2.571533 -7.888186 4.487549  0.376714 0.031679 0.925788  0.930908 0.661621 2 21 0.900000 20 0.100000
0  -2.761229 -8.125488 4.666992  0.175480 -0.280952 0.943543  0.935181 0.653320 2 21 0.900000 20 0.100000
0  -2.085203 -8.647830 4.418847  0.049869 -0.318307 0.946675  0.904358 0.660523 1 21 1.000000
Komainu
0  -2.761229 -8.125488 4.666992  0.175480 -0.280952 0.943543  0.935181 0.653320 2 21 0.900000 20 0.100000
0  -2.235350 -8.871951 4.166892  -0.429263 -0.856096 0.287807  0.905273 0.646606 1 21 1.000000
0  -2.085203 -8.647830 4.418847  0.049869 -0.318307 0.946675  0.904358 0.660523 1 21 1.000000
Komainu
0  -2.761229 -8.125488 4.666992  0.175480 -0.280952 0.943543  0.935181 0.653320 2 21 0.900000 20 0.100000
0  -2.995604 -8.258790 4.481688  -0.593072 -0.753921 0.282611  0.934570 0.641479 2 21 0.900000 20 0.100000
0  -2.235350 -8.871951 4.166892  -0.429263 -0.856096 0.287807  0.905273 0.646606 1 21 1.000000
Komainu
0  -2.995604 -8.258790 4.481688  -0.593072 -0.753921 0.282611  0.934570 0.641479 2 21 0.900000 20 0.100000
0  -2.249999 -8.807499 3.971337  -0.541932 -0.615439 -0.572315  0.904419 0.633362 1 21 1.000000
0  -2.235350 -8.871951 4.166892  -0.429263 -0.856096 0.287807  0.905273 0.646606 1 21 1.000000
Komainu
0  -2.995604 -8.258790 4.481688  -0.593072 -0.753921 0.282611  0.934570 0.641479 2 21 0.900000 20 0.100000
0  -3.022703 -8.149659 4.327881  -0.758779 -0.393181 -0.519291  0.931824 0.628967 2 21 0.900000 20 0.100000
0  -2.249999 -8.807499 3.971337  -0.541932 -0.615439 -0.572315  0.904419 0.633362 1 21 1.000000
Komainu
0  -2.901122 -7.973145 4.170411  -0.660983 -0.066545 -0.747444  0.929810 0.621399 2 21 0.900000 20 0.100000
0  -2.249999 -8.807499 3.971337  -0.541932 -0.615439 -0.572315  0.904419 0.633362 1 21 1.000000
0  -3.022703 -8.149659 4.327881  -0.758779 -0.393181 -0.519291  0.931824 0.628967 2 21 0.900000 20 0.100000
Komainu
0  -3.377927 -7.673584 4.650147  -0.856163 -0.153755 -0.493299  0.951111 0.622559 2 21 0.800000 20 0.200000
0  -2.901122 -7.973145 4.170411  -0.660983 -0.066545 -0.747444  0.929810 0.621399 2 21 0.900000 20 0.100000
0  -3.022703 -8.149659 4.327881  -0.758779 -0.393181 -0.519291  0.931824 0.628967 2 21 0.900000 20 0.100000
Komainu
0  -3.377927 -7.673584 4.650147  -0.856163 -0.153755 -0.493299  0.951111 0.622559 2 21 0.800000 20 0.200000
0  -3.202148 -7.522705 4.500000  -0.717336 0.080389 -0.692074  0.948181 0.614807 2 21 0.800000 20 0.200000
0  -2.901122 -7.973145 4.170411  -0.660983 -0.066545 -0.747444  0.929810 0.621399 2 21 0.900000 20 0.100000
Komainu
0  -3.488525 -7.423097 4.861815  -0.903259 -0.044045 -0.426828  0.964539 0.611939 2 21 0.600000 20 0.400000
0  -3.202148 -7.522705 4.500000  -0.717336 0.080389 -0.692074  0.948181 0.614807 2 21 0.800000 20 0.200000
0  -3.377927 -7.673584 4.650147  -0.856163 -0.153755 -0.493299  0.951111 0.622559 2 21 0.800000 20 0.200000
Komainu
0  -3.488525 -7.423097 4.861815  -0.903259 -0.044045 -0.426828  0.964539 0.611939 2 21 0.600000 20 0.400000
0  -3.429929 -7.221681 4.820067  -0.811856 0.139697 -0.566899  0.959900 0.604248 2 21 0.600000 20 0.400000
0  -3.202148 -7.522705 4.500000  -0.717336 0.080389 -0.692074  0.948181 0.614807 2 21 0.800000 20 0.200000
Komainu
0  -3.600584 -7.397460 5.123292  -0.934396 -0.051943 -0.352429  0.970459 0.609985 2 20 0.600000 21 0.400000
0  -3.429929 -7.221681 4.820067  -0.811856 0.139697 -0.566899  0.959900 0.604248 2 21 0.600000 20 0.400000
0  -3.488525 -7.423097 4.861815  -0.903259 -0.044045 -0.426828  0.964539 0.611939 2 21 0.600000 20 0.400000
Komainu
0  -3.600584 -7.397460 5.123292  -0.934396 -0.051943 -0.352429  0.970459 0.609985 2 20 0.600000 21 0.400000
0  -3.585935 -7.163817 5.206053  -0.944682 0.136658 -0.298162  0.966858 0.600037 2 20 0.600000 21 0.400000
0  -3.429929 -7.221681 4.820067  -0.811856 0.139697 -0.566899  0.959900 0.604248 2 21 0.600000 20 0.400000
Komainu
0  -3.471677 -7.636962 4.962891  -0.772990 -0.631987 -0.055493  0.969421 0.621277 2 21 0.600000 20 0.400000
0  -3.488525 -7.423097 4.861815  -0.903259 -0.044045 -0.426828  0.964539 0.611939 2 21 0.600000 20 0.400000
0  -3.377927 -7.673584 4.650147  -0.856163 -0.153755 -0.493299  0.951111 0.622559 2 21 0.800000 20 0.200000
Komainu
0  -3.471677 -7.636962 4.962891  -0.772990 -0.631987 -0.055493  0.969421 0.621277 2 21 0.600000 20 0.400000
0  -3.600584 -7.397460 5.123292  -0.934396 -0.051943 -0.352429  0.970459 0.609985 2 20 0.600000 21 0.400000
0  -3.488525 -7.423097 4.861815  -0.903259 -0.044045 -0.426828  0.964539 0.611939 2 21 0.600000 20 0.400000
Komainu
0  -3.109130 -7.781250 4.899171  0.272847 -0.530230 0.802752  0.957275 0.637817 2 21 0.700000 20 0.300000
0  -2.761229 -8.125488 4.666992  0.175480 -0.280952 0.943543  0.935181 0.653320 2 21 0.900000 20 0.100000
0  -2.571533 -7.888186 4.487549  0.376714 0.031679 0.925788  0.930908 0.661621 2 21 0.900000 20 0.100000
Komainu
0  -3.109130 -7.781250 4.899171  0.272847 -0.530230 0.802752  0.957275 0.637817 2 21 0.700000 20 0.300000
0  -2.571533 -7.888186 4.487549  0.376714 0.031679 0.925788  0.930908 0.661621 2 21 0.900000 20 0.100000
0  -2.993408 -7.491942 4.663329  0.520956 -0.257845 0.813708  0.955627 0.646423 2 21 0.800000 20 0.200000
Komainu
0  -3.010985 -7.374024 4.848634  0.837781 -0.438049 -0.325938  0.968750 0.633667 2 20 0.600000 21 0.400000
0  -3.109130 -7.781250 4.899171  0.272847 -0.530230 0.802752  0.957275 0.637817 2 21 0.700000 20 0.300000
0  -2.993408 -7.491942 4.663329  0.520956 -0.257845 0.813708  0.955627 0.646423 2 21 0.800000 20 0.200000
Komainu
0  -3.010985 -7.374024 4.848634  0.837781 -0.438049 -0.325938  0.968750 0.633667 2 20 0.600000 21 0.400000
0  -3.115721 -7.762938 4.913817  0.290160 -0.690344 -0.662746  0.969604 0.629883 2 20 0.600000 21 0.400000
0  -3.109130 -7.781250 4.899171  0.272847 -0.530230 0.802752  0.957275 0.637817 2 21 0.700000 20 0.300000
Komainu
0  -3.109130 -7.781250 4.899171  0.272847 -0.530230 0.802752  0.957275 0.637817 2 21 0.700000 20 0.300000
0  -3.115721 -7.762938 4.913817  0.290160 -0.690344 -0.662746  0.969604 0.629883 2 20 0.600000 21 0.400000
0  -3.471677 -7.636962 4.962891  -0.772990 -0.631987 -0.055493  0.969421 0.621277 2 21 0.600000 20 0.400000
Komainu
0  -3.109130 -7.781250 4.899171  0.272847 -0.530230 0.802752  0.957275 0.637817 2 21 0.700000 20 0.300000
0  -3.471677 -7.636962 4.962891  -0.772990 -0.631987 -0.055493  0.969421 0.621277 2 21 0.600000 20 0.400000
0  -3.362546 -7.802492 4.800294  -0.676092 -0.687075 0.266134  0.955078 0.630554 2 21 0.800000 20 0.200000
Komainu
0  -3.471677 -7.636962 4.962891  -0.772990 -0.631987 -0.055493  0.969421 0.621277 2 21 0.600000 20 0.400000
0  -3.377927 -7.673584 4.650147  -0.856163 -0.153755 -0.493299  0.951111 0.622559 2 21 0.800000 20 0.200000
0  -3.362546 -7.802492 4.800294  -0.676092 -0.687075 0.266134  0.955078 0.630554 2 21 0.800000 20 0.200000
Komainu
0  -3.362546 -7.802492 4.800294  -0.676092 -0.687075 0.266134  0.955078 0.630554 2 21 0.800000 20 0.200000
0  -3.377927 -7.673584 4.650147  -0.856163 -0.153755 -0.493299  0.951111 0.622559 2 21 0.800000 20 0.200000
0  -3.022703 -8.149659 4.327881  -0.758779 -0.393181 -0.519291  0.931824 0.628967 2 21 0.900000 20 0.100000
Komainu
0  -3.362546 -7.802492 4.800294  -0.676092 -0.687075 0.266134  0.955078 0.630554 2 21 0.800000 20 0.200000
0  -3.022703 -8.149659 4.327881  -0.758779 -0.393181 -0.519291  0.931824 0.628967 2 21 0.900000 20 0.100000
0  -2.995604 -8.258790 4.481688  -0.593072 -0.753921 0.282611  0.934570 0.641479 2 21 0.900000 20 0.100000
Komainu
0  -3.109130 -7.781250 4.899171  0.272847 -0.530230 0.802752  0.957275 0.637817 2 21 0.700000 20 0.300000
0  -3.362546 -7.802492 4.800294  -0.676092 -0.687075 0.266134  0.955078 0.630554 2 21 0.800000 20 0.200000
0  -2.995604 -8.258790 4.481688  -0.593072 -0.753921 0.282611  0.934570 0.641479 2 21 0.900000 20 0.100000
Komainu
0  -3.109130 -7.781250 4.899171  0.272847 -0.530230 0.802752  0.957275 0.637817 2 21 0.700000 20 0.300000
0  -2.995604 -8.258790 4.481688  -0.593072 -0.753921 0.282611  0.934570 0.641479 2 21 0.900000 20 0.100000
0  -2.761229 -8.125488 4.666992  0.175480 -0.280952 0.943543  0.935181 0.653320 2 21 0.900000 20 0.100000
Komainu
0  -2.165771 -8.570929 3.789696  -0.469842 -0.245806 -0.847837  0.901489 0.626160 1 21 1.000000
0  -1.097168 -8.903444 3.605127  -0.213065 -0.322743 -0.922193  0.864441 0.626221 1 21 1.000000
0  -1.127930 -9.246219 3.730371  -0.266781 -0.738209 -0.619576  0.866089 0.635559 1 21 1.000000
Komainu
0  -2.165771 -8.570929 3.789696  -0.469842 -0.245806 -0.847837  0.901489 0.626160 1 21 1.000000
0  -1.127930 -9.246219 3.730371  -0.266781 -0.738209 -0.619576  0.866089 0.635559 1 21 1.000000
0  -2.249999 -8.807499 3.971337  -0.541932 -0.615439 -0.572315  0.904419 0.633362 1 21 1.000000
Komainu
0  -2.235350 -8.871951 4.166892  -0.429263 -0.856096 0.287807  0.905273 0.646606 1 21 1.000000
0  -2.249999 -8.807499 3.971337  -0.541932 -0.615439 -0.572315  0.904419 0.633362 1 21 1.000000
0  -1.127930 -9.246219 3.730371  -0.266781 -0.738209 -0.619576  0.866089 0.635559 1 21 1.000000
Komainu
0  -2.235350 -8.871951 4.166892  -0.429263 -0.856096 0.287807  0.905273 0.646606 1 21 1.000000
0  -1.127930 -9.246219 3.730371  -0.266781 -0.738209 -0.619576  0.866089 0.635559 1 21 1.000000
0  -1.154297 -9.310675 4.003563  -0.201734 -0.923737 0.325596  0.866638 0.649292 1 21 1.000000
Komainu
0  -2.085203 -8.647830 4.418847  0.049869 -0.318307 0.946675  0.904358 0.660523 1 21 1.000000
0  -2.235350 -8.871951 4.166892  -0.429263 -0.856096 0.287807  0.905273 0.646606 1 21 1.000000
0  -1.154297 -9.310675 4.003563  -0.201734 -0.923737 0.325596  0.866638 0.649292 1 21 1.000000
Komainu
0  -2.085203 -8.647830 4.418847  0.049869 -0.318307 0.946675  0.904358 0.660523 1 21 1.000000
0  -1.154297 -9.310675 4.003563  -0.201734 -0.923737 0.325596  0.866638 0.649292 1 21 1.000000
0  -1.097900 -9.044069 4.220361  0.008482 -0.358579 0.933461  0.864990 0.662109 1 21 1.000000
Komainu
0  -1.097900 -9.044069 4.220361  0.008482 -0.358579 0.933461  0.864990 0.662109 1 21 1.000000
0  -1.154297 -9.310675 4.003563  -0.201734 -0.923737 0.325596  0.866638 0.649292 1 21 1.000000
0  0.000001 -9.433719 3.942039  0.000000 -0.934112 0.356979  0.829163 0.651550 1 21 1.000000
Komainu
0  -1.097900 -9.044069 4.220361  0.008482 -0.358579 0.933461  0.864990 0.662109 1 21 1.000000
0  0.000001 -9.433719 3.942039  0.000000 -0.934112 0.356979  0.829163 0.651550 1 21 1.000000
0  0.000001 -9.139287 4.174950  0.008462 -0.358634 0.933440  0.829163 0.662415 1 21 1.000000
Komainu
0  0.000001 -9.433719 3.942039  0.000000 -0.934112 0.356979  0.829163 0.651550 1 21 1.000000
0  1.097902 -9.044069 4.220361  -0.008488 -0.358580 0.933460  0.864990 0.662109 1 21 1.000000
0  0.000001 -9.139287 4.174950  0.008462 -0.358634 0.933440  0.829163 0.662415 1 21 1.000000
Komainu
0  0.000001 -9.433719 3.942039  0.000000 -0.934112 0.356979  0.829163 0.651550 1 21 1.000000
0  1.154299 -9.310675 4.003563  0.201733 -0.923737 0.325597  0.866638 0.649292 1 21 1.000000
0  1.097902 -9.044069 4.220361  -0.008488 -0.358580 0.933460  0.864990 0.662109 1 21 1.000000
Komainu
0  1.154299 -9.310675 4.003563  0.201733 -0.923737 0.325597  0.866638 0.649292 1 21 1.000000
0  2.085205 -8.647830 4.418847  -0.049870 -0.318307 0.946675  0.904358 0.660523 1 21 1.000000
0  1.097902 -9.044069 4.220361  -0.008488 -0.358580 0.933460  0.864990 0.662109 1 21 1.000000
Komainu
0  1.154299 -9.310675 4.003563  0.201733 -0.923737 0.325597  0.866638 0.649292 1 21 1.000000
0  2.235353 -8.871951 4.166892  0.429264 -0.856096 0.287807  0.905273 0.646606 1 21 1.000000
0  2.085205 -8.647830 4.418847  -0.049870 -0.318307 0.946675  0.904358 0.660523 1 21 1.000000
Komainu
0  2.235353 -8.871951 4.166892  0.429264 -0.856096 0.287807  0.905273 0.646606 1 21 1.000000
0  2.761231 -8.125488 4.666992  -0.175480 -0.280952 0.943543  0.935181 0.653320 2 21 0.900000 20 0.100000
0  2.085205 -8.647830 4.418847  -0.049870 -0.318307 0.946675  0.904358 0.660523 1 21 1.000000
Komainu
0  2.235353 -8.871951 4.166892  0.429264 -0.856096 0.287807  0.905273 0.646606 1 21 1.000000
0  2.995606 -8.258790 4.481688  0.593077 -0.753917 0.282613  0.934570 0.641479 2 21 0.900000 20 0.100000
0  2.761231 -8.125488 4.666992  -0.175480 -0.280952 0.943543  0.935181 0.653320 2 21 0.900000 20 0.100000
Komainu
0  2.250001 -8.807499 3.971337  0.541968 -0.615378 -0.572347  0.904419 0.633362 1 21 1.000000
0  2.995606 -8.258790 4.481688  0.593077 -0.753917 0.282613  0.934570 0.641479 2 21 0.900000 20 0.100000
0  2.235353 -8.871951 4.166892  0.429264 -0.856096 0.287807  0.905273 0.646606 1 21 1.000000
Komainu
0  2.250001 -8.807499 3.971337  0.541968 -0.615378 -0.572347  0.904419 0.633362 1 21 1.000000
0  3.022705 -8.149659 4.327881  0.758816 -0.393230 -0.519200  0.931824 0.628967 2 21 0.900000 20 0.100000
0  2.995606 -8.258790 4.481688  0.593077 -0.753917 0.282613  0.934570 0.641479 2 21 0.900000 20 0.100000
Komainu
0  2.250001 -8.807499 3.971337  0.541968 -0.615378 -0.572347  0.904419 0.633362 1 21 1.000000
0  2.901124 -7.973145 4.170411  0.660984 -0.066542 -0.747444  0.929810 0.621399 2 21 0.900000 20 0.100000
0  3.022705 -8.149659 4.327881  0.758816 -0.393230 -0.519200  0.931824 0.628967 2 21 0.900000 20 0.100000
Komainu
0  2.250001 -8.807499 3.971337  0.541968 -0.615378 -0.572347  0.904419 0.633362 1 21 1.000000
0  2.165773 -8.570929 3.789696  0.469838 -0.245801 -0.847841  0.901489 0.626160 1 21 1.000000
0  2.901124 -7.973145 4.170411  0.660984 -0.066542 -0.747444  0.929810 0.621399 2 21 0.900000 20 0.100000
Komainu
0  1.127932 -9.246219 3.730371  0.266758 -0.738180 -0.619621  0.866089 0.635559 1 21 1.000000
0  2.250001 -8.807499 3.971337  0.541968 -0.615378 -0.572347  0.904419 0.633362 1 21 1.000000
0  2.235353 -8.871951 4.166892  0.429264 -0.856096 0.287807  0.905273 0.646606 1 21 1.000000
Komainu
0  1.127932 -9.246219 3.730371  0.266758 -0.738180 -0.619621  0.866089 0.635559 1 21 1.000000
0  2.235353 -8.871951 4.166892  0.429264 -0.856096 0.287807  0.905273 0.646606 1 21 1.000000
0  1.154299 -9.310675 4.003563  0.201733 -0.923737 0.325597  0.866638 0.649292 1 21 1.000000
Komainu
0  0.000001 -9.433719 3.942039  0.000000 -0.934112 0.356979  0.829163 0.651550 1 21 1.000000
0  1.127932 -9.246219 3.730371  0.266758 -0.738180 -0.619621  0.866089 0.635559 1 21 1.000000
0  1.154299 -9.310675 4.003563  0.201733 -0.923737 0.325597  0.866638 0.649292 1 21 1.000000
Komainu
0  0.000001 -9.433719 3.942039  0.000000 -0.934112 0.356979  0.829163 0.651550 1 21 1.000000
0  0.000001 -9.408084 3.673242  -0.000002 -0.777682 -0.628658  0.829163 0.637573 1 21 1.000000
0  1.127932 -9.246219 3.730371  0.266758 -0.738180 -0.619621  0.866089 0.635559 1 21 1.000000
Komainu
0  1.127932 -9.246219 3.730371  0.266758 -0.738180 -0.619621  0.866089 0.635559 1 21 1.000000
0  2.165773 -8.570929 3.789696  0.469838 -0.245801 -0.847841  0.901489 0.626160 1 21 1.000000
0  2.250001 -8.807499 3.971337  0.541968 -0.615378 -0.572347  0.904419 0.633362 1 21 1.000000
Komainu
0  1.127932 -9.246219 3.730371  0.266758 -0.738180 -0.619621  0.866089 0.635559 1 21 1.000000
0  1.097170 -8.903444 3.605127  0.213065 -0.322743 -0.922193  0.864441 0.626221 1 21 1.000000
0  2.165773 -8.570929 3.789696  0.469838 -0.245801 -0.847841  0.901489 0.626160 1 21 1.000000
Komainu
0  1.097170 -8.903444 3.605127  0.213065 -0.322743 -0.922193  0.864441 0.626221 1 21 1.000000
0  1.127932 -9.246219 3.730371  0.266758 -0.738180 -0.619621  0.866089 0.635559 1 21 1.000000
0  0.000001 -9.408084 3.673242  -0.000002 -0.777682 -0.628658  0.829163 0.637573 1 21 1.000000
Komainu
0  1.097170 -8.903444 3.605127  0.213065 -0.322743 -0.922193  0.864441 0.626221 1 21 1.000000
0  0.000001 -9.408084 3.673242  -0.000002 -0.777682 -0.628658  0.829163 0.637573 1 21 1.000000
0  0.000001 -9.029425 3.504051  0.000004 -0.331300 -0.943525  0.829163 0.627564 1 21 1.000000
Komainu
0  0.000001 -9.408084 3.673242  -0.000002 -0.777682 -0.628658  0.829163 0.637573 1 21 1.000000
0  -1.097168 -8.903444 3.605127  -0.213065 -0.322743 -0.922193  0.864441 0.626221 1 21 1.000000
0  0.000001 -9.029425 3.504051  0.000004 -0.331300 -0.943525  0.829163 0.627564 1 21 1.000000
Komainu
0  0.000001 -9.408084 3.673242  -0.000002 -0.777682 -0.628658  0.829163 0.637573 1 21 1.000000
0  -1.127930 -9.246219 3.730371  -0.266781 -0.738209 -0.619576  0.866089 0.635559 1 21 1.000000
0  -1.097168 -8.903444 3.605127  -0.213065 -0.322743 -0.922193  0.864441 0.626221 1 21 1.000000
Komainu
0  -1.127930 -9.246219 3.730371  -0.266781 -0.738209 -0.619576  0.866089 0.635559 1 21 1.000000
0  0.000001 -9.408084 3.673242  -0.000002 -0.777682 -0.628658  0.829163 0.637573 1 21 1.000000
0  0.000001 -9.433719 3.942039  0.000000 -0.934112 0.356979  0.829163 0.651550 1 21 1.000000
Komainu
0  -1.127930 -9.246219 3.730371  -0.266781 -0.738209 -0.619576  0.866089 0.635559 1 21 1.000000
0  0.000001 -9.433719 3.942039  0.000000 -0.934112 0.356979  0.829163 0.651550 1 21 1.000000
0  -1.154297 -9.310675 4.003563  -0.201734 -0.923737 0.325596  0.866638 0.649292 1 21 1.000000
Komainu
0  3.429931 -7.221680 4.820067  0.811855 0.139702 -0.566899  0.959900 0.604248 2 21 0.600000 20 0.400000
0  3.585937 -7.163816 5.206053  0.944689 0.136652 -0.298142  0.966858 0.600037 2 20 0.600000 21 0.400000
0  3.600586 -7.397460 5.123292  0.934401 -0.051953 -0.352415  0.970459 0.609985 2 20 0.600000 21 0.400000
Komainu
0  3.429931 -7.221680 4.820067  0.811855 0.139702 -0.566899  0.959900 0.604248 2 21 0.600000 20 0.400000
0  3.600586 -7.397460 5.123292  0.934401 -0.051953 -0.352415  0.970459 0.609985 2 20 0.600000 21 0.400000
0  3.488527 -7.423096 4.861815  0.903258 -0.044048 -0.426832  0.964539 0.611939 2 21 0.600000 20 0.400000
Komainu
0  3.202150 -7.522704 4.500000  0.717334 0.080387 -0.692077  0.948181 0.614807 2 21 0.800000 20 0.200000
0  3.429931 -7.221680 4.820067  0.811855 0.139702 -0.566899  0.959900 0.604248 2 21 0.600000 20 0.400000
0  3.488527 -7.423096 4.861815  0.903258 -0.044048 -0.426832  0.964539 0.611939 2 21 0.600000 20 0.400000
Komainu
0  3.202150 -7.522704 4.500000  0.717334 0.080387 -0.692077  0.948181 0.614807 2 21 0.800000 20 0.200000
0  3.488527 -7.423096 4.861815  0.903258 -0.044048 -0.426832  0.964539 0.611939 2 21 0.600000 20 0.400000
0  3.377929 -7.673583 4.650147  0.856163 -0.153755 -0.493299  0.951111 0.622559 2 21 0.800000 20 0.200000
Komainu
0  2.901124 -7.973145 4.170411  0.660984 -0.066542 -0.747444  0.929810 0.621399 2 21 0.900000 20 0.100000
0  3.202150 -7.522704 4.500000  0.717334 0.080387 -0.692077  0.948181 0.614807 2 21 0.800000 20 0.200000
0  3.377929 -7.673583 4.650147  0.856163 -0.153755 -0.493299  0.951111 0.622559 2 21 0.800000 20 0.200000
Komainu
0  2.901124 -7.973145 4.170411  0.660984 -0.066542 -0.747444  0.929810 0.621399 2 21 0.900000 20 0.100000
0  3.377929 -7.673583 4.650147  0.856163 -0.153755 -0.493299  0.951111 0.622559 2 21 0.800000 20 0.200000
0  3.022705 -8.149659 4.327881  0.758816 -0.393230 -0.519200  0.931824 0.628967 2 21 0.900000 20 0.100000
Komainu
0  3.022705 -8.149659 4.327881  0.758816 -0.393230 -0.519200  0.931824 0.628967 2 21 0.900000 20 0.100000
0  3.377929 -7.673583 4.650147  0.856163 -0.153755 -0.493299  0.951111 0.622559 2 21 0.800000 20 0.200000
0  3.362548 -7.802491 4.800294  0.676093 -0.687074 0.266135  0.955078 0.630554 2 21 0.800000 20 0.200000
Komainu
0  3.022705 -8.149659 4.327881  0.758816 -0.393230 -0.519200  0.931824 0.628967 2 21 0.900000 20 0.100000
0  3.362548 -7.802491 4.800294  0.676093 -0.687074 0.266135  0.955078 0.630554 2 21 0.800000 20 0.200000
0  2.995606 -8.258790 4.481688  0.593077 -0.753917 0.282613  0.934570 0.641479 2 21 0.900000 20 0.100000
Komainu
0  2.995606 -8.258790 4.481688  0.593077 -0.753917 0.282613  0.934570 0.641479 2 21 0.900000 20 0.100000
0  3.362548 -7.802491 4.800294  0.676093 -0.687074 0.266135  0.955078 0.630554 2 21 0.800000 20 0.200000
0  3.109132 -7.781250 4.899171  -0.272843 -0.530226 0.802756  0.957275 0.637817 2 21 0.700000 20 0.300000
Komainu
0  2.995606 -8.258790 4.481688  0.593077 -0.753917 0.282613  0.934570 0.641479 2 21 0.900000 20 0.100000
0  3.109132 -7.781250 4.899171  -0.272843 -0.530226 0.802756  0.957275 0.637817 2 21 0.700000 20 0.300000
0  2.761231 -8.125488 4.666992  -0.175480 -0.280952 0.943543  0.935181 0.653320 2 21 0.900000 20 0.100000
Komainu
0  2.571535 -7.888185 4.487549  -0.376651 0.031627 0.925815  0.930908 0.661621 2 21 0.900000 20 0.100000
0  2.761231 -8.125488 4.666992  -0.175480 -0.280952 0.943543  0.935181 0.653320 2 21 0.900000 20 0.100000
0  3.109132 -7.781250 4.899171  -0.272843 -0.530226 0.802756  0.957275 0.637817 2 21 0.700000 20 0.300000
Komainu
0  2.085205 -8.647830 4.418847  -0.049870 -0.318307 0.946675  0.904358 0.660523 1 21 1.000000
0  2.761231 -8.125488 4.666992  -0.175480 -0.280952 0.943543  0.935181 0.653320 2 21 0.900000 20 0.100000
0  2.571535 -7.888185 4.487549  -0.376651 0.031627 0.925815  0.930908 0.661621 2 21 0.900000 20 0.100000
Komainu
0  2.085205 -8.647830 4.418847  -0.049870 -0.318307 0.946675  0.904358 0.660523 1 21 1.000000
0  2.571535 -7.888185 4.487549  -0.376651 0.031627 0.925815  0.930908 0.661621 2 21 0.900000 20 0.100000
0  1.940920 -8.278688 4.347069  -0.234062 0.036855 0.971523  0.901245 0.668945 1 21 1.000000
Komainu
0  1.097902 -9.044069 4.220361  -0.008488 -0.358580 0.933460  0.864990 0.662109 1 21 1.000000
0  2.085205 -8.647830 4.418847  -0.049870 -0.318307 0.946675  0.904358 0.660523 1 21 1.000000
0  1.940920 -8.278688 4.347069  -0.234062 0.036855 0.971523  0.901245 0.668945 1 21 1.000000
Komainu
0  1.097902 -9.044069 4.220361  -0.008488 -0.358580 0.933460  0.864990 0.662109 1 21 1.000000
0  1.940920 -8.278688 4.347069  -0.234062 0.036855 0.971523  0.901245 0.668945 1 21 1.000000
0  1.023196 -8.585573 4.254783  -0.099788 0.031490 0.994510  0.864075 0.672607 1 21 1.000000
Komainu
0  0.000001 -9.139287 4.174950  0.008462 -0.358634 0.933440  0.829163 0.662415 1 21 1.000000
0  1.097902 -9.044069 4.220361  -0.008488 -0.358580 0.933460  0.864990 0.662109 1 21 1.000000
0  1.023196 -8.585573 4.254783  -0.099788 0.031490 0.994510  0.864075 0.672607 1 21 1.000000
Komainu
0  0.000001 -9.139287 4.174950  0.008462 -0.358634 0.933440  0.829163 0.662415 1 21 1.000000
0  1.023196 -8.585573 4.254783  -0.099788 0.031490 0.994510  0.864075 0.672607 1 21 1.000000
0  0.000001 -8.670537 4.207176  -0.000000 0.026596 0.999646  0.829163 0.671997 1 21 1.000000
Komainu
0  -1.023194 -8.585573 4.254783  0.099788 0.031490 0.994510  0.864075 0.672607 1 21 1.000000
0  0.000001 -9.139287 4.174950  0.008462 -0.358634 0.933440  0.829163 0.662415 1 21 1.000000
0  0.000001 -8.670537 4.207176  -0.000000 0.026596 0.999646  0.829163 0.671997 1 21 1.000000
Komainu
0  2.571535 -7.888185 4.487549  -0.376651 0.031627 0.925815  0.930908 0.661621 2 21 0.900000 20 0.100000
0  3.109132 -7.781250 4.899171  -0.272843 -0.530226 0.802756  0.957275 0.637817 2 21 0.700000 20 0.300000
0  2.993410 -7.491941 4.663329  -0.520956 -0.257847 0.813707  0.955627 0.646423 2 21 0.800000 20 0.200000
Komainu
0  3.109132 -7.781250 4.899171  -0.272843 -0.530226 0.802756  0.957275 0.637817 2 21 0.700000 20 0.300000
0  3.010987 -7.374023 4.848634  -0.837779 -0.438050 -0.325941  0.968750 0.633667 2 20 0.600000 21 0.400000
0  2.993410 -7.491941 4.663329  -0.520956 -0.257847 0.813707  0.955627 0.646423 2 21 0.800000 20 0.200000
Komainu
0  3.109132 -7.781250 4.899171  -0.272843 -0.530226 0.802756  0.957275 0.637817 2 21 0.700000 20 0.300000
0  3.115723 -7.762938 4.913817  -0.290119 -0.690397 -0.662709  0.969604 0.629883 2 20 0.600000 21 0.400000
0  3.010987 -7.374023 4.848634  -0.837779 -0.438050 -0.325941  0.968750 0.633667 2 20 0.600000 21 0.400000
Komainu
0  3.109132 -7.781250 4.899171  -0.272843 -0.530226 0.802756  0.957275 0.637817 2 21 0.700000 20 0.300000
0  3.471679 -7.636961 4.962891  0.772992 -0.631984 -0.055494  0.969421 0.621277 2 21 0.600000 20 0.400000
0  3.115723 -7.762938 4.913817  -0.290119 -0.690397 -0.662709  0.969604 0.629883 2 20 0.600000 21 0.400000
Komainu
0  3.109132 -7.781250 4.899171  -0.272843 -0.530226 0.802756  0.957275 0.637817 2 21 0.700000 20 0.300000
0  3.362548 -7.802491 4.800294  0.676093 -0.687074 0.266135  0.955078 0.630554 2 21 0.800000 20 0.200000
0  3.471679 -7.636961 4.962891  0.772992 -0.631984 -0.055494  0.969421 0.621277 2 21 0.600000 20 0.400000
Komainu
0  3.377929 -7.673583 4.650147  0.856163 -0.153755 -0.493299  0.951111 0.622559 2 21 0.800000 20 0.200000
0  3.471679 -7.636961 4.962891  0.772992 -0.631984 -0.055494  0.969421 0.621277 2 21 0.600000 20 0.400000
0  3.362548 -7.802491 4.800294  0.676093 -0.687074 0.266135  0.955078 0.630554 2 21 0.800000 20 0.200000
Komainu
0  3.377929 -7.673583 4.650147  0.856163 -0.153755 -0.493299  0.951111 0.622559 2 21 0.800000 20 0.200000
0  3.488527 -7.423096 4.861815  0.903258 -0.044048 -0.426832  0.964539 0.611939 2 21 0.600000 20 0.400000
0  3.471679 -7.636961 4.962891  0.772992 -0.631984 -0.055494  0.969421 0.621277 2 21 0.600000 20 0.400000
Komainu
0  3.471679 -7.636961 4.962891  0.772992 -0.631984 -0.055494  0.969421 0.621277 2 21 0.600000 20 0.400000
0  3.488527 -7.423096 4.861815  0.903258 -0.044048 -0.426832  0.964539 0.611939 2 21 0.600000 20 0.400000
0  3.600586 -7.397460 5.123292  0.934401 -0.051953 -0.352415  0.970459 0.609985 2 20 0.600000 21 0.400000
Komainu
0  0.719239 -7.627440 4.047363  0.333307 0.087280 -0.938770  0.358199 0.650146 2 21 0.900000 20 0.100000
0  1.027588 -7.727052 4.256835  0.797165 -0.538484 -0.273063  0.339645 0.650146 2 21 0.900000 20 0.100000
0  0.627688 -8.006835 4.081788  0.408803 -0.759558 -0.505916  0.363693 0.679565 2 21 0.900000 20 0.100000
Komainu
0  1.028320 -7.002687 4.207764  0.374117 0.110462 -0.920779  0.339584 0.602417 2 21 0.900000 20 0.100000
0  1.027588 -7.727052 4.256835  0.797165 -0.538484 -0.273063  0.339645 0.650146 2 21 0.900000 20 0.100000
0  0.719239 -7.627440 4.047363  0.333307 0.087280 -0.938770  0.358199 0.650146 2 21 0.900000 20 0.100000
Komainu
0  1.028320 -7.002687 4.207764  0.374117 0.110462 -0.920779  0.339584 0.602417 2 21 0.900000 20 0.100000
0  1.272217 -7.098632 4.510254  0.975790 -0.217834 -0.019548  0.324935 0.602417 2 21 0.900000 20 0.100000
0  1.027588 -7.727052 4.256835  0.797165 -0.538484 -0.273063  0.339645 0.650146 2 21 0.900000 20 0.100000
Komainu
0  0.979981 -6.412353 4.261230  0.339978 0.099003 -0.935208  0.342452 0.556763 2 21 0.800000 20 0.200000
0  1.272217 -7.098632 4.510254  0.975790 -0.217834 -0.019548  0.324935 0.602417 2 21 0.900000 20 0.100000
0  1.028320 -7.002687 4.207764  0.374117 0.110462 -0.920779  0.339584 0.602417 2 21 0.900000 20 0.100000
Komainu
0  0.979981 -6.412353 4.261230  0.339978 0.099003 -0.935208  0.342452 0.556763 2 21 0.800000 20 0.200000
0  1.328614 -6.424071 4.574706  0.996367 0.071217 0.046699  0.321517 0.556763 2 21 0.800000 20 0.200000
0  1.272217 -7.098632 4.510254  0.975790 -0.217834 -0.019548  0.324935 0.602417 2 21 0.900000 20 0.100000
Komainu
0  0.796144 -5.502687 4.313232  0.300078 0.102179 -0.948427  0.353500 0.519836 2 20 0.500000 21 0.500000
0  1.328614 -6.424071 4.574706  0.996367 0.071217 0.046699  0.321517 0.556763 2 21 0.800000 20 0.200000
0  0.979981 -6.412353 4.261230  0.339978 0.099003 -0.935208  0.342452 0.556763 2 21 0.800000 20 0.200000
Komainu
0  0.979981 -6.412353 4.261230  0.339978 0.099003 -0.935208  0.342452 0.556763 2 21 0.800000 20 0.200000
0  0.000001 -5.498292 4.366698  -0.000000 0.045781 -0.998951  0.401290 0.519836 2 20 0.500000 21 0.500000
0  0.796144 -5.502687 4.313232  0.300078 0.102179 -0.948427  0.353500 0.519836 2 20 0.500000 21 0.500000
Komainu
0  0.796144 -5.502687 4.313232  0.300078 0.102179 -0.948427  0.353500 0.519836 2 20 0.500000 21 0.500000
0  1.168213 -5.483643 4.573974  0.980420 0.195841 0.020569  0.331100 0.519836 2 20 0.500000 21 0.500000
0  1.328614 -6.424071 4.574706  0.996367 0.071217 0.046699  0.321517 0.556763 2 21 0.800000 20 0.200000
Komainu
0  0.979981 -6.412353 4.261230  0.339978 0.099003 -0.935208  0.342452 0.556763 2 21 0.800000 20 0.200000
0  0.000001 -6.410889 4.308105  -0.000002 0.085200 -0.996364  0.401290 0.556763 2 21 0.800000 20 0.200000
0  0.000001 -5.498292 4.366698  -0.000000 0.045781 -0.998951  0.401290 0.519836 2 20 0.500000 21 0.500000
Komainu
0  0.979981 -6.412353 4.261230  0.339978 0.099003 -0.935208  0.342452 0.556763 2 21 0.800000 20 0.200000
0  0.000001 -7.004151 4.222413  -0.000023 0.189564 -0.981868  0.401351 0.602417 2 21 0.900000 20 0.100000
0  0.000001 -6.410889 4.308105  -0.000002 0.085200 -0.996364  0.401290 0.556763 2 21 0.800000 20 0.200000
Komainu
0  0.979981 -6.412353 4.261230  0.339978 0.099003 -0.935208  0.342452 0.556763 2 21 0.800000 20 0.200000
0  1.028320 -7.002687 4.207764  0.374117 0.110462 -0.920779  0.339584 0.602417 2 21 0.900000 20 0.100000
0  0.000001 -7.004151 4.222413  -0.000023 0.189564 -0.981868  0.401351 0.602417 2 21 0.900000 20 0.100000
Komainu
0  1.028320 -7.002687 4.207764  0.374117 0.110462 -0.920779  0.339584 0.602417 2 21 0.900000 20 0.100000
0  0.000001 -7.609129 4.018800  0.000000 0.281618 -0.959527  0.401412 0.650146 2 21 0.900000 20 0.100000
0  0.000001 -7.004151 4.222413  -0.000023 0.189564 -0.981868  0.401351 0.602417 2 21 0.900000 20 0.100000
Komainu
0  1.028320 -7.002687 4.207764  0.374117 0.110462 -0.920779  0.339584 0.602417 2 21 0.900000 20 0.100000
0  0.719239 -7.627440 4.047363  0.333307 0.087280 -0.938770  0.358199 0.650146 2 21 0.900000 20 0.100000
0  0.000001 -7.609129 4.018800  0.000000 0.281618 -0.959527  0.401412 0.650146 2 21 0.900000 20 0.100000
Komainu
0  0.432862 -7.922606 3.956544  0.224669 -0.254462 -0.940624  0.375411 0.679565 2 21 0.900000 20 0.100000
0  0.000001 -7.609129 4.018800  0.000000 0.281618 -0.959527  0.401412 0.650146 2 21 0.900000 20 0.100000
0  0.719239 -7.627440 4.047363  0.333307 0.087280 -0.938770  0.358199 0.650146 2 21 0.900000 20 0.100000
Komainu
0  0.719239 -7.627440 4.047363  0.333307 0.087280 -0.938770  0.358199 0.650146 2 21 0.900000 20 0.100000
0  0.627688 -8.006835 4.081788  0.408803 -0.759558 -0.505916  0.363693 0.679565 2 21 0.900000 20 0.100000
0  0.432862 -7.922606 3.956544  0.224669 -0.254462 -0.940624  0.375411 0.679565 2 21 0.900000 20 0.100000
Komainu
0  0.627688 -8.006835 4.081788  0.408803 -0.759558 -0.505916  0.363693 0.679565 2 21 0.900000 20 0.100000
0  0.000001 -8.110839 4.004883  -0.000001 -0.826713 -0.562624  0.401412 0.685181 2 21 0.900000 20 0.100000
0  0.432862 -7.922606 3.956544  0.224669 -0.254462 -0.940624  0.375411 0.679565 2 21 0.900000 20 0.100000
Komainu
0  0.000001 -8.110839 4.004883  -0.000001 -0.826713 -0.562624  0.401412 0.685181 2 21 0.900000 20 0.100000
0  0.000001 -7.890381 3.912597  0.000009 -0.050393 -0.998730  0.401412 0.679565 2 21 0.900000 20 0.100000
0  0.432862 -7.922606 3.956544  0.224669 -0.254462 -0.940624  0.375411 0.679565 2 21 0.900000 20 0.100000
Komainu
0  0.000001 -8.110839 4.004883  -0.000001 -0.826713 -0.562624  0.401412 0.685181 2 21 0.900000 20 0.100000
0  -0.432860 -7.922606 3.956544  -0.224665 -0.254480 -0.940620  0.427413 0.679565 2 21 0.900000 20 0.100000
0  0.000001 -7.890381 3.912597  0.000009 -0.050393 -0.998730  0.401412 0.679565 2 21 0.900000 20 0.100000
Komainu
0  0.000001 -7.890381 3.912597  0.000009 -0.050393 -0.998730  0.401412 0.679565 2 21 0.900000 20 0.100000
0  -0.432860 -7.922606 3.956544  -0.224665 -0.254480 -0.940620  0.427413 0.679565 2 21 0.900000 20 0.100000
0  -0.719237 -7.627440 4.047363  -0.333308 0.087266 -0.938771  0.444564 0.650146 2 21 0.900000 20 0.100000
Komainu
0  -0.432860 -7.922606 3.956544  -0.224665 -0.254480 -0.940620  0.427413 0.679565 2 21 0.900000 20 0.100000
0  -1.027586 -7.727052 4.256835  -0.797124 -0.538504 -0.273142  0.463119 0.650146 2 21 0.900000 20 0.100000
0  -0.719237 -7.627440 4.047363  -0.333308 0.087266 -0.938771  0.444564 0.650146 2 21 0.900000 20 0.100000
Komainu
0  -1.027586 -7.727052 4.256835  -0.797124 -0.538504 -0.273142  0.463119 0.650146 2 21 0.900000 20 0.100000
0  -1.028318 -7.002687 4.207764  -0.373994 0.110459 -0.920830  0.463058 0.602417 2 21 0.900000 20 0.100000
0  -0.719237 -7.627440 4.047363  -0.333308 0.087266 -0.938771  0.444564 0.650146 2 21 0.900000 20 0.100000
Komainu
0  -1.027586 -7.727052 4.256835  -0.797124 -0.538504 -0.273142  0.463119 0.650146 2 21 0.900000 20 0.100000
0  -1.272215 -7.098632 4.510254  -0.975720 -0.218062 -0.020468  0.477706 0.602417 2 21 0.900000 20 0.100000
0  -1.028318 -7.002687 4.207764  -0.373994 0.110459 -0.920830  0.463058 0.602417 2 21 0.900000 20 0.100000
Komainu
0  -1.328612 -6.424071 4.574706  -0.996770 0.069037 0.041034  0.481063 0.556763 2 21 0.800000 20 0.200000
0  -1.028318 -7.002687 4.207764  -0.373994 0.110459 -0.920830  0.463058 0.602417 2 21 0.900000 20 0.100000
0  -1.272215 -7.098632 4.510254  -0.975720 -0.218062 -0.020468  0.477706 0.602417 2 21 0.900000 20 0.100000
Komainu
0  -1.328612 -6.424071 4.574706  -0.996770 0.069037 0.041034  0.481063 0.556763 2 21 0.800000 20 0.200000
0  -0.979979 -6.412353 4.261230  -0.339903 0.099012 -0.935234  0.460189 0.556763 2 21 0.800000 20 0.200000
0  -1.028318 -7.002687 4.207764  -0.373994 0.110459 -0.920830  0.463058 0.602417 2 21 0.900000 20 0.100000
Komainu
0  -1.328612 -6.424071 4.574706  -0.996770 0.069037 0.041034  0.481063 0.556763 2 21 0.800000 20 0.200000
0  -0.796142 -5.502687 4.313232  -0.299993 0.102177 -0.948453  0.449081 0.519836 2 20 0.500000 21 0.500000
0  -0.979979 -6.412353 4.261230  -0.339903 0.099012 -0.935234  0.460189 0.556763 2 21 0.800000 20 0.200000
Komainu
0  -0.979979 -6.412353 4.261230  -0.339903 0.099012 -0.935234  0.460189 0.556763 2 21 0.800000 20 0.200000
0  -0.796142 -5.502687 4.313232  -0.299993 0.102177 -0.948453  0.449081 0.519836 2 20 0.500000 21 0.500000
0  0.000001 -5.498292 4.366698  -0.000000 0.045781 -0.998951  0.401290 0.519836 2 20 0.500000 21 0.500000
Komainu
0  -0.979979 -6.412353 4.261230  -0.339903 0.099012 -0.935234  0.460189 0.556763 2 21 0.800000 20 0.200000
0  0.000001 -5.498292 4.366698  -0.000000 0.045781 -0.998951  0.401290 0.519836 2 20 0.500000 21 0.500000
0  0.000001 -6.410889 4.308105  -0.000002 0.085200 -0.996364  0.401290 0.556763 2 21 0.800000 20 0.200000
Komainu
0  -0.979979 -6.412353 4.261230  -0.339903 0.099012 -0.935234  0.460189 0.556763 2 21 0.800000 20 0.200000
0  0.000001 -6.410889 4.308105  -0.000002 0.085200 -0.996364  0.401290 0.556763 2 21 0.800000 20 0.200000
0  0.000001 -7.004151 4.222413  -0.000023 0.189564 -0.981868  0.401351 0.602417 2 21 0.900000 20 0.100000
Komainu
0  -0.979979 -6.412353 4.261230  -0.339903 0.099012 -0.935234  0.460189 0.556763 2 21 0.800000 20 0.200000
0  0.000001 -7.004151 4.222413  -0.000023 0.189564 -0.981868  0.401351 0.602417 2 21 0.900000 20 0.100000
0  -1.028318 -7.002687 4.207764  -0.373994 0.110459 -0.920830  0.463058 0.602417 2 21 0.900000 20 0.100000
Komainu
0  0.000001 -7.609129 4.018800  0.000000 0.281618 -0.959527  0.401412 0.650146 2 21 0.900000 20 0.100000
0  -1.028318 -7.002687 4.207764  -0.373994 0.110459 -0.920830  0.463058 0.602417 2 21 0.900000 20 0.100000
0  0.000001 -7.004151 4.222413  -0.000023 0.189564 -0.981868  0.401351 0.602417 2 21 0.900000 20 0.100000
Komainu
0  0.000001 -7.609129 4.018800  0.000000 0.281618 -0.959527  0.401412 0.650146 2 21 0.900000 20 0.100000
0  -0.719237 -7.627440 4.047363  -0.333308 0.087266 -0.938771  0.444564 0.650146 2 21 0.900000 20 0.100000
0  -1.028318 -7.002687 4.207764  -0.373994 0.110459 -0.920830  0.463058 0.602417 2 21 0.900000 20 0.100000
Komainu
0  0.000001 -7.890381 3.912597  0.000009 -0.050393 -0.998730  0.401412 0.679565 2 21 0.900000 20 0.100000
0  -0.719237 -7.627440 4.047363  -0.333308 0.087266 -0.938771  0.444564 0.650146 2 21 0.900000 20 0.100000
0  0.000001 -7.609129 4.018800  0.000000 0.281618 -0.959527  0.401412 0.650146 2 21 0.900000 20 0.100000
Komainu
0  0.432862 -7.922606 3.956544  0.224669 -0.254462 -0.940624  0.375411 0.679565 2 21 0.900000 20 0.100000
0  0.000001 -7.890381 3.912597  0.000009 -0.050393 -0.998730  0.401412 0.679565 2 21 0.900000 20 0.100000
0  0.000001 -7.609129 4.018800  0.000000 0.281618 -0.959527  0.401412 0.650146 2 21 0.900000 20 0.100000
Komainu
0  -1.328612 -6.424071 4.574706  -0.996770 0.069037 0.041034  0.481063 0.556763 2 21 0.800000 20 0.200000
0  -1.168943 -5.483643 4.573974  -0.981549 0.190883 0.011176  0.471420 0.519836 2 20 0.500000 21 0.500000
0  -0.796142 -5.502687 4.313232  -0.299993 0.102177 -0.948453  0.449081 0.519836 2 20 0.500000 21 0.500000
Komainu
0  0.000001 -8.110839 4.004883  -0.000001 -0.826713 -0.562624  0.401412 0.685181 2 21 0.900000 20 0.100000
0  -0.627686 -8.006835 4.081788  -0.408799 -0.759588 -0.505875  0.439071 0.679565 2 21 0.900000 20 0.100000
0  -0.432860 -7.922606 3.956544  -0.224665 -0.254480 -0.940620  0.427413 0.679565 2 21 0.900000 20 0.100000
Komainu
0  -0.432860 -7.922606 3.956544  -0.224665 -0.254480 -0.940620  0.427413 0.679565 2 21 0.900000 20 0.100000
0  -0.627686 -8.006835 4.081788  -0.408799 -0.759588 -0.505875  0.439071 0.679565 2 21 0.900000 20 0.100000
0  -1.027586 -7.727052 4.256835  -0.797124 -0.538504 -0.273142  0.463119 0.650146 2 21 0.900000 20 0.100000
Komainu
0  0.996094 -7.199706 4.718994  0.406192 -0.304367 0.861608  0.039596 0.893738 2 21 0.900000 20 0.100000
0  1.272217 -7.098632 4.510254  0.975790 -0.217834 -0.019548  0.022994 0.893738 2 21 0.900000 20 0.100000
0  1.328614 -6.424071 4.574706  0.996367 0.071217 0.046699  0.019576 0.848023 2 21 0.800000 20 0.200000
Komainu
0  0.799807 -7.814940 4.440675  0.394280 -0.675772 0.622796  0.051437 0.941406 2 21 0.900000 20 0.100000
0  1.272217 -7.098632 4.510254  0.975790 -0.217834 -0.019548  0.022994 0.893738 2 21 0.900000 20 0.100000
0  0.996094 -7.199706 4.718994  0.406192 -0.304367 0.861608  0.039596 0.893738 2 21 0.900000 20 0.100000
Komainu
0  0.799807 -7.814940 4.440675  0.394280 -0.675772 0.622796  0.051437 0.941406 2 21 0.900000 20 0.100000
0  1.027588 -7.727052 4.256835  0.797165 -0.538484 -0.273063  0.037704 0.941406 2 21 0.900000 20 0.100000
0  1.272217 -7.098632 4.510254  0.975790 -0.217834 -0.019548  0.022994 0.893738 2 21 0.900000 20 0.100000
Komainu
0  0.477541 -8.079345 4.191651  0.228026 -0.944295 0.237301  0.070785 0.970886 2 21 0.900000 20 0.100000
0  1.027588 -7.727052 4.256835  0.797165 -0.538484 -0.273063  0.037704 0.941406 2 21 0.900000 20 0.100000
0  0.799807 -7.814940 4.440675  0.394280 -0.675772 0.622796  0.051437 0.941406 2 21 0.900000 20 0.100000
Komainu
0  0.477541 -8.079345 4.191651  0.228026 -0.944295 0.237301  0.070785 0.970886 2 21 0.900000 20 0.100000
0  0.627688 -8.006835 4.081788  0.408803 -0.759558 -0.505916  0.061752 0.970886 2 21 0.900000 20 0.100000
0  1.027588 -7.727052 4.256835  0.797165 -0.538484 -0.273063  0.037704 0.941406 2 21 0.900000 20 0.100000
Komainu
0  0.000001 -8.110839 4.004883  -0.000001 -0.826713 -0.562624  0.099471 0.976440 2 21 0.900000 20 0.100000
0  0.627688 -8.006835 4.081788  0.408803 -0.759558 -0.505916  0.061752 0.970886 2 21 0.900000 20 0.100000
0  0.477541 -8.079345 4.191651  0.228026 -0.944295 0.237301  0.070785 0.970886 2 21 0.900000 20 0.100000
Komainu
0  -1.328612 -6.424071 4.574706  -0.996770 0.069037 0.041034  0.179122 0.848023 2 21 0.800000 20 0.200000
0  -0.832763 -5.465331 4.831788  -0.356513 0.073966 0.931358  0.149337 0.811096 2 20 0.500000 21 0.500000
0  -1.168943 -5.483643 4.573974  -0.981549 0.190883 0.011176  0.169479 0.811096 2 20 0.500000 21 0.500000
Komainu
0  -1.328612 -6.424071 4.574706  -0.996770 0.069037 0.041034  0.179122 0.848023 2 21 0.800000 20 0.200000
0  -0.999755 -6.442383 4.826661  -0.372666 -0.029717 0.927490  0.159347 0.848023 2 21 0.800000 20 0.200000
0  -0.832763 -5.465331 4.831788  -0.356513 0.073966 0.931358  0.149337 0.811096 2 20 0.500000 21 0.500000
Komainu
0  -1.272215 -7.098632 4.510254  -0.975720 -0.218062 -0.020468  0.175765 0.893738 2 21 0.900000 20 0.100000
0  -0.999755 -6.442383 4.826661  -0.372666 -0.029717 0.927490  0.159347 0.848023 2 21 0.800000 20 0.200000
0  -1.328612 -6.424071 4.574706  -0.996770 0.069037 0.041034  0.179122 0.848023 2 21 0.800000 20 0.200000
Komainu
0  -1.272215 -7.098632 4.510254  -0.975720 -0.218062 -0.020468  0.175765 0.893738 2 21 0.900000 20 0.100000
0  -0.996092 -7.199706 4.718994  -0.407836 -0.306215 0.860176  0.159164 0.893738 2 21 0.900000 20 0.100000
0  -0.999755 -6.442383 4.826661  -0.372666 -0.029717 0.927490  0.159347 0.848023 2 21 0.800000 20 0.200000
Komainu
0  -1.027586 -7.727052 4.256835  -0.797124 -0.538504 -0.273142  0.161117 0.941406 2 21 0.900000 20 0.100000
0  -0.996092 -7.199706 4.718994  -0.407836 -0.306215 0.860176  0.159164 0.893738 2 21 0.900000 20 0.100000
0  -1.272215 -7.098632 4.510254  -0.975720 -0.218062 -0.020468  0.175765 0.893738 2 21 0.900000 20 0.100000
Komainu
0  -1.027586 -7.727052 4.256835  -0.797124 -0.538504 -0.273142  0.161117 0.941406 2 21 0.900000 20 0.100000
0  -0.799805 -7.814940 4.440675  -0.394585 -0.675971 0.622388  0.147445 0.941406 2 21 0.900000 20 0.100000
0  -0.996092 -7.199706 4.718994  -0.407836 -0.306215 0.860176  0.159164 0.893738 2 21 0.900000 20 0.100000
Komainu
0  -0.627686 -8.006835 4.081788  -0.408799 -0.759588 -0.505875  0.137130 0.970886 2 21 0.900000 20 0.100000
0  -0.799805 -7.814940 4.440675  -0.394585 -0.675971 0.622388  0.147445 0.941406 2 21 0.900000 20 0.100000
0  -1.027586 -7.727052 4.256835  -0.797124 -0.538504 -0.273142  0.161117 0.941406 2 21 0.900000 20 0.100000
Komainu
0  -0.627686 -8.006835 4.081788  -0.408799 -0.759588 -0.505875  0.137130 0.970886 2 21 0.900000 20 0.100000
0  -0.477539 -8.079345 4.191651  -0.228018 -0.944323 0.237198  0.128097 0.970886 2 21 0.900000 20 0.100000
0  -0.799805 -7.814940 4.440675  -0.394585 -0.675971 0.622388  0.147445 0.941406 2 21 0.900000 20 0.100000
Komainu
0  0.000001 -8.110839 4.004883  -0.000001 -0.826713 -0.562624  0.099471 0.976440 2 21 0.900000 20 0.100000
0  -0.477539 -8.079345 4.191651  -0.228018 -0.944323 0.237198  0.128097 0.970886 2 21 0.900000 20 0.100000
0  -0.627686 -8.006835 4.081788  -0.408799 -0.759588 -0.505875  0.137130 0.970886 2 21 0.900000 20 0.100000
Komainu
0  0.000001 -8.110839 4.004883  -0.000001 -0.826713 -0.562624  0.099471 0.976440 2 21 0.900000 20 0.100000
0  0.000001 -8.111570 4.238526  -0.000054 -0.889344 0.457238  0.099471 0.970886 2 21 0.900000 20 0.100000
0  -0.477539 -8.079345 4.191651  -0.228018 -0.944323 0.237198  0.128097 0.970886 2 21 0.900000 20 0.100000
Komainu
0  0.000001 -8.111570 4.238526  -0.000054 -0.889344 0.457238  0.099471 0.970886 2 21 0.900000 20 0.100000
0  0.000001 -8.110839 4.004883  -0.000001 -0.826713 -0.562624  0.099471 0.976440 2 21 0.900000 20 0.100000
0  0.477541 -8.079345 4.191651  0.228026 -0.944295 0.237301  0.070785 0.970886 2 21 0.900000 20 0.100000
Komainu
0  0.295168 -7.832520 4.543944  0.040390 -0.627332 0.777704  0.081710 0.941406 2 21 0.900000 20 0.100000
0  0.000001 -8.111570 4.238526  -0.000054 -0.889344 0.457238  0.099471 0.970886 2 21 0.900000 20 0.100000
0  0.477541 -8.079345 4.191651  0.228026 -0.944295 0.237301  0.070785 0.970886 2 21 0.900000 20 0.100000
Komainu
0  0.295168 -7.832520 4.543944  0.040390 -0.627332 0.777704  0.081710 0.941406 2 21 0.900000 20 0.100000
0  0.477541 -8.079345 4.191651  0.228026 -0.944295 0.237301  0.070785 0.970886 2 21 0.900000 20 0.100000
0  0.799807 -7.814940 4.440675  0.394280 -0.675772 0.622796  0.051437 0.941406 2 21 0.900000 20 0.100000
Komainu
0  0.799807 -7.814940 4.440675  0.394280 -0.675772 0.622796  0.051437 0.941406 2 21 0.900000 20 0.100000
0  0.316408 -7.210692 4.806885  -0.067627 -0.254398 0.964732  0.080367 0.893738 2 21 0.900000 20 0.100000
0  0.295168 -7.832520 4.543944  0.040390 -0.627332 0.777704  0.081710 0.941406 2 21 0.900000 20 0.100000
Komainu
0  0.799807 -7.814940 4.440675  0.394280 -0.675772 0.622796  0.051437 0.941406 2 21 0.900000 20 0.100000
0  0.996094 -7.199706 4.718994  0.406192 -0.304367 0.861608  0.039596 0.893738 2 21 0.900000 20 0.100000
0  0.316408 -7.210692 4.806885  -0.067627 -0.254398 0.964732  0.080367 0.893738 2 21 0.900000 20 0.100000
Komainu
0  0.999757 -6.442383 4.823730  0.362338 -0.021758 0.931793  0.039291 0.848023 2 21 0.800000 20 0.200000
0  0.316408 -7.210692 4.806885  -0.067627 -0.254398 0.964732  0.080367 0.893738 2 21 0.900000 20 0.100000
0  0.996094 -7.199706 4.718994  0.406192 -0.304367 0.861608  0.039596 0.893738 2 21 0.900000 20 0.100000
Komainu
0  0.996094 -7.199706 4.718994  0.406192 -0.304367 0.861608  0.039596 0.893738 2 21 0.900000 20 0.100000
0  1.328614 -6.424071 4.574706  0.996367 0.071217 0.046699  0.019576 0.848023 2 21 0.800000 20 0.200000
0  0.999757 -6.442383 4.823730  0.362338 -0.021758 0.931793  0.039291 0.848023 2 21 0.800000 20 0.200000
Komainu
0  0.999757 -6.442383 4.823730  0.362338 -0.021758 0.931793  0.039291 0.848023 2 21 0.800000 20 0.200000
0  1.328614 -6.424071 4.574706  0.996367 0.071217 0.046699  0.019576 0.848023 2 21 0.800000 20 0.200000
0  1.168213 -5.483643 4.573974  0.980420 0.195841 0.020569  0.029159 0.811096 2 20 0.500000 21 0.500000
Komainu
0  0.999757 -6.442383 4.823730  0.362338 -0.021758 0.931793  0.039291 0.848023 2 21 0.800000 20 0.200000
0  0.312745 -6.438720 4.904298  -0.127568 -0.034188 0.991240  0.080551 0.848023 2 21 0.800000 20 0.200000
0  0.316408 -7.210692 4.806885  -0.067627 -0.254398 0.964732  0.080367 0.893738 2 21 0.900000 20 0.100000
Komainu
0  -0.314939 -6.437988 4.910889  0.141369 -0.047123 0.988835  0.118209 0.848023 2 21 0.800000 20 0.200000
0  -0.999755 -6.442383 4.826661  -0.372666 -0.029717 0.927490  0.159347 0.848023 2 21 0.800000 20 0.200000
0  -0.996092 -7.199706 4.718994  -0.407836 -0.306215 0.860176  0.159164 0.893738 2 21 0.900000 20 0.100000
Komainu
0  -0.314939 -6.437988 4.910889  0.141369 -0.047123 0.988835  0.118209 0.848023 2 21 0.800000 20 0.200000
0  -0.832763 -5.465331 4.831788  -0.356513 0.073966 0.931358  0.149337 0.811096 2 20 0.500000 21 0.500000
0  -0.999755 -6.442383 4.826661  -0.372666 -0.029717 0.927490  0.159347 0.848023 2 21 0.800000 20 0.200000
Komainu
0  -0.314939 -6.437988 4.910889  0.141369 -0.047123 0.988835  0.118209 0.848023 2 21 0.800000 20 0.200000
0  -0.215330 -5.464599 4.849365  0.171184 0.042357 0.984328  0.112228 0.811096 2 20 0.500000 21 0.500000
0  -0.832763 -5.465331 4.831788  -0.356513 0.073966 0.931358  0.149337 0.811096 2 20 0.500000 21 0.500000
Komainu
0  -0.314939 -6.437988 4.910889  0.141369 -0.047123 0.988835  0.118209 0.848023 2 21 0.800000 20 0.200000
0  -0.000731 -5.473389 4.724121  0.034927 0.057119 0.997756  0.099349 0.811096 2 20 0.500000 21 0.500000
0  -0.215330 -5.464599 4.849365  0.171184 0.042357 0.984328  0.112228 0.811096 2 20 0.500000 21 0.500000
Komainu
0  0.999757 -6.442383 4.823730  0.362338 -0.021758 0.931793  0.039291 0.848023 2 21 0.800000 20 0.200000
0  1.168213 -5.483643 4.573974  0.980420 0.195841 0.020569  0.029159 0.811096 2 20 0.500000 21 0.500000
0  0.832765 -5.466798 4.814208  0.338546 0.085986 0.937013  0.049301 0.811096 2 20 0.500000 21 0.500000
Komainu
0  0.999757 -6.442383 4.823730  0.362338 -0.021758 0.931793  0.039291 0.848023 2 21 0.800000 20 0.200000
0  0.832765 -5.466798 4.814208  0.338546 0.085986 0.937013  0.049301 0.811096 2 20 0.500000 21 0.500000
0  0.213136 -5.466798 4.812012  -0.145682 0.062925 0.987328  0.086471 0.811096 2 20 0.500000 21 0.500000
Komainu
0  0.999757 -6.442383 4.823730  0.362338 -0.021758 0.931793  0.039291 0.848023 2 21 0.800000 20 0.200000
0  0.213136 -5.466798 4.812012  -0.145682 0.062925 0.987328  0.086471 0.811096 2 20 0.500000 21 0.500000
0  0.312745 -6.438720 4.904298  -0.127568 -0.034188 0.991240  0.080551 0.848023 2 21 0.800000 20 0.200000
Komainu
0  0.312745 -6.438720 4.904298  -0.127568 -0.034188 0.991240  0.080551 0.848023 2 21 0.800000 20 0.200000
0  0.213136 -5.466798 4.812012  -0.145682 0.062925 0.987328  0.086471 0.811096 2 20 0.500000 21 0.500000
0  -0.000731 -5.473389 4.724121  0.034927 0.057119 0.997756  0.099349 0.811096 2 20 0.500000 21 0.500000
Komainu
0  0.312745 -6.438720 4.904298  -0.127568 -0.034188 0.991240  0.080551 0.848023 2 21 0.800000 20 0.200000
0  -0.000731 -5.473389 4.724121  0.034927 0.057119 0.997756  0.099349 0.811096 2 20 0.500000 21 0.500000
0  0.000001 -6.437256 4.798827  0.019482 -0.040171 0.999003  0.099349 0.848023 2 21 0.800000 20 0.200000
Komainu
0  -0.314939 -6.437988 4.910889  0.141369 -0.047123 0.988835  0.118209 0.848023 2 21 0.800000 20 0.200000
0  0.000001 -6.437256 4.798827  0.019482 -0.040171 0.999003  0.099349 0.848023 2 21 0.800000 20 0.200000
0  -0.000731 -5.473389 4.724121  0.034927 0.057119 0.997756  0.099349 0.811096 2 20 0.500000 21 0.500000
Komainu
0  -0.319334 -7.210692 4.807616  0.068622 -0.256899 0.963999  0.118514 0.893738 2 21 0.900000 20 0.100000
0  0.000001 -6.437256 4.798827  0.019482 -0.040171 0.999003  0.099349 0.848023 2 21 0.800000 20 0.200000
0  -0.314939 -6.437988 4.910889  0.141369 -0.047123 0.988835  0.118209 0.848023 2 21 0.800000 20 0.200000
Komainu
0  -0.314939 -6.437988 4.910889  0.141369 -0.047123 0.988835  0.118209 0.848023 2 21 0.800000 20 0.200000
0  -0.996092 -7.199706 4.718994  -0.407836 -0.306215 0.860176  0.159164 0.893738 2 21 0.900000 20 0.100000
0  -0.319334 -7.210692 4.807616  0.068622 -0.256899 0.963999  0.118514 0.893738 2 21 0.900000 20 0.100000
Komainu
0  -0.296630 -7.832520 4.543944  -0.040698 -0.627626 0.777451  0.117233 0.941406 2 21 0.900000 20 0.100000
0  -0.319334 -7.210692 4.807616  0.068622 -0.256899 0.963999  0.118514 0.893738 2 21 0.900000 20 0.100000
0  -0.996092 -7.199706 4.718994  -0.407836 -0.306215 0.860176  0.159164 0.893738 2 21 0.900000 20 0.100000
Komainu
0  -0.296630 -7.832520 4.543944  -0.040698 -0.627626 0.777451  0.117233 0.941406 2 21 0.900000 20 0.100000
0  -0.996092 -7.199706 4.718994  -0.407836 -0.306215 0.860176  0.159164 0.893738 2 21 0.900000 20 0.100000
0  -0.799805 -7.814940 4.440675  -0.394585 -0.675971 0.622388  0.147445 0.941406 2 21 0.900000 20 0.100000
Komainu
0  -0.296630 -7.832520 4.543944  -0.040698 -0.627626 0.777451  0.117233 0.941406 2 21 0.900000 20 0.100000
0  -0.799805 -7.814940 4.440675  -0.394585 -0.675971 0.622388  0.147445 0.941406 2 21 0.900000 20 0.100000
0  -0.477539 -8.079345 4.191651  -0.228018 -0.944323 0.237198  0.128097 0.970886 2 21 0.900000 20 0.100000
Komainu
0  -0.296630 -7.832520 4.543944  -0.040698 -0.627626 0.777451  0.117233 0.941406 2 21 0.900000 20 0.100000
0  -0.477539 -8.079345 4.191651  -0.228018 -0.944323 0.237198  0.128097 0.970886 2 21 0.900000 20 0.100000
0  0.000001 -8.111570 4.238526  -0.000054 -0.889344 0.457238  0.099471 0.970886 2 21 0.900000 20 0.100000
Komainu
0  -0.296630 -7.832520 4.543944  -0.040698 -0.627626 0.777451  0.117233 0.941406 2 21 0.900000 20 0.100000
0  0.000001 -8.111570 4.238526  -0.000054 -0.889344 0.457238  0.099471 0.970886 2 21 0.900000 20 0.100000
0  0.000001 -7.842041 4.524903  -0.000085 -0.541543 0.840673  0.099410 0.941406 2 21 0.900000 20 0.100000
Komainu
0  0.295168 -7.832520 4.543944  0.040390 -0.627332 0.777704  0.081710 0.941406 2 21 0.900000 20 0.100000
0  0.000001 -7.842041 4.524903  -0.000085 -0.541543 0.840673  0.099410 0.941406 2 21 0.900000 20 0.100000
0  0.000001 -8.111570 4.238526  -0.000054 -0.889344 0.457238  0.099471 0.970886 2 21 0.900000 20 0.100000
Komainu
0  0.000001 -7.842041 4.524903  -0.000085 -0.541543 0.840673  0.099410 0.941406 2 21 0.900000 20 0.100000
0  0.295168 -7.832520 4.543944  0.040390 -0.627332 0.777704  0.081710 0.941406 2 21 0.900000 20 0.100000
0  0.316408 -7.210692 4.806885  -0.067627 -0.254398 0.964732  0.080367 0.893738 2 21 0.900000 20 0.100000
Komainu
0  0.000001 -7.842041 4.524903  -0.000085 -0.541543 0.840673  0.099410 0.941406 2 21 0.900000 20 0.100000
0  0.316408 -7.210692 4.806885  -0.067627 -0.254398 0.964732  0.080367 0.893738 2 21 0.900000 20 0.100000
0  -0.000731 -7.200438 4.690431  0.002024 -0.229680 0.973264  0.099410 0.893738 2 21 0.900000 20 0.100000
Komainu
0  0.312745 -6.438720 4.904298  -0.127568 -0.034188 0.991240  0.080551 0.848023 2 21 0.800000 20 0.200000
0  -0.000731 -7.200438 4.690431  0.002024 -0.229680 0.973264  0.099410 0.893738 2 21 0.900000 20 0.100000
0  0.316408 -7.210692 4.806885  -0.067627 -0.254398 0.964732  0.080367 0.893738 2 21 0.900000 20 0.100000
Komainu
0  0.312745 -6.438720 4.904298  -0.127568 -0.034188 0.991240  0.080551 0.848023 2 21 0.800000 20 0.200000
0  0.000001 -6.437256 4.798827  0.019482 -0.040171 0.999003  0.099349 0.848023 2 21 0.800000 20 0.200000
0  -0.000731 -7.200438 4.690431  0.002024 -0.229680 0.973264  0.099410 0.893738 2 21 0.900000 20 0.100000
Komainu
0  -0.319334 -7.210692 4.807616  0.068622 -0.256899 0.963999  0.118514 0.893738 2 21 0.900000 20 0.100000
0  -0.000731 -7.200438 4.690431  0.002024 -0.229680 0.973264  0.099410 0.893738 2 21 0.900000 20 0.100000
0  0.000001 -6.437256 4.798827  0.019482 -0.040171 0.999003  0.099349 0.848023 2 21 0.800000 20 0.200000
Komainu
0  -0.296630 -7.832520 4.543944  -0.040698 -0.627626 0.777451  0.117233 0.941406 2 21 0.900000 20 0.100000
0  -0.000731 -7.200438 4.690431  0.002024 -0.229680 0.973264  0.099410 0.893738 2 21 0.900000 20 0.100000
0  -0.319334 -7.210692 4.807616  0.068622 -0.256899 0.963999  0.118514 0.893738 2 21 0.900000 20 0.100000
Komainu
0  -0.296630 -7.832520 4.543944  -0.040698 -0.627626 0.777451  0.117233 0.941406 2 21 0.900000 20 0.100000
0  0.000001 -7.842041 4.524903  -0.000085 -0.541543 0.840673  0.099410 0.941406 2 21 0.900000 20 0.100000
0  -0.000731 -7.200438 4.690431  0.002024 -0.229680 0.973264  0.099410 0.893738 2 21 0.900000 20 0.100000
Komainu
0  2.993410 -7.491941 4.663329  -0.520956 -0.257847 0.813707  0.990723 0.672424 2 21 0.800000 20 0.200000
0  3.010987 -7.374023 4.848634  -0.837779 -0.438050 -0.325941  0.997742 0.677063 2 20 0.600000 21 0.400000
0  2.803711 -6.931643 4.883790  -0.872386 -0.478237 -0.101150  0.994751 0.696960 2 20 0.600000 21 0.400000
Komainu
0  2.167237 -6.332645 4.627587  -0.359660 -0.219724 0.906844  0.983887 0.717835 1 21 1.000000
0  1.595215 -5.800049 4.831056  -0.246411 -0.968544 0.034692  0.969849 0.742554 2 20 0.500000 21 0.500000
0  1.590820 -6.364872 4.588035  -0.152332 -0.351847 0.923579  0.969849 0.716797 1 21 1.000000
Komainu
0  2.167237 -6.332645 4.627587  -0.359660 -0.219724 0.906844  0.983887 0.717835 1 21 1.000000
0  2.488039 -6.203007 4.881738  -0.720318 -0.692722 -0.035741  0.985535 0.744812 1 21 1.000000
0  1.595215 -5.800049 4.831056  -0.246411 -0.968544 0.034692  0.969849 0.742554 2 20 0.500000 21 0.500000
Komainu
0  2.803711 -6.931643 4.883790  -0.872386 -0.478237 -0.101150  0.994751 0.696960 2 20 0.600000 21 0.400000
0  2.488039 -6.203007 4.881738  -0.720318 -0.692722 -0.035741  0.985535 0.744812 1 21 1.000000
0  2.167237 -6.332645 4.627587  -0.359660 -0.219724 0.906844  0.983887 0.717835 1 21 1.000000
Komainu
0  2.803711 -6.931643 4.883790  -0.872386 -0.478237 -0.101150  0.994751 0.696960 2 20 0.600000 21 0.400000
0  2.167237 -6.332645 4.627587  -0.359660 -0.219724 0.906844  0.983887 0.717835 1 21 1.000000
0  2.409670 -7.135252 4.757079  -0.405158 -0.293891 0.865722  0.990662 0.690002 2 21 0.900000 20 0.100000
Komainu
0  2.993410 -7.491941 4.663329  -0.520956 -0.257847 0.813707  0.990723 0.672424 2 21 0.800000 20 0.200000
0  2.803711 -6.931643 4.883790  -0.872386 -0.478237 -0.101150  0.994751 0.696960 2 20 0.600000 21 0.400000
0  2.409670 -7.135252 4.757079  -0.405158 -0.293891 0.865722  0.990662 0.690002 2 21 0.900000 20 0.100000
Komainu
0  2.033938 -7.438475 4.446534  -0.296269 -0.223445 0.928600  0.982300 0.689026 2 21 0.900000 20 0.100000
0  2.993410 -7.491941 4.663329  -0.520956 -0.257847 0.813707  0.990723 0.672424 2 21 0.800000 20 0.200000
0  2.409670 -7.135252 4.757079  -0.405158 -0.293891 0.865722  0.990662 0.690002 2 21 0.900000 20 0.100000
Komainu
0  2.033938 -7.438475 4.446534  -0.296269 -0.223445 0.928600  0.982300 0.689026 2 21 0.900000 20 0.100000
0  2.571535 -7.888185 4.487549  -0.376651 0.031627 0.925815  0.982178 0.671936 2 21 0.900000 20 0.100000
0  2.993410 -7.491941 4.663329  -0.520956 -0.257847 0.813707  0.990723 0.672424 2 21 0.800000 20 0.200000
Komainu
0  1.940920 -8.278688 4.347069  -0.234062 0.036855 0.971523  0.970947 0.671692 1 21 1.000000
0  2.571535 -7.888185 4.487549  -0.376651 0.031627 0.925815  0.982178 0.671936 2 21 0.900000 20 0.100000
0  2.033938 -7.438475 4.446534  -0.296269 -0.223445 0.928600  0.982300 0.689026 2 21 0.900000 20 0.100000
Komainu
0  1.940920 -8.278688 4.347069  -0.234062 0.036855 0.971523  0.970947 0.671692 1 21 1.000000
0  2.033938 -7.438475 4.446534  -0.296269 -0.223445 0.928600  0.982300 0.689026 2 21 0.900000 20 0.100000
0  1.534426 -7.600341 4.271484  -0.177371 -0.116277 0.977251  0.969849 0.688782 2 21 0.900000 20 0.100000
Komainu
0  1.023196 -8.585573 4.254783  -0.099788 0.031490 0.994510  0.953796 0.672607 1 21 1.000000
0  1.940920 -8.278688 4.347069  -0.234062 0.036855 0.971523  0.970947 0.671692 1 21 1.000000
0  1.534426 -7.600341 4.271484  -0.177371 -0.116277 0.977251  0.969849 0.688782 2 21 0.900000 20 0.100000
Komainu
0  1.023196 -8.585573 4.254783  -0.099788 0.031490 0.994510  0.953796 0.672607 1 21 1.000000
0  1.534426 -7.600341 4.271484  -0.177371 -0.116277 0.977251  0.969849 0.688782 2 21 0.900000 20 0.100000
0  0.801271 -7.694091 4.117677  -0.103019 -0.073317 0.991974  0.954651 0.690369 2 21 0.900000 20 0.100000
Komainu
0  0.801271 -7.694091 4.117677  -0.103019 -0.073317 0.991974  0.954651 0.690369 2 21 0.900000 20 0.100000
0  0.000001 -8.670537 4.207176  -0.000000 0.026596 0.999646  0.940674 0.674255 1 21 1.000000
0  1.023196 -8.585573 4.254783  -0.099788 0.031490 0.994510  0.953796 0.672607 1 21 1.000000
Komainu
0  0.801271 -7.694091 4.117677  -0.103019 -0.073317 0.991974  0.954651 0.690369 2 21 0.900000 20 0.100000
0  0.000001 -7.746825 4.100829  0.000000 -0.056003 0.998431  0.940674 0.691589 2 21 0.900000 20 0.100000
0  0.000001 -8.670537 4.207176  -0.000000 0.026596 0.999646  0.940674 0.674255 1 21 1.000000
Komainu
0  0.801271 -7.694091 4.117677  -0.103019 -0.073317 0.991974  0.954651 0.690369 2 21 0.900000 20 0.100000
0  1.534426 -7.600341 4.271484  -0.177371 -0.116277 0.977251  0.969849 0.688782 2 21 0.900000 20 0.100000
0  1.590820 -6.364872 4.588035  -0.152332 -0.351847 0.923579  0.969849 0.716797 1 21 1.000000
Komainu
0  1.534426 -7.600341 4.271484  -0.177371 -0.116277 0.977251  0.969849 0.688782 2 21 0.900000 20 0.100000
0  2.167237 -6.332645 4.627587  -0.359660 -0.219724 0.906844  0.983887 0.717835 1 21 1.000000
0  1.590820 -6.364872 4.588035  -0.152332 -0.351847 0.923579  0.969849 0.716797 1 21 1.000000
Komainu
0  1.534426 -7.600341 4.271484  -0.177371 -0.116277 0.977251  0.969849 0.688782 2 21 0.900000 20 0.100000
0  2.033938 -7.438475 4.446534  -0.296269 -0.223445 0.928600  0.982300 0.689026 2 21 0.900000 20 0.100000
0  2.167237 -6.332645 4.627587  -0.359660 -0.219724 0.906844  0.983887 0.717835 1 21 1.000000
Komainu
0  2.033938 -7.438475 4.446534  -0.296269 -0.223445 0.928600  0.982300 0.689026 2 21 0.900000 20 0.100000
0  2.409670 -7.135252 4.757079  -0.405158 -0.293891 0.865722  0.990662 0.690002 2 21 0.900000 20 0.100000
0  2.167237 -6.332645 4.627587  -0.359660 -0.219724 0.906844  0.983887 0.717835 1 21 1.000000
Komainu
0  2.488039 -6.203007 4.881738  -0.720318 -0.692722 -0.035741  0.985535 0.744812 1 21 1.000000
0  1.521973 -6.344796 5.196522  -0.128272 -0.358835 -0.924545  0.967346 0.769958 1 20 1.000000
0  1.595215 -5.800049 4.831056  -0.246411 -0.968544 0.034692  0.969849 0.742554 2 20 0.500000 21 0.500000
Komainu
0  0.000001 -6.304080 4.423242  -0.000002 -0.390235 0.920715  0.940674 0.719238 1 21 1.000000
0  0.000001 -7.746825 4.100829  0.000000 -0.056003 0.998431  0.940674 0.691589 2 21 0.900000 20 0.100000
0  0.801271 -7.694091 4.117677  -0.103019 -0.073317 0.991974  0.954651 0.690369 2 21 0.900000 20 0.100000
Komainu
0  0.000001 -6.304080 4.423242  -0.000002 -0.390235 0.920715  0.940674 0.719238 1 21 1.000000
0  0.801271 -7.694091 4.117677  -0.103019 -0.073317 0.991974  0.954651 0.690369 2 21 0.900000 20 0.100000
0  0.821047 -6.304812 4.488426  -0.086725 -0.367417 0.926004  0.954651 0.718018 1 21 1.000000
Komainu
0  0.801271 -7.694091 4.117677  -0.103019 -0.073317 0.991974  0.954651 0.690369 2 21 0.900000 20 0.100000
0  1.590820 -6.364872 4.588035  -0.152332 -0.351847 0.923579  0.969849 0.716797 1 21 1.000000
0  0.821047 -6.304812 4.488426  -0.086725 -0.367417 0.926004  0.954651 0.718018 1 21 1.000000
Komainu
0  1.590820 -6.364872 4.588035  -0.152332 -0.351847 0.923579  0.969849 0.716797 1 21 1.000000
0  0.911134 -5.779542 4.793700  -0.029854 -0.996525 0.077755  0.954651 0.742127 2 20 0.500000 21 0.500000
0  0.821047 -6.304812 4.488426  -0.086725 -0.367417 0.926004  0.954651 0.718018 1 21 1.000000
Komainu
0  1.590820 -6.364872 4.588035  -0.152332 -0.351847 0.923579  0.969849 0.716797 1 21 1.000000
0  1.595215 -5.800049 4.831056  -0.246411 -0.968544 0.034692  0.969849 0.742554 2 20 0.500000 21 0.500000
0  0.911134 -5.779542 4.793700  -0.029854 -0.996525 0.077755  0.954651 0.742127 2 20 0.500000 21 0.500000
Komainu
0  1.595215 -5.800049 4.831056  -0.246411 -0.968544 0.034692  0.969849 0.742554 2 20 0.500000 21 0.500000
0  0.826906 -6.320625 5.232411  0.027010 -0.396907 -0.917462  0.954651 0.769409 1 20 1.000000
0  0.911134 -5.779542 4.793700  -0.029854 -0.996525 0.077755  0.954651 0.742127 2 20 0.500000 21 0.500000
Komainu
0  1.595215 -5.800049 4.831056  -0.246411 -0.968544 0.034692  0.969849 0.742554 2 20 0.500000 21 0.500000
0  1.521973 -6.344796 5.196522  -0.128272 -0.358835 -0.924545  0.967346 0.769958 1 20 1.000000
0  0.826906 -6.320625 5.232411  0.027010 -0.396907 -0.917462  0.954651 0.769409 1 20 1.000000
Komainu
0  1.521973 -6.344796 5.196522  -0.128272 -0.358835 -0.924545  0.967346 0.769958 1 20 1.000000
0  0.818848 -7.123362 5.339343  -0.003289 -0.007948 -0.999963  0.954651 0.798218 1 20 1.000000
0  0.826906 -6.320625 5.232411  0.027010 -0.396907 -0.917462  0.954651 0.769409 1 20 1.000000
Komainu
0  1.521973 -6.344796 5.196522  -0.128272 -0.358835 -0.924545  0.967346 0.769958 1 20 1.000000
0  1.595215 -7.031075 5.334216  -0.132245 -0.027972 -0.990822  0.968567 0.796143 1 20 1.000000
0  0.818848 -7.123362 5.339343  -0.003289 -0.007948 -0.999963  0.954651 0.798218 1 20 1.000000
Komainu
0  1.595215 -7.031075 5.334216  -0.132245 -0.027972 -0.990822  0.968567 0.796143 1 20 1.000000
0  0.789553 -8.526681 5.148915  -0.107057 0.630673 -0.768629  0.954651 0.826721 1 20 1.000000
0  0.818848 -7.123362 5.339343  -0.003289 -0.007948 -0.999963  0.954651 0.798218 1 20 1.000000
Komainu
0  1.595215 -7.031075 5.334216  -0.132245 -0.027972 -0.990822  0.968567 0.796143 1 20 1.000000
0  1.642822 -8.296701 5.164293  -0.268117 0.538742 -0.798668  0.969849 0.822021 1 20 1.000000
0  0.789553 -8.526681 5.148915  -0.107057 0.630673 -0.768629  0.954651 0.826721 1 20 1.000000
Komainu
0  0.981445 -8.750802 4.395252  -0.106827 0.783415 -0.612249  0.954651 0.843872 1 20 1.000000
0  0.789553 -8.526681 5.148915  -0.107057 0.630673 -0.768629  0.954651 0.826721 1 20 1.000000
0  1.642822 -8.296701 5.164293  -0.268117 0.538742 -0.798668  0.969849 0.822021 1 20 1.000000
Komainu
0  0.981445 -8.750802 4.395252  -0.106827 0.783415 -0.612249  0.954651 0.843872 1 20 1.000000
0  1.642822 -8.296701 5.164293  -0.268117 0.538742 -0.798668  0.969849 0.822021 1 20 1.000000
0  1.896973 -8.457102 4.529286  -0.204486 0.714489 -0.669097  0.972290 0.839966 1 20 1.000000
Komainu
0  1.642822 -8.296701 5.164293  -0.268117 0.538742 -0.798668  0.969849 0.822021 1 20 1.000000
0  2.630860 -7.963623 4.779054  -0.224363 0.600234 -0.767711  0.989563 0.829163 2 20 0.900000 21 0.100000
0  1.896973 -8.457102 4.529286  -0.204486 0.714489 -0.669097  0.972290 0.839966 1 20 1.000000
Komainu
0  1.642822 -8.296701 5.164293  -0.268117 0.538742 -0.798668  0.969849 0.822021 1 20 1.000000
0  2.299807 -7.845702 5.102052  -0.395956 0.356525 -0.846232  0.982605 0.814209 2 20 0.900000 21 0.100000
0  2.630860 -7.963623 4.779054  -0.224363 0.600234 -0.767711  0.989563 0.829163 2 20 0.900000 21 0.100000
Komainu
0  2.630860 -7.963623 4.779054  -0.224363 0.600234 -0.767711  0.989563 0.829163 2 20 0.900000 21 0.100000
0  2.299807 -7.845702 5.102052  -0.395956 0.356525 -0.846232  0.982605 0.814209 2 20 0.900000 21 0.100000
0  2.920168 -7.544676 4.955565  -0.293684 0.114956 -0.948965  0.998291 0.811401 2 20 0.800000 21 0.200000
Komainu
0  2.547364 -6.981443 4.899903  -0.362525 -0.109309 -0.925542  0.991638 0.797119 2 20 0.800000 21 0.200000
0  2.920168 -7.544676 4.955565  -0.293684 0.114956 -0.948965  0.998291 0.811401 2 20 0.800000 21 0.200000
0  2.299807 -7.845702 5.102052  -0.395956 0.356525 -0.846232  0.982605 0.814209 2 20 0.900000 21 0.100000
Komainu
0  3.010987 -7.374023 4.848634  -0.837779 -0.438050 -0.325941  1.000793 0.802002 2 20 0.600000 21 0.400000
0  2.920168 -7.544676 4.955565  -0.293684 0.114956 -0.948965  0.998291 0.811401 2 20 0.800000 21 0.200000
0  2.547364 -6.981443 4.899903  -0.362525 -0.109309 -0.925542  0.991638 0.797119 2 20 0.800000 21 0.200000
Komainu
0  3.010987 -7.374023 4.848634  -0.837779 -0.438050 -0.325941  1.000793 0.802002 2 20 0.600000 21 0.400000
0  2.547364 -6.981443 4.899903  -0.362525 -0.109309 -0.925542  0.991638 0.797119 2 20 0.800000 21 0.200000
0  2.803711 -6.931643 4.883790  -0.872386 -0.478237 -0.101150  0.993042 0.776428 2 20 0.600000 21 0.400000
Komainu
0  2.488039 -6.203007 4.881738  -0.720318 -0.692722 -0.035741  0.985535 0.744812 1 21 1.000000
0  2.803711 -6.931643 4.883790  -0.872386 -0.478237 -0.101150  0.993042 0.776428 2 20 0.600000 21 0.400000
0  2.547364 -6.981443 4.899903  -0.362525 -0.109309 -0.925542  0.991638 0.797119 2 20 0.800000 21 0.200000
Komainu
0  2.488039 -6.203007 4.881738  -0.720318 -0.692722 -0.035741  0.985535 0.744812 1 21 1.000000
0  2.547364 -6.981443 4.899903  -0.362525 -0.109309 -0.925542  0.991638 0.797119 2 20 0.800000 21 0.200000
0  2.143801 -6.524240 5.103504  -0.343064 -0.201590 -0.917425  0.983276 0.773865 1 20 1.000000
Komainu
0  2.488039 -6.203007 4.881738  -0.720318 -0.692722 -0.035741  0.985535 0.744812 1 21 1.000000
0  2.143801 -6.524240 5.103504  -0.343064 -0.201590 -0.917425  0.983276 0.773865 1 20 1.000000
0  1.521973 -6.344796 5.196522  -0.128272 -0.358835 -0.924545  0.967346 0.769958 1 20 1.000000
Komainu
0  2.143801 -6.524240 5.103504  -0.343064 -0.201590 -0.917425  0.983276 0.773865 1 20 1.000000
0  1.595215 -7.031075 5.334216  -0.132245 -0.027972 -0.990822  0.968567 0.796143 1 20 1.000000
0  1.521973 -6.344796 5.196522  -0.128272 -0.358835 -0.924545  0.967346 0.769958 1 20 1.000000
Komainu
0  2.143801 -6.524240 5.103504  -0.343064 -0.201590 -0.917425  0.983276 0.773865 1 20 1.000000
0  2.185549 -7.053780 5.139393  -0.338869 -0.077890 -0.937604  0.983643 0.796326 1 20 1.000000
0  1.595215 -7.031075 5.334216  -0.132245 -0.027972 -0.990822  0.968567 0.796143 1 20 1.000000
Komainu
0  2.185549 -7.053780 5.139393  -0.338869 -0.077890 -0.937604  0.983643 0.796326 1 20 1.000000
0  1.642822 -8.296701 5.164293  -0.268117 0.538742 -0.798668  0.969849 0.822021 1 20 1.000000
0  1.595215 -7.031075 5.334216  -0.132245 -0.027972 -0.990822  0.968567 0.796143 1 20 1.000000
Komainu
0  2.185549 -7.053780 5.139393  -0.338869 -0.077890 -0.937604  0.983643 0.796326 1 20 1.000000
0  2.299807 -7.845702 5.102052  -0.395956 0.356525 -0.846232  0.982605 0.814209 2 20 0.900000 21 0.100000
0  1.642822 -8.296701 5.164293  -0.268117 0.538742 -0.798668  0.969849 0.822021 1 20 1.000000
Komainu
0  2.547364 -6.981443 4.899903  -0.362525 -0.109309 -0.925542  0.991638 0.797119 2 20 0.800000 21 0.200000
0  2.299807 -7.845702 5.102052  -0.395956 0.356525 -0.846232  0.982605 0.814209 2 20 0.900000 21 0.100000
0  2.185549 -7.053780 5.139393  -0.338869 -0.077890 -0.937604  0.983643 0.796326 1 20 1.000000
Komainu
0  2.547364 -6.981443 4.899903  -0.362525 -0.109309 -0.925542  0.991638 0.797119 2 20 0.800000 21 0.200000
0  2.185549 -7.053780 5.139393  -0.338869 -0.077890 -0.937604  0.983643 0.796326 1 20 1.000000
0  2.143801 -6.524240 5.103504  -0.343064 -0.201590 -0.917425  0.983276 0.773865 1 20 1.000000
Komainu
0  0.789553 -8.526681 5.148915  -0.107057 0.630673 -0.768629  0.954651 0.826721 1 20 1.000000
0  0.981445 -8.750802 4.395252  -0.106827 0.783415 -0.612249  0.954651 0.843872 1 20 1.000000
0  0.000001 -8.854806 4.347645  -0.000001 0.802222 -0.597026  0.940674 0.845886 1 20 1.000000
Komainu
0  0.789553 -8.526681 5.148915  -0.107057 0.630673 -0.768629  0.954651 0.826721 1 20 1.000000
0  0.000001 -8.854806 4.347645  -0.000001 0.802222 -0.597026  0.940674 0.845886 1 20 1.000000
0  0.000001 -8.643135 5.128407  0.000000 0.648088 -0.761566  0.940674 0.829102 1 20 1.000000
Komainu
0  0.818848 -7.123362 5.339343  -0.003289 -0.007948 -0.999963  0.954651 0.798218 1 20 1.000000
0  0.789553 -8.526681 5.148915  -0.107057 0.630673 -0.768629  0.954651 0.826721 1 20 1.000000
0  0.000001 -8.643135 5.128407  0.000000 0.648088 -0.761566  0.940674 0.829102 1 20 1.000000
Komainu
0  0.818848 -7.123362 5.339343  -0.003289 -0.007948 -0.999963  0.954651 0.798218 1 20 1.000000
0  0.000001 -8.643135 5.128407  0.000000 0.648088 -0.761566  0.940674 0.829102 1 20 1.000000
0  0.000001 -7.220772 5.317371  -0.003240 -0.007946 -0.999963  0.940674 0.800293 1 20 1.000000
Komainu
0  0.826906 -6.320625 5.232411  0.027010 -0.396907 -0.917462  0.954651 0.769409 1 20 1.000000
0  0.818848 -7.123362 5.339343  -0.003289 -0.007948 -0.999963  0.954651 0.798218 1 20 1.000000
0  0.000001 -7.220772 5.317371  -0.003240 -0.007946 -0.999963  0.940674 0.800293 1 20 1.000000
Komainu
0  0.826906 -6.320625 5.232411  0.027010 -0.396907 -0.917462  0.954651 0.769409 1 20 1.000000
0  0.000001 -7.220772 5.317371  -0.003240 -0.007946 -0.999963  0.940674 0.800293 1 20 1.000000
0  0.000001 -6.408516 5.205309  0.000009 -0.404854 -0.914381  0.940674 0.771179 1 20 1.000000
Komainu
0  0.911134 -5.779542 4.793700  -0.029854 -0.996525 0.077755  0.954651 0.742127 2 20 0.500000 21 0.500000
0  0.826906 -6.320625 5.232411  0.027010 -0.396907 -0.917462  0.954651 0.769409 1 20 1.000000
0  0.000001 -6.408516 5.205309  0.000009 -0.404854 -0.914381  0.940674 0.771179 1 20 1.000000
Komainu
0  0.911134 -5.779542 4.793700  -0.029854 -0.996525 0.077755  0.954651 0.742127 2 20 0.500000 21 0.500000
0  0.000001 -6.408516 5.205309  0.000009 -0.404854 -0.914381  0.940674 0.771179 1 20 1.000000
0  0.000001 -5.856444 4.735107  -0.000002 -0.997417 0.071829  0.940674 0.743591 2 20 0.500000 21 0.500000
Komainu
0  0.821047 -6.304812 4.488426  -0.086725 -0.367417 0.926004  0.954651 0.718018 1 21 1.000000
0  0.911134 -5.779542 4.793700  -0.029854 -0.996525 0.077755  0.954651 0.742127 2 20 0.500000 21 0.500000
0  0.000001 -5.856444 4.735107  -0.000002 -0.997417 0.071829  0.940674 0.743591 2 20 0.500000 21 0.500000
Komainu
0  0.821047 -6.304812 4.488426  -0.086725 -0.367417 0.926004  0.954651 0.718018 1 21 1.000000
0  0.000001 -5.856444 4.735107  -0.000002 -0.997417 0.071829  0.940674 0.743591 2 20 0.500000 21 0.500000
0  0.000001 -6.304080 4.423242  -0.000002 -0.390235 0.920715  0.940674 0.719238 1 21 1.000000
Komainu
0  0.000001 -5.856444 4.735107  -0.000002 -0.997417 0.071829  0.940674 0.743591 2 20 0.500000 21 0.500000
0  -0.821045 -6.304812 4.488426  0.086725 -0.367417 0.926004  0.954651 0.718018 1 21 1.000000
0  0.000001 -6.304080 4.423242  -0.000002 -0.390235 0.920715  0.940674 0.719238 1 21 1.000000
Komainu
0  -0.801269 -7.694091 4.117677  0.103018 -0.073317 0.991974  0.954651 0.690369 2 21 0.900000 20 0.100000
0  0.000001 -6.304080 4.423242  -0.000002 -0.390235 0.920715  0.940674 0.719238 1 21 1.000000
0  -0.821045 -6.304812 4.488426  0.086725 -0.367417 0.926004  0.954651 0.718018 1 21 1.000000
Komainu
0  -1.590818 -6.364872 4.588035  0.152327 -0.351859 0.923576  0.969849 0.716797 1 21 1.000000
0  -0.801269 -7.694091 4.117677  0.103018 -0.073317 0.991974  0.954651 0.690369 2 21 0.900000 20 0.100000
0  -0.821045 -6.304812 4.488426  0.086725 -0.367417 0.926004  0.954651 0.718018 1 21 1.000000
Komainu
0  -1.590818 -6.364872 4.588035  0.152327 -0.351859 0.923576  0.969849 0.716797 1 21 1.000000
0  -1.534424 -7.600341 4.271484  0.177372 -0.116279 0.977250  0.969849 0.688782 2 21 0.900000 20 0.100000
0  -0.801269 -7.694091 4.117677  0.103018 -0.073317 0.991974  0.954651 0.690369 2 21 0.900000 20 0.100000
Komainu
0  -2.167235 -6.332646 4.627587  0.359669 -0.219727 0.906840  0.983887 0.717835 1 21 1.000000
0  -1.534424 -7.600341 4.271484  0.177372 -0.116279 0.977250  0.969849 0.688782 2 21 0.900000 20 0.100000
0  -1.590818 -6.364872 4.588035  0.152327 -0.351859 0.923576  0.969849 0.716797 1 21 1.000000
Komainu
0  -2.167235 -6.332646 4.627587  0.359669 -0.219727 0.906840  0.983887 0.717835 1 21 1.000000
0  -2.033936 -7.438476 4.446534  0.296273 -0.223446 0.928598  0.982300 0.689026 2 21 0.900000 20 0.100000
0  -1.534424 -7.600341 4.271484  0.177372 -0.116279 0.977250  0.969849 0.688782 2 21 0.900000 20 0.100000
Komainu
0  -2.033936 -7.438476 4.446534  0.296273 -0.223446 0.928598  0.982300 0.689026 2 21 0.900000 20 0.100000
0  -2.167235 -6.332646 4.627587  0.359669 -0.219727 0.906840  0.983887 0.717835 1 21 1.000000
0  -2.409668 -7.135253 4.757079  0.405157 -0.293892 0.865722  0.990662 0.690002 2 21 0.900000 20 0.100000
Komainu
0  0.000001 -7.220772 5.317371  -0.003240 -0.007946 -0.999963  0.940674 0.800293 1 20 1.000000
0  -0.826904 -6.320625 5.232411  -0.026755 -0.396897 -0.917473  0.954651 0.769409 1 20 1.000000
0  0.000001 -6.408516 5.205309  0.000009 -0.404854 -0.914381  0.940674 0.771179 1 20 1.000000
Komainu
0  0.000001 -6.408516 5.205309  0.000009 -0.404854 -0.914381  0.940674 0.771179 1 20 1.000000
0  -0.826904 -6.320625 5.232411  -0.026755 -0.396897 -0.917473  0.954651 0.769409 1 20 1.000000
0  -0.911132 -5.779542 4.793700  0.029854 -0.996525 0.077755  0.954651 0.742127 2 20 0.500000 21 0.500000
Komainu
0  0.000001 -6.408516 5.205309  0.000009 -0.404854 -0.914381  0.940674 0.771179 1 20 1.000000
0  -0.911132 -5.779542 4.793700  0.029854 -0.996525 0.077755  0.954651 0.742127 2 20 0.500000 21 0.500000
0  0.000001 -5.856444 4.735107  -0.000002 -0.997417 0.071829  0.940674 0.743591 2 20 0.500000 21 0.500000
Komainu
0  0.000001 -5.856444 4.735107  -0.000002 -0.997417 0.071829  0.940674 0.743591 2 20 0.500000 21 0.500000
0  -0.911132 -5.779542 4.793700  0.029854 -0.996525 0.077755  0.954651 0.742127 2 20 0.500000 21 0.500000
0  -0.821045 -6.304812 4.488426  0.086725 -0.367417 0.926004  0.954651 0.718018 1 21 1.000000
Komainu
0  -0.911132 -5.779542 4.793700  0.029854 -0.996525 0.077755  0.954651 0.742127 2 20 0.500000 21 0.500000
0  -1.590818 -6.364872 4.588035  0.152327 -0.351859 0.923576  0.969849 0.716797 1 21 1.000000
0  -0.821045 -6.304812 4.488426  0.086725 -0.367417 0.926004  0.954651 0.718018 1 21 1.000000
Komainu
0  -0.911132 -5.779542 4.793700  0.029854 -0.996525 0.077755  0.954651 0.742127 2 20 0.500000 21 0.500000
0  -1.595213 -5.800050 4.831056  0.246411 -0.968544 0.034692  0.969849 0.742554 2 20 0.500000 21 0.500000
0  -1.590818 -6.364872 4.588035  0.152327 -0.351859 0.923576  0.969849 0.716797 1 21 1.000000
Komainu
0  -1.595213 -5.800050 4.831056  0.246411 -0.968544 0.034692  0.969849 0.742554 2 20 0.500000 21 0.500000
0  -2.167235 -6.332646 4.627587  0.359669 -0.219727 0.906840  0.983887 0.717835 1 21 1.000000
0  -1.590818 -6.364872 4.588035  0.152327 -0.351859 0.923576  0.969849 0.716797 1 21 1.000000
Komainu
0  -0.826904 -6.320625 5.232411  -0.026755 -0.396897 -0.917473  0.954651 0.769409 1 20 1.000000
0  -1.595213 -5.800050 4.831056  0.246411 -0.968544 0.034692  0.969849 0.742554 2 20 0.500000 21 0.500000
0  -0.911132 -5.779542 4.793700  0.029854 -0.996525 0.077755  0.954651 0.742127 2 20 0.500000 21 0.500000
Komainu
0  0.000001 -8.643135 5.128407  0.000000 0.648088 -0.761566  0.940674 0.829102 1 20 1.000000
0  -0.818846 -7.123362 5.339343  -0.002996 -0.006507 -0.999974  0.954651 0.798218 1 20 1.000000
0  0.000001 -7.220772 5.317371  -0.003240 -0.007946 -0.999963  0.940674 0.800293 1 20 1.000000
Komainu
0  0.000001 -7.220772 5.317371  -0.003240 -0.007946 -0.999963  0.940674 0.800293 1 20 1.000000
0  -0.818846 -7.123362 5.339343  -0.002996 -0.006507 -0.999974  0.954651 0.798218 1 20 1.000000
0  -0.826904 -6.320625 5.232411  -0.026755 -0.396897 -0.917473  0.954651 0.769409 1 20 1.000000
Komainu
0  -0.818846 -7.123362 5.339343  -0.002996 -0.006507 -0.999974  0.954651 0.798218 1 20 1.000000
0  -1.521971 -6.344796 5.196522  0.128242 -0.358866 -0.924537  0.967346 0.769958 1 20 1.000000
0  -0.826904 -6.320625 5.232411  -0.026755 -0.396897 -0.917473  0.954651 0.769409 1 20 1.000000
Komainu
0  -0.826904 -6.320625 5.232411  -0.026755 -0.396897 -0.917473  0.954651 0.769409 1 20 1.000000
0  -1.521971 -6.344796 5.196522  0.128242 -0.358866 -0.924537  0.967346 0.769958 1 20 1.000000
0  -1.595213 -5.800050 4.831056  0.246411 -0.968544 0.034692  0.969849 0.742554 2 20 0.500000 21 0.500000
Komainu
0  -1.521971 -6.344796 5.196522  0.128242 -0.358866 -0.924537  0.967346 0.769958 1 20 1.000000
0  -2.488037 -6.203008 4.881738  0.720309 -0.692732 -0.035756  0.985535 0.744812 1 21 1.000000
0  -1.595213 -5.800050 4.831056  0.246411 -0.968544 0.034692  0.969849 0.742554 2 20 0.500000 21 0.500000
Komainu
0  -1.595213 -5.800050 4.831056  0.246411 -0.968544 0.034692  0.969849 0.742554 2 20 0.500000 21 0.500000
0  -2.488037 -6.203008 4.881738  0.720309 -0.692732 -0.035756  0.985535 0.744812 1 21 1.000000
0  -2.167235 -6.332646 4.627587  0.359669 -0.219727 0.906840  0.983887 0.717835 1 21 1.000000
Komainu
0  -2.167235 -6.332646 4.627587  0.359669 -0.219727 0.906840  0.983887 0.717835 1 21 1.000000
0  -2.488037 -6.203008 4.881738  0.720309 -0.692732 -0.035756  0.985535 0.744812 1 21 1.000000
0  -2.803709 -6.931643 4.883790  0.872368 -0.478276 -0.101125  0.994751 0.696960 2 20 0.600000 21 0.400000
Komainu
0  -2.167235 -6.332646 4.627587  0.359669 -0.219727 0.906840  0.983887 0.717835 1 21 1.000000
0  -2.803709 -6.931643 4.883790  0.872368 -0.478276 -0.101125  0.994751 0.696960 2 20 0.600000 21 0.400000
0  -2.409668 -7.135253 4.757079  0.405157 -0.293892 0.865722  0.990662 0.690002 2 21 0.900000 20 0.100000
Komainu
0  -2.803709 -6.931643 4.883790  0.872368 -0.478276 -0.101125  0.994751 0.696960 2 20 0.600000 21 0.400000
0  -2.993408 -7.491942 4.663329  0.520956 -0.257845 0.813708  0.990723 0.672424 2 21 0.800000 20 0.200000
0  -2.409668 -7.135253 4.757079  0.405157 -0.293892 0.865722  0.990662 0.690002 2 21 0.900000 20 0.100000
Komainu
0  -2.033936 -7.438476 4.446534  0.296273 -0.223446 0.928598  0.982300 0.689026 2 21 0.900000 20 0.100000
0  -2.409668 -7.135253 4.757079  0.405157 -0.293892 0.865722  0.990662 0.690002 2 21 0.900000 20 0.100000
0  -2.993408 -7.491942 4.663329  0.520956 -0.257845 0.813708  0.990723 0.672424 2 21 0.800000 20 0.200000
Komainu
0  -2.033936 -7.438476 4.446534  0.296273 -0.223446 0.928598  0.982300 0.689026 2 21 0.900000 20 0.100000
0  -2.993408 -7.491942 4.663329  0.520956 -0.257845 0.813708  0.990723 0.672424 2 21 0.800000 20 0.200000
0  -2.571533 -7.888186 4.487549  0.376714 0.031679 0.925788  0.982178 0.671936 2 21 0.900000 20 0.100000
Komainu
0  -2.033936 -7.438476 4.446534  0.296273 -0.223446 0.928598  0.982300 0.689026 2 21 0.900000 20 0.100000
0  -2.571533 -7.888186 4.487549  0.376714 0.031679 0.925788  0.982178 0.671936 2 21 0.900000 20 0.100000
0  -1.940918 -8.278688 4.347069  0.234059 0.036862 0.971523  0.970947 0.671692 1 21 1.000000
Komainu
0  -2.033936 -7.438476 4.446534  0.296273 -0.223446 0.928598  0.982300 0.689026 2 21 0.900000 20 0.100000
0  -1.940918 -8.278688 4.347069  0.234059 0.036862 0.971523  0.970947 0.671692 1 21 1.000000
0  -1.534424 -7.600341 4.271484  0.177372 -0.116279 0.977250  0.969849 0.688782 2 21 0.900000 20 0.100000
Komainu
0  -1.534424 -7.600341 4.271484  0.177372 -0.116279 0.977250  0.969849 0.688782 2 21 0.900000 20 0.100000
0  -1.940918 -8.278688 4.347069  0.234059 0.036862 0.971523  0.970947 0.671692 1 21 1.000000
0  -1.023194 -8.585573 4.254783  0.099788 0.031490 0.994510  0.953796 0.672607 1 21 1.000000
Komainu
0  -1.534424 -7.600341 4.271484  0.177372 -0.116279 0.977250  0.969849 0.688782 2 21 0.900000 20 0.100000
0  -1.023194 -8.585573 4.254783  0.099788 0.031490 0.994510  0.953796 0.672607 1 21 1.000000
0  -0.801269 -7.694091 4.117677  0.103018 -0.073317 0.991974  0.954651 0.690369 2 21 0.900000 20 0.100000
Komainu
0  0.000001 -8.670537 4.207176  -0.000000 0.026596 0.999646  0.940674 0.674255 1 21 1.000000
0  -0.801269 -7.694091 4.117677  0.103018 -0.073317 0.991974  0.954651 0.690369 2 21 0.900000 20 0.100000
0  -1.023194 -8.585573 4.254783  0.099788 0.031490 0.994510  0.953796 0.672607 1 21 1.000000
Komainu
0  0.000001 -8.670537 4.207176  -0.000000 0.026596 0.999646  0.940674 0.674255 1 21 1.000000
0  0.000001 -7.746825 4.100829  0.000000 -0.056003 0.998431  0.940674 0.691589 2 21 0.900000 20 0.100000
0  -0.801269 -7.694091 4.117677  0.103018 -0.073317 0.991974  0.954651 0.690369 2 21 0.900000 20 0.100000
Komainu
0  -0.801269 -7.694091 4.117677  0.103018 -0.073317 0.991974  0.954651 0.690369 2 21 0.900000 20 0.100000
0  0.000001 -7.746825 4.100829  0.000000 -0.056003 0.998431  0.940674 0.691589 2 21 0.900000 20 0.100000
0  0.000001 -6.304080 4.423242  -0.000002 -0.390235 0.920715  0.940674 0.719238 1 21 1.000000
Komainu
0  -2.803709 -6.931643 4.883790  0.872368 -0.478276 -0.101125  0.994751 0.696960 2 20 0.600000 21 0.400000
0  -3.010985 -7.374024 4.848634  0.837781 -0.438049 -0.325938  0.997742 0.677063 2 20 0.600000 21 0.400000
0  -2.993408 -7.491942 4.663329  0.520956 -0.257845 0.813708  0.990723 0.672424 2 21 0.800000 20 0.200000
Komainu
0  -0.818846 -7.123362 5.339343  -0.002996 -0.006507 -0.999974  0.954651 0.798218 1 20 1.000000
0  -1.595213 -7.031076 5.334216  0.132245 -0.027972 -0.990822  0.968567 0.796143 1 20 1.000000
0  -1.521971 -6.344796 5.196522  0.128242 -0.358866 -0.924537  0.967346 0.769958 1 20 1.000000
Komainu
0  -1.595213 -7.031076 5.334216  0.132245 -0.027972 -0.990822  0.968567 0.796143 1 20 1.000000
0  -2.143799 -6.524241 5.103504  0.342942 -0.201630 -0.917462  0.983276 0.773865 1 20 1.000000
0  -1.521971 -6.344796 5.196522  0.128242 -0.358866 -0.924537  0.967346 0.769958 1 20 1.000000
Komainu
0  -1.521971 -6.344796 5.196522  0.128242 -0.358866 -0.924537  0.967346 0.769958 1 20 1.000000
0  -2.143799 -6.524241 5.103504  0.342942 -0.201630 -0.917462  0.983276 0.773865 1 20 1.000000
0  -2.488037 -6.203008 4.881738  0.720309 -0.692732 -0.035756  0.985535 0.744812 1 21 1.000000
Komainu
0  -2.547362 -6.981444 4.899903  0.362525 -0.109308 -0.925542  0.991638 0.797119 2 20 0.800000 21 0.200000
0  -2.488037 -6.203008 4.881738  0.720309 -0.692732 -0.035756  0.985535 0.744812 1 21 1.000000
0  -2.143799 -6.524241 5.103504  0.342942 -0.201630 -0.917462  0.983276 0.773865 1 20 1.000000
Komainu
0  -2.547362 -6.981444 4.899903  0.362525 -0.109308 -0.925542  0.991638 0.797119 2 20 0.800000 21 0.200000
0  -2.803709 -6.931643 4.883790  0.872368 -0.478276 -0.101125  0.993042 0.776428 2 20 0.600000 21 0.400000
0  -2.488037 -6.203008 4.881738  0.720309 -0.692732 -0.035756  0.985535 0.744812 1 21 1.000000
Komainu
0  -2.547362 -6.981444 4.899903  0.362525 -0.109308 -0.925542  0.991638 0.797119 2 20 0.800000 21 0.200000
0  -3.010985 -7.374024 4.848634  0.837781 -0.438049 -0.325938  1.000793 0.802002 2 20 0.600000 21 0.400000
0  -2.803709 -6.931643 4.883790  0.872368 -0.478276 -0.101125  0.993042 0.776428 2 20 0.600000 21 0.400000
Komainu
0  -2.547362 -6.981444 4.899903  0.362525 -0.109308 -0.925542  0.991638 0.797119 2 20 0.800000 21 0.200000
0  -2.920166 -7.544677 4.955565  0.293696 0.114956 -0.948961  0.998291 0.811401 2 20 0.800000 21 0.200000
0  -3.010985 -7.374024 4.848634  0.837781 -0.438049 -0.325938  1.000793 0.802002 2 20 0.600000 21 0.400000
Komainu
0  -2.299805 -7.845703 5.102052  0.395955 0.356525 -0.846232  0.982605 0.814209 2 20 0.900000 21 0.100000
0  -2.920166 -7.544677 4.955565  0.293696 0.114956 -0.948961  0.998291 0.811401 2 20 0.800000 21 0.200000
0  -2.547362 -6.981444 4.899903  0.362525 -0.109308 -0.925542  0.991638 0.797119 2 20 0.800000 21 0.200000
Komainu
0  -2.630858 -7.963624 4.779054  0.224366 0.600232 -0.767711  0.989563 0.829163 2 20 0.900000 21 0.100000
0  -2.920166 -7.544677 4.955565  0.293696 0.114956 -0.948961  0.998291 0.811401 2 20 0.800000 21 0.200000
0  -2.299805 -7.845703 5.102052  0.395955 0.356525 -0.846232  0.982605 0.814209 2 20 0.900000 21 0.100000
Komainu
0  -2.630858 -7.963624 4.779054  0.224366 0.600232 -0.767711  0.989563 0.829163 2 20 0.900000 21 0.100000
0  -2.299805 -7.845703 5.102052  0.395955 0.356525 -0.846232  0.982605 0.814209 2 20 0.900000 21 0.100000
0  -1.642820 -8.296701 5.164293  0.268120 0.538777 -0.798643  0.969849 0.822021 1 20 1.000000
Komainu
0  -2.630858 -7.963624 4.779054  0.224366 0.600232 -0.767711  0.989563 0.829163 2 20 0.900000 21 0.100000
0  -1.642820 -8.296701 5.164293  0.268120 0.538777 -0.798643  0.969849 0.822021 1 20 1.000000
0  -1.896971 -8.457102 4.529286  0.204487 0.714490 -0.669096  0.972290 0.839966 1 20 1.000000
Komainu
0  -1.642820 -8.296701 5.164293  0.268120 0.538777 -0.798643  0.969849 0.822021 1 20 1.000000
0  -0.981443 -8.750802 4.395252  0.106820 0.783417 -0.612248  0.954651 0.843872 1 20 1.000000
0  -1.896971 -8.457102 4.529286  0.204487 0.714490 -0.669096  0.972290 0.839966 1 20 1.000000
Komainu
0  -1.642820 -8.296701 5.164293  0.268120 0.538777 -0.798643  0.969849 0.822021 1 20 1.000000
0  -0.789551 -8.526681 5.148915  0.107059 0.630674 -0.768628  0.954651 0.826721 1 20 1.000000
0  -0.981443 -8.750802 4.395252  0.106820 0.783417 -0.612248  0.954651 0.843872 1 20 1.000000
Komainu
0  0.000001 -8.854806 4.347645  -0.000001 0.802222 -0.597026  0.940674 0.845886 1 20 1.000000
0  -0.981443 -8.750802 4.395252  0.106820 0.783417 -0.612248  0.954651 0.843872 1 20 1.000000
0  -0.789551 -8.526681 5.148915  0.107059 0.630674 -0.768628  0.954651 0.826721 1 20 1.000000
Komainu
0  0.000001 -8.854806 4.347645  -0.000001 0.802222 -0.597026  0.940674 0.845886 1 20 1.000000
0  -0.789551 -8.526681 5.148915  0.107059 0.630674 -0.768628  0.954651 0.826721 1 20 1.000000
0  0.000001 -8.643135 5.128407  0.000000 0.648088 -0.761566  0.940674 0.829102 1 20 1.000000
Komainu
0  0.000001 -8.643135 5.128407  0.000000 0.648088 -0.761566  0.940674 0.829102 1 20 1.000000
0  -0.789551 -8.526681 5.148915  0.107059 0.630674 -0.768628  0.954651 0.826721 1 20 1.000000
0  -0.818846 -7.123362 5.339343  -0.002996 -0.006507 -0.999974  0.954651 0.798218 1 20 1.000000
Komainu
0  -0.789551 -8.526681 5.148915  0.107059 0.630674 -0.768628  0.954651 0.826721 1 20 1.000000
0  -1.595213 -7.031076 5.334216  0.132245 -0.027972 -0.990822  0.968567 0.796143 1 20 1.000000
0  -0.818846 -7.123362 5.339343  -0.002996 -0.006507 -0.999974  0.954651 0.798218 1 20 1.000000
Komainu
0  -0.789551 -8.526681 5.148915  0.107059 0.630674 -0.768628  0.954651 0.826721 1 20 1.000000
0  -1.642820 -8.296701 5.164293  0.268120 0.538777 -0.798643  0.969849 0.822021 1 20 1.000000
0  -1.595213 -7.031076 5.334216  0.132245 -0.027972 -0.990822  0.968567 0.796143 1 20 1.000000
Komainu
0  -1.642820 -8.296701 5.164293  0.268120 0.538777 -0.798643  0.969849 0.822021 1 20 1.000000
0  -2.185547 -7.053781 5.139393  0.338877 -0.077905 -0.937599  0.983643 0.796326 1 20 1.000000
0  -1.595213 -7.031076 5.334216  0.132245 -0.027972 -0.990822  0.968567 0.796143 1 20 1.000000
Komainu
0  -1.642820 -8.296701 5.164293  0.268120 0.538777 -0.798643  0.969849 0.822021 1 20 1.000000
0  -2.299805 -7.845703 5.102052  0.395955 0.356525 -0.846232  0.982605 0.814209 2 20 0.900000 21 0.100000
0  -2.185547 -7.053781 5.139393  0.338877 -0.077905 -0.937599  0.983643 0.796326 1 20 1.000000
Komainu
0  -2.299805 -7.845703 5.102052  0.395955 0.356525 -0.846232  0.982605 0.814209 2 20 0.900000 21 0.100000
0  -2.547362 -6.981444 4.899903  0.362525 -0.109308 -0.925542  0.991638 0.797119 2 20 0.800000 21 0.200000
0  -2.185547 -7.053781 5.139393  0.338877 -0.077905 -0.937599  0.983643 0.796326 1 20 1.000000
Komainu
0  -2.547362 -6.981444 4.899903  0.362525 -0.109308 -0.925542  0.991638 0.797119 2 20 0.800000 21 0.200000
0  -2.143799 -6.524241 5.103504  0.342942 -0.201630 -0.917462  0.983276 0.773865 1 20 1.000000
0  -2.185547 -7.053781 5.139393  0.338877 -0.077905 -0.937599  0.983643 0.796326 1 20 1.000000
Komainu
0  -1.595213 -7.031076 5.334216  0.132245 -0.027972 -0.990822  0.968567 0.796143 1 20 1.000000
0  -2.185547 -7.053781 5.139393  0.338877 -0.077905 -0.937599  0.983643 0.796326 1 20 1.000000
0  -2.143799 -6.524241 5.103504  0.342942 -0.201630 -0.917462  0.983276 0.773865 1 20 1.000000
Komainu
0  -3.010985 -7.374024 4.848634  0.837781 -0.438049 -0.325938  0.664917 0.560730 2 20 0.600000 21 0.400000
0  -3.123047 -7.806153 4.897704  -0.201933 0.148376 -0.968095  0.667236 0.565491 2 20 0.800000 21 0.200000
0  -3.115721 -7.762938 4.913817  0.290160 -0.690344 -0.662746  0.669067 0.565491 2 20 0.600000 21 0.400000
Komainu
0  -3.010985 -7.374024 4.848634  0.837781 -0.438049 -0.325938  0.664917 0.560730 2 20 0.600000 21 0.400000
0  -2.920166 -7.544677 4.955565  0.293696 0.114956 -0.948961  0.663147 0.561523 2 20 0.800000 21 0.200000
0  -3.123047 -7.806153 4.897704  -0.201933 0.148376 -0.968095  0.667236 0.565491 2 20 0.800000 21 0.200000
Komainu
0  -3.123047 -7.806153 4.897704  -0.201933 0.148376 -0.968095  0.667236 0.565491 2 20 0.800000 21 0.200000
0  -2.920166 -7.544677 4.955565  0.293696 0.114956 -0.948961  0.663147 0.561523 2 20 0.800000 21 0.200000
0  -2.630858 -7.963624 4.779054  0.224366 0.600232 -0.767711  0.642944 0.548157 2 20 0.900000 21 0.100000
Komainu
0  -3.479003 -7.885986 5.078612  -0.708671 -0.115922 -0.695951  0.669067 0.572998 2 20 0.900000 21 0.100000
0  -3.516356 -7.710205 5.079345  -0.698746 -0.179025 -0.692607  0.675171 0.573364 2 20 0.800000 21 0.200000
0  -3.123047 -7.806153 4.897704  -0.201933 0.148376 -0.968095  0.667236 0.565491 2 20 0.800000 21 0.200000
Komainu
0  -3.115721 -7.762938 4.913817  0.290160 -0.690344 -0.662746  0.669067 0.565491 2 20 0.600000 21 0.400000
0  -3.123047 -7.806153 4.897704  -0.201933 0.148376 -0.968095  0.667236 0.565491 2 20 0.800000 21 0.200000
0  -3.516356 -7.710205 5.079345  -0.698746 -0.179025 -0.692607  0.675171 0.573364 2 20 0.800000 21 0.200000
Komainu
0  -3.115721 -7.762938 4.913817  0.290160 -0.690344 -0.662746  0.669067 0.565491 2 20 0.600000 21 0.400000
0  -3.516356 -7.710205 5.079345  -0.698746 -0.179025 -0.692607  0.675171 0.573364 2 20 0.800000 21 0.200000
0  -3.471677 -7.636962 4.962891  -0.772990 -0.631987 -0.055493  0.677246 0.568054 2 21 0.600000 20 0.400000
Komainu
0  -3.516356 -7.710205 5.079345  -0.698746 -0.179025 -0.692607  0.675171 0.573364 2 20 0.800000 21 0.200000
0  -3.600584 -7.397460 5.123292  -0.934396 -0.051943 -0.352429  0.686096 0.575989 2 20 0.600000 21 0.400000
0  -3.471677 -7.636962 4.962891  -0.772990 -0.631987 -0.055493  0.677246 0.568054 2 21 0.600000 20 0.400000
Komainu
0  -3.642332 -7.489747 5.494629  -0.998744 -0.021448 -0.045289  0.682678 0.591248 2 20 0.800000 21 0.200000
0  -3.585935 -7.163817 5.206053  -0.944682 0.136658 -0.298162  0.690918 0.578919 2 20 0.600000 21 0.400000
0  -3.600584 -7.397460 5.123292  -0.934396 -0.051943 -0.352429  0.686096 0.575989 2 20 0.600000 21 0.400000
Komainu
0  -3.642332 -7.489747 5.494629  -0.998744 -0.021448 -0.045289  0.682678 0.591248 2 20 0.800000 21 0.200000
0  -3.600584 -7.397460 5.123292  -0.934396 -0.051943 -0.352429  0.686096 0.575989 2 20 0.600000 21 0.400000
0  -3.657713 -7.580565 5.315184  -0.972353 -0.106005 -0.208066  0.680481 0.584656 2 20 0.800000 21 0.200000
Komainu
0  -3.516356 -7.710205 5.079345  -0.698746 -0.179025 -0.692607  0.675171 0.573364 2 20 0.800000 21 0.200000
0  -3.657713 -7.580565 5.315184  -0.972353 -0.106005 -0.208066  0.680481 0.584656 2 20 0.800000 21 0.200000
0  -3.600584 -7.397460 5.123292  -0.934396 -0.051943 -0.352429  0.686096 0.575989 2 20 0.600000 21 0.400000
Komainu
0  -3.574217 -7.957765 5.282958  -0.925880 -0.327038 -0.189188  0.667969 0.582458 2 20 0.900000 21 0.100000
0  -3.657713 -7.580565 5.315184  -0.972353 -0.106005 -0.208066  0.680481 0.584656 2 20 0.800000 21 0.200000
0  -3.516356 -7.710205 5.079345  -0.698746 -0.179025 -0.692607  0.675171 0.573364 2 20 0.800000 21 0.200000
Komainu
0  -3.574217 -7.957765 5.282958  -0.925880 -0.327038 -0.189188  0.667969 0.582458 2 20 0.900000 21 0.100000
0  -3.516356 -7.710205 5.079345  -0.698746 -0.179025 -0.692607  0.675171 0.573364 2 20 0.800000 21 0.200000
0  -3.479003 -7.885986 5.078612  -0.708671 -0.115922 -0.695951  0.669067 0.572998 2 20 0.900000 21 0.100000
Komainu
0  -3.574217 -7.957765 5.282958  -0.925880 -0.327038 -0.189188  0.667969 0.582458 2 20 0.900000 21 0.100000
0  -3.479003 -7.885986 5.078612  -0.708671 -0.115922 -0.695951  0.669067 0.572998 2 20 0.900000 21 0.100000
0  -3.114989 -8.454171 4.771716  -0.674185 -0.234993 -0.700180  0.645569 0.562073 1 20 1.000000
Komainu
0  -3.114989 -8.454171 4.771716  -0.674185 -0.234993 -0.700180  0.645569 0.562073 1 20 1.000000
0  -3.479003 -7.885986 5.078612  -0.708671 -0.115922 -0.695951  0.669067 0.572998 2 20 0.900000 21 0.100000
0  -3.123047 -7.806153 4.897704  -0.201933 0.148376 -0.968095  0.667236 0.565491 2 20 0.800000 21 0.200000
Komainu
0  -3.114989 -8.454171 4.771716  -0.674185 -0.234993 -0.700180  0.645569 0.562073 1 20 1.000000
0  -3.123047 -7.806153 4.897704  -0.201933 0.148376 -0.968095  0.667236 0.565491 2 20 0.800000 21 0.200000
0  -2.863037 -8.168526 4.652331  -0.255016 0.278146 -0.926068  0.644958 0.554138 1 20 1.000000
Komainu
0  -3.123047 -7.806153 4.897704  -0.201933 0.148376 -0.968095  0.667236 0.565491 2 20 0.800000 21 0.200000
0  -2.630858 -7.963624 4.779054  0.224366 0.600232 -0.767711  0.642944 0.548157 2 20 0.900000 21 0.100000
0  -2.863037 -8.168526 4.652331  -0.255016 0.278146 -0.926068  0.644958 0.554138 1 20 1.000000
Komainu
0  -2.630858 -7.963624 4.779054  0.224366 0.600232 -0.767711  0.642944 0.548157 2 20 0.900000 21 0.100000
0  -2.058104 -8.813058 4.302234  -0.147048 0.224114 -0.963405  0.585510 0.533264 1 20 1.000000
0  -2.863037 -8.168526 4.652331  -0.255016 0.278146 -0.926068  0.644958 0.554138 1 20 1.000000
Komainu
0  -2.630858 -7.963624 4.779054  0.224366 0.600232 -0.767711  0.642944 0.548157 2 20 0.900000 21 0.100000
0  -1.896971 -8.457102 4.529286  0.204487 0.714490 -0.669096  0.582336 0.524414 1 20 1.000000
0  -2.058104 -8.813058 4.302234  -0.147048 0.224114 -0.963405  0.585510 0.533264 1 20 1.000000
Komainu
0  -1.896971 -8.457102 4.529286  0.204487 0.714490 -0.669096  0.582336 0.524414 1 20 1.000000
0  -1.051025 -9.166086 4.133043  -0.062129 0.193496 -0.979132  0.537109 0.524414 1 20 1.000000
0  -2.058104 -8.813058 4.302234  -0.147048 0.224114 -0.963405  0.585510 0.533264 1 20 1.000000
Komainu
0  -1.896971 -8.457102 4.529286  0.204487 0.714490 -0.669096  0.582336 0.524414 1 20 1.000000
0  -0.981443 -8.750802 4.395252  0.106820 0.783417 -0.612248  0.536499 0.515625 1 20 1.000000
0  -1.051025 -9.166086 4.133043  -0.062129 0.193496 -0.979132  0.537109 0.524414 1 20 1.000000
Komainu
0  0.000001 -9.253977 4.072986  -0.000004 0.189559 -0.981869  0.505249 0.523315 1 20 1.000000
0  -1.051025 -9.166086 4.133043  -0.062129 0.193496 -0.979132  0.537109 0.524414 1 20 1.000000
0  -0.981443 -8.750802 4.395252  0.106820 0.783417 -0.612248  0.536499 0.515625 1 20 1.000000
Komainu
0  0.000001 -9.253977 4.072986  -0.000004 0.189559 -0.981869  0.505249 0.523315 1 20 1.000000
0  -0.981443 -8.750802 4.395252  0.106820 0.783417 -0.612248  0.536499 0.515625 1 20 1.000000
0  0.000001 -8.854806 4.347645  -0.000001 0.802222 -0.597026  0.505249 0.514587 1 20 1.000000
Komainu
0  0.981445 -8.750802 4.395252  -0.106827 0.783415 -0.612249  0.536499 0.515625 1 20 1.000000
0  0.000001 -9.253977 4.072986  -0.000004 0.189559 -0.981869  0.505249 0.523315 1 20 1.000000
0  0.000001 -8.854806 4.347645  -0.000001 0.802222 -0.597026  0.505249 0.514587 1 20 1.000000
Komainu
0  0.981445 -8.750802 4.395252  -0.106827 0.783415 -0.612249  0.536499 0.515625 1 20 1.000000
0  1.051027 -9.166086 4.133043  0.062128 0.193496 -0.979132  0.537109 0.524414 1 20 1.000000
0  0.000001 -9.253977 4.072986  -0.000004 0.189559 -0.981869  0.505249 0.523315 1 20 1.000000
Komainu
0  1.051027 -9.166086 4.133043  0.062128 0.193496 -0.979132  0.537109 0.524414 1 20 1.000000
0  0.981445 -8.750802 4.395252  -0.106827 0.783415 -0.612249  0.536499 0.515625 1 20 1.000000
0  1.896973 -8.457102 4.529286  -0.204486 0.714489 -0.669097  0.582336 0.524414 1 20 1.000000
Komainu
0  -3.574217 -7.957765 5.282958  -0.925880 -0.327038 -0.189188  0.667969 0.582458 2 20 0.900000 21 0.100000
0  -3.114989 -8.454171 4.771716  -0.674185 -0.234993 -0.700180  0.645569 0.562073 1 20 1.000000
0  -3.202148 -8.528878 5.042712  -0.782037 -0.583853 -0.218022  0.645081 0.570190 1 20 1.000000
Komainu
0  -3.114989 -8.454171 4.771716  -0.674185 -0.234993 -0.700180  0.645569 0.562073 1 20 1.000000
0  -2.203124 -9.235665 4.401111  -0.477485 -0.467964 -0.743651  0.587952 0.541626 1 20 1.000000
0  -2.233886 -9.373362 4.711659  -0.539839 -0.818731 -0.195584  0.589661 0.552368 1 20 1.000000
Komainu
0  -3.114989 -8.454171 4.771716  -0.674185 -0.234993 -0.700180  0.645569 0.562073 1 20 1.000000
0  -2.233886 -9.373362 4.711659  -0.539839 -0.818731 -0.195584  0.589661 0.552368 1 20 1.000000
0  -3.202148 -8.528878 5.042712  -0.782037 -0.583853 -0.218022  0.645081 0.570190 1 20 1.000000
Komainu
0  -2.212646 -9.377022 4.987782  -0.535394 -0.812928 -0.229132  0.589661 0.558289 1 20 1.000000
0  -3.202148 -8.528878 5.042712  -0.782037 -0.583853 -0.218022  0.645081 0.570190 1 20 1.000000
0  -2.233886 -9.373362 4.711659  -0.539839 -0.818731 -0.195584  0.589661 0.552368 1 20 1.000000
Komainu
0  -2.212646 -9.377022 4.987782  -0.535394 -0.812928 -0.229132  0.589661 0.558289 1 20 1.000000
0  -3.177245 -8.592601 5.258043  -0.763356 -0.638904 -0.095339  0.643005 0.575867 1 20 1.000000
0  -3.202148 -8.528878 5.042712  -0.782037 -0.583853 -0.218022  0.645081 0.570190 1 20 1.000000
Komainu
0  -3.177245 -8.592601 5.258043  -0.763356 -0.638904 -0.095339  0.643005 0.575867 1 20 1.000000
0  -3.574217 -7.957765 5.282958  -0.925880 -0.327038 -0.189188  0.667969 0.582458 2 20 0.900000 21 0.100000
0  -3.202148 -8.528878 5.042712  -0.782037 -0.583853 -0.218022  0.645081 0.570190 1 20 1.000000
Komainu
0  -3.177245 -8.592601 5.258043  -0.763356 -0.638904 -0.095339  0.643005 0.575867 1 20 1.000000
0  -3.537596 -7.996582 5.484375  -0.935128 -0.354230 0.007504  0.667908 0.589539 2 20 0.900000 21 0.100000
0  -3.574217 -7.957765 5.282958  -0.925880 -0.327038 -0.189188  0.667969 0.582458 2 20 0.900000 21 0.100000
Komainu
0  -3.537596 -7.996582 5.484375  -0.935128 -0.354230 0.007504  0.667908 0.589539 2 20 0.900000 21 0.100000
0  -3.657713 -7.580565 5.315184  -0.972353 -0.106005 -0.208066  0.680481 0.584656 2 20 0.800000 21 0.200000
0  -3.574217 -7.957765 5.282958  -0.925880 -0.327038 -0.189188  0.667969 0.582458 2 20 0.900000 21 0.100000
Komainu
0  -3.537596 -7.996582 5.484375  -0.935128 -0.354230 0.007504  0.667908 0.589539 2 20 0.900000 21 0.100000
0  -3.642332 -7.489747 5.494629  -0.998744 -0.021448 -0.045289  0.682678 0.591248 2 20 0.800000 21 0.200000
0  -3.657713 -7.580565 5.315184  -0.972353 -0.106005 -0.208066  0.680481 0.584656 2 20 0.800000 21 0.200000
Komainu
0  -1.116209 -9.795237 4.833972  -0.269092 -0.926503 -0.263023  0.539429 0.549988 1 20 1.000000
0  -1.126463 -9.823800 4.586415  -0.272343 -0.947355 -0.168370  0.539795 0.543396 1 20 1.000000
0  0.000002 -10.009104 4.522692  0.000000 -0.987040 -0.160475  0.505249 0.541443 1 20 1.000000
Komainu
0  -1.116209 -9.795237 4.833972  -0.269092 -0.926503 -0.263023  0.539429 0.549988 1 20 1.000000
0  0.000002 -10.009104 4.522692  0.000000 -0.987040 -0.160475  0.505249 0.541443 1 20 1.000000
0  0.000002 -9.951241 4.792224  0.000003 -0.983109 -0.183020  0.505249 0.549316 1 20 1.000000
Komainu
0  0.000002 -10.009104 4.522692  0.000000 -0.987040 -0.160475  0.505249 0.541443 1 20 1.000000
0  1.116211 -9.795237 4.833972  0.269090 -0.926504 -0.263024  0.539429 0.549988 1 20 1.000000
0  0.000002 -9.951241 4.792224  0.000003 -0.983109 -0.183020  0.505249 0.549316 1 20 1.000000
Komainu
0  0.000002 -10.009104 4.522692  0.000000 -0.987040 -0.160475  0.505249 0.541443 1 20 1.000000
0  1.126465 -9.823800 4.586415  0.272342 -0.947355 -0.168371  0.539795 0.543396 1 20 1.000000
0  1.116211 -9.795237 4.833972  0.269090 -0.926504 -0.263024  0.539429 0.549988 1 20 1.000000
Komainu
0  1.126465 -9.823800 4.586415  0.272342 -0.947355 -0.168371  0.539795 0.543396 1 20 1.000000
0  2.212648 -9.377022 4.987782  0.535393 -0.812927 -0.229138  0.589661 0.558289 1 20 1.000000
0  1.116211 -9.795237 4.833972  0.269090 -0.926504 -0.263024  0.539429 0.549988 1 20 1.000000
Komainu
0  1.126465 -9.823800 4.586415  0.272342 -0.947355 -0.168371  0.539795 0.543396 1 20 1.000000
0  2.233888 -9.373362 4.711659  0.539873 -0.818746 -0.195429  0.589661 0.552368 1 20 1.000000
0  2.212648 -9.377022 4.987782  0.535393 -0.812927 -0.229138  0.589661 0.558289 1 20 1.000000
Komainu
0  1.126465 -9.823800 4.586415  0.272342 -0.947355 -0.168371  0.539795 0.543396 1 20 1.000000
0  2.203126 -9.235665 4.401111  0.477481 -0.467966 -0.743653  0.587952 0.541626 1 20 1.000000
0  2.233888 -9.373362 4.711659  0.539873 -0.818746 -0.195429  0.589661 0.552368 1 20 1.000000
Komainu
0  1.126465 -9.823800 4.586415  0.272342 -0.947355 -0.168371  0.539795 0.543396 1 20 1.000000
0  1.111084 -9.656076 4.231188  0.228515 -0.575540 -0.785197  0.538025 0.533203 1 20 1.000000
0  2.203126 -9.235665 4.401111  0.477481 -0.467966 -0.743653  0.587952 0.541626 1 20 1.000000
Komainu
0  2.058106 -8.813058 4.302234  0.147052 0.224118 -0.963404  0.585510 0.533264 1 20 1.000000
0  2.203126 -9.235665 4.401111  0.477481 -0.467966 -0.743653  0.587952 0.541626 1 20 1.000000
0  1.111084 -9.656076 4.231188  0.228515 -0.575540 -0.785197  0.538025 0.533203 1 20 1.000000
Komainu
0  2.058106 -8.813058 4.302234  0.147052 0.224118 -0.963404  0.585510 0.533264 1 20 1.000000
0  1.111084 -9.656076 4.231188  0.228515 -0.575540 -0.785197  0.538025 0.533203 1 20 1.000000
0  1.051027 -9.166086 4.133043  0.062128 0.193496 -0.979132  0.537109 0.524414 1 20 1.000000
Komainu
0  1.051027 -9.166086 4.133043  0.062128 0.193496 -0.979132  0.537109 0.524414 1 20 1.000000
0  1.111084 -9.656076 4.231188  0.228515 -0.575540 -0.785197  0.538025 0.533203 1 20 1.000000
0  0.000001 -9.814278 4.194567  -0.000000 -0.596624 -0.802521  0.505249 0.531677 1 20 1.000000
Komainu
0  1.051027 -9.166086 4.133043  0.062128 0.193496 -0.979132  0.537109 0.524414 1 20 1.000000
0  0.000001 -9.814278 4.194567  -0.000000 -0.596624 -0.802521  0.505249 0.531677 1 20 1.000000
0  0.000001 -9.253977 4.072986  -0.000004 0.189559 -0.981869  0.505249 0.523315 1 20 1.000000
Komainu
0  0.000001 -9.814278 4.194567  -0.000000 -0.596624 -0.802521  0.505249 0.531677 1 20 1.000000
0  -1.051025 -9.166086 4.133043  -0.062129 0.193496 -0.979132  0.537109 0.524414 1 20 1.000000
0  0.000001 -9.253977 4.072986  -0.000004 0.189559 -0.981869  0.505249 0.523315 1 20 1.000000
Komainu
0  0.000001 -9.814278 4.194567  -0.000000 -0.596624 -0.802521  0.505249 0.531677 1 20 1.000000
0  -1.111082 -9.656076 4.231188  -0.228522 -0.575585 -0.785162  0.538025 0.533203 1 20 1.000000
0  -1.051025 -9.166086 4.133043  -0.062129 0.193496 -0.979132  0.537109 0.524414 1 20 1.000000
Komainu
0  -1.111082 -9.656076 4.231188  -0.228522 -0.575585 -0.785162  0.538025 0.533203 1 20 1.000000
0  -2.058104 -8.813058 4.302234  -0.147048 0.224114 -0.963405  0.585510 0.533264 1 20 1.000000
0  -1.051025 -9.166086 4.133043  -0.062129 0.193496 -0.979132  0.537109 0.524414 1 20 1.000000
Komainu
0  -1.111082 -9.656076 4.231188  -0.228522 -0.575585 -0.785162  0.538025 0.533203 1 20 1.000000
0  -2.203124 -9.235665 4.401111  -0.477485 -0.467964 -0.743651  0.587952 0.541626 1 20 1.000000
0  -2.058104 -8.813058 4.302234  -0.147048 0.224114 -0.963405  0.585510 0.533264 1 20 1.000000
Komainu
0  -2.863037 -8.168526 4.652331  -0.255016 0.278146 -0.926068  0.644958 0.554138 1 20 1.000000
0  -2.058104 -8.813058 4.302234  -0.147048 0.224114 -0.963405  0.585510 0.533264 1 20 1.000000
0  -2.203124 -9.235665 4.401111  -0.477485 -0.467964 -0.743651  0.587952 0.541626 1 20 1.000000
Komainu
0  -2.863037 -8.168526 4.652331  -0.255016 0.278146 -0.926068  0.644958 0.554138 1 20 1.000000
0  -2.203124 -9.235665 4.401111  -0.477485 -0.467964 -0.743651  0.587952 0.541626 1 20 1.000000
0  -3.114989 -8.454171 4.771716  -0.674185 -0.234993 -0.700180  0.645569 0.562073 1 20 1.000000
Komainu
0  -2.212646 -9.377022 4.987782  -0.535394 -0.812928 -0.229132  0.589661 0.558289 1 20 1.000000
0  -1.126463 -9.823800 4.586415  -0.272343 -0.947355 -0.168370  0.539795 0.543396 1 20 1.000000
0  -1.116209 -9.795237 4.833972  -0.269092 -0.926503 -0.263023  0.539429 0.549988 1 20 1.000000
Komainu
0  -2.212646 -9.377022 4.987782  -0.535394 -0.812928 -0.229132  0.589661 0.558289 1 20 1.000000
0  -2.233886 -9.373362 4.711659  -0.539839 -0.818731 -0.195584  0.589661 0.552368 1 20 1.000000
0  -1.126463 -9.823800 4.586415  -0.272343 -0.947355 -0.168370  0.539795 0.543396 1 20 1.000000
Komainu
0  -2.203124 -9.235665 4.401111  -0.477485 -0.467964 -0.743651  0.587952 0.541626 1 20 1.000000
0  -1.126463 -9.823800 4.586415  -0.272343 -0.947355 -0.168370  0.539795 0.543396 1 20 1.000000
0  -2.233886 -9.373362 4.711659  -0.539839 -0.818731 -0.195584  0.589661 0.552368 1 20 1.000000
Komainu
0  -2.203124 -9.235665 4.401111  -0.477485 -0.467964 -0.743651  0.587952 0.541626 1 20 1.000000
0  -1.111082 -9.656076 4.231188  -0.228522 -0.575585 -0.785162  0.538025 0.533203 1 20 1.000000
0  -1.126463 -9.823800 4.586415  -0.272343 -0.947355 -0.168370  0.539795 0.543396 1 20 1.000000
Komainu
0  0.000002 -10.009104 4.522692  0.000000 -0.987040 -0.160475  0.505249 0.541443 1 20 1.000000
0  -1.126463 -9.823800 4.586415  -0.272343 -0.947355 -0.168370  0.539795 0.543396 1 20 1.000000
0  -1.111082 -9.656076 4.231188  -0.228522 -0.575585 -0.785162  0.538025 0.533203 1 20 1.000000
Komainu
0  0.000002 -10.009104 4.522692  0.000000 -0.987040 -0.160475  0.505249 0.541443 1 20 1.000000
0  -1.111082 -9.656076 4.231188  -0.228522 -0.575585 -0.785162  0.538025 0.533203 1 20 1.000000
0  0.000001 -9.814278 4.194567  -0.000000 -0.596624 -0.802521  0.505249 0.531677 1 20 1.000000
Komainu
0  1.111084 -9.656076 4.231188  0.228515 -0.575540 -0.785197  0.538025 0.533203 1 20 1.000000
0  0.000002 -10.009104 4.522692  0.000000 -0.987040 -0.160475  0.505249 0.541443 1 20 1.000000
0  0.000001 -9.814278 4.194567  -0.000000 -0.596624 -0.802521  0.505249 0.531677 1 20 1.000000
Komainu
0  1.111084 -9.656076 4.231188  0.228515 -0.575540 -0.785197  0.538025 0.533203 1 20 1.000000
0  1.126465 -9.823800 4.586415  0.272342 -0.947355 -0.168371  0.539795 0.543396 1 20 1.000000
0  0.000002 -10.009104 4.522692  0.000000 -0.987040 -0.160475  0.505249 0.541443 1 20 1.000000
Komainu
0  1.051027 -9.166086 4.133043  0.062128 0.193496 -0.979132  0.537109 0.524414 1 20 1.000000
0  1.896973 -8.457102 4.529286  -0.204486 0.714489 -0.669097  0.582336 0.524414 1 20 1.000000
0  2.058106 -8.813058 4.302234  0.147052 0.224118 -0.963404  0.585510 0.533264 1 20 1.000000
Komainu
0  2.058106 -8.813058 4.302234  0.147052 0.224118 -0.963404  0.585510 0.533264 1 20 1.000000
0  1.896973 -8.457102 4.529286  -0.204486 0.714489 -0.669097  0.582336 0.524414 1 20 1.000000
0  2.630860 -7.963623 4.779054  -0.224363 0.600234 -0.767711  0.642944 0.548157 2 20 0.900000 21 0.100000
Komainu
0  2.058106 -8.813058 4.302234  0.147052 0.224118 -0.963404  0.585510 0.533264 1 20 1.000000
0  2.630860 -7.963623 4.779054  -0.224363 0.600234 -0.767711  0.642944 0.548157 2 20 0.900000 21 0.100000
0  2.863039 -8.168526 4.652331  0.255019 0.278141 -0.926068  0.644958 0.554138 1 20 1.000000
Komainu
0  2.203126 -9.235665 4.401111  0.477481 -0.467966 -0.743653  0.587952 0.541626 1 20 1.000000
0  2.058106 -8.813058 4.302234  0.147052 0.224118 -0.963404  0.585510 0.533264 1 20 1.000000
0  2.863039 -8.168526 4.652331  0.255019 0.278141 -0.926068  0.644958 0.554138 1 20 1.000000
Komainu
0  2.203126 -9.235665 4.401111  0.477481 -0.467966 -0.743653  0.587952 0.541626 1 20 1.000000
0  2.863039 -8.168526 4.652331  0.255019 0.278141 -0.926068  0.644958 0.554138 1 20 1.000000
0  3.114991 -8.454171 4.771716  0.674183 -0.234996 -0.700182  0.645569 0.562073 1 20 1.000000
Komainu
0  2.233888 -9.373362 4.711659  0.539873 -0.818746 -0.195429  0.589661 0.552368 1 20 1.000000
0  2.203126 -9.235665 4.401111  0.477481 -0.467966 -0.743653  0.587952 0.541626 1 20 1.000000
0  3.114991 -8.454171 4.771716  0.674183 -0.234996 -0.700182  0.645569 0.562073 1 20 1.000000
Komainu
0  2.233888 -9.373362 4.711659  0.539873 -0.818746 -0.195429  0.589661 0.552368 1 20 1.000000
0  3.114991 -8.454171 4.771716  0.674183 -0.234996 -0.700182  0.645569 0.562073 1 20 1.000000
0  3.202150 -8.528876 5.042712  0.782037 -0.583856 -0.218016  0.645081 0.570190 1 20 1.000000
Komainu
0  3.202150 -8.528876 5.042712  0.782037 -0.583856 -0.218016  0.645081 0.570190 1 20 1.000000
0  2.212648 -9.377022 4.987782  0.535393 -0.812927 -0.229138  0.589661 0.558289 1 20 1.000000
0  2.233888 -9.373362 4.711659  0.539873 -0.818746 -0.195429  0.589661 0.552368 1 20 1.000000
Komainu
0  3.202150 -8.528876 5.042712  0.782037 -0.583856 -0.218016  0.645081 0.570190 1 20 1.000000
0  3.177247 -8.592599 5.258043  0.763357 -0.638903 -0.095335  0.643005 0.575867 1 20 1.000000
0  2.212648 -9.377022 4.987782  0.535393 -0.812927 -0.229138  0.589661 0.558289 1 20 1.000000
Komainu
0  3.516358 -7.710204 5.079345  0.698739 -0.179033 -0.692611  0.675171 0.573364 2 20 0.800000 21 0.200000
0  3.657715 -7.580564 5.315184  0.972367 -0.105994 -0.208011  0.680481 0.584656 2 20 0.800000 21 0.200000
0  3.574219 -7.957764 5.282958  0.925880 -0.327038 -0.189187  0.667969 0.582458 2 20 0.900000 21 0.100000
Komainu
0  3.516358 -7.710204 5.079345  0.698739 -0.179033 -0.692611  0.675171 0.573364 2 20 0.800000 21 0.200000
0  3.574219 -7.957764 5.282958  0.925880 -0.327038 -0.189187  0.667969 0.582458 2 20 0.900000 21 0.100000
0  3.479005 -7.885985 5.078612  0.708649 -0.115883 -0.695980  0.669067 0.572998 2 20 0.900000 21 0.100000
Komainu
0  3.479005 -7.885985 5.078612  0.708649 -0.115883 -0.695980  0.669067 0.572998 2 20 0.900000 21 0.100000
0  3.123049 -7.806152 4.897704  0.201917 0.148403 -0.968094  0.667236 0.565491 2 20 0.800000 21 0.200000
0  3.516358 -7.710204 5.079345  0.698739 -0.179033 -0.692611  0.675171 0.573364 2 20 0.800000 21 0.200000
Komainu
0  3.123049 -7.806152 4.897704  0.201917 0.148403 -0.968094  0.667236 0.565491 2 20 0.800000 21 0.200000
0  3.479005 -7.885985 5.078612  0.708649 -0.115883 -0.695980  0.669067 0.572998 2 20 0.900000 21 0.100000
0  3.114991 -8.454171 4.771716  0.674183 -0.234996 -0.700182  0.645569 0.562073 1 20 1.000000
Komainu
0  3.123049 -7.806152 4.897704  0.201917 0.148403 -0.968094  0.667236 0.565491 2 20 0.800000 21 0.200000
0  3.114991 -8.454171 4.771716  0.674183 -0.234996 -0.700182  0.645569 0.562073 1 20 1.000000
0  2.863039 -8.168526 4.652331  0.255019 0.278141 -0.926068  0.644958 0.554138 1 20 1.000000
Komainu
0  2.630860 -7.963623 4.779054  -0.224363 0.600234 -0.767711  0.642944 0.548157 2 20 0.900000 21 0.100000
0  3.123049 -7.806152 4.897704  0.201917 0.148403 -0.968094  0.667236 0.565491 2 20 0.800000 21 0.200000
0  2.863039 -8.168526 4.652331  0.255019 0.278141 -0.926068  0.644958 0.554138 1 20 1.000000
Komainu
0  2.630860 -7.963623 4.779054  -0.224363 0.600234 -0.767711  0.642944 0.548157 2 20 0.900000 21 0.100000
0  2.920168 -7.544676 4.955565  -0.293684 0.114956 -0.948965  0.663147 0.561523 2 20 0.800000 21 0.200000
0  3.123049 -7.806152 4.897704  0.201917 0.148403 -0.968094  0.667236 0.565491 2 20 0.800000 21 0.200000
Komainu
0  3.123049 -7.806152 4.897704  0.201917 0.148403 -0.968094  0.667236 0.565491 2 20 0.800000 21 0.200000
0  2.920168 -7.544676 4.955565  -0.293684 0.114956 -0.948965  0.663147 0.561523 2 20 0.800000 21 0.200000
0  3.010987 -7.374023 4.848634  -0.837779 -0.438050 -0.325941  0.664917 0.560730 2 20 0.600000 21 0.400000
Komainu
0  3.123049 -7.806152 4.897704  0.201917 0.148403 -0.968094  0.667236 0.565491 2 20 0.800000 21 0.200000
0  3.010987 -7.374023 4.848634  -0.837779 -0.438050 -0.325941  0.664917 0.560730 2 20 0.600000 21 0.400000
0  3.115723 -7.762938 4.913817  -0.290119 -0.690397 -0.662709  0.669067 0.565491 2 20 0.600000 21 0.400000
Komainu
0  3.115723 -7.762938 4.913817  -0.290119 -0.690397 -0.662709  0.669067 0.565491 2 20 0.600000 21 0.400000
0  3.516358 -7.710204 5.079345  0.698739 -0.179033 -0.692611  0.675171 0.573364 2 20 0.800000 21 0.200000
0  3.123049 -7.806152 4.897704  0.201917 0.148403 -0.968094  0.667236 0.565491 2 20 0.800000 21 0.200000
Komainu
0  3.115723 -7.762938 4.913817  -0.290119 -0.690397 -0.662709  0.669067 0.565491 2 20 0.600000 21 0.400000
0  3.471679 -7.636961 4.962891  0.772992 -0.631984 -0.055494  0.677246 0.568054 2 21 0.600000 20 0.400000
0  3.516358 -7.710204 5.079345  0.698739 -0.179033 -0.692611  0.675171 0.573364 2 20 0.800000 21 0.200000
Komainu
0  3.516358 -7.710204 5.079345  0.698739 -0.179033 -0.692611  0.675171 0.573364 2 20 0.800000 21 0.200000
0  3.471679 -7.636961 4.962891  0.772992 -0.631984 -0.055494  0.677246 0.568054 2 21 0.600000 20 0.400000
0  3.600586 -7.397460 5.123292  0.934401 -0.051953 -0.352415  0.686096 0.575989 2 20 0.600000 21 0.400000
Komainu
0  3.516358 -7.710204 5.079345  0.698739 -0.179033 -0.692611  0.675171 0.573364 2 20 0.800000 21 0.200000
0  3.600586 -7.397460 5.123292  0.934401 -0.051953 -0.352415  0.686096 0.575989 2 20 0.600000 21 0.400000
0  3.657715 -7.580564 5.315184  0.972367 -0.105994 -0.208011  0.680481 0.584656 2 20 0.800000 21 0.200000
Komainu
0  3.600586 -7.397460 5.123292  0.934401 -0.051953 -0.352415  0.686096 0.575989 2 20 0.600000 21 0.400000
0  3.642334 -7.489746 5.494629  0.998742 -0.021447 -0.045328  0.682678 0.591248 2 20 0.800000 21 0.200000
0  3.657715 -7.580564 5.315184  0.972367 -0.105994 -0.208011  0.680481 0.584656 2 20 0.800000 21 0.200000
Komainu
0  3.657715 -7.580564 5.315184  0.972367 -0.105994 -0.208011  0.680481 0.584656 2 20 0.800000 21 0.200000
0  3.642334 -7.489746 5.494629  0.998742 -0.021447 -0.045328  0.682678 0.591248 2 20 0.800000 21 0.200000
0  3.537598 -7.996581 5.484375  0.935128 -0.354230 0.007507  0.667908 0.589539 2 20 0.900000 21 0.100000
Komainu
0  3.657715 -7.580564 5.315184  0.972367 -0.105994 -0.208011  0.680481 0.584656 2 20 0.800000 21 0.200000
0  3.537598 -7.996581 5.484375  0.935128 -0.354230 0.007507  0.667908 0.589539 2 20 0.900000 21 0.100000
0  3.574219 -7.957764 5.282958  0.925880 -0.327038 -0.189187  0.667969 0.582458 2 20 0.900000 21 0.100000
Komainu
0  3.574219 -7.957764 5.282958  0.925880 -0.327038 -0.189187  0.667969 0.582458 2 20 0.900000 21 0.100000
0  3.537598 -7.996581 5.484375  0.935128 -0.354230 0.007507  0.667908 0.589539 2 20 0.900000 21 0.100000
0  3.177247 -8.592599 5.258043  0.763357 -0.638903 -0.095335  0.643005 0.575867 1 20 1.000000
Komainu
0  3.574219 -7.957764 5.282958  0.925880 -0.327038 -0.189187  0.667969 0.582458 2 20 0.900000 21 0.100000
0  3.177247 -8.592599 5.258043  0.763357 -0.638903 -0.095335  0.643005 0.575867 1 20 1.000000
0  3.202150 -8.528876 5.042712  0.782037 -0.583856 -0.218016  0.645081 0.570190 1 20 1.000000
Komainu
0  3.114991 -8.454171 4.771716  0.674183 -0.234996 -0.700182  0.645569 0.562073 1 20 1.000000
0  3.574219 -7.957764 5.282958  0.925880 -0.327038 -0.189187  0.667969 0.582458 2 20 0.900000 21 0.100000
0  3.202150 -8.528876 5.042712  0.782037 -0.583856 -0.218016  0.645081 0.570190 1 20 1.000000
Komainu
0  3.114991 -8.454171 4.771716  0.674183 -0.234996 -0.700182  0.645569 0.562073 1 20 1.000000
0  3.479005 -7.885985 5.078612  0.708649 -0.115883 -0.695980  0.669067 0.572998 2 20 0.900000 21 0.100000
0  3.574219 -7.957764 5.282958  0.925880 -0.327038 -0.189187  0.667969 0.582458 2 20 0.900000 21 0.100000
Komainu
0  3.600586 -7.397460 5.123292  0.934401 -0.051953 -0.352415  0.686096 0.575989 2 20 0.600000 21 0.400000
0  3.585937 -7.163816 5.206053  0.944689 0.136652 -0.298142  0.690918 0.578919 2 20 0.600000 21 0.400000
0  3.642334 -7.489746 5.494629  0.998742 -0.021447 -0.045328  0.682678 0.591248 2 20 0.800000 21 0.200000
Komainu
0  -3.642332 -7.489747 5.494629  -0.998744 -0.021448 -0.045289  0.682052 0.596375 2 20 0.800000 21 0.200000
0  -3.394043 -5.887207 5.062500  -0.882262 0.288104 -0.372305  0.739486 0.586670 2 21 0.600000 20 0.400000
0  -3.585935 -7.163817 5.206053  -0.944682 0.136658 -0.298162  0.692123 0.580261 2 20 0.600000 21 0.400000
Komainu
0  -3.694334 -7.876290 6.554430  -0.911065 -0.407874 -0.059994  0.665695 0.638123 1 20 1.000000
0  -3.537596 -7.996582 5.484375  -0.935128 -0.354230 0.007504  0.663925 0.596741 2 20 0.900000 21 0.100000
0  -3.177245 -8.592601 5.258043  -0.763356 -0.638904 -0.095339  0.639633 0.585449 1 20 1.000000
Komainu
0  -3.667967 -7.123363 5.940663  -0.991229 -0.017029 -0.131057  0.691635 0.613953 1 20 1.000000
0  -3.537596 -7.996582 5.484375  -0.935128 -0.354230 0.007504  0.663925 0.596741 2 20 0.900000 21 0.100000
0  -3.694334 -7.876290 6.554430  -0.911065 -0.407874 -0.059994  0.665695 0.638123 1 20 1.000000
Komainu
0  -3.667967 -7.123363 5.940663  -0.991229 -0.017029 -0.131057  0.691635 0.613953 1 20 1.000000
0  -3.642332 -7.489747 5.494629  -0.998744 -0.021448 -0.045289  0.682052 0.596375 2 20 0.800000 21 0.200000
0  -3.537596 -7.996582 5.484375  -0.935128 -0.354230 0.007504  0.663925 0.596741 2 20 0.900000 21 0.100000
Komainu
0  -3.642332 -7.489747 5.494629  -0.998744 -0.021448 -0.045289  0.682052 0.596375 2 20 0.800000 21 0.200000
0  -3.667967 -7.123363 5.940663  -0.991229 -0.017029 -0.131057  0.691635 0.613953 1 20 1.000000
0  -3.637205 -6.178535 5.888661  -0.956466 0.216064 -0.196185  0.725875 0.616699 1 20 1.000000
Komainu
0  -3.642332 -7.489747 5.494629  -0.998744 -0.021448 -0.045289  0.682052 0.596375 2 20 0.800000 21 0.200000
0  -3.637205 -6.178535 5.888661  -0.956466 0.216064 -0.196185  0.725875 0.616699 1 20 1.000000
0  -3.394043 -5.887207 5.062500  -0.882262 0.288104 -0.372305  0.739486 0.586670 2 21 0.600000 20 0.400000
Komainu
0  -2.751707 -4.940919 5.047851  -0.746901 0.515205 -0.420360  0.769027 0.590881 2 20 0.700000 21 0.300000
0  -3.394043 -5.887207 5.062500  -0.882262 0.288104 -0.372305  0.739486 0.586670 2 21 0.600000 20 0.400000
0  -3.637205 -6.178535 5.888661  -0.956466 0.216064 -0.196185  0.725875 0.616699 1 20 1.000000
Komainu
0  -2.751707 -4.940919 5.047851  -0.746901 0.515205 -0.420360  0.769027 0.590881 2 20 0.700000 21 0.300000
0  -3.637205 -6.178535 5.888661  -0.956466 0.216064 -0.196185  0.725875 0.616699 1 20 1.000000
0  -3.611570 -5.383125 6.524404  -0.906930 0.395685 -0.144609  0.758102 0.653442 1 20 1.000000
Komainu
0  -3.611570 -5.383125 6.524404  -0.906930 0.395685 -0.144609  0.758102 0.653442 1 20 1.000000
0  -3.319334 -5.033761 6.510486  -0.782200 0.617795 -0.080576  0.769210 0.659790 1 20 1.000000
0  -2.751707 -4.940919 5.047851  -0.746901 0.515205 -0.420360  0.769027 0.590881 2 20 0.700000 21 0.300000
Komainu
0  -3.611570 -5.383125 6.524404  -0.906930 0.395685 -0.144609  0.758102 0.653442 1 20 1.000000
0  -3.452636 -5.362617 7.417956  -0.711250 0.598927 0.367981  0.760543 0.699219 1 20 1.000000
0  -3.319334 -5.033761 6.510486  -0.782200 0.617795 -0.080576  0.769210 0.659790 1 20 1.000000
Komainu
0  -3.611570 -5.383125 6.524404  -0.906930 0.395685 -0.144609  0.758102 0.653442 1 20 1.000000
0  -3.790283 -5.678292 7.374012  -0.928096 0.334544 0.163454  0.748702 0.695679 1 20 1.000000
0  -3.452636 -5.362617 7.417956  -0.711250 0.598927 0.367981  0.760543 0.699219 1 20 1.000000
Komainu
0  -3.761717 -6.203440 7.898424  -0.917243 0.206762 0.340463  0.730026 0.717041 1 20 1.000000
0  -3.452636 -5.362617 7.417956  -0.711250 0.598927 0.367981  0.760543 0.699219 1 20 1.000000
0  -3.790283 -5.678292 7.374012  -0.928096 0.334544 0.163454  0.748702 0.695679 1 20 1.000000
Komainu
0  -3.758789 -6.174873 7.365954  -0.996193 -0.031998 -0.081097  0.727523 0.688904 1 20 1.000000
0  -3.761717 -6.203440 7.898424  -0.917243 0.206762 0.340463  0.730026 0.717041 1 20 1.000000
0  -3.790283 -5.678292 7.374012  -0.928096 0.334544 0.163454  0.748702 0.695679 1 20 1.000000
Komainu
0  -3.758789 -6.174873 7.365954  -0.996193 -0.031998 -0.081097  0.727523 0.688904 1 20 1.000000
0  -3.699461 -6.746895 7.640613  -0.983601 0.097964 -0.151436  0.703353 0.697388 1 20 1.000000
0  -3.761717 -6.203440 7.898424  -0.917243 0.206762 0.340463  0.730026 0.717041 1 20 1.000000
Komainu
0  -3.844481 -6.998116 7.986315  -0.937988 0.037779 0.344604  0.694381 0.713074 1 20 1.000000
0  -3.761717 -6.203440 7.898424  -0.917243 0.206762 0.340463  0.730026 0.717041 1 20 1.000000
0  -3.699461 -6.746895 7.640613  -0.983601 0.097964 -0.151436  0.703353 0.697388 1 20 1.000000
Komainu
0  -3.699461 -6.746895 7.640613  -0.983601 0.097964 -0.151436  0.703353 0.697388 1 20 1.000000
0  -3.994628 -7.677073 7.465563  -0.972803 -0.172352 0.154756  0.672469 0.682251 1 20 1.000000
0  -3.844481 -6.998116 7.986315  -0.937988 0.037779 0.344604  0.694381 0.713074 1 20 1.000000
Komainu
0  -3.844481 -6.998116 7.986315  -0.937988 0.037779 0.344604  0.694381 0.713074 1 20 1.000000
0  -3.994628 -7.677073 7.465563  -0.972803 -0.172352 0.154756  0.672469 0.682251 1 20 1.000000
0  -3.723632 -7.909984 7.563708  -0.694009 -0.630762 0.347119  0.662826 0.685547 1 20 1.000000
Komainu
0  -3.948485 -7.652902 6.665029  -0.961342 -0.207729 -0.180750  0.674178 0.644653 1 20 1.000000
0  -3.723632 -7.909984 7.563708  -0.694009 -0.630762 0.347119  0.662826 0.685547 1 20 1.000000
0  -3.994628 -7.677073 7.465563  -0.972803 -0.172352 0.154756  0.672469 0.682251 1 20 1.000000
Komainu
0  -3.948485 -7.652902 6.665029  -0.961342 -0.207729 -0.180750  0.674178 0.644653 1 20 1.000000
0  -3.694334 -7.876290 6.554430  -0.706285 -0.624188 -0.333992  0.665695 0.638123 1 20 1.000000
0  -3.723632 -7.909984 7.563708  -0.694009 -0.630762 0.347119  0.662826 0.685547 1 20 1.000000
Komainu
0  -3.637205 -6.178535 5.888661  -0.956466 0.216064 -0.196185  0.725875 0.616699 1 20 1.000000
0  -3.682616 -5.809395 6.644520  -0.987637 0.076970 -0.136558  0.738632 0.653870 1 20 1.000000
0  -3.611570 -5.383125 6.524404  -0.906930 0.395685 -0.144609  0.758102 0.653442 1 20 1.000000
Komainu
0  -3.758789 -6.174873 7.365954  -0.996193 -0.031998 -0.081097  0.727523 0.688904 1 20 1.000000
0  -3.611570 -5.383125 6.524404  -0.906930 0.395685 -0.144609  0.758102 0.653442 1 20 1.000000
0  -3.682616 -5.809395 6.644520  -0.987637 0.076970 -0.136558  0.738632 0.653870 1 20 1.000000
Komainu
0  -3.758789 -6.174873 7.365954  -0.996193 -0.031998 -0.081097  0.727523 0.688904 1 20 1.000000
0  -3.790283 -5.678292 7.374012  -0.928096 0.334544 0.163454  0.748702 0.695679 1 20 1.000000
0  -3.611570 -5.383125 6.524404  -0.906930 0.395685 -0.144609  0.758102 0.653442 1 20 1.000000
Komainu
0  -3.761717 -6.203440 7.898424  -0.917243 0.206762 0.340463  0.730026 0.717041 1 20 1.000000
0  -3.457763 -6.126534 8.069078  -0.800468 -0.117328 0.587779  0.737777 0.726868 1 20 1.000000
0  -3.452636 -5.362617 7.417956  -0.711250 0.598927 0.367981  0.760543 0.699219 1 20 1.000000
Komainu
0  -3.844481 -6.998116 7.986315  -0.937988 0.037779 0.344604  0.694381 0.713074 1 20 1.000000
0  -3.457763 -6.126534 8.069078  -0.800468 -0.117328 0.587779  0.737777 0.726868 1 20 1.000000
0  -3.761717 -6.203440 7.898424  -0.917243 0.206762 0.340463  0.730026 0.717041 1 20 1.000000
Komainu
0  -3.844481 -6.998116 7.986315  -0.937988 0.037779 0.344604  0.694381 0.713074 1 20 1.000000
0  -3.548582 -7.125558 8.184069  -0.584521 -0.132049 0.800561  0.691635 0.722351 1 20 1.000000
0  -3.457763 -6.126534 8.069078  -0.800468 -0.117328 0.587779  0.737777 0.726868 1 20 1.000000
Komainu
0  -3.844481 -6.998116 7.986315  -0.937988 0.037779 0.344604  0.694381 0.713074 1 20 1.000000
0  -3.723632 -7.909984 7.563708  -0.694009 -0.630762 0.347119  0.662826 0.685547 1 20 1.000000
0  -3.548582 -7.125558 8.184069  -0.584521 -0.132049 0.800561  0.691635 0.722351 1 20 1.000000
Komainu
0  -3.886229 -7.042062 6.161120  -0.959176 -0.049371 -0.278468  0.692977 0.624756 1 20 1.000000
0  -3.814451 -7.008369 6.661365  -0.945816 -0.197520 -0.257717  0.694320 0.648377 1 20 1.000000
0  -3.763184 -6.682444 6.626940  -0.959207 -0.049398 -0.278355  0.704208 0.648743 1 20 1.000000
Komainu
0  -3.886229 -7.042062 6.161120  -0.959176 -0.049371 -0.278468  0.692977 0.624756 1 20 1.000000
0  -3.850340 -7.211250 7.228260  -0.973688 -0.034458 -0.225265  0.687118 0.673828 1 20 1.000000
0  -3.814451 -7.008369 6.661365  -0.945816 -0.197520 -0.257717  0.694320 0.648377 1 20 1.000000
Komainu
0  -3.886229 -7.042062 6.161120  -0.959176 -0.049371 -0.278468  0.692977 0.624756 1 20 1.000000
0  -3.948485 -7.652902 6.665029  -0.961342 -0.207729 -0.180750  0.674178 0.644653 1 20 1.000000
0  -3.850340 -7.211250 7.228260  -0.973688 -0.034458 -0.225265  0.687118 0.673828 1 20 1.000000
Komainu
0  -3.948485 -7.652902 6.665029  -0.961342 -0.207729 -0.180750  0.674178 0.644653 1 20 1.000000
0  -3.994628 -7.677073 7.465563  -0.972803 -0.172352 0.154756  0.672469 0.682251 1 20 1.000000
0  -3.850340 -7.211250 7.228260  -0.973688 -0.034458 -0.225265  0.687118 0.673828 1 20 1.000000
Komainu
0  -3.699461 -6.746895 7.640613  -0.983601 0.097964 -0.151436  0.703353 0.697388 1 20 1.000000
0  -3.850340 -7.211250 7.228260  -0.973688 -0.034458 -0.225265  0.687118 0.673828 1 20 1.000000
0  -3.994628 -7.677073 7.465563  -0.972803 -0.172352 0.154756  0.672469 0.682251 1 20 1.000000
Komainu
0  -3.886229 -7.042062 6.161120  -0.959176 -0.049371 -0.278468  0.692977 0.624756 1 20 1.000000
0  -3.694334 -7.876290 6.554430  -0.706285 -0.624188 -0.333992  0.665695 0.638123 1 20 1.000000
0  -3.948485 -7.652902 6.665029  -0.961342 -0.207729 -0.180750  0.674178 0.644653 1 20 1.000000
Komainu
0  -3.886229 -7.042062 6.161120  -0.959176 -0.049371 -0.278468  0.692977 0.624756 1 20 1.000000
0  -3.667967 -7.123363 5.940663  -0.744005 -0.214817 -0.632701  0.691635 0.613953 1 20 1.000000
0  -3.694334 -7.876290 6.554430  -0.706285 -0.624188 -0.333992  0.665695 0.638123 1 20 1.000000
Komainu
0  -3.886229 -7.042062 6.161120  -0.959176 -0.049371 -0.278468  0.692977 0.624756 1 20 1.000000
0  -3.637205 -6.178535 5.888661  -0.813775 0.298018 -0.498954  0.725875 0.616699 1 20 1.000000
0  -3.667967 -7.123363 5.940663  -0.744005 -0.214817 -0.632701  0.691635 0.613953 1 20 1.000000
Komainu
0  -3.886229 -7.042062 6.161120  -0.959176 -0.049371 -0.278468  0.692977 0.624756 1 20 1.000000
0  -3.859862 -6.309639 6.185292  -0.975369 0.067802 -0.209902  0.719894 0.630005 1 20 1.000000
0  -3.637205 -6.178535 5.888661  -0.813775 0.298018 -0.498954  0.725875 0.616699 1 20 1.000000
Komainu
0  -3.880370 -6.100167 6.672351  -0.938320 0.342423 -0.047977  0.726486 0.653809 1 20 1.000000
0  -3.637205 -6.178535 5.888661  -0.813775 0.298018 -0.498954  0.725875 0.616699 1 20 1.000000
0  -3.859862 -6.309639 6.185292  -0.975369 0.067802 -0.209902  0.719894 0.630005 1 20 1.000000
Komainu
0  -3.916991 -6.420969 6.890613  -0.991231 -0.017030 -0.131039  0.714706 0.662537 1 20 1.000000
0  -3.880370 -6.100167 6.672351  -0.938320 0.342423 -0.047977  0.726486 0.653809 1 20 1.000000
0  -3.859862 -6.309639 6.185292  -0.975369 0.067802 -0.209902  0.719894 0.630005 1 20 1.000000
Komainu
0  -3.880370 -6.100167 6.672351  -0.938320 0.342423 -0.047977  0.726486 0.653809 1 20 1.000000
0  -3.916991 -6.420969 6.890613  -0.991231 -0.017030 -0.131039  0.714706 0.662537 1 20 1.000000
0  -3.912596 -6.326488 7.235583  -0.936400 0.245554 0.250715  0.720626 0.680176 1 20 1.000000
Komainu
0  -3.916991 -6.420969 6.890613  -0.991231 -0.017030 -0.131039  0.714706 0.662537 1 20 1.000000
0  -3.848144 -6.700752 7.415760  -0.891882 0.016894 0.451953  0.702804 0.685730 1 20 1.000000
0  -3.912596 -6.326488 7.235583  -0.936400 0.245554 0.250715  0.720626 0.680176 1 20 1.000000
Komainu
0  -3.848144 -6.700752 7.415760  -0.891882 0.016894 0.451953  0.702804 0.685730 1 20 1.000000
0  -3.758789 -6.174873 7.365954  -0.813899 0.401796 0.419678  0.727523 0.688904 1 20 1.000000
0  -3.912596 -6.326488 7.235583  -0.936400 0.245554 0.250715  0.720626 0.680176 1 20 1.000000
Komainu
0  -3.848144 -6.700752 7.415760  -0.891882 0.016894 0.451953  0.702804 0.685730 1 20 1.000000
0  -3.699461 -6.746895 7.640613  -0.811062 -0.003163 0.584952  0.703353 0.697388 1 20 1.000000
0  -3.758789 -6.174873 7.365954  -0.813899 0.401796 0.419678  0.727523 0.688904 1 20 1.000000
Komainu
0  -3.699461 -6.746895 7.640613  -0.811062 -0.003163 0.584952  0.703353 0.697388 1 20 1.000000
0  -3.848144 -6.700752 7.415760  -0.891882 0.016894 0.451953  0.702804 0.685730 1 20 1.000000
0  -3.960938 -6.981270 7.163805  -0.982681 -0.161276 0.091256  0.694198 0.672119 1 20 1.000000
Komainu
0  -3.699461 -6.746895 7.640613  -0.811062 -0.003163 0.584952  0.703353 0.697388 1 20 1.000000
0  -3.960938 -6.981270 7.163805  -0.982681 -0.161276 0.091256  0.694198 0.672119 1 20 1.000000
0  -3.850340 -7.211250 7.228260  -0.973688 -0.034458 -0.225265  0.687118 0.673828 1 20 1.000000
Komainu
0  -3.960938 -6.981270 7.163805  -0.982681 -0.161276 0.091256  0.694198 0.672119 1 20 1.000000
0  -3.814451 -7.008369 6.661365  -0.945816 -0.197520 -0.257717  0.694320 0.648377 1 20 1.000000
0  -3.850340 -7.211250 7.228260  -0.973688 -0.034458 -0.225265  0.687118 0.673828 1 20 1.000000
Komainu
0  -3.960938 -6.981270 7.163805  -0.982681 -0.161276 0.091256  0.694198 0.672119 1 20 1.000000
0  -3.912596 -6.903634 6.826161  -0.920283 -0.083070 -0.382333  0.696823 0.656799 1 20 1.000000
0  -3.814451 -7.008369 6.661365  -0.945816 -0.197520 -0.257717  0.694320 0.648377 1 20 1.000000
Komainu
0  -3.814451 -7.008369 6.661365  -0.945816 -0.197520 -0.257717  0.694320 0.648377 1 20 1.000000
0  -3.912596 -6.903634 6.826161  -0.920283 -0.083070 -0.382333  0.696823 0.656799 1 20 1.000000
0  -3.763184 -6.682444 6.626940  -0.959207 -0.049398 -0.278355  0.704208 0.648743 1 20 1.000000
Komainu
0  -3.916991 -6.420969 6.890613  -0.991231 -0.017030 -0.131039  0.714706 0.662537 1 20 1.000000
0  -3.763184 -6.682444 6.626940  -0.959207 -0.049398 -0.278355  0.704208 0.648743 1 20 1.000000
0  -3.912596 -6.903634 6.826161  -0.920283 -0.083070 -0.382333  0.696823 0.656799 1 20 1.000000
Komainu
0  -3.763184 -6.682444 6.626940  -0.959207 -0.049398 -0.278355  0.704208 0.648743 1 20 1.000000
0  -3.916991 -6.420969 6.890613  -0.991231 -0.017030 -0.131039  0.714706 0.662537 1 20 1.000000
0  -3.859862 -6.309639 6.185292  -0.975369 0.067802 -0.209902  0.719894 0.630005 1 20 1.000000
Komainu
0  -3.886229 -7.042062 6.161120  -0.959176 -0.049371 -0.278468  0.692977 0.624756 1 20 1.000000
0  -3.763184 -6.682444 6.626940  -0.959207 -0.049398 -0.278355  0.704208 0.648743 1 20 1.000000
0  -3.859862 -6.309639 6.185292  -0.975369 0.067802 -0.209902  0.719894 0.630005 1 20 1.000000
Komainu
0  -3.916991 -6.420969 6.890613  -0.991231 -0.017030 -0.131039  0.714706 0.662537 1 20 1.000000
0  -3.960938 -6.981270 7.163805  -0.982681 -0.161276 0.091256  0.694198 0.672119 1 20 1.000000
0  -3.848144 -6.700752 7.415760  -0.891882 0.016894 0.451953  0.702804 0.685730 1 20 1.000000
Komainu
0  -3.916991 -6.420969 6.890613  -0.991231 -0.017030 -0.131039  0.714706 0.662537 1 20 1.000000
0  -3.912596 -6.903634 6.826161  -0.920283 -0.083070 -0.382333  0.696823 0.656799 1 20 1.000000
0  -3.960938 -6.981270 7.163805  -0.982681 -0.161276 0.091256  0.694198 0.672119 1 20 1.000000
Komainu
0  -3.880370 -6.100167 6.672351  -0.938320 0.342423 -0.047977  0.726486 0.653809 1 20 1.000000
0  -3.682616 -5.809395 6.644520  -0.810304 0.583925 -0.049377  0.738632 0.653870 1 20 1.000000
0  -3.637205 -6.178535 5.888661  -0.813775 0.298018 -0.498954  0.725875 0.616699 1 20 1.000000
Komainu
0  -3.912596 -6.326488 7.235583  -0.936400 0.245554 0.250715  0.720626 0.680176 1 20 1.000000
0  -3.682616 -5.809395 6.644520  -0.810304 0.583925 -0.049377  0.738632 0.653870 1 20 1.000000
0  -3.880370 -6.100167 6.672351  -0.938320 0.342423 -0.047977  0.726486 0.653809 1 20 1.000000
Komainu
0  -3.912596 -6.326488 7.235583  -0.936400 0.245554 0.250715  0.720626 0.680176 1 20 1.000000
0  -3.758789 -6.174873 7.365954  -0.813899 0.401796 0.419678  0.727523 0.688904 1 20 1.000000
0  -3.682616 -5.809395 6.644520  -0.810304 0.583925 -0.049377  0.738632 0.653870 1 20 1.000000
Komainu
0  1.866211 -5.012733 1.713078  -0.435411 -0.869654 0.232634  0.654952 0.315308 3 25 0.800000 24 0.100000 28 0.100000
0  1.295656 -4.402617 0.882498  -0.940066 -0.309223 0.143726  0.629012 0.260498 2 25 0.700000 28 0.300000
0  1.735108 -5.236868 0.943290  -0.497807 -0.734893 0.460565  0.667526 0.263123 2 28 0.600000 25 0.400000
Komainu
0  1.866211 -5.012733 1.713078  -0.435411 -0.869654 0.232634  0.654952 0.315308 3 25 0.800000 24 0.100000 28 0.100000
0  1.265026 -4.280564 1.713402  -0.907325 -0.416485 0.057458  0.620345 0.312927 1 25 1.000000
0  1.295656 -4.402617 0.882498  -0.940066 -0.309223 0.143726  0.629012 0.260498 2 25 0.700000 28 0.300000
Komainu
0  1.256104 -4.572546 0.398352  -0.961305 -0.252264 0.110705  0.632614 0.239868 2 28 0.800000 25 0.200000
0  1.696291 -5.726151 0.535320  -0.581249 -0.762621 0.283829  0.672592 0.250061 2 28 0.900000 25 0.100000
0  1.735108 -5.236868 0.943290  -0.497807 -0.734893 0.460565  0.667526 0.263123 2 28 0.600000 25 0.400000
Komainu
0  1.256104 -4.572546 0.398352  -0.961305 -0.252264 0.110705  0.632614 0.239868 2 28 0.800000 25 0.200000
0  1.735108 -5.236868 0.943290  -0.497807 -0.734893 0.460565  0.667526 0.263123 2 28 0.600000 25 0.400000
0  1.295656 -4.402617 0.882498  -0.940066 -0.309223 0.143726  0.629012 0.260498 2 25 0.700000 28 0.300000
Komainu
0  1.154299 -3.875991 -0.000099  -0.762918 0.165151 -0.625045  0.592330 0.229736 2 28 0.900000 25 0.100000
0  1.256104 -4.572546 0.398352  -0.961305 -0.252264 0.110705  0.632614 0.239868 2 28 0.800000 25 0.200000
0  1.295656 -4.402617 0.882498  -0.940066 -0.309223 0.143726  0.629012 0.260498 2 25 0.700000 28 0.300000
Komainu
0  1.154299 -3.875991 -0.000099  -0.762918 0.165151 -0.625045  0.592330 0.229736 2 28 0.900000 25 0.100000
0  1.295656 -4.402617 0.882498  -0.940066 -0.309223 0.143726  0.629012 0.260498 2 25 0.700000 28 0.300000
0  1.193116 -3.767592 0.820971  -0.936405 0.324289 -0.134097  0.589767 0.257935 2 25 0.700000 28 0.300000
Komainu
0  1.106824 -3.562902 1.713786  -0.956600 0.213560 -0.198264  0.582992 0.310181 1 25 1.000000
0  1.193116 -3.767592 0.820971  -0.936405 0.324289 -0.134097  0.589767 0.257935 2 25 0.700000 28 0.300000
0  1.295656 -4.402617 0.882498  -0.940066 -0.309223 0.143726  0.629012 0.260498 2 25 0.700000 28 0.300000
Komainu
0  1.106824 -3.562902 1.713786  -0.956600 0.213560 -0.198264  0.582992 0.310181 1 25 1.000000
0  1.295656 -4.402617 0.882498  -0.940066 -0.309223 0.143726  0.629012 0.260498 2 25 0.700000 28 0.300000
0  1.265026 -4.280564 1.713402  -0.907325 -0.416485 0.057458  0.620345 0.312927 1 25 1.000000
Komainu
0  1.265026 -4.280564 1.713402  -0.907325 -0.416485 0.057458  0.620345 0.312927 1 25 1.000000
0  1.033446 -3.454110 2.236035  -0.960071 0.168811 -0.223086  0.581954 0.326172 2 25 0.600000 24 0.400000
0  1.106824 -3.562902 1.713786  -0.956600 0.213560 -0.198264  0.582992 0.310181 1 25 1.000000
Komainu
0  1.265026 -4.280564 1.713402  -0.907325 -0.416485 0.057458  0.620345 0.312927 1 25 1.000000
0  1.208497 -4.116962 2.348097  -0.879822 -0.475215 0.009206  0.620101 0.326904 2 25 0.900000 24 0.100000
0  1.033446 -3.454110 2.236035  -0.960071 0.168811 -0.223086  0.581954 0.326172 2 25 0.600000 24 0.400000
Komainu
0  1.086184 -3.938982 2.890830  -0.819535 -0.570682 -0.051809  0.609908 0.360718 2 24 0.500000 25 0.500000
0  1.033446 -3.454110 2.236035  -0.960071 0.168811 -0.223086  0.581954 0.326172 2 25 0.600000 24 0.400000
0  1.208497 -4.116962 2.348097  -0.879822 -0.475215 0.009206  0.620101 0.326904 2 25 0.900000 24 0.100000
Komainu
0  1.843507 -4.697052 3.262176  -0.423711 -0.896341 0.130543  0.650802 0.368530 2 24 0.600000 25 0.400000
0  1.086184 -3.938982 2.890830  -0.819535 -0.570682 -0.051809  0.609908 0.360718 2 24 0.500000 25 0.500000
0  1.208497 -4.116962 2.348097  -0.879822 -0.475215 0.009206  0.620101 0.326904 2 25 0.900000 24 0.100000
Komainu
0  1.086184 -3.938982 2.890830  -0.819535 -0.570682 -0.051809  0.609908 0.360718 2 24 0.500000 25 0.500000
0  1.843507 -4.697052 3.262176  -0.423711 -0.896341 0.130543  0.650802 0.368530 2 24 0.600000 25 0.400000
0  1.893313 -4.443621 4.166739  0.046916 -0.873729 -0.484145  0.599288 0.421265 3 24 0.500000 19 0.350000 25 0.150000
Komainu
0  2.547364 -4.686054 4.990722  0.832778 -0.406532 -0.375783  0.582931 0.449341 2 24 0.600000 19 0.400000
0  1.893313 -4.443621 4.166739  0.046916 -0.873729 -0.484145  0.599288 0.421265 3 24 0.500000 19 0.350000 25 0.150000
0  1.843507 -4.697052 3.262176  -0.423711 -0.896341 0.130543  0.650802 0.368530 2 24 0.600000 25 0.400000
Komainu
0  2.547364 -4.686054 4.990722  0.832778 -0.406532 -0.375783  0.582931 0.449341 2 24 0.600000 19 0.400000
0  1.843507 -4.697052 3.262176  -0.423711 -0.896341 0.130543  0.650802 0.368530 2 24 0.600000 25 0.400000
0  2.871826 -4.623076 3.469455  0.551814 -0.827646 0.102484  0.690780 0.374756 2 24 0.600000 25 0.400000
Komainu
0  2.871826 -4.623076 3.469455  0.551814 -0.827646 0.102484  0.690780 0.374756 2 24 0.600000 25 0.400000
0  3.238770 -3.796154 4.795161  0.905740 -0.410594 0.105105  0.691879 0.417725 2 24 0.800000 19 0.200000
0  2.547364 -4.686054 4.990722  0.832778 -0.406532 -0.375783  0.582931 0.449341 2 24 0.600000 19 0.400000
Komainu
0  3.299560 -3.949968 3.467991  0.930483 -0.366336 -0.000491  0.726730 0.375488 2 24 0.600000 25 0.400000
0  3.238770 -3.796154 4.795161  0.905740 -0.410594 0.105105  0.691879 0.417725 2 24 0.800000 19 0.200000
0  2.871826 -4.623076 3.469455  0.551814 -0.827646 0.102484  0.690780 0.374756 2 24 0.600000 25 0.400000
Komainu
0  3.423339 -3.203619 3.424776  0.990871 0.061782 -0.119822  0.780685 0.376648 2 24 0.600000 25 0.400000
0  3.238770 -3.796154 4.795161  0.905740 -0.410594 0.105105  0.691879 0.417725 2 24 0.800000 19 0.200000
0  3.299560 -3.949968 3.467991  0.930483 -0.366336 -0.000491  0.726730 0.375488 2 24 0.600000 25 0.400000
Komainu
0  3.423339 -3.203619 3.424776  0.990871 0.061782 -0.119822  0.780685 0.376648 2 24 0.600000 25 0.400000
0  3.299560 -3.949968 3.467991  0.930483 -0.366336 -0.000491  0.726730 0.375488 2 24 0.600000 25 0.400000
0  3.090088 -4.136005 2.346633  0.935963 -0.345246 -0.069127  0.732406 0.326904 2 25 0.800000 24 0.200000
Komainu
0  3.423339 -3.203619 3.424776  0.990871 0.061782 -0.119822  0.780685 0.376648 2 24 0.600000 25 0.400000
0  3.090088 -4.136005 2.346633  0.935963 -0.345246 -0.069127  0.732406 0.326904 2 25 0.800000 24 0.200000
0  3.277587 -3.447519 2.229444  0.983796 0.042321 -0.174228  0.773361 0.326965 2 25 0.600000 24 0.400000
Komainu
0  3.423339 -3.203619 3.424776  0.990871 0.061782 -0.119822  0.780685 0.376648 2 24 0.600000 25 0.400000
0  3.465087 -2.852781 4.744623  0.996519 -0.073257 0.039790  0.777145 0.425476 2 24 0.800000 19 0.200000
0  3.238770 -3.796154 4.795161  0.905740 -0.410594 0.105105  0.691879 0.417725 2 24 0.800000 19 0.200000
Komainu
0  1.086184 -3.938982 2.890830  -0.819535 -0.570682 -0.051809  0.609908 0.360718 2 24 0.500000 25 0.500000
0  0.905406 -3.243207 2.784327  -0.848824 0.097832 -0.519544  0.580001 0.358398 1 24 1.000000
0  1.033446 -3.454110 2.236035  -0.960071 0.168811 -0.223086  0.581954 0.326172 2 25 0.600000 24 0.400000
Komainu
0  0.714843 -3.210207 2.914299  -0.240095 -0.127926 -0.962283  0.580001 0.374695 2 19 0.800000 24 0.200000
0  0.905406 -3.243207 2.784327  -0.848824 0.097832 -0.519544  0.580001 0.358398 1 24 1.000000
0  1.086184 -3.938982 2.890830  -0.819535 -0.570682 -0.051809  0.609908 0.360718 2 24 0.500000 25 0.500000
Komainu
0  0.714843 -3.210207 2.914299  -0.240095 -0.127926 -0.962283  0.580001 0.374695 2 19 0.800000 24 0.200000
0  1.086184 -3.938982 2.890830  -0.819535 -0.570682 -0.051809  0.609908 0.360718 2 24 0.500000 25 0.500000
0  0.811525 -3.594729 3.136224  -0.199341 -0.632662 -0.748333  0.598678 0.377808 2 19 0.800000 24 0.200000
Komainu
0  1.086184 -3.938982 2.890830  -0.819535 -0.570682 -0.051809  0.609908 0.360718 2 24 0.500000 25 0.500000
0  1.100098 -3.802002 3.429927  -0.212054 -0.860370 -0.463462  0.609908 0.382874 3 19 0.800000 20 0.100000 24 0.100000
0  0.811525 -3.594729 3.136224  -0.199341 -0.632662 -0.748333  0.598678 0.377808 2 19 0.800000 24 0.200000
Komainu
0  1.086184 -3.938982 2.890830  -0.819535 -0.570682 -0.051809  0.609908 0.360718 2 24 0.500000 25 0.500000
0  1.539553 -4.238532 3.855465  -0.036258 -0.794103 -0.606700  0.606918 0.403198 3 19 0.700000 24 0.230000 20 0.070000
0  1.100098 -3.802002 3.429927  -0.212054 -0.860370 -0.463462  0.609908 0.382874 3 19 0.800000 20 0.100000 24 0.100000
Komainu
0  1.086184 -3.938982 2.890830  -0.819535 -0.570682 -0.051809  0.609908 0.360718 2 24 0.500000 25 0.500000
0  1.893313 -4.443621 4.166739  0.046916 -0.873729 -0.484145  0.599288 0.421265 3 24 0.500000 19 0.350000 25 0.150000
0  1.539553 -4.238532 3.855465  -0.036258 -0.794103 -0.606700  0.606918 0.403198 3 19 0.700000 24 0.230000 20 0.070000
Komainu
0  2.027344 -2.390613 1.689639  -0.403757 0.798467 -0.446577  0.882736 0.302551 2 25 0.900000 28 0.100000
0  1.193116 -3.767592 0.820971  -0.936405 0.324289 -0.134097  0.954147 0.257935 2 25 0.700000 28 0.300000
0  1.106824 -3.562902 1.713786  -0.956600 0.213560 -0.198264  0.952072 0.310181 1 25 1.000000
Komainu
0  2.027344 -2.390613 1.689639  -0.403757 0.798467 -0.446577  0.882736 0.302551 2 25 0.900000 28 0.100000
0  1.106824 -3.562902 1.713786  -0.956600 0.213560 -0.198264  0.952072 0.310181 1 25 1.000000
0  1.033446 -3.454110 2.236035  -0.960071 0.168811 -0.223086  0.950668 0.326172 2 25 0.600000 24 0.400000
Komainu
0  2.027344 -2.390613 1.689639  -0.403757 0.798467 -0.446577  0.882736 0.302551 2 25 0.900000 28 0.100000
0  1.033446 -3.454110 2.236035  -0.960071 0.168811 -0.223086  0.950668 0.326172 2 25 0.600000 24 0.400000
0  1.963623 -2.200917 2.069040  -0.409901 0.832468 -0.372796  0.883163 0.323486 2 24 0.500000 25 0.500000
Komainu
0  2.770752 -2.390613 1.689639  0.535023 0.695475 -0.479651  0.837997 0.302551 2 25 0.900000 28 0.100000
0  2.027344 -2.390613 1.689639  -0.403757 0.798467 -0.446577  0.882736 0.302551 2 25 0.900000 28 0.100000
0  1.963623 -2.200917 2.069040  -0.409901 0.832468 -0.372796  0.883163 0.323486 2 24 0.500000 25 0.500000
Komainu
0  2.770752 -2.390613 1.689639  0.535023 0.695475 -0.479651  0.837997 0.302551 2 25 0.900000 28 0.100000
0  1.963623 -2.200917 2.069040  -0.409901 0.832468 -0.372796  0.883163 0.323486 2 24 0.500000 25 0.500000
0  2.825685 -2.199450 2.065377  0.573221 0.743384 -0.344670  0.838729 0.322815 2 24 0.500000 25 0.500000
Komainu
0  3.156870 -3.560951 1.712538  0.972035 0.061130 -0.226742  0.770919 0.310181 1 25 1.000000
0  2.770752 -2.390613 1.689639  0.535023 0.695475 -0.479651  0.837997 0.302551 2 25 0.900000 28 0.100000
0  2.825685 -2.199450 2.065377  0.573221 0.743384 -0.344670  0.838729 0.322815 2 24 0.500000 25 0.500000
Komainu
0  3.156870 -3.560951 1.712538  0.972035 0.061130 -0.226742  0.770919 0.310181 1 25 1.000000
0  2.825685 -2.199450 2.065377  0.573221 0.743384 -0.344670  0.838729 0.322815 2 24 0.500000 25 0.500000
0  3.277587 -3.447519 2.229444  0.983796 0.042321 -0.174228  0.773361 0.326965 2 25 0.600000 24 0.400000
Komainu
0  3.277587 -3.447519 2.229444  0.983796 0.042321 -0.174228  0.773361 0.326965 2 25 0.600000 24 0.400000
0  2.825685 -2.199450 2.065377  0.573221 0.743384 -0.344670  0.838729 0.322815 2 24 0.500000 25 0.500000
0  2.956056 -1.897691 3.500226  0.738397 0.505562 -0.446293  0.840133 0.362122 2 24 0.700000 19 0.300000
Komainu
0  3.277587 -3.447519 2.229444  0.983796 0.042321 -0.174228  0.773361 0.326965 2 25 0.600000 24 0.400000
0  2.956056 -1.897691 3.500226  0.738397 0.505562 -0.446293  0.840133 0.362122 2 24 0.700000 19 0.300000
0  3.423339 -3.203619 3.424776  0.990871 0.061782 -0.119822  0.780685 0.376648 2 24 0.600000 25 0.400000
Komainu
0  3.423339 -3.203619 3.424776  0.990871 0.061782 -0.119822  0.780685 0.376648 2 24 0.600000 25 0.400000
0  2.956056 -1.897691 3.500226  0.738397 0.505562 -0.446293  0.840133 0.362122 2 24 0.700000 19 0.300000
0  3.419679 -1.984119 4.769529  0.984211 0.143733 -0.103294  0.836288 0.419800 2 24 0.700000 19 0.300000
Komainu
0  3.423339 -3.203619 3.424776  0.990871 0.061782 -0.119822  0.780685 0.376648 2 24 0.600000 25 0.400000
0  3.419679 -1.984119 4.769529  0.984211 0.143733 -0.103294  0.836288 0.419800 2 24 0.700000 19 0.300000
0  3.465087 -2.852781 4.744623  0.996519 -0.073257 0.039790  0.777145 0.425476 2 24 0.800000 19 0.200000
Komainu
0  3.419679 -1.984119 4.769529  0.984211 0.143733 -0.103294  0.836288 0.419800 2 24 0.700000 19 0.300000
0  3.396240 -2.204588 6.005130  0.981436 0.005430 0.191715  0.770126 0.483093 2 19 0.800000 24 0.200000
0  3.465087 -2.852781 4.744623  0.996519 -0.073257 0.039790  0.777145 0.425476 2 24 0.800000 19 0.200000
Komainu
0  3.134767 -3.416748 6.353031  0.904539 -0.303976 0.299010  0.669845 0.483093 2 19 0.800000 24 0.200000
0  3.465087 -2.852781 4.744623  0.996519 -0.073257 0.039790  0.777145 0.425476 2 24 0.800000 19 0.200000
0  3.396240 -2.204588 6.005130  0.981436 0.005430 0.191715  0.770126 0.483093 2 19 0.800000 24 0.200000
Komainu
0  3.134767 -3.416748 6.353031  0.904539 -0.303976 0.299010  0.669845 0.483093 2 19 0.800000 24 0.200000
0  3.238770 -3.796154 4.795161  0.905740 -0.410594 0.105105  0.691879 0.417725 2 24 0.800000 19 0.200000
0  3.465087 -2.852781 4.744623  0.996519 -0.073257 0.039790  0.777145 0.425476 2 24 0.800000 19 0.200000
Komainu
0  2.777344 -4.289069 6.402837  0.987516 0.118515 0.103759  0.582931 0.483093 3 20 0.480000 19 0.320000 24 0.200000
0  3.238770 -3.796154 4.795161  0.905740 -0.410594 0.105105  0.691879 0.417725 2 24 0.800000 19 0.200000
0  3.134767 -3.416748 6.353031  0.904539 -0.303976 0.299010  0.669845 0.483093 2 19 0.800000 24 0.200000
Komainu
0  2.777344 -4.289069 6.402837  0.987516 0.118515 0.103759  0.582931 0.483093 3 20 0.480000 19 0.320000 24 0.200000
0  2.547364 -4.686054 4.990722  0.832778 -0.406532 -0.375783  0.582931 0.449341 2 24 0.600000 19 0.400000
0  3.238770 -3.796154 4.795161  0.905740 -0.410594 0.105105  0.691879 0.417725 2 24 0.800000 19 0.200000
Komainu
0  1.963623 -2.200917 2.069040  -0.409901 0.832468 -0.372796  0.883163 0.323486 2 24 0.500000 25 0.500000
0  1.033446 -3.454110 2.236035  -0.960071 0.168811 -0.223086  0.950668 0.326172 2 25 0.600000 24 0.400000
0  0.905406 -3.243207 2.784327  -0.848824 0.097832 -0.519544  0.947921 0.358398 1 24 1.000000
Komainu
0  1.863282 -1.899891 2.931126  -0.066908 0.510652 -0.857181  0.883712 0.350037 2 24 0.700000 19 0.300000
0  0.905406 -3.243207 2.784327  -0.848824 0.097832 -0.519544  0.947921 0.358398 1 24 1.000000
0  0.714843 -3.210207 2.914299  -0.240095 -0.127926 -0.962283  0.946945 0.373840 2 19 0.800000 24 0.200000
Komainu
0  1.963623 -2.200917 2.069040  -0.409901 0.832468 -0.372796  0.883163 0.323486 2 24 0.500000 25 0.500000
0  0.905406 -3.243207 2.784327  -0.848824 0.097832 -0.519544  0.947921 0.358398 1 24 1.000000
0  1.863282 -1.899891 2.931126  -0.066908 0.510652 -0.857181  0.883712 0.350037 2 24 0.700000 19 0.300000
Komainu
0  2.825685 -2.199450 2.065377  0.573221 0.743384 -0.344670  0.838729 0.322815 2 24 0.500000 25 0.500000
0  1.963623 -2.200917 2.069040  -0.409901 0.832468 -0.372796  0.883163 0.323486 2 24 0.500000 25 0.500000
0  1.863282 -1.899891 2.931126  -0.066908 0.510652 -0.857181  0.883712 0.350037 2 24 0.700000 19 0.300000
Komainu
0  2.825685 -2.199450 2.065377  0.573221 0.743384 -0.344670  0.838729 0.322815 2 24 0.500000 25 0.500000
0  1.863282 -1.899891 2.931126  -0.066908 0.510652 -0.857181  0.883712 0.350037 2 24 0.700000 19 0.300000
0  2.956056 -1.897691 3.500226  0.738397 0.505562 -0.446293  0.840133 0.362122 2 24 0.700000 19 0.300000
Komainu
0  3.277587 -3.447519 2.229444  0.983796 0.042321 -0.174228  0.773361 0.326965 2 25 0.600000 24 0.400000
0  3.090088 -4.136005 2.346633  0.935963 -0.345246 -0.069127  0.732406 0.326904 2 25 0.800000 24 0.200000
0  3.008191 -4.285009 1.710744  0.948462 -0.306483 -0.080545  0.733505 0.313232 1 25 1.000000
Komainu
0  3.277587 -3.447519 2.229444  0.983796 0.042321 -0.174228  0.773361 0.326965 2 25 0.600000 24 0.400000
0  3.008191 -4.285009 1.710744  0.948462 -0.306483 -0.080545  0.733505 0.313232 1 25 1.000000
0  3.156870 -3.560951 1.712538  0.972035 0.061130 -0.226742  0.770919 0.310181 1 25 1.000000
Komainu
0  2.947267 -3.767591 0.820971  0.967896 0.163111 -0.191240  0.754440 0.257935 2 25 0.700000 28 0.300000
0  3.156870 -3.560951 1.712538  0.972035 0.061130 -0.226742  0.770919 0.310181 1 25 1.000000
0  3.008191 -4.285009 1.710744  0.948462 -0.306483 -0.080545  0.733505 0.313232 1 25 1.000000
Komainu
0  2.770752 -2.390613 1.689639  0.535023 0.695475 -0.479651  0.837997 0.302551 2 25 0.900000 28 0.100000
0  3.156870 -3.560951 1.712538  0.972035 0.061130 -0.226742  0.770919 0.310181 1 25 1.000000
0  2.947267 -3.767591 0.820971  0.967896 0.163111 -0.191240  0.754440 0.257935 2 25 0.700000 28 0.300000
Komainu
0  2.770752 -2.390613 1.689639  0.535023 0.695475 -0.479651  0.837997 0.302551 2 25 0.900000 28 0.100000
0  2.947267 -3.767591 0.820971  0.967896 0.163111 -0.191240  0.754440 0.257935 2 25 0.700000 28 0.300000
0  2.583252 -3.134763 0.575604  0.498398 0.741566 -0.449088  0.831954 0.247437 2 25 0.600000 28 0.400000
Komainu
0  2.027344 -2.390613 1.689639  -0.403757 0.798467 -0.446577  0.882736 0.302551 2 25 0.900000 28 0.100000
0  2.770752 -2.390613 1.689639  0.535023 0.695475 -0.479651  0.837997 0.302551 2 25 0.900000 28 0.100000
0  2.583252 -3.134763 0.575604  0.498398 0.741566 -0.449088  0.831954 0.247437 2 25 0.600000 28 0.400000
Komainu
0  2.027344 -2.390613 1.689639  -0.403757 0.798467 -0.446577  0.882736 0.302551 2 25 0.900000 28 0.100000
0  2.583252 -3.134763 0.575604  0.498398 0.741566 -0.449088  0.831954 0.247437 2 25 0.600000 28 0.400000
0  2.011230 -3.134763 0.575604  -0.340062 0.846061 -0.410534  0.879684 0.247437 2 25 0.600000 28 0.400000
Komainu
0  2.027344 -2.390613 1.689639  -0.403757 0.798467 -0.446577  0.882736 0.302551 2 25 0.900000 28 0.100000
0  2.011230 -3.134763 0.575604  -0.340062 0.846061 -0.410534  0.879684 0.247437 2 25 0.600000 28 0.400000
0  1.193116 -3.767592 0.820971  -0.936405 0.324289 -0.134097  0.954147 0.257935 2 25 0.700000 28 0.300000
Komainu
0  1.154299 -3.875991 -0.000099  -0.762918 0.165151 -0.625045  0.956832 0.229736 2 28 0.900000 25 0.100000
0  1.193116 -3.767592 0.820971  -0.936405 0.324289 -0.134097  0.954147 0.257935 2 25 0.700000 28 0.300000
0  2.011230 -3.134763 0.575604  -0.340062 0.846061 -0.410534  0.879684 0.247437 2 25 0.600000 28 0.400000
Komainu
0  1.154299 -3.875991 -0.000099  -0.762918 0.165151 -0.625045  0.956832 0.229736 2 28 0.900000 25 0.100000
0  2.011230 -3.134763 0.575604  -0.340062 0.846061 -0.410534  0.879684 0.247437 2 25 0.600000 28 0.400000
0  1.959229 -3.430665 -0.000096  -0.231463 0.696071 -0.679640  0.879379 0.229736 2 28 0.800000 25 0.200000
Komainu
0  2.011230 -3.134763 0.575604  -0.340062 0.846061 -0.410534  0.879684 0.247437 2 25 0.600000 28 0.400000
0  2.531250 -3.430665 -0.000096  0.356040 0.602677 -0.714154  0.825546 0.229736 2 28 0.800000 25 0.200000
0  1.959229 -3.430665 -0.000096  -0.231463 0.696071 -0.679640  0.879379 0.229736 2 28 0.800000 25 0.200000
Komainu
0  2.011230 -3.134763 0.575604  -0.340062 0.846061 -0.410534  0.879684 0.247437 2 25 0.600000 28 0.400000
0  2.583252 -3.134763 0.575604  0.498398 0.741566 -0.449088  0.831954 0.247437 2 25 0.600000 28 0.400000
0  2.531250 -3.430665 -0.000096  0.356040 0.602677 -0.714154  0.825546 0.229736 2 28 0.800000 25 0.200000
Komainu
0  2.583252 -3.134763 0.575604  0.498398 0.741566 -0.449088  0.831954 0.247437 2 25 0.600000 28 0.400000
0  2.907714 -3.889908 -0.000099  0.778745 0.108272 -0.617926  0.741622 0.229736 2 28 0.900000 25 0.100000
0  2.531250 -3.430665 -0.000096  0.356040 0.602677 -0.714154  0.825546 0.229736 2 28 0.800000 25 0.200000
Komainu
0  2.583252 -3.134763 0.575604  0.498398 0.741566 -0.449088  0.831954 0.247437 2 25 0.600000 28 0.400000
0  2.947267 -3.767591 0.820971  0.967896 0.163111 -0.191240  0.754440 0.257935 2 25 0.700000 28 0.300000
0  2.907714 -3.889908 -0.000099  0.778745 0.108272 -0.617926  0.741622 0.229736 2 28 0.900000 25 0.100000
Komainu
0  2.868898 -4.577672 0.398352  0.980071 -0.196532 0.028912  0.725326 0.239868 2 28 0.800000 25 0.200000
0  2.907714 -3.889908 -0.000099  0.778745 0.108272 -0.617926  0.741622 0.229736 2 28 0.900000 25 0.100000
0  2.947267 -3.767591 0.820971  0.967896 0.163111 -0.191240  0.754440 0.257935 2 25 0.700000 28 0.300000
Komainu
0  2.868898 -4.577672 0.398352  0.980071 -0.196532 0.028912  0.725326 0.239868 2 28 0.800000 25 0.200000
0  2.947267 -3.767591 0.820971  0.967896 0.163111 -0.191240  0.754440 0.257935 2 25 0.700000 28 0.300000
0  2.908447 -4.402617 0.882498  0.970270 -0.241281 -0.018982  0.732467 0.260498 2 25 0.700000 28 0.300000
Komainu
0  2.506348 -5.726151 0.535320  0.619812 -0.749788 0.231628  0.709030 0.250061 2 28 0.900000 25 0.100000
0  2.868898 -4.577672 0.398352  0.980071 -0.196532 0.028912  0.725326 0.239868 2 28 0.800000 25 0.200000
0  2.908447 -4.402617 0.882498  0.970270 -0.241281 -0.018982  0.732467 0.260498 2 25 0.700000 28 0.300000
Komainu
0  2.506348 -5.726151 0.535320  0.619812 -0.749788 0.231628  0.709030 0.250061 2 28 0.900000 25 0.100000
0  2.908447 -4.402617 0.882498  0.970270 -0.241281 -0.018982  0.732467 0.260498 2 25 0.700000 28 0.300000
0  2.545168 -5.236868 0.943290  0.578612 -0.728650 0.366439  0.710433 0.263123 2 28 0.600000 25 0.400000
Komainu
0  2.545168 -5.236868 0.943290  0.578612 -0.728650 0.366439  0.710433 0.263123 2 28 0.600000 25 0.400000
0  1.696291 -5.726151 0.535320  -0.581249 -0.762621 0.283829  0.672592 0.250061 2 28 0.900000 25 0.100000
0  2.506348 -5.726151 0.535320  0.619812 -0.749788 0.231628  0.709030 0.250061 2 28 0.900000 25 0.100000
Komainu
0  2.545168 -5.236868 0.943290  0.578612 -0.728650 0.366439  0.710433 0.263123 2 28 0.600000 25 0.400000
0  1.735108 -5.236868 0.943290  -0.497807 -0.734893 0.460565  0.667526 0.263123 2 28 0.600000 25 0.400000
0  1.696291 -5.726151 0.535320  -0.581249 -0.762621 0.283829  0.672592 0.250061 2 28 0.900000 25 0.100000
Komainu
0  2.679931 -4.996620 1.713078  0.546678 -0.825292 0.141547  0.708541 0.315308 3 25 0.800000 24 0.100000 28 0.100000
0  1.735108 -5.236868 0.943290  -0.497807 -0.734893 0.460565  0.667526 0.263123 2 28 0.600000 25 0.400000
0  2.545168 -5.236868 0.943290  0.578612 -0.728650 0.366439  0.710433 0.263123 2 28 0.600000 25 0.400000
Komainu
0  2.679931 -4.996620 1.713078  0.546678 -0.825292 0.141547  0.708541 0.315308 3 25 0.800000 24 0.100000 28 0.100000
0  1.866211 -5.012733 1.713078  -0.435411 -0.869654 0.232634  0.654952 0.315308 3 25 0.800000 24 0.100000 28 0.100000
0  1.735108 -5.236868 0.943290  -0.497807 -0.734893 0.460565  0.667526 0.263123 2 28 0.600000 25 0.400000
Komainu
0  2.679931 -4.996620 1.713078  0.546678 -0.825292 0.141547  0.708541 0.315308 3 25 0.800000 24 0.100000 28 0.100000
0  1.864747 -4.822299 2.428665  -0.400562 -0.899981 0.172004  0.653488 0.327393 2 25 0.800000 24 0.200000
0  1.866211 -5.012733 1.713078  -0.435411 -0.869654 0.232634  0.654952 0.315308 3 25 0.800000 24 0.100000 28 0.100000
Komainu
0  1.864747 -4.822299 2.428665  -0.400562 -0.899981 0.172004  0.653488 0.327393 2 25 0.800000 24 0.200000
0  1.265026 -4.280564 1.713402  -0.907325 -0.416485 0.057458  0.620345 0.312927 1 25 1.000000
0  1.866211 -5.012733 1.713078  -0.435411 -0.869654 0.232634  0.654952 0.315308 3 25 0.800000 24 0.100000 28 0.100000
Komainu
0  1.864747 -4.822299 2.428665  -0.400562 -0.899981 0.172004  0.653488 0.327393 2 25 0.800000 24 0.200000
0  1.208497 -4.116962 2.348097  -0.879822 -0.475215 0.009206  0.620101 0.326904 2 25 0.900000 24 0.100000
0  1.265026 -4.280564 1.713402  -0.907325 -0.416485 0.057458  0.620345 0.312927 1 25 1.000000
Komainu
0  1.843507 -4.697052 3.262176  -0.423711 -0.896341 0.130543  0.650802 0.368530 2 24 0.600000 25 0.400000
0  1.208497 -4.116962 2.348097  -0.879822 -0.475215 0.009206  0.620101 0.326904 2 25 0.900000 24 0.100000
0  1.864747 -4.822299 2.428665  -0.400562 -0.899981 0.172004  0.653488 0.327393 2 25 0.800000 24 0.200000
Komainu
0  2.761231 -4.833283 2.428665  0.528119 -0.842401 0.107006  0.705062 0.326904 2 25 0.800000 24 0.200000
0  1.843507 -4.697052 3.262176  -0.423711 -0.896341 0.130543  0.650802 0.368530 2 24 0.600000 25 0.400000
0  1.864747 -4.822299 2.428665  -0.400562 -0.899981 0.172004  0.653488 0.327393 2 25 0.800000 24 0.200000
Komainu
0  2.761231 -4.833283 2.428665  0.528119 -0.842401 0.107006  0.705062 0.326904 2 25 0.800000 24 0.200000
0  2.871826 -4.623076 3.469455  0.551814 -0.827646 0.102484  0.690780 0.374756 2 24 0.600000 25 0.400000
0  1.843507 -4.697052 3.262176  -0.423711 -0.896341 0.130543  0.650802 0.368530 2 24 0.600000 25 0.400000
Komainu
0  3.299560 -3.949968 3.467991  0.930483 -0.366336 -0.000491  0.726730 0.375488 2 24 0.600000 25 0.400000
0  2.871826 -4.623076 3.469455  0.551814 -0.827646 0.102484  0.690780 0.374756 2 24 0.600000 25 0.400000
0  2.761231 -4.833283 2.428665  0.528119 -0.842401 0.107006  0.705062 0.326904 2 25 0.800000 24 0.200000
Komainu
0  3.299560 -3.949968 3.467991  0.930483 -0.366336 -0.000491  0.726730 0.375488 2 24 0.600000 25 0.400000
0  2.761231 -4.833283 2.428665  0.528119 -0.842401 0.107006  0.705062 0.326904 2 25 0.800000 24 0.200000
0  3.090088 -4.136005 2.346633  0.935963 -0.345246 -0.069127  0.732406 0.326904 2 25 0.800000 24 0.200000
Komainu
0  3.090088 -4.136005 2.346633  0.935963 -0.345246 -0.069127  0.732406 0.326904 2 25 0.800000 24 0.200000
0  2.761231 -4.833283 2.428665  0.528119 -0.842401 0.107006  0.705062 0.326904 2 25 0.800000 24 0.200000
0  2.679931 -4.996620 1.713078  0.546678 -0.825292 0.141547  0.708541 0.315308 3 25 0.800000 24 0.100000 28 0.100000
Komainu
0  3.090088 -4.136005 2.346633  0.935963 -0.345246 -0.069127  0.732406 0.326904 2 25 0.800000 24 0.200000
0  2.679931 -4.996620 1.713078  0.546678 -0.825292 0.141547  0.708541 0.315308 3 25 0.800000 24 0.100000 28 0.100000
0  3.008191 -4.285009 1.710744  0.948462 -0.306483 -0.080545  0.733505 0.313232 1 25 1.000000
Komainu
0  2.545168 -5.236868 0.943290  0.578612 -0.728650 0.366439  0.710433 0.263123 2 28 0.600000 25 0.400000
0  3.008191 -4.285009 1.710744  0.948462 -0.306483 -0.080545  0.733505 0.313232 1 25 1.000000
0  2.679931 -4.996620 1.713078  0.546678 -0.825292 0.141547  0.708541 0.315308 3 25 0.800000 24 0.100000 28 0.100000
Komainu
0  2.545168 -5.236868 0.943290  0.578612 -0.728650 0.366439  0.710433 0.263123 2 28 0.600000 25 0.400000
0  2.908447 -4.402617 0.882498  0.970270 -0.241281 -0.018982  0.732467 0.260498 2 25 0.700000 28 0.300000
0  3.008191 -4.285009 1.710744  0.948462 -0.306483 -0.080545  0.733505 0.313232 1 25 1.000000
Komainu
0  2.947267 -3.767591 0.820971  0.967896 0.163111 -0.191240  0.754440 0.257935 2 25 0.700000 28 0.300000
0  3.008191 -4.285009 1.710744  0.948462 -0.306483 -0.080545  0.733505 0.313232 1 25 1.000000
0  2.908447 -4.402617 0.882498  0.970270 -0.241281 -0.018982  0.732467 0.260498 2 25 0.700000 28 0.300000
Komainu
0  2.679931 -4.996620 1.713078  0.546678 -0.825292 0.141547  0.708541 0.315308 3 25 0.800000 24 0.100000 28 0.100000
0  2.761231 -4.833283 2.428665  0.528119 -0.842401 0.107006  0.705062 0.326904 2 25 0.800000 24 0.200000
0  1.864747 -4.822299 2.428665  -0.400562 -0.899981 0.172004  0.653488 0.327393 2 25 0.800000 24 0.200000
Komainu
0  2.868898 -4.577672 0.398352  0.980071 -0.196532 0.028912  0.725326 0.239868 2 28 0.800000 25 0.200000
0  2.869030 -4.657833 0.000117  0.690089 -0.134169 -0.711179  0.725204 0.229736 1 28 1.000000
0  2.907714 -3.889908 -0.000099  0.778745 0.108272 -0.617926  0.741622 0.229736 2 28 0.900000 25 0.100000
Komainu
0  2.868898 -4.577672 0.398352  0.980071 -0.196532 0.028912  0.725326 0.239868 2 28 0.800000 25 0.200000
0  2.505748 -5.608518 0.000117  0.466619 -0.644209 -0.606021  0.708785 0.229736 1 28 1.000000
0  2.869030 -4.657833 0.000117  0.690089 -0.134169 -0.711179  0.725204 0.229736 1 28 1.000000
Komainu
0  2.868898 -4.577672 0.398352  0.980071 -0.196532 0.028912  0.725326 0.239868 2 28 0.800000 25 0.200000
0  2.506348 -5.726151 0.535320  0.619812 -0.749788 0.231628  0.709030 0.250061 2 28 0.900000 25 0.100000
0  2.505748 -5.608518 0.000117  0.466619 -0.644209 -0.606021  0.708785 0.229736 1 28 1.000000
Komainu
0  2.506348 -5.726151 0.535320  0.619812 -0.749788 0.231628  0.709030 0.250061 2 28 0.900000 25 0.100000
0  1.696423 -5.608518 0.000117  -0.449242 -0.663532 -0.598253  0.673568 0.229736 1 28 1.000000
0  2.505748 -5.608518 0.000117  0.466619 -0.644209 -0.606021  0.708785 0.229736 1 28 1.000000
Komainu
0  2.506348 -5.726151 0.535320  0.619812 -0.749788 0.231628  0.709030 0.250061 2 28 0.900000 25 0.100000
0  1.696291 -5.726151 0.535320  -0.581249 -0.762621 0.283829  0.672592 0.250061 2 28 0.900000 25 0.100000
0  1.696423 -5.608518 0.000117  -0.449242 -0.663532 -0.598253  0.673568 0.229736 1 28 1.000000
Komainu
0  1.696291 -5.726151 0.535320  -0.581249 -0.762621 0.283829  0.672592 0.250061 2 28 0.900000 25 0.100000
0  1.256239 -4.654173 0.000117  -0.681734 -0.183847 -0.708124  0.632858 0.229736 1 28 1.000000
0  1.696423 -5.608518 0.000117  -0.449242 -0.663532 -0.598253  0.673568 0.229736 1 28 1.000000
Komainu
0  1.696291 -5.726151 0.535320  -0.581249 -0.762621 0.283829  0.672592 0.250061 2 28 0.900000 25 0.100000
0  1.256104 -4.572546 0.398352  -0.961305 -0.252264 0.110705  0.632614 0.239868 2 28 0.800000 25 0.200000
0  1.256239 -4.654173 0.000117  -0.681734 -0.183847 -0.708124  0.632858 0.229736 1 28 1.000000
Komainu
0  1.154299 -3.875991 -0.000099  -0.762918 0.165151 -0.625045  0.592330 0.229736 2 28 0.900000 25 0.100000
0  1.256239 -4.654173 0.000117  -0.681734 -0.183847 -0.708124  0.632858 0.229736 1 28 1.000000
0  1.256104 -4.572546 0.398352  -0.961305 -0.252264 0.110705  0.632614 0.239868 2 28 0.800000 25 0.200000
Komainu
0  2.903319 -1.946046 7.460448  0.887347 -0.040823 0.459292  0.347091 0.410095 2 18 0.500000 19 0.500000
0  3.173583 -1.516842 6.533937  0.968565 0.024863 0.247516  0.278610 0.377686 3 19 0.480000 18 0.400000 24 0.120000
0  2.750976 -1.300782 7.575438  0.878003 -0.106344 0.466693  0.347579 0.372376 2 18 0.800000 19 0.200000
Komainu
0  2.750976 -1.300782 7.575438  0.878003 -0.106344 0.466693  0.347579 0.372376 2 18 0.800000 19 0.200000
0  3.173583 -1.516842 6.533937  0.968565 0.024863 0.247516  0.278610 0.377686 3 19 0.480000 18 0.400000 24 0.120000
0  3.434325 -0.167723 6.748533  0.945702 -0.190408 0.263426  0.272994 0.322754 3 18 0.600000 7 0.200000 19 0.200000
Komainu
0  3.156006 0.819579 7.800294  0.876344 -0.151993 0.457077  0.327255 0.292175 2 7 0.500000 18 0.500000
0  3.434325 -0.167723 6.748533  0.945702 -0.190408 0.263426  0.272994 0.322754 3 18 0.600000 7 0.200000 19 0.200000
0  3.634278 0.563935 6.551520  0.950981 -0.226196 0.210879  0.264022 0.299927 2 7 0.800000 8 0.200000
Komainu
0  2.862306 -0.667968 7.798095  0.838859 -0.273529 0.470635  0.347579 0.352478 3 18 0.600000 7 0.200000 19 0.200000
0  3.434325 -0.167723 6.748533  0.945702 -0.190408 0.263426  0.272994 0.322754 3 18 0.600000 7 0.200000 19 0.200000
0  3.156006 0.819579 7.800294  0.876344 -0.151993 0.457077  0.327255 0.292175 2 7 0.500000 18 0.500000
Komainu
0  2.750976 -1.300782 7.575438  0.878003 -0.106344 0.466693  0.347579 0.372376 2 18 0.800000 19 0.200000
0  3.434325 -0.167723 6.748533  0.945702 -0.190408 0.263426  0.272994 0.322754 3 18 0.600000 7 0.200000 19 0.200000
0  2.862306 -0.667968 7.798095  0.838859 -0.273529 0.470635  0.347579 0.352478 3 18 0.600000 7 0.200000 19 0.200000
Komainu
0  2.192871 -0.859131 8.588379  0.716553 -0.226861 0.659611  0.380660 0.362244 2 18 0.700000 7 0.300000
0  2.750976 -1.300782 7.575438  0.878003 -0.106344 0.466693  0.347579 0.372376 2 18 0.800000 19 0.200000
0  2.862306 -0.667968 7.798095  0.838859 -0.273529 0.470635  0.347579 0.352478 3 18 0.600000 7 0.200000 19 0.200000
Komainu
0  2.192871 -0.859131 8.588379  0.716553 -0.226861 0.659611  0.380660 0.362244 2 18 0.700000 7 0.300000
0  2.903319 -1.946046 7.460448  0.887347 -0.040823 0.459292  0.347091 0.410095 2 18 0.500000 19 0.500000
0  2.750976 -1.300782 7.575438  0.878003 -0.106344 0.466693  0.347579 0.372376 2 18 0.800000 19 0.200000
Komainu
0  2.192871 -0.859131 8.588379  0.716553 -0.226861 0.659611  0.380660 0.362244 2 18 0.700000 7 0.300000
0  2.116698 -1.430421 8.603760  0.613596 -0.206192 0.762224  0.382369 0.408020 3 18 0.700000 7 0.200000 19 0.100000
0  2.903319 -1.946046 7.460448  0.887347 -0.040823 0.459292  0.347091 0.410095 2 18 0.500000 19 0.500000
Komainu
0  2.630859 -2.985351 7.406981  0.744388 -0.292536 0.600257  0.354720 0.440796 2 19 0.800000 18 0.200000
0  2.903319 -1.946046 7.460448  0.887347 -0.040823 0.459292  0.347091 0.410095 2 18 0.500000 19 0.500000
0  2.116698 -1.430421 8.603760  0.613596 -0.206192 0.762224  0.382369 0.408020 3 18 0.700000 7 0.200000 19 0.100000
Komainu
0  2.630859 -2.985351 7.406981  0.744388 -0.292536 0.600257  0.354720 0.440796 2 19 0.800000 18 0.200000
0  2.116698 -1.430421 8.603760  0.613596 -0.206192 0.762224  0.382369 0.408020 3 18 0.700000 7 0.200000 19 0.100000
0  1.980468 -2.556153 8.184813  0.480368 -0.381311 0.789841  0.384323 0.440796 2 18 0.500000 19 0.500000
Komainu
0  1.980468 -2.556153 8.184813  0.480368 -0.381311 0.789841  0.384323 0.440796 2 18 0.500000 19 0.500000
0  2.116698 -1.430421 8.603760  0.613596 -0.206192 0.762224  0.382369 0.408020 3 18 0.700000 7 0.200000 19 0.100000
0  1.332276 -1.052490 9.084960  0.342649 -0.313368 0.885659  0.413802 0.405273 3 18 0.700000 7 0.200000 19 0.100000
Komainu
0  2.116698 -1.430421 8.603760  0.613596 -0.206192 0.762224  0.382369 0.408020 3 18 0.700000 7 0.200000 19 0.100000
0  1.582764 -0.618897 9.128907  0.447704 -0.263779 0.854390  0.416915 0.359131 2 18 0.700000 7 0.300000
0  1.332276 -1.052490 9.084960  0.342649 -0.313368 0.885659  0.413802 0.405273 3 18 0.700000 7 0.200000 19 0.100000
Komainu
0  1.062012 -0.304689 9.432861  0.285845 -0.252802 0.924329  0.429977 0.345764 2 18 0.700000 7 0.300000
0  1.332276 -1.052490 9.084960  0.342649 -0.313368 0.885659  0.413802 0.405273 3 18 0.700000 7 0.200000 19 0.100000
0  1.582764 -0.618897 9.128907  0.447704 -0.263779 0.854390  0.416915 0.359131 2 18 0.700000 7 0.300000
Komainu
0  1.482423 0.562500 9.569822  0.337801 -0.244795 0.908827  0.423873 0.284546 2 18 0.600000 7 0.400000
0  1.062012 -0.304689 9.432861  0.285845 -0.252802 0.924329  0.429977 0.345764 2 18 0.700000 7 0.300000
0  1.582764 -0.618897 9.128907  0.447704 -0.263779 0.854390  0.416915 0.359131 2 18 0.700000 7 0.300000
Komainu
0  1.482423 0.562500 9.569822  0.337801 -0.244795 0.908827  0.423873 0.284546 2 18 0.600000 7 0.400000
0  1.001952 0.528807 9.643064  0.198377 -0.188299 0.961868  0.430526 0.294983 2 18 0.600000 7 0.400000
0  1.062012 -0.304689 9.432861  0.285845 -0.252802 0.924329  0.429977 0.345764 2 18 0.700000 7 0.300000
Komainu
0  1.001952 0.528807 9.643064  0.198377 -0.188299 0.961868  0.430526 0.294983 2 18 0.600000 7 0.400000
0  1.482423 0.562500 9.569822  0.337801 -0.244795 0.908827  0.423873 0.284546 2 18 0.600000 7 0.400000
0  1.114014 1.435545 9.766113  0.079489 -0.046502 0.995750  0.435226 0.253906 2 7 0.500000 18 0.500000
Komainu
0  1.001952 0.528807 9.643064  0.198377 -0.188299 0.961868  0.430526 0.294983 2 18 0.600000 7 0.400000
0  1.114014 1.435545 9.766113  0.079489 -0.046502 0.995750  0.435226 0.253906 2 7 0.500000 18 0.500000
0  0.948486 1.445067 9.770508  0.143915 -0.034121 0.989002  0.441573 0.253906 2 7 0.500000 18 0.500000
Komainu
0  0.869385 3.052002 9.684081  0.186223 0.186896 0.964568  0.441635 0.187927 2 7 0.800000 18 0.200000
0  0.948486 1.445067 9.770508  0.143915 -0.034121 0.989002  0.441573 0.253906 2 7 0.500000 18 0.500000
0  1.114014 1.435545 9.766113  0.079489 -0.046502 0.995750  0.435226 0.253906 2 7 0.500000 18 0.500000
Komainu
0  0.869385 3.052002 9.684081  0.186223 0.186896 0.964568  0.441635 0.187927 2 7 0.800000 18 0.200000
0  0.510498 1.502928 9.867918  0.144096 -0.033815 0.988986  0.449264 0.254028 2 7 0.600000 18 0.400000
0  0.948486 1.445067 9.770508  0.143915 -0.034121 0.989002  0.441573 0.253906 2 7 0.500000 18 0.500000
Komainu
0  0.869385 3.052002 9.684081  0.186223 0.186896 0.964568  0.441635 0.187927 2 7 0.800000 18 0.200000
0  0.551514 3.126708 9.747068  0.176711 0.260988 0.949030  0.447555 0.188782 2 7 0.800000 18 0.200000
0  0.510498 1.502928 9.867918  0.144096 -0.033815 0.988986  0.449264 0.254028 2 7 0.600000 18 0.400000
Komainu
0  2.862306 -0.667968 7.798095  0.838859 -0.273529 0.470635  0.347579 0.352478 3 18 0.600000 7 0.200000 19 0.200000
0  3.156006 0.819579 7.800294  0.876344 -0.151993 0.457077  0.327255 0.292175 2 7 0.500000 18 0.500000
0  2.894532 -0.017580 8.064695  0.849251 -0.253339 0.463240  0.350021 0.318543 2 7 0.500000 18 0.500000
Komainu
0  2.473389 -0.306153 8.594970  0.690360 -0.321281 0.648214  0.376815 0.327942 2 7 0.500000 18 0.500000
0  2.862306 -0.667968 7.798095  0.838859 -0.273529 0.470635  0.347579 0.352478 3 18 0.600000 7 0.200000 19 0.200000
0  2.894532 -0.017580 8.064695  0.849251 -0.253339 0.463240  0.350021 0.318543 2 7 0.500000 18 0.500000
Komainu
0  2.473389 -0.306153 8.594970  0.690360 -0.321281 0.648214  0.376815 0.327942 2 7 0.500000 18 0.500000
0  2.192871 -0.859131 8.588379  0.716553 -0.226861 0.659611  0.380660 0.362244 2 18 0.700000 7 0.300000
0  2.862306 -0.667968 7.798095  0.838859 -0.273529 0.470635  0.347579 0.352478 3 18 0.600000 7 0.200000 19 0.200000
Komainu
0  2.192871 -0.859131 8.588379  0.716553 -0.226861 0.659611  0.380660 0.362244 2 18 0.700000 7 0.300000
0  2.473389 -0.306153 8.594970  0.690360 -0.321281 0.648214  0.376815 0.327942 2 7 0.500000 18 0.500000
0  1.947510 -0.073974 9.102540  0.531993 -0.287895 0.796304  0.401229 0.315796 2 7 0.500000 18 0.500000
Komainu
0  2.192871 -0.859131 8.588379  0.716553 -0.226861 0.659611  0.380660 0.362244 2 18 0.700000 7 0.300000
0  1.947510 -0.073974 9.102540  0.531993 -0.287895 0.796304  0.401229 0.315796 2 7 0.500000 18 0.500000
0  1.814208 -0.292968 9.109863  0.517176 -0.299004 0.801951  0.399215 0.337402 2 18 0.800000 7 0.200000
Komainu
0  1.947510 -0.073974 9.102540  0.531993 -0.287895 0.796304  0.401229 0.315796 2 7 0.500000 18 0.500000
0  1.482423 0.562500 9.569822  0.337801 -0.244795 0.908827  0.423873 0.284546 2 18 0.600000 7 0.400000
0  1.814208 -0.292968 9.109863  0.517176 -0.299004 0.801951  0.399215 0.337402 2 18 0.800000 7 0.200000
Komainu
0  1.582764 -0.618897 9.128907  0.447704 -0.263779 0.854390  0.416915 0.359131 2 18 0.700000 7 0.300000
0  1.814208 -0.292968 9.109863  0.517176 -0.299004 0.801951  0.399215 0.337402 2 18 0.800000 7 0.200000
0  1.482423 0.562500 9.569822  0.337801 -0.244795 0.908827  0.423873 0.284546 2 18 0.600000 7 0.400000
Komainu
0  2.192871 -0.859131 8.588379  0.716553 -0.226861 0.659611  0.380660 0.362244 2 18 0.700000 7 0.300000
0  1.814208 -0.292968 9.109863  0.517176 -0.299004 0.801951  0.399215 0.337402 2 18 0.800000 7 0.200000
0  1.582764 -0.618897 9.128907  0.447704 -0.263779 0.854390  0.416915 0.359131 2 18 0.700000 7 0.300000
Komainu
0  2.192871 -0.859131 8.588379  0.716553 -0.226861 0.659611  0.380660 0.362244 2 18 0.700000 7 0.300000
0  1.582764 -0.618897 9.128907  0.447704 -0.263779 0.854390  0.416915 0.359131 2 18 0.700000 7 0.300000
0  2.116698 -1.430421 8.603760  0.613596 -0.206192 0.762224  0.382369 0.408020 3 18 0.700000 7 0.200000 19 0.100000
Komainu
0  0.521484 0.038085 9.654786  0.137061 -0.215483 0.966841  0.443893 0.335693 2 18 0.700000 7 0.300000
0  0.000000 0.145752 9.692871  0.000001 -0.246349 0.969181  0.454330 0.333130 2 18 0.700000 7 0.300000
0  0.000000 -0.741945 9.455564  -0.000000 -0.324328 0.945945  0.454330 0.401917 3 18 0.700000 7 0.200000 19 0.100000
Komainu
0  0.521484 0.038085 9.654786  0.137061 -0.215483 0.966841  0.443893 0.335693 2 18 0.700000 7 0.300000
0  0.000000 -0.741945 9.455564  -0.000000 -0.324328 0.945945  0.454330 0.401917 3 18 0.700000 7 0.200000 19 0.100000
0  0.689940 -0.807129 9.418943  0.166668 -0.318911 0.933015  0.442306 0.403198 3 18 0.700000 7 0.200000 19 0.100000
Komainu
0  0.722901 -2.106447 8.859375  0.137832 -0.455427 0.879539  0.442306 0.440186 2 18 0.500000 19 0.500000
0  0.689940 -0.807129 9.418943  0.166668 -0.318911 0.933015  0.442306 0.403198 3 18 0.700000 7 0.200000 19 0.100000
0  0.000000 -0.741945 9.455564  -0.000000 -0.324328 0.945945  0.454330 0.401917 3 18 0.700000 7 0.200000 19 0.100000
Komainu
0  0.722901 -2.106447 8.859375  0.137832 -0.455427 0.879539  0.442306 0.440186 2 18 0.500000 19 0.500000
0  1.332276 -1.052490 9.084960  0.342649 -0.313368 0.885659  0.413802 0.405273 3 18 0.700000 7 0.200000 19 0.100000
0  0.689940 -0.807129 9.418943  0.166668 -0.318911 0.933015  0.442306 0.403198 3 18 0.700000 7 0.200000 19 0.100000
Komainu
0  0.722901 -2.106447 8.859375  0.137832 -0.455427 0.879539  0.442306 0.440186 2 18 0.500000 19 0.500000
0  1.312500 -2.274903 8.608155  0.285753 -0.432382 0.855214  0.415206 0.440796 2 18 0.500000 19 0.500000
0  1.332276 -1.052490 9.084960  0.342649 -0.313368 0.885659  0.413802 0.405273 3 18 0.700000 7 0.200000 19 0.100000
Komainu
0  1.980468 -2.556153 8.184813  0.480368 -0.381311 0.789841  0.384323 0.440796 2 18 0.500000 19 0.500000
0  1.332276 -1.052490 9.084960  0.342649 -0.313368 0.885659  0.413802 0.405273 3 18 0.700000 7 0.200000 19 0.100000
0  1.312500 -2.274903 8.608155  0.285753 -0.432382 0.855214  0.415206 0.440796 2 18 0.500000 19 0.500000
Komainu
0  1.312500 -2.274903 8.608155  0.285753 -0.432382 0.855214  0.415206 0.440796 2 18 0.500000 19 0.500000
0  1.794436 -3.407958 7.783446  0.676352 0.256505 0.690473  0.381759 0.470642 2 19 0.800000 20 0.200000
0  1.980468 -2.556153 8.184813  0.480368 -0.381311 0.789841  0.384323 0.440796 2 18 0.500000 19 0.500000
Komainu
0  1.980468 -2.556153 8.184813  0.480368 -0.381311 0.789841  0.384323 0.440796 2 18 0.500000 19 0.500000
0  1.794436 -3.407958 7.783446  0.676352 0.256505 0.690473  0.381759 0.470642 2 19 0.800000 20 0.200000
0  2.318115 -3.787353 7.319823  0.870660 0.220131 0.439879  0.354843 0.470642 2 19 0.800000 20 0.200000
Komainu
0  1.980468 -2.556153 8.184813  0.480368 -0.381311 0.789841  0.384323 0.440796 2 18 0.500000 19 0.500000
0  2.318115 -3.787353 7.319823  0.870660 0.220131 0.439879  0.354843 0.470642 2 19 0.800000 20 0.200000
0  2.630859 -2.985351 7.406981  0.744388 -0.292536 0.600257  0.354720 0.440796 2 19 0.800000 18 0.200000
Komainu
0  2.630859 -2.985351 7.406981  0.744388 -0.292536 0.600257  0.354720 0.440796 2 19 0.800000 18 0.200000
0  2.318115 -3.787353 7.319823  0.870660 0.220131 0.439879  0.354843 0.470642 2 19 0.800000 20 0.200000
0  2.777344 -4.289069 6.402837  0.987516 0.118515 0.103759  0.287521 0.470642 3 20 0.480000 19 0.320000 24 0.200000
Komainu
0  2.630859 -2.985351 7.406981  0.744388 -0.292536 0.600257  0.354720 0.440796 2 19 0.800000 18 0.200000
0  2.777344 -4.289069 6.402837  0.987516 0.118515 0.103759  0.287521 0.470642 3 20 0.480000 19 0.320000 24 0.200000
0  3.134767 -3.416748 6.353031  0.904539 -0.303976 0.299010  0.287460 0.440002 2 19 0.800000 24 0.200000
Komainu
0  3.134767 -3.416748 6.353031  0.904539 -0.303976 0.299010  0.287460 0.440002 2 19 0.800000 24 0.200000
0  2.903319 -1.946046 7.460448  0.887347 -0.040823 0.459292  0.347091 0.410095 2 18 0.500000 19 0.500000
0  2.630859 -2.985351 7.406981  0.744388 -0.292536 0.600257  0.354720 0.440796 2 19 0.800000 18 0.200000
Komainu
0  3.134767 -3.416748 6.353031  0.904539 -0.303976 0.299010  0.287460 0.440002 2 19 0.800000 24 0.200000
0  3.396240 -2.204588 6.005130  0.981436 0.005430 0.191715  0.290450 0.413269 2 19 0.800000 24 0.200000
0  2.903319 -1.946046 7.460448  0.887347 -0.040823 0.459292  0.347091 0.410095 2 18 0.500000 19 0.500000
Komainu
0  2.903319 -1.946046 7.460448  0.887347 -0.040823 0.459292  0.347091 0.410095 2 18 0.500000 19 0.500000
0  3.396240 -2.204588 6.005130  0.981436 0.005430 0.191715  0.290450 0.413269 2 19 0.800000 24 0.200000
0  3.173583 -1.516842 6.533937  0.968565 0.024863 0.247516  0.278610 0.377686 3 19 0.480000 18 0.400000 24 0.120000
Komainu
0  3.173583 -1.516842 6.533937  0.968565 0.024863 0.247516  0.278610 0.377686 3 19 0.480000 18 0.400000 24 0.120000
0  3.396240 -2.204588 6.005130  0.981436 0.005430 0.191715  0.290450 0.413269 2 19 0.800000 24 0.200000
0  3.419679 -1.984119 4.769529  0.984211 0.143733 -0.103294  0.208541 0.365601 2 24 0.700000 19 0.300000
Komainu
0  3.419679 -1.984119 4.769529  0.984211 0.143733 -0.103294  0.208541 0.365601 2 24 0.700000 19 0.300000
0  3.434325 -0.167723 6.748533  0.945702 -0.190408 0.263426  0.272994 0.322754 3 18 0.600000 7 0.200000 19 0.200000
0  3.173583 -1.516842 6.533937  0.968565 0.024863 0.247516  0.278610 0.377686 3 19 0.480000 18 0.400000 24 0.120000
Komainu
0  3.419679 -1.984119 4.769529  0.984211 0.143733 -0.103294  0.208541 0.365601 2 24 0.700000 19 0.300000
0  3.429930 -0.473145 5.217042  0.969257 -0.066038 -0.237025  0.205428 0.336304 3 18 0.600000 7 0.200000 19 0.200000
0  3.434325 -0.167723 6.748533  0.945702 -0.190408 0.263426  0.272994 0.322754 3 18 0.600000 7 0.200000 19 0.200000
Komainu
0  3.681153 0.578572 5.296128  0.911327 -0.321453 -0.257197  0.205428 0.303345 2 7 0.700000 8 0.300000
0  3.434325 -0.167723 6.748533  0.945702 -0.190408 0.263426  0.272994 0.322754 3 18 0.600000 7 0.200000 19 0.200000
0  3.429930 -0.473145 5.217042  0.969257 -0.066038 -0.237025  0.205428 0.336304 3 18 0.600000 7 0.200000 19 0.200000
Komainu
0  3.681153 0.578572 5.296128  0.911327 -0.321453 -0.257197  0.205428 0.303345 2 7 0.700000 8 0.300000
0  3.634278 0.563935 6.551520  0.950981 -0.226196 0.210879  0.264022 0.299927 2 7 0.800000 8 0.200000
0  3.434325 -0.167723 6.748533  0.945702 -0.190408 0.263426  0.272994 0.322754 3 18 0.600000 7 0.200000 19 0.200000
Komainu
0  3.902343 1.398148 5.457255  0.960504 -0.265923 -0.081954  0.205428 0.282898 2 7 0.500000 8 0.500000
0  3.634278 0.563935 6.551520  0.950981 -0.226196 0.210879  0.264022 0.299927 2 7 0.800000 8 0.200000
0  3.681153 0.578572 5.296128  0.911327 -0.321453 -0.257197  0.205428 0.303345 2 7 0.700000 8 0.300000
Komainu
0  3.902343 1.398148 5.457255  0.960504 -0.265923 -0.081954  0.205428 0.282898 2 7 0.500000 8 0.500000
0  3.854004 1.367395 6.476817  0.944583 -0.253854 0.208138  0.252670 0.277527 2 7 0.600000 8 0.400000
0  3.634278 0.563935 6.551520  0.950981 -0.226196 0.210879  0.264022 0.299927 2 7 0.800000 8 0.200000
Komainu
0  3.632079 1.761460 7.313247  0.827365 -0.146728 0.542160  0.283553 0.254700 2 7 0.800000 8 0.200000
0  3.634278 0.563935 6.551520  0.950981 -0.226196 0.210879  0.264022 0.299927 2 7 0.800000 8 0.200000
0  3.854004 1.367395 6.476817  0.944583 -0.253854 0.208138  0.252670 0.277527 2 7 0.600000 8 0.400000
Komainu
0  3.632079 1.761460 7.313247  0.827365 -0.146728 0.542160  0.283553 0.254700 2 7 0.800000 8 0.200000
0  3.156006 0.819579 7.800294  0.876344 -0.151993 0.457077  0.327255 0.292175 2 7 0.500000 18 0.500000
0  3.634278 0.563935 6.551520  0.950981 -0.226196 0.210879  0.264022 0.299927 2 7 0.800000 8 0.200000
Komainu
0  3.632079 1.761460 7.313247  0.827365 -0.146728 0.542160  0.283553 0.254700 2 7 0.800000 8 0.200000
0  3.176514 1.609131 7.821534  0.780017 -0.099497 0.617797  0.325057 0.260681 2 7 0.700000 18 0.300000
0  3.156006 0.819579 7.800294  0.876344 -0.151993 0.457077  0.327255 0.292175 2 7 0.500000 18 0.500000
Komainu
0  3.632079 1.761460 7.313247  0.827365 -0.146728 0.542160  0.283553 0.254700 2 7 0.800000 8 0.200000
0  3.147948 2.208252 8.121093  0.839076 -0.140497 0.525559  0.332626 0.235413 2 7 0.700000 18 0.300000
0  3.176514 1.609131 7.821534  0.780017 -0.099497 0.617797  0.325057 0.260681 2 7 0.700000 18 0.300000
Komainu
0  3.632079 1.761460 7.313247  0.827365 -0.146728 0.542160  0.283553 0.254700 2 7 0.800000 8 0.200000
0  3.486326 2.614743 7.667746  0.848075 -0.047960 0.527702  0.294723 0.221191 2 7 0.800000 8 0.200000
0  3.147948 2.208252 8.121093  0.839076 -0.140497 0.525559  0.332626 0.235413 2 7 0.700000 18 0.300000
Komainu
0  3.486326 2.614743 7.667746  0.848075 -0.047960 0.527702  0.294723 0.221191 2 7 0.800000 8 0.200000
0  3.213866 2.703369 8.137206  0.814516 0.096550 0.572051  0.334945 0.217041 2 7 0.800000 18 0.200000
0  3.147948 2.208252 8.121093  0.839076 -0.140497 0.525559  0.332626 0.235413 2 7 0.700000 18 0.300000
Komainu
0  3.412353 3.446053 7.547626  0.885021 0.239711 0.399095  0.289962 0.186462 2 7 0.800000 8 0.200000
0  3.213866 2.703369 8.137206  0.814516 0.096550 0.572051  0.334945 0.217041 2 7 0.800000 18 0.200000
0  3.486326 2.614743 7.667746  0.848075 -0.047960 0.527702  0.294723 0.221191 2 7 0.800000 8 0.200000
Komainu
0  3.412353 3.446053 7.547626  0.885021 0.239711 0.399095  0.289962 0.186462 2 7 0.800000 8 0.200000
0  3.224121 3.714123 7.802511  0.764633 0.417720 0.490762  0.307235 0.174194 2 7 0.800000 8 0.200000
0  3.213866 2.703369 8.137206  0.814516 0.096550 0.572051  0.334945 0.217041 2 7 0.800000 18 0.200000
Komainu
0  3.224121 3.714123 7.802511  0.764633 0.417720 0.490762  0.307235 0.174194 2 7 0.800000 8 0.200000
0  3.412353 3.446053 7.547626  0.885021 0.239711 0.399095  0.289962 0.186462 2 7 0.800000 8 0.200000
0  3.380126 4.144068 6.910416  0.809577 0.460860 0.363584  0.265792 0.157165 2 7 0.700000 8 0.300000
Komainu
0  3.224121 3.714123 7.802511  0.764633 0.417720 0.490762  0.307235 0.174194 2 7 0.800000 8 0.200000
0  3.380126 4.144068 6.910416  0.809577 0.460860 0.363584  0.265792 0.157165 2 7 0.700000 8 0.300000
0  3.126707 4.379901 7.014417  0.635695 0.626715 0.450689  0.287704 0.143982 2 7 0.800000 8 0.200000
Komainu
0  3.224121 3.714123 7.802511  0.764633 0.417720 0.490762  0.307235 0.174194 2 7 0.800000 8 0.200000
0  3.126707 4.379901 7.014417  0.635695 0.626715 0.450689  0.287704 0.143982 2 7 0.800000 8 0.200000
0  2.715086 3.918472 8.103540  0.629769 0.491726 0.601329  0.324447 0.159302 2 7 0.800000 8 0.200000
Komainu
0  2.715086 3.918472 8.103540  0.629769 0.491726 0.601329  0.324447 0.159302 2 7 0.800000 8 0.200000
0  3.213866 2.703369 8.137206  0.814516 0.096550 0.572051  0.334945 0.217041 2 7 0.800000 18 0.200000
0  3.224121 3.714123 7.802511  0.764633 0.417720 0.490762  0.307235 0.174194 2 7 0.800000 8 0.200000
Komainu
0  2.715086 3.918472 8.103540  0.629769 0.491726 0.601329  0.324447 0.159302 2 7 0.800000 8 0.200000
0  2.545898 2.803710 8.864502  0.686527 0.255008 0.680920  0.368148 0.208191 2 7 0.800000 18 0.200000
0  3.213866 2.703369 8.137206  0.814516 0.096550 0.572051  0.334945 0.217041 2 7 0.800000 18 0.200000
Komainu
0  2.545898 2.803710 8.864502  0.686527 0.255008 0.680920  0.368148 0.208191 2 7 0.800000 18 0.200000
0  2.873291 2.417724 8.663085  0.767815 0.115468 0.630180  0.358688 0.221863 2 7 0.700000 18 0.300000
0  3.213866 2.703369 8.137206  0.814516 0.096550 0.572051  0.334945 0.217041 2 7 0.800000 18 0.200000
Komainu
0  2.545898 2.803710 8.864502  0.686527 0.255008 0.680920  0.368148 0.208191 2 7 0.800000 18 0.200000
0  2.515869 2.326170 9.008787  0.659208 0.179181 0.730301  0.376876 0.221374 2 7 0.600000 18 0.400000
0  2.873291 2.417724 8.663085  0.767815 0.115468 0.630180  0.358688 0.221863 2 7 0.700000 18 0.300000
Komainu
0  3.213866 2.703369 8.137206  0.814516 0.096550 0.572051  0.334945 0.217041 2 7 0.800000 18 0.200000
0  2.873291 2.417724 8.663085  0.767815 0.115468 0.630180  0.358688 0.221863 2 7 0.700000 18 0.300000
0  3.147948 2.208252 8.121093  0.839076 -0.140497 0.525559  0.332626 0.235413 2 7 0.700000 18 0.300000
Komainu
0  -1.893311 -4.443622 4.166739  -0.046916 -0.873726 -0.484151  0.127426 0.488037 3 29 0.500000 19 0.350000 30 0.150000
0  -0.972656 -4.556399 4.048827  -0.086547 -0.578432 -0.811126  0.095565 0.491333 2 19 0.900000 29 0.100000
0  -1.740233 -4.642096 4.165281  -0.389987 -0.496365 -0.775585  0.122421 0.495117 2 19 0.800000 29 0.200000
Komainu
0  -1.893311 -4.443622 4.166739  -0.046916 -0.873726 -0.484151  0.127426 0.488037 3 29 0.500000 19 0.350000 30 0.150000
0  -1.010009 -4.283937 3.714108  -0.144901 -0.728321 -0.669740  0.097885 0.475098 3 19 0.800000 20 0.100000 29 0.100000
0  -0.972656 -4.556399 4.048827  -0.086547 -0.578432 -0.811126  0.095565 0.491333 2 19 0.900000 29 0.100000
Komainu
0  -1.893311 -4.443622 4.166739  -0.046916 -0.873726 -0.484151  0.127426 0.488037 3 29 0.500000 19 0.350000 30 0.150000
0  -0.986570 -4.089846 3.533934  -0.249676 -0.626347 -0.738479  0.098312 0.460999 3 19 0.800000 20 0.100000 29 0.100000
0  -1.010009 -4.283937 3.714108  -0.144901 -0.728321 -0.669740  0.097885 0.475098 3 19 0.800000 20 0.100000 29 0.100000
Komainu
0  -1.893311 -4.443622 4.166739  -0.046916 -0.873726 -0.484151  0.127426 0.488037 3 29 0.500000 19 0.350000 30 0.150000
0  -1.539551 -4.238529 3.855465  0.036300 -0.794086 -0.606721  0.122726 0.473145 3 19 0.700000 29 0.230000 20 0.070000
0  -0.986570 -4.089846 3.533934  -0.249676 -0.626347 -0.738479  0.098312 0.460999 3 19 0.800000 20 0.100000 29 0.100000
Komainu
0  -1.740233 -4.642096 4.165281  -0.389987 -0.496365 -0.775585  0.122421 0.495117 2 19 0.800000 29 0.200000
0  -2.547362 -4.686055 4.990722  -0.832770 -0.406525 -0.375809  0.150314 0.498474 2 29 0.600000 19 0.400000
0  -1.893311 -4.443622 4.166739  -0.046916 -0.873726 -0.484151  0.127426 0.488037 3 29 0.500000 19 0.350000 30 0.150000
Komainu
0  -1.740233 -4.642096 4.165281  -0.389987 -0.496365 -0.775585  0.122421 0.495117 2 19 0.800000 29 0.200000
0  -1.691894 -4.705078 4.164552  -0.404604 0.175322 -0.897529  0.117477 0.498474 2 19 0.900000 21 0.100000
0  -2.547362 -4.686055 4.990722  -0.832770 -0.406525 -0.375809  0.150314 0.498474 2 29 0.600000 19 0.400000
Komainu
0  -1.691894 -4.705078 4.164552  -0.404604 0.175322 -0.897529  0.117477 0.498474 2 19 0.900000 21 0.100000
0  -1.740233 -4.642096 4.165281  -0.389987 -0.496365 -0.775585  0.122421 0.495117 2 19 0.800000 29 0.200000
0  -0.972656 -4.556399 4.048827  -0.086547 -0.578432 -0.811126  0.095565 0.491333 2 19 0.900000 29 0.100000
Komainu
0  -1.691894 -4.705078 4.164552  -0.404604 0.175322 -0.897529  0.117477 0.498474 2 19 0.900000 21 0.100000
0  -0.972656 -4.556399 4.048827  -0.086547 -0.578432 -0.811126  0.095565 0.491333 2 19 0.900000 29 0.100000
0  -0.936767 -4.650146 4.098633  -0.082701 0.149748 -0.985259  0.095565 0.498474 2 19 0.900000 21 0.100000
Komainu
0  -0.936767 -4.650146 4.098633  -0.082701 0.149748 -0.985259  0.095565 0.498474 2 19 0.900000 21 0.100000
0  -0.972656 -4.556399 4.048827  -0.086547 -0.578432 -0.811126  0.095565 0.491333 2 19 0.900000 29 0.100000
0  0.000001 -4.519413 3.976305  0.000449 -0.666437 -0.745561  0.054305 0.491333 1 19 1.000000
Komainu
0  -0.936767 -4.650146 4.098633  -0.082701 0.149748 -0.985259  0.095565 0.498474 2 19 0.900000 21 0.100000
0  0.000001 -4.519413 3.976305  0.000449 -0.666437 -0.745561  0.054305 0.491333 1 19 1.000000
0  0.000001 -4.642821 4.047363  0.000003 0.101055 -0.994881  0.054305 0.498474 2 19 0.900000 21 0.100000
Komainu
0  0.000001 -4.642821 4.047363  0.000003 0.101055 -0.994881  0.054305 0.498474 2 19 0.900000 21 0.100000
0  0.000001 -4.519413 3.976305  0.000449 -0.666437 -0.745561  0.054305 0.491333 1 19 1.000000
0  0.972658 -4.556399 4.048827  0.086554 -0.578450 -0.811113  0.095565 0.491333 2 19 0.900000 24 0.100000
Komainu
0  0.000001 -4.642821 4.047363  0.000003 0.101055 -0.994881  0.054305 0.498474 2 19 0.900000 21 0.100000
0  0.972658 -4.556399 4.048827  0.086554 -0.578450 -0.811113  0.095565 0.491333 2 19 0.900000 24 0.100000
0  0.936769 -4.650146 4.098633  0.082710 0.149795 -0.985252  0.095565 0.498474 2 19 0.900000 21 0.100000
Komainu
0  0.972658 -4.556399 4.048827  0.086554 -0.578450 -0.811113  0.095565 0.491333 2 19 0.900000 24 0.100000
0  1.691896 -4.705077 4.164552  0.404601 0.175370 -0.897521  0.117477 0.498474 2 19 0.900000 21 0.100000
0  0.936769 -4.650146 4.098633  0.082710 0.149795 -0.985252  0.095565 0.498474 2 19 0.900000 21 0.100000
Komainu
0  0.972658 -4.556399 4.048827  0.086554 -0.578450 -0.811113  0.095565 0.491333 2 19 0.900000 24 0.100000
0  1.740235 -4.642095 4.165281  0.389998 -0.496364 -0.775580  0.122421 0.495117 2 19 0.800000 24 0.200000
0  1.691896 -4.705077 4.164552  0.404601 0.175370 -0.897521  0.117477 0.498474 2 19 0.900000 21 0.100000
Komainu
0  1.740235 -4.642095 4.165281  0.389998 -0.496364 -0.775580  0.122421 0.495117 2 19 0.800000 24 0.200000
0  2.547364 -4.686054 4.990722  0.832778 -0.406532 -0.375783  0.150314 0.498474 2 24 0.600000 19 0.400000
0  1.691896 -4.705077 4.164552  0.404601 0.175370 -0.897521  0.117477 0.498474 2 19 0.900000 21 0.100000
Komainu
0  1.893313 -4.443621 4.166739  0.046916 -0.873729 -0.484145  0.127426 0.488037 3 24 0.500000 19 0.350000 25 0.150000
0  2.547364 -4.686054 4.990722  0.832778 -0.406532 -0.375783  0.150314 0.498474 2 24 0.600000 19 0.400000
0  1.740235 -4.642095 4.165281  0.389998 -0.496364 -0.775580  0.122421 0.495117 2 19 0.800000 24 0.200000
Komainu
0  0.972658 -4.556399 4.048827  0.086554 -0.578450 -0.811113  0.095565 0.491333 2 19 0.900000 24 0.100000
0  1.893313 -4.443621 4.166739  0.046916 -0.873729 -0.484145  0.127426 0.488037 3 24 0.500000 19 0.350000 25 0.150000
0  1.740235 -4.642095 4.165281  0.389998 -0.496364 -0.775580  0.122421 0.495117 2 19 0.800000 24 0.200000
Komainu
0  0.972658 -4.556399 4.048827  0.086554 -0.578450 -0.811113  0.095565 0.491333 2 19 0.900000 24 0.100000
0  1.010011 -4.283937 3.714108  0.144900 -0.728321 -0.669740  0.097885 0.475098 3 19 0.800000 20 0.100000 24 0.100000
0  1.893313 -4.443621 4.166739  0.046916 -0.873729 -0.484145  0.127426 0.488037 3 24 0.500000 19 0.350000 25 0.150000
Komainu
0  0.986572 -4.089846 3.533934  0.249675 -0.626345 -0.738481  0.098312 0.460999 3 19 0.800000 20 0.100000 24 0.100000
0  1.893313 -4.443621 4.166739  0.046916 -0.873729 -0.484145  0.127426 0.488037 3 24 0.500000 19 0.350000 25 0.150000
0  1.010011 -4.283937 3.714108  0.144900 -0.728321 -0.669740  0.097885 0.475098 3 19 0.800000 20 0.100000 24 0.100000
Komainu
0  0.986572 -4.089846 3.533934  0.249675 -0.626345 -0.738481  0.098312 0.460999 3 19 0.800000 20 0.100000 24 0.100000
0  1.539553 -4.238532 3.855465  -0.036258 -0.794103 -0.606700  0.122726 0.473145 3 19 0.700000 24 0.230000 20 0.070000
0  1.893313 -4.443621 4.166739  0.046916 -0.873729 -0.484145  0.127426 0.488037 3 24 0.500000 19 0.350000 25 0.150000
Komainu
0  -1.539551 -4.238529 3.855465  0.036300 -0.794086 -0.606721  0.895370 0.721435 3 19 0.700000 29 0.230000 20 0.070000
0  -1.100096 -3.802002 3.429930  0.212045 -0.860415 -0.463382  0.855941 0.701172 3 19 0.800000 20 0.100000 29 0.100000
0  -0.866453 -3.802005 3.286374  -0.320070 -0.495160 -0.807695  0.829391 0.723267 3 19 0.800000 29 0.120000 20 0.080000
Komainu
0  -1.539551 -4.238529 3.855465  0.036300 -0.794086 -0.606721  0.895370 0.721435 3 19 0.700000 29 0.230000 20 0.070000
0  -0.866453 -3.802005 3.286374  -0.320070 -0.495160 -0.807695  0.829391 0.723267 3 19 0.800000 29 0.120000 20 0.080000
0  -0.986570 -4.089846 3.533934  -0.249676 -0.626347 -0.738479  0.853622 0.742920 3 19 0.800000 20 0.100000 29 0.100000
Komainu
0  -0.529541 -3.856203 3.242427  -0.180039 -0.531872 -0.827465  0.804794 0.755188 2 19 0.900000 29 0.100000
0  -0.986570 -4.089846 3.533934  -0.249676 -0.626347 -0.738479  0.853622 0.742920 3 19 0.800000 20 0.100000 29 0.100000
0  -0.866453 -3.802005 3.286374  -0.320070 -0.495160 -0.807695  0.829391 0.723267 3 19 0.800000 29 0.120000 20 0.080000
Komainu
0  -0.529541 -3.856203 3.242427  -0.180039 -0.531872 -0.827465  0.804794 0.755188 2 19 0.900000 29 0.100000
0  -0.192626 -4.111818 3.311277  -0.088751 -0.693992 -0.714492  0.798141 0.790405 2 19 0.900000 29 0.100000
0  -0.986570 -4.089846 3.533934  -0.249676 -0.626347 -0.738479  0.853622 0.742920 3 19 0.800000 20 0.100000 29 0.100000
Komainu
0  0.000001 -4.273680 3.596190  0.000002 -0.819310 -0.573350  0.833846 0.823303 2 19 0.920000 20 0.080000
0  -0.986570 -4.089846 3.533934  -0.249676 -0.626347 -0.738479  0.853622 0.742920 3 19 0.800000 20 0.100000 29 0.100000
0  -0.192626 -4.111818 3.311277  -0.088751 -0.693992 -0.714492  0.798141 0.790405 2 19 0.900000 29 0.100000
Komainu
0  0.000001 -4.273680 3.596190  0.000002 -0.819310 -0.573350  0.833846 0.823303 2 19 0.920000 20 0.080000
0  -1.010009 -4.283937 3.714108  -0.144901 -0.728321 -0.669740  0.894088 0.729187 3 19 0.800000 20 0.100000 29 0.100000
0  -0.986570 -4.089846 3.533934  -0.249676 -0.626347 -0.738479  0.853622 0.742920 3 19 0.800000 20 0.100000 29 0.100000
Komainu
0  0.000001 -4.273680 3.596190  0.000002 -0.819310 -0.573350  0.833846 0.823303 2 19 0.920000 20 0.080000
0  -0.972656 -4.556399 4.048827  -0.086547 -0.578432 -0.811126  0.931381 0.752136 2 19 0.900000 29 0.100000
0  -1.010009 -4.283937 3.714108  -0.144901 -0.728321 -0.669740  0.894088 0.729187 3 19 0.800000 20 0.100000 29 0.100000
Komainu
0  0.000001 -4.273680 3.596190  0.000002 -0.819310 -0.573350  0.833846 0.823303 2 19 0.920000 20 0.080000
0  0.000001 -4.519413 3.976305  0.000449 -0.666437 -0.745561  0.883468 0.837952 1 19 1.000000
0  -0.972656 -4.556399 4.048827  -0.086547 -0.578432 -0.811126  0.931381 0.752136 2 19 0.900000 29 0.100000
Komainu
0  0.972658 -4.556399 4.048827  0.086554 -0.578450 -0.811113  0.931381 0.752136 2 19 0.900000 24 0.100000
0  0.000001 -4.519413 3.976305  0.000449 -0.666437 -0.745561  0.883468 0.837952 1 19 1.000000
0  0.000001 -4.273680 3.596190  0.000002 -0.819310 -0.573350  0.833846 0.823303 2 19 0.920000 20 0.080000
Komainu
0  0.972658 -4.556399 4.048827  0.086554 -0.578450 -0.811113  0.931381 0.752136 2 19 0.900000 24 0.100000
0  0.000001 -4.273680 3.596190  0.000002 -0.819310 -0.573350  0.833846 0.823303 2 19 0.920000 20 0.080000
0  1.010011 -4.283937 3.714108  0.144900 -0.728321 -0.669740  0.894088 0.729187 3 19 0.800000 20 0.100000 24 0.100000
Komainu
0  0.986572 -4.089846 3.533934  0.249675 -0.626345 -0.738481  0.853622 0.742920 3 19 0.800000 20 0.100000 24 0.100000
0  1.010011 -4.283937 3.714108  0.144900 -0.728321 -0.669740  0.894088 0.729187 3 19 0.800000 20 0.100000 24 0.100000
0  0.000001 -4.273680 3.596190  0.000002 -0.819310 -0.573350  0.833846 0.823303 2 19 0.920000 20 0.080000
Komainu
0  0.986572 -4.089846 3.533934  0.249675 -0.626345 -0.738481  0.853622 0.742920 3 19 0.800000 20 0.100000 24 0.100000
0  0.000001 -4.273680 3.596190  0.000002 -0.819310 -0.573350  0.833846 0.823303 2 19 0.920000 20 0.080000
0  0.192628 -4.111818 3.311277  0.088750 -0.693992 -0.714492  0.798141 0.790405 2 19 0.900000 24 0.100000
Komainu
0  0.986572 -4.089846 3.533934  0.249675 -0.626345 -0.738481  0.853622 0.742920 3 19 0.800000 20 0.100000 24 0.100000
0  0.192628 -4.111818 3.311277  0.088750 -0.693992 -0.714492  0.798141 0.790405 2 19 0.900000 24 0.100000
0  0.529543 -3.856203 3.242427  0.180039 -0.531872 -0.827465  0.804794 0.755188 2 19 0.900000 24 0.100000
Komainu
0  0.986572 -4.089846 3.533934  0.249675 -0.626345 -0.738481  0.853622 0.742920 3 19 0.800000 20 0.100000 24 0.100000
0  0.529543 -3.856203 3.242427  0.180039 -0.531872 -0.827465  0.804794 0.755188 2 19 0.900000 24 0.100000
0  0.866455 -3.802005 3.286374  0.320069 -0.495161 -0.807695  0.829391 0.723267 3 19 0.800000 24 0.120000 20 0.080000
Komainu
0  0.866455 -3.802005 3.286374  0.320069 -0.495161 -0.807695  0.829391 0.723267 3 19 0.800000 24 0.120000 20 0.080000
0  1.539553 -4.238532 3.855465  -0.036258 -0.794103 -0.606700  0.895370 0.721435 3 19 0.700000 24 0.230000 20 0.070000
0  0.986572 -4.089846 3.533934  0.249675 -0.626345 -0.738481  0.853622 0.742920 3 19 0.800000 20 0.100000 24 0.100000
Komainu
0  0.866455 -3.802005 3.286374  0.320069 -0.495161 -0.807695  0.829391 0.723267 3 19 0.800000 24 0.120000 20 0.080000
0  1.100098 -3.802002 3.429927  -0.212054 -0.860370 -0.463462  0.855941 0.701172 3 19 0.800000 20 0.100000 24 0.100000
0  1.539553 -4.238532 3.855465  -0.036258 -0.794103 -0.606700  0.895370 0.721435 3 19 0.700000 24 0.230000 20 0.070000
Komainu
0  2.972170 -4.998779 8.823486  0.729636 0.477190 0.489816  0.590011 0.927551 2 20 0.800000 19 0.200000
0  3.310549 -5.201661 8.200926  0.918489 0.342838 0.197079  0.633102 0.923340 2 20 0.800000 19 0.200000
0  2.642578 -4.111814 7.462647  0.766467 0.630776 0.121034  0.600814 0.967651 2 19 0.600000 20 0.400000
Komainu
0  2.044924 -3.660645 8.146728  0.590384 0.744737 0.311148  0.572311 0.969177 2 19 0.600000 20 0.400000
0  2.972170 -4.998779 8.823486  0.729636 0.477190 0.489816  0.590011 0.927551 2 20 0.800000 19 0.200000
0  2.642578 -4.111814 7.462647  0.766467 0.630776 0.121034  0.600814 0.967651 2 19 0.600000 20 0.400000
Komainu
0  2.044924 -3.660645 8.146728  0.590384 0.744737 0.311148  0.572311 0.969177 2 19 0.600000 20 0.400000
0  2.350342 -4.765869 9.332520  0.607125 0.511834 0.607803  0.570480 0.931213 2 20 0.800000 19 0.200000
0  2.972170 -4.998779 8.823486  0.729636 0.477190 0.489816  0.590011 0.927551 2 20 0.800000 19 0.200000
Komainu
0  1.781245 -6.190419 10.396728  0.466319 0.111078 0.877615  0.562728 0.888794 2 20 0.900000 22 0.100000
0  2.972170 -4.998779 8.823486  0.729636 0.477190 0.489816  0.590011 0.927551 2 20 0.800000 19 0.200000
0  2.350342 -4.765869 9.332520  0.607125 0.511834 0.607803  0.570480 0.931213 2 20 0.800000 19 0.200000
Komainu
0  1.781245 -6.190419 10.396728  0.466319 0.111078 0.877615  0.562728 0.888794 2 20 0.900000 22 0.100000
0  2.350342 -4.765869 9.332520  0.607125 0.511834 0.607803  0.570480 0.931213 2 20 0.800000 19 0.200000
0  1.702150 -4.563546 9.695790  0.411292 0.560565 0.718753  0.548629 0.933960 1 20 1.000000
Komainu
0  1.472170 -3.466551 8.496824  0.402322 0.791651 0.459810  0.550216 0.970093 2 19 0.600000 20 0.400000
0  1.702150 -4.563546 9.695790  0.411292 0.560565 0.718753  0.548629 0.933960 1 20 1.000000
0  2.350342 -4.765869 9.332520  0.607125 0.511834 0.607803  0.570480 0.931213 2 20 0.800000 19 0.200000
Komainu
0  1.472170 -3.466551 8.496824  0.402322 0.791651 0.459810  0.550216 0.970093 2 19 0.600000 20 0.400000
0  2.350342 -4.765869 9.332520  0.607125 0.511834 0.607803  0.570480 0.931213 2 20 0.800000 19 0.200000
0  2.044924 -3.660645 8.146728  0.590384 0.744737 0.311148  0.572311 0.969177 2 19 0.600000 20 0.400000
Komainu
0  1.209960 -3.194823 8.069091  0.449098 0.259706 0.854906  0.545028 0.991211 2 19 0.800000 20 0.200000
0  1.472170 -3.466551 8.496824  0.402322 0.791651 0.459810  0.550216 0.970093 2 19 0.600000 20 0.400000
0  2.044924 -3.660645 8.146728  0.590384 0.744737 0.311148  0.572311 0.969177 2 19 0.600000 20 0.400000
Komainu
0  1.209960 -3.194823 8.069091  0.449098 0.259706 0.854906  0.545028 0.991211 2 19 0.800000 20 0.200000
0  2.044924 -3.660645 8.146728  0.590384 0.744737 0.311148  0.572311 0.969177 2 19 0.600000 20 0.400000
0  1.794436 -3.407958 7.783446  0.676352 0.256505 0.690473  0.569381 0.991211 2 19 0.800000 20 0.200000
Komainu
0  2.044924 -3.660645 8.146728  0.590384 0.744737 0.311148  0.572311 0.969177 2 19 0.600000 20 0.400000
0  2.318115 -3.787353 7.319823  0.870660 0.220131 0.439879  0.600692 0.991211 2 19 0.800000 20 0.200000
0  1.794436 -3.407958 7.783446  0.676352 0.256505 0.690473  0.569381 0.991211 2 19 0.800000 20 0.200000
Komainu
0  2.044924 -3.660645 8.146728  0.590384 0.744737 0.311148  0.572311 0.969177 2 19 0.600000 20 0.400000
0  2.642578 -4.111814 7.462647  0.766467 0.630776 0.121034  0.600814 0.967651 2 19 0.600000 20 0.400000
0  2.318115 -3.787353 7.319823  0.870660 0.220131 0.439879  0.600692 0.991211 2 19 0.800000 20 0.200000
Komainu
0  2.777344 -4.289069 6.402837  0.987516 0.118515 0.103759  0.666183 0.991211 3 20 0.480000 19 0.320000 24 0.200000
0  2.318115 -3.787353 7.319823  0.870660 0.220131 0.439879  0.600692 0.991211 2 19 0.800000 20 0.200000
0  2.642578 -4.111814 7.462647  0.766467 0.630776 0.121034  0.600814 0.967651 2 19 0.600000 20 0.400000
Komainu
0  2.777344 -4.289069 6.402837  0.987516 0.118515 0.103759  0.666183 0.991211 3 20 0.480000 19 0.320000 24 0.200000
0  2.751709 -4.940918 5.047851  0.746898 0.515209 -0.420361  0.683639 0.960938 2 20 0.700000 21 0.300000
0  2.547364 -4.686054 4.990722  0.832778 -0.406532 -0.375783  0.708969 0.991211 2 24 0.600000 19 0.400000
Komainu
0  2.777344 -4.289069 6.402837  0.987516 0.118515 0.103759  0.666183 0.991211 3 20 0.480000 19 0.320000 24 0.200000
0  3.015382 -4.614816 6.432849  0.807322 0.583499 -0.088090  0.646469 0.963440 1 20 1.000000
0  2.751709 -4.940918 5.047851  0.746898 0.515209 -0.420361  0.683639 0.960938 2 20 0.700000 21 0.300000
Komainu
0  2.777344 -4.289069 6.402837  0.987516 0.118515 0.103759  0.666183 0.991211 3 20 0.480000 19 0.320000 24 0.200000
0  2.642578 -4.111814 7.462647  0.766467 0.630776 0.121034  0.600814 0.967651 2 19 0.600000 20 0.400000
0  3.015382 -4.614816 6.432849  0.807322 0.583499 -0.088090  0.646469 0.963440 1 20 1.000000
Komainu
0  2.642578 -4.111814 7.462647  0.766467 0.630776 0.121034  0.600814 0.967651 2 19 0.600000 20 0.400000
0  3.452638 -5.362617 7.417956  0.882089 0.463559 0.083862  0.663986 0.929138 1 20 1.000000
0  3.015382 -4.614816 6.432849  0.807322 0.583499 -0.088090  0.646469 0.963440 1 20 1.000000
Komainu
0  3.310549 -5.201661 8.200926  0.918489 0.342838 0.197079  0.633102 0.923340 2 20 0.800000 19 0.200000
0  3.452638 -5.362617 7.417956  0.882089 0.463559 0.083862  0.663986 0.929138 1 20 1.000000
0  2.642578 -4.111814 7.462647  0.766467 0.630776 0.121034  0.600814 0.967651 2 19 0.600000 20 0.400000
Komainu
0  3.310549 -5.201661 8.200926  0.918489 0.342838 0.197079  0.633102 0.923340 2 20 0.800000 19 0.200000
0  3.457765 -6.126534 8.069078  0.986212 0.129212 0.103392  0.658614 0.907532 1 20 1.000000
0  3.452638 -5.362617 7.417956  0.882089 0.463559 0.083862  0.663986 0.929138 1 20 1.000000
Komainu
0  3.310549 -5.201661 8.200926  0.918489 0.342838 0.197079  0.633102 0.923340 2 20 0.800000 19 0.200000
0  3.429199 -6.453196 8.864490  0.924384 0.380332 -0.029363  0.631820 0.888733 1 20 1.000000
0  3.457765 -6.126534 8.069078  0.986212 0.129212 0.103392  0.658614 0.907532 1 20 1.000000
Komainu
0  3.228526 -6.280499 9.372068  0.669965 0.639548 0.376995  0.599655 0.888672 2 20 0.800000 22 0.200000
0  3.429199 -6.453196 8.864490  0.924384 0.380332 -0.029363  0.631820 0.888733 1 20 1.000000
0  3.310549 -5.201661 8.200926  0.918489 0.342838 0.197079  0.633102 0.923340 2 20 0.800000 19 0.200000
Komainu
0  2.972170 -4.998779 8.823486  0.729636 0.477190 0.489816  0.590011 0.927551 2 20 0.800000 19 0.200000
0  3.228526 -6.280499 9.372068  0.669965 0.639548 0.376995  0.599655 0.888672 2 20 0.800000 22 0.200000
0  3.310549 -5.201661 8.200926  0.918489 0.342838 0.197079  0.633102 0.923340 2 20 0.800000 19 0.200000
Komainu
0  1.955557 -6.286363 10.305906  -0.020396 0.773780 0.633126  0.571029 0.886169 2 20 0.800000 22 0.200000
0  3.228526 -6.280499 9.372068  0.669965 0.639548 0.376995  0.599655 0.888672 2 20 0.800000 22 0.200000
0  2.972170 -4.998779 8.823486  0.729636 0.477190 0.489816  0.590011 0.927551 2 20 0.800000 19 0.200000
Komainu
0  1.781245 -6.190419 10.396728  0.466319 0.111078 0.877615  0.562728 0.888794 2 20 0.900000 22 0.100000
0  1.955557 -6.286363 10.305906  -0.020396 0.773780 0.633126  0.571029 0.886169 2 20 0.800000 22 0.200000
0  2.972170 -4.998779 8.823486  0.729636 0.477190 0.489816  0.590011 0.927551 2 20 0.800000 19 0.200000
Komainu
0  1.781245 -6.190419 10.396728  0.466319 0.111078 0.877615  0.562728 0.888794 2 20 0.900000 22 0.100000
0  1.557130 -7.073556 10.450917  -0.179756 0.111891 0.977327  0.560409 0.859497 1 20 1.000000
0  1.955557 -6.286363 10.305906  -0.020396 0.773780 0.633126  0.571029 0.886169 2 20 0.800000 22 0.200000
Komainu
0  1.781245 -6.190419 10.396728  0.466319 0.111078 0.877615  0.562728 0.888794 2 20 0.900000 22 0.100000
0  1.394524 -7.084716 10.511716  0.299493 -0.106449 0.948142  0.550765 0.862732 2 20 0.900000 22 0.100000
0  1.557130 -7.073556 10.450917  -0.179756 0.111891 0.977327  0.560409 0.859497 1 20 1.000000
Komainu
0  1.557130 -7.073556 10.450917  -0.179756 0.111891 0.977327  0.560409 0.859497 1 20 1.000000
0  1.394524 -7.084716 10.511716  0.299493 -0.106449 0.948142  0.550765 0.862732 2 20 0.900000 22 0.100000
0  1.434064 -7.729251 10.405519  -0.125187 -0.303935 0.944432  0.563217 0.846558 2 20 0.800000 22 0.200000
Komainu
0  1.434064 -7.729251 10.405519  -0.125187 -0.303935 0.944432  0.563217 0.846558 2 20 0.800000 22 0.200000
0  1.394524 -7.084716 10.511716  0.299493 -0.106449 0.948142  0.550765 0.862732 2 20 0.900000 22 0.100000
0  1.226065 -8.023685 10.389405  0.274802 -0.359372 0.891816  0.547592 0.823242 2 20 0.900000 22 0.100000
Komainu
0  2.420656 -8.621162 9.717762  0.197087 -0.764228 0.614095  0.591903 0.815369 1 20 1.000000
0  1.434064 -7.729251 10.405519  -0.125187 -0.303935 0.944432  0.563217 0.846558 2 20 0.800000 22 0.200000
0  1.226065 -8.023685 10.389405  0.274802 -0.359372 0.891816  0.547592 0.823242 2 20 0.900000 22 0.100000
Komainu
0  1.226065 -8.023685 10.389405  0.274802 -0.359372 0.891816  0.547592 0.823242 2 20 0.900000 22 0.100000
0  2.294680 -8.880441 9.394032  0.438634 -0.727546 0.527520  0.587448 0.779541 1 20 1.000000
0  2.420656 -8.621162 9.717762  0.197087 -0.764228 0.614095  0.591903 0.815369 1 20 1.000000
Komainu
0  2.294680 -8.880441 9.394032  0.438634 -0.727546 0.527520  0.587448 0.779541 1 20 1.000000
0  3.003664 -8.580147 8.946522  0.565694 -0.797487 0.209775  0.623580 0.762940 1 20 1.000000
0  2.420656 -8.621162 9.717762  0.197087 -0.764228 0.614095  0.591903 0.815369 1 20 1.000000
Komainu
0  2.751709 -4.940918 5.047851  0.746898 0.515209 -0.420361  0.683639 0.960938 2 20 0.700000 21 0.300000
0  3.015382 -4.614816 6.432849  0.807322 0.583499 -0.088090  0.646469 0.963440 1 20 1.000000
0  3.319336 -5.033760 6.510486  0.782200 0.617795 -0.080574  0.673324 0.946228 1 20 1.000000
Komainu
0  3.452638 -5.362617 7.417956  0.882089 0.463559 0.083862  0.663986 0.929138 1 20 1.000000
0  3.319336 -5.033760 6.510486  0.782200 0.617795 -0.080574  0.673324 0.946228 1 20 1.000000
0  3.015382 -4.614816 6.432849  0.807322 0.583499 -0.088090  0.646469 0.963440 1 20 1.000000
Komainu
0  2.949463 -8.954415 8.312976  0.737180 -0.648986 0.188103  0.609542 0.721558 1 20 1.000000
0  2.728273 -9.253977 7.507311  0.686178 -0.723670 0.073903  0.605575 0.675537 1 20 1.000000
0  3.396973 -8.396309 7.409901  0.835425 -0.544243 0.076577  0.644760 0.691223 1 20 1.000000
Komainu
0  2.949463 -8.954415 8.312976  0.737180 -0.648986 0.188103  0.609542 0.721558 1 20 1.000000
0  2.017090 -9.506660 8.606676  0.491023 -0.809146 0.322770  0.580306 0.735901 1 20 1.000000
0  2.728273 -9.253977 7.507311  0.686178 -0.723670 0.073903  0.605575 0.675537 1 20 1.000000
Komainu
0  2.294680 -8.880441 9.394032  0.438634 -0.727546 0.527520  0.587448 0.779541 1 20 1.000000
0  2.017090 -9.506660 8.606676  0.491023 -0.809146 0.322770  0.580306 0.735901 1 20 1.000000
0  2.949463 -8.954415 8.312976  0.737180 -0.648986 0.188103  0.609542 0.721558 1 20 1.000000
Komainu
0  2.294680 -8.880441 9.394032  0.438634 -0.727546 0.527520  0.587448 0.779541 1 20 1.000000
0  1.144777 -9.760080 8.860095  0.255973 -0.856936 0.447369  0.542159 0.748901 1 20 1.000000
0  2.017090 -9.506660 8.606676  0.491023 -0.809146 0.322770  0.580306 0.735901 1 20 1.000000
Komainu
0  2.294680 -8.880441 9.394032  0.438634 -0.727546 0.527520  0.587448 0.779541 1 20 1.000000
0  1.234864 -9.104562 9.735338  0.273201 -0.685906 0.674458  0.547592 0.792053 1 20 1.000000
0  1.144777 -9.760080 8.860095  0.255973 -0.856936 0.447369  0.542159 0.748901 1 20 1.000000
Komainu
0  1.226065 -8.023685 10.389405  0.274802 -0.359372 0.891816  0.547592 0.823242 2 20 0.900000 22 0.100000
0  1.234864 -9.104562 9.735338  0.273201 -0.685906 0.674458  0.547592 0.792053 1 20 1.000000
0  2.294680 -8.880441 9.394032  0.438634 -0.727546 0.527520  0.587448 0.779541 1 20 1.000000
Komainu
0  2.294680 -8.880441 9.394032  0.438634 -0.727546 0.527520  0.587448 0.779541 1 20 1.000000
0  2.949463 -8.954415 8.312976  0.737180 -0.648986 0.188103  0.609542 0.721558 1 20 1.000000
0  3.003664 -8.580147 8.946522  0.565694 -0.797487 0.209775  0.623580 0.762940 1 20 1.000000
Komainu
0  2.949463 -8.954415 8.312976  0.737180 -0.648986 0.188103  0.609542 0.721558 1 20 1.000000
0  3.322267 -8.201486 8.609607  0.853481 -0.521037 0.009516  0.640670 0.759766 1 20 1.000000
0  3.003664 -8.580147 8.946522  0.565694 -0.797487 0.209775  0.623580 0.762940 1 20 1.000000
Komainu
0  3.396973 -8.396309 7.409901  0.835425 -0.544243 0.076577  0.644760 0.691223 1 20 1.000000
0  3.322267 -8.201486 8.609607  0.853481 -0.521037 0.009516  0.640670 0.759766 1 20 1.000000
0  2.949463 -8.954415 8.312976  0.737180 -0.648986 0.188103  0.609542 0.721558 1 20 1.000000
Komainu
0  3.396973 -8.396309 7.409901  0.835425 -0.544243 0.076577  0.644760 0.691223 1 20 1.000000
0  3.514162 -7.644114 8.337147  0.972639 -0.230962 0.025082  0.671737 0.751038 1 20 1.000000
0  3.322267 -8.201486 8.609607  0.853481 -0.521037 0.009516  0.640670 0.759766 1 20 1.000000
Komainu
0  3.723634 -7.909983 7.563708  0.888411 -0.405504 0.215159  0.662826 0.685547 1 20 1.000000
0  3.514162 -7.644114 8.337147  0.972639 -0.230962 0.025082  0.671737 0.751038 1 20 1.000000
0  3.396973 -8.396309 7.409901  0.835425 -0.544243 0.076577  0.644760 0.691223 1 20 1.000000
Komainu
0  3.548584 -7.125557 8.184069  0.990116 0.026903 0.137645  0.691635 0.722351 1 20 1.000000
0  3.514162 -7.644114 8.337147  0.972639 -0.230962 0.025082  0.671737 0.751038 1 20 1.000000
0  3.723634 -7.909983 7.563708  0.888411 -0.405504 0.215159  0.662826 0.685547 1 20 1.000000
Komainu
0  3.548584 -7.125557 8.184069  0.990116 0.026903 0.137645  0.691635 0.722351 1 20 1.000000
0  3.509035 -6.974679 8.710680  0.969061 0.111473 -0.220217  0.700302 0.747192 1 20 1.000000
0  3.514162 -7.644114 8.337147  0.972639 -0.230962 0.025082  0.671737 0.751038 1 20 1.000000
Komainu
0  3.509035 -6.974679 8.710680  0.969061 0.111473 -0.220217  0.700302 0.747192 1 20 1.000000
0  3.548584 -7.125557 8.184069  0.990116 0.026903 0.137645  0.691635 0.722351 1 20 1.000000
0  3.457765 -6.126534 8.069078  0.986212 0.129212 0.103392  0.737777 0.726868 1 20 1.000000
Komainu
0  3.509035 -6.974679 8.710680  0.969061 0.111473 -0.220217  0.700302 0.747192 1 20 1.000000
0  3.457765 -6.126534 8.069078  0.986212 0.129212 0.103392  0.737777 0.726868 1 20 1.000000
0  3.429199 -6.453196 8.864490  0.924384 0.380332 -0.029363  0.718978 0.753601 1 20 1.000000
Komainu
0  0.935306 -10.190742 7.927722  0.241382 -0.944313 0.223623  0.531906 0.702698 1 20 1.000000
0  1.902832 -9.856758 7.683825  0.438494 -0.882794 0.168517  0.567855 0.694946 1 20 1.000000
0  2.017090 -9.506660 8.606676  0.491023 -0.809146 0.322770  0.580306 0.735901 1 20 1.000000
Komainu
0  2.728273 -9.253977 7.507311  0.686178 -0.723670 0.073903  0.605575 0.675537 1 20 1.000000
0  2.017090 -9.506660 8.606676  0.491023 -0.809146 0.322770  0.580306 0.735901 1 20 1.000000
0  1.902832 -9.856758 7.683825  0.438494 -0.882794 0.168517  0.567855 0.694946 1 20 1.000000
Komainu
0  1.861085 -10.001778 6.679674  0.478922 -0.758529 -0.441891  0.569747 0.648621 1 20 1.000000
0  2.728273 -9.253977 7.507311  0.686178 -0.723670 0.073903  0.605575 0.675537 1 20 1.000000
0  1.902832 -9.856758 7.683825  0.438494 -0.882794 0.168517  0.567855 0.694946 1 20 1.000000
Komainu
0  1.861085 -10.001778 6.679674  0.478922 -0.758529 -0.441891  0.569747 0.648621 1 20 1.000000
0  2.353273 -9.644358 6.669420  0.499895 -0.707488 -0.499566  0.592269 0.646790 1 20 1.000000
0  2.728273 -9.253977 7.507311  0.686178 -0.723670 0.073903  0.605575 0.675537 1 20 1.000000
Komainu
0  2.750978 -9.188790 6.429918  0.612313 -0.753114 -0.240610  0.612594 0.639282 1 20 1.000000
0  2.728273 -9.253977 7.507311  0.686178 -0.723670 0.073903  0.605575 0.675537 1 20 1.000000
0  2.353273 -9.644358 6.669420  0.499895 -0.707488 -0.499566  0.592269 0.646790 1 20 1.000000
Komainu
0  3.396973 -8.396309 7.409901  0.835425 -0.544243 0.076577  0.644760 0.691223 1 20 1.000000
0  2.728273 -9.253977 7.507311  0.686178 -0.723670 0.073903  0.605575 0.675537 1 20 1.000000
0  2.750978 -9.188790 6.429918  0.612313 -0.753114 -0.240610  0.612594 0.639282 1 20 1.000000
Komainu
0  3.396973 -8.396309 7.409901  0.835425 -0.544243 0.076577  0.644760 0.691223 1 20 1.000000
0  2.750978 -9.188790 6.429918  0.612313 -0.753114 -0.240610  0.612594 0.639282 1 20 1.000000
0  3.281983 -8.462960 6.320790  0.815131 -0.578377 -0.032257  0.644637 0.631165 1 20 1.000000
Komainu
0  3.281983 -8.462960 6.320790  0.815131 -0.578377 -0.032257  0.644637 0.631165 1 20 1.000000
0  3.723634 -7.909983 7.563708  0.888411 -0.405504 0.215159  0.662826 0.685547 1 20 1.000000
0  3.396973 -8.396309 7.409901  0.835425 -0.544243 0.076577  0.644760 0.691223 1 20 1.000000
Komainu
0  3.281983 -8.462960 6.320790  0.815131 -0.578377 -0.032257  0.644637 0.631165 1 20 1.000000
0  3.694336 -7.876289 6.554430  0.911065 -0.407874 -0.059997  0.665695 0.638123 1 20 1.000000
0  3.723634 -7.909983 7.563708  0.888411 -0.405504 0.215159  0.662826 0.685547 1 20 1.000000
Komainu
0  3.177247 -8.592599 5.258043  0.763357 -0.638903 -0.095335  0.639633 0.585449 1 20 1.000000
0  3.694336 -7.876289 6.554430  0.911065 -0.407874 -0.059997  0.665695 0.638123 1 20 1.000000
0  3.281983 -8.462960 6.320790  0.815131 -0.578377 -0.032257  0.644637 0.631165 1 20 1.000000
Komainu
0  3.177247 -8.592599 5.258043  0.763357 -0.638903 -0.095335  0.639633 0.585449 1 20 1.000000
0  3.537598 -7.996581 5.484375  0.935128 -0.354230 0.007507  0.663925 0.596741 2 20 0.900000 21 0.100000
0  3.694336 -7.876289 6.554430  0.911065 -0.407874 -0.059997  0.665695 0.638123 1 20 1.000000
Komainu
0  3.537598 -7.996581 5.484375  0.935128 -0.354230 0.007507  0.663925 0.596741 2 20 0.900000 21 0.100000
0  3.667969 -7.123362 5.940663  0.991229 -0.017029 -0.131057  0.691635 0.613953 1 20 1.000000
0  3.694336 -7.876289 6.554430  0.911065 -0.407874 -0.059997  0.665695 0.638123 1 20 1.000000
Komainu
0  3.537598 -7.996581 5.484375  0.935128 -0.354230 0.007507  0.663925 0.596741 2 20 0.900000 21 0.100000
0  3.642334 -7.489746 5.494629  0.998742 -0.021447 -0.045328  0.682052 0.596375 2 20 0.800000 21 0.200000
0  3.667969 -7.123362 5.940663  0.991229 -0.017029 -0.131057  0.691635 0.613953 1 20 1.000000
Komainu
0  3.637207 -6.178535 5.888661  0.956469 0.216069 -0.196165  0.725875 0.616699 1 20 1.000000
0  3.667969 -7.123362 5.940663  0.991229 -0.017029 -0.131057  0.691635 0.613953 1 20 1.000000
0  3.642334 -7.489746 5.494629  0.998742 -0.021447 -0.045328  0.682052 0.596375 2 20 0.800000 21 0.200000
Komainu
0  3.637207 -6.178535 5.888661  0.956469 0.216069 -0.196165  0.725875 0.616699 1 20 1.000000
0  3.642334 -7.489746 5.494629  0.998742 -0.021447 -0.045328  0.682052 0.596375 2 20 0.800000 21 0.200000
0  3.585937 -7.163816 5.206053  0.944689 0.136652 -0.298142  0.692123 0.580261 2 20 0.600000 21 0.400000
Komainu
0  3.637207 -6.178535 5.888661  0.956469 0.216069 -0.196165  0.725875 0.616699 1 20 1.000000
0  3.585937 -7.163816 5.206053  0.944689 0.136652 -0.298142  0.692123 0.580261 2 20 0.600000 21 0.400000
0  3.394045 -5.887206 5.062500  0.882266 0.288077 -0.372315  0.739486 0.586670 2 21 0.600000 20 0.400000
Komainu
0  3.637207 -6.178535 5.888661  0.956469 0.216069 -0.196165  0.725875 0.616699 1 20 1.000000
0  3.394045 -5.887206 5.062500  0.882266 0.288077 -0.372315  0.739486 0.586670 2 21 0.600000 20 0.400000
0  2.751709 -4.940918 5.047851  0.746898 0.515209 -0.420361  0.769027 0.590881 2 20 0.700000 21 0.300000
Komainu
0  3.637207 -6.178535 5.888661  0.956469 0.216069 -0.196165  0.725875 0.616699 1 20 1.000000
0  2.751709 -4.940918 5.047851  0.746898 0.515209 -0.420361  0.769027 0.590881 2 20 0.700000 21 0.300000
0  3.611572 -5.383124 6.524404  0.906933 0.395681 -0.144596  0.758102 0.653442 1 20 1.000000
Komainu
0  3.637207 -6.178535 5.888661  0.956469 0.216069 -0.196165  0.725875 0.616699 1 20 1.000000
0  3.611572 -5.383124 6.524404  0.906933 0.395681 -0.144596  0.758102 0.653442 1 20 1.000000
0  3.682618 -5.809394 6.644520  0.987639 0.076964 -0.136553  0.738632 0.653870 1 20 1.000000
Komainu
0  3.611572 -5.383124 6.524404  0.906933 0.395681 -0.144596  0.758102 0.653442 1 20 1.000000
0  3.758791 -6.174872 7.365954  0.996192 -0.032000 -0.081100  0.727523 0.688904 1 20 1.000000
0  3.682618 -5.809394 6.644520  0.987639 0.076964 -0.136553  0.738632 0.653870 1 20 1.000000
Komainu
0  3.611572 -5.383124 6.524404  0.906933 0.395681 -0.144596  0.758102 0.653442 1 20 1.000000
0  3.790285 -5.678291 7.374012  0.928096 0.334544 0.163457  0.748702 0.695679 1 20 1.000000
0  3.758791 -6.174872 7.365954  0.996192 -0.032000 -0.081100  0.727523 0.688904 1 20 1.000000
Komainu
0  -0.889159 -10.237617 5.591295  -0.286383 -0.917628 -0.275578  0.533370 0.586914 1 20 1.000000
0  0.000002 -10.270578 5.252919  0.000000 -0.890017 -0.455927  0.501693 0.569031 1 20 1.000000
0  0.000002 -10.410471 5.674059  0.000002 -0.962362 -0.271769  0.501693 0.588318 1 20 1.000000
Komainu
0  0.000002 -10.270578 5.252919  0.000000 -0.890017 -0.455927  0.501693 0.569031 1 20 1.000000
0  0.889163 -10.237617 5.591295  0.286384 -0.917627 -0.275581  0.533370 0.586914 1 20 1.000000
0  0.000002 -10.410471 5.674059  0.000002 -0.962362 -0.271769  0.501693 0.588318 1 20 1.000000
Komainu
0  0.000002 -10.410471 5.674059  0.000002 -0.962362 -0.271769  0.501693 0.588318 1 20 1.000000
0  0.889163 -10.237617 5.591295  0.286384 -0.917627 -0.275581  0.533370 0.586914 1 20 1.000000
0  0.778568 -10.318917 6.003651  0.227653 -0.967028 -0.114156  0.529464 0.607056 1 20 1.000000
Komainu
0  1.101566 -10.111641 5.554674  0.644955 -0.761816 -0.060578  0.548751 0.585571 1 20 1.000000
0  0.778568 -10.318917 6.003651  0.227653 -0.967028 -0.114156  0.529464 0.607056 1 20 1.000000
0  0.889163 -10.237617 5.591295  0.286384 -0.917627 -0.275581  0.533370 0.586914 1 20 1.000000
Komainu
0  1.101566 -10.111641 5.554674  0.644955 -0.761816 -0.060578  0.548751 0.585571 1 20 1.000000
0  1.010743 -10.247139 5.892321  0.695100 -0.718238 -0.031143  0.544845 0.605591 1 20 1.000000
0  0.778568 -10.318917 6.003651  0.227653 -0.967028 -0.114156  0.529464 0.607056 1 20 1.000000
Komainu
0  1.101566 -10.111641 5.554674  0.644955 -0.761816 -0.060578  0.548751 0.585571 1 20 1.000000
0  1.036379 -10.145334 5.887926  0.644970 -0.761803 -0.060572  0.546554 0.605469 1 20 1.000000
0  1.010743 -10.247139 5.892321  0.695100 -0.718238 -0.031143  0.544845 0.605591 1 20 1.000000
Komainu
0  1.010743 -10.247139 5.892321  0.695100 -0.718238 -0.031143  0.544845 0.605591 1 20 1.000000
0  1.036379 -10.145334 5.887926  0.644970 -0.761803 -0.060572  0.546554 0.605469 1 20 1.000000
0  1.047365 -10.178292 6.316395  0.556882 -0.814840 -0.160991  0.549117 0.633606 1 20 1.000000
Komainu
0  1.010743 -10.247139 5.892321  0.695100 -0.718238 -0.031143  0.544845 0.605591 1 20 1.000000
0  1.047365 -10.178292 6.316395  0.556882 -0.814840 -0.160991  0.549117 0.633606 1 20 1.000000
0  0.990968 -10.310127 6.392565  0.502474 -0.849543 -0.160615  0.547225 0.633179 1 20 1.000000
Komainu
0  0.990968 -10.310127 6.392565  0.502474 -0.849543 -0.160615  0.547225 0.633179 1 20 1.000000
0  1.047365 -10.178292 6.316395  0.556882 -0.814840 -0.160991  0.549117 0.633606 1 20 1.000000
0  1.758547 -9.815010 6.568347  0.499829 -0.822108 -0.272599  0.569930 0.643494 1 20 1.000000
Komainu
0  0.990968 -10.310127 6.392565  0.502474 -0.849543 -0.160615  0.547225 0.633179 1 20 1.000000
0  1.758547 -9.815010 6.568347  0.499829 -0.822108 -0.272599  0.569930 0.643494 1 20 1.000000
0  1.861085 -10.001778 6.679674  0.478922 -0.758529 -0.441891  0.569747 0.648621 1 20 1.000000
Komainu
0  1.861085 -10.001778 6.679674  0.478922 -0.758529 -0.441891  0.569747 0.648621 1 20 1.000000
0  1.758547 -9.815010 6.568347  0.499829 -0.822108 -0.272599  0.569930 0.643494 1 20 1.000000
0  2.212648 -9.505929 6.576406  0.521114 -0.806928 -0.278043  0.590743 0.643555 1 20 1.000000
Komainu
0  1.861085 -10.001778 6.679674  0.478922 -0.758529 -0.441891  0.569747 0.648621 1 20 1.000000
0  2.212648 -9.505929 6.576406  0.521114 -0.806928 -0.278043  0.590743 0.643555 1 20 1.000000
0  2.353273 -9.644358 6.669420  0.499895 -0.707488 -0.499566  0.592269 0.646790 1 20 1.000000
Komainu
0  2.619874 -9.185862 6.396960  0.500393 -0.842761 -0.198397  0.606735 0.635925 1 20 1.000000
0  2.353273 -9.644358 6.669420  0.499895 -0.707488 -0.499566  0.592269 0.646790 1 20 1.000000
0  2.212648 -9.505929 6.576406  0.521114 -0.806928 -0.278043  0.590743 0.643555 1 20 1.000000
Komainu
0  2.619874 -9.185862 6.396960  0.500393 -0.842761 -0.198397  0.606735 0.635925 1 20 1.000000
0  2.750978 -9.188790 6.429918  0.612313 -0.753114 -0.240610  0.612594 0.639282 1 20 1.000000
0  2.353273 -9.644358 6.669420  0.499895 -0.707488 -0.499566  0.592269 0.646790 1 20 1.000000
Komainu
0  2.619874 -9.185862 6.396960  0.500393 -0.842761 -0.198397  0.606735 0.635925 1 20 1.000000
0  2.800783 -9.118479 6.194811  0.450131 -0.889311 -0.080671  0.623580 0.625427 1 20 1.000000
0  2.750978 -9.188790 6.429918  0.612313 -0.753114 -0.240610  0.612594 0.639282 1 20 1.000000
Komainu
0  2.800783 -9.118479 6.194811  0.450131 -0.889311 -0.080671  0.623580 0.625427 1 20 1.000000
0  3.281983 -8.462960 6.320790  0.815131 -0.578377 -0.032257  0.644637 0.631165 1 20 1.000000
0  2.750978 -9.188790 6.429918  0.612313 -0.753114 -0.240610  0.612594 0.639282 1 20 1.000000
Komainu
0  2.767823 -9.134592 5.813220  0.577230 -0.816103 0.027949  0.624313 0.602966 1 20 1.000000
0  3.281983 -8.462960 6.320790  0.815131 -0.578377 -0.032257  0.644637 0.631165 1 20 1.000000
0  2.800783 -9.118479 6.194811  0.450131 -0.889311 -0.080671  0.623580 0.625427 1 20 1.000000
Komainu
0  3.177247 -8.592599 5.258043  0.763357 -0.638903 -0.095335  0.639633 0.585449 1 20 1.000000
0  3.281983 -8.462960 6.320790  0.815131 -0.578377 -0.032257  0.644637 0.631165 1 20 1.000000
0  2.767823 -9.134592 5.813220  0.577230 -0.816103 0.027949  0.624313 0.602966 1 20 1.000000
Komainu
0  1.010743 -10.247139 5.892321  0.695100 -0.718238 -0.031143  0.544845 0.605591 1 20 1.000000
0  0.758792 -10.328439 6.418200  0.211958 -0.977150 0.015872  0.530013 0.629395 1 20 1.000000
0  0.778568 -10.318917 6.003651  0.227653 -0.967028 -0.114156  0.529464 0.607056 1 20 1.000000
Komainu
0  1.010743 -10.247139 5.892321  0.695100 -0.718238 -0.031143  0.544845 0.605591 1 20 1.000000
0  0.990968 -10.310127 6.392565  0.502474 -0.849543 -0.160615  0.547225 0.633179 1 20 1.000000
0  0.758792 -10.328439 6.418200  0.211958 -0.977150 0.015872  0.530013 0.629395 1 20 1.000000
Komainu
0  0.990968 -10.310127 6.392565  0.502474 -0.849543 -0.160615  0.547225 0.633179 1 20 1.000000
0  0.935306 -10.190742 7.927722  0.241382 -0.944313 0.223623  0.531906 0.702698 1 20 1.000000
0  0.758792 -10.328439 6.418200  0.211958 -0.977150 0.015872  0.530013 0.629395 1 20 1.000000
Komainu
0  0.990968 -10.310127 6.392565  0.502474 -0.849543 -0.160615  0.547225 0.633179 1 20 1.000000
0  1.902832 -9.856758 7.683825  0.438494 -0.882794 0.168517  0.567855 0.694946 1 20 1.000000
0  0.935306 -10.190742 7.927722  0.241382 -0.944313 0.223623  0.531906 0.702698 1 20 1.000000
Komainu
0  0.990968 -10.310127 6.392565  0.502474 -0.849543 -0.160615  0.547225 0.633179 1 20 1.000000
0  1.861085 -10.001778 6.679674  0.478922 -0.758529 -0.441891  0.569747 0.648621 1 20 1.000000
0  1.902832 -9.856758 7.683825  0.438494 -0.882794 0.168517  0.567855 0.694946 1 20 1.000000
Komainu
0  1.101566 -10.111641 5.554674  0.644955 -0.761816 -0.060578  0.548751 0.585571 1 20 1.000000
0  1.113284 -10.061106 5.572986  0.653361 -0.756826 0.018291  0.550277 0.586365 1 20 1.000000
0  1.036379 -10.145334 5.887926  0.644970 -0.761803 -0.060572  0.546554 0.605469 1 20 1.000000
Komainu
0  1.101566 -10.111641 5.554674  0.644955 -0.761816 -0.060578  0.548751 0.585571 1 20 1.000000
0  1.261232 -9.965889 5.374500  0.594012 -0.800454 0.080144  0.555343 0.581482 1 20 1.000000
0  1.113284 -10.061106 5.572986  0.653361 -0.756826 0.018291  0.550277 0.586365 1 20 1.000000
Komainu
0  2.619874 -9.185862 6.396960  0.500393 -0.842761 -0.198397  0.606735 0.635925 1 20 1.000000
0  2.693116 -9.096504 6.172107  0.487248 -0.871486 -0.055689  0.616805 0.623108 1 20 1.000000
0  2.800783 -9.118479 6.194811  0.450131 -0.889311 -0.080671  0.623580 0.625427 1 20 1.000000
Komainu
0  2.693116 -9.096504 6.172107  0.487248 -0.871486 -0.055689  0.616805 0.623108 1 20 1.000000
0  2.767823 -9.134592 5.813220  0.577230 -0.816103 0.027949  0.624313 0.602966 1 20 1.000000
0  2.800783 -9.118479 6.194811  0.450131 -0.889311 -0.080671  0.623580 0.625427 1 20 1.000000
Komainu
0  2.693116 -9.096504 6.172107  0.487248 -0.871486 -0.055689  0.616805 0.623108 1 20 1.000000
0  2.652100 -9.153633 5.828601  0.553222 -0.832999 0.007612  0.617294 0.602417 1 20 1.000000
0  2.767823 -9.134592 5.813220  0.577230 -0.816103 0.027949  0.624313 0.602966 1 20 1.000000
Komainu
0  2.458741 -9.321360 5.484363  0.548236 -0.836122 -0.018378  0.609115 0.584351 1 20 1.000000
0  2.767823 -9.134592 5.813220  0.577230 -0.816103 0.027949  0.624313 0.602966 1 20 1.000000
0  2.652100 -9.153633 5.828601  0.553222 -0.832999 0.007612  0.617294 0.602417 1 20 1.000000
Komainu
0  2.458741 -9.321360 5.484363  0.548236 -0.836122 -0.018378  0.609115 0.584351 1 20 1.000000
0  2.607424 -9.248116 5.457996  0.543612 -0.837966 0.047943  0.614181 0.580627 1 20 1.000000
0  2.767823 -9.134592 5.813220  0.577230 -0.816103 0.027949  0.624313 0.602966 1 20 1.000000
Komainu
0  2.607424 -9.248116 5.457996  0.543612 -0.837966 0.047943  0.614181 0.580627 1 20 1.000000
0  2.458741 -9.321360 5.484363  0.548236 -0.836122 -0.018378  0.609115 0.584351 1 20 1.000000
0  2.099123 -9.497871 5.320299  0.472062 -0.880447 0.044393  0.584579 0.575073 1 20 1.000000
Komainu
0  3.177247 -8.592599 5.258043  0.763357 -0.638903 -0.095335  0.639633 0.585449 1 20 1.000000
0  2.767823 -9.134592 5.813220  0.577230 -0.816103 0.027949  0.624313 0.602966 1 20 1.000000
0  2.607424 -9.248116 5.457996  0.543612 -0.837966 0.047943  0.614181 0.580627 1 20 1.000000
Komainu
0  3.177247 -8.592599 5.258043  0.763357 -0.638903 -0.095335  0.639633 0.585449 1 20 1.000000
0  2.607424 -9.248116 5.457996  0.543612 -0.837966 0.047943  0.614181 0.580627 1 20 1.000000
0  2.170900 -9.546213 5.253651  0.469854 -0.878707 0.084333  0.586044 0.572632 1 20 1.000000
Komainu
0  2.607424 -9.248116 5.457996  0.543612 -0.837966 0.047943  0.614181 0.580627 1 20 1.000000
0  2.099123 -9.497871 5.320299  0.472062 -0.880447 0.044393  0.584579 0.575073 1 20 1.000000
0  2.170900 -9.546213 5.253651  0.469854 -0.878707 0.084333  0.586044 0.572632 1 20 1.000000
Komainu
0  1.593019 -9.757881 5.247792  0.500943 -0.860599 0.091790  0.563033 0.574158 1 20 1.000000
0  2.170900 -9.546213 5.253651  0.469854 -0.878707 0.084333  0.586044 0.572632 1 20 1.000000
0  2.099123 -9.497871 5.320299  0.472062 -0.880447 0.044393  0.584579 0.575073 1 20 1.000000
Komainu
0  1.593019 -9.757881 5.247792  0.500943 -0.860599 0.091790  0.563033 0.574158 1 20 1.000000
0  1.573243 -9.850167 5.170887  0.406394 -0.913671 -0.007063  0.561813 0.569092 1 20 1.000000
0  2.170900 -9.546213 5.253651  0.469854 -0.878707 0.084333  0.586044 0.572632 1 20 1.000000
Komainu
0  1.573243 -9.850167 5.170887  0.406394 -0.913671 -0.007063  0.561813 0.569092 1 20 1.000000
0  1.593019 -9.757881 5.247792  0.500943 -0.860599 0.091790  0.563033 0.574158 1 20 1.000000
0  1.261232 -9.965889 5.374500  0.594012 -0.800454 0.080144  0.555343 0.581482 1 20 1.000000
Komainu
0  1.573243 -9.850167 5.170887  0.406394 -0.913671 -0.007063  0.561813 0.569092 1 20 1.000000
0  1.261232 -9.965889 5.374500  0.594012 -0.800454 0.080144  0.555343 0.581482 1 20 1.000000
0  1.253909 -10.010568 5.360583  0.561916 -0.819907 0.109557  0.554855 0.579468 1 20 1.000000
Komainu
0  1.101566 -10.111641 5.554674  0.644955 -0.761816 -0.060578  0.548751 0.585571 1 20 1.000000
0  1.253909 -10.010568 5.360583  0.561916 -0.819907 0.109557  0.554855 0.579468 1 20 1.000000
0  1.261232 -9.965889 5.374500  0.594012 -0.800454 0.080144  0.555343 0.581482 1 20 1.000000
Komainu
0  0.988771 -10.031808 5.261706  0.233879 -0.883353 -0.406188  0.537032 0.572327 1 20 1.000000
0  1.253909 -10.010568 5.360583  0.561916 -0.819907 0.109557  0.554855 0.579468 1 20 1.000000
0  1.101566 -10.111641 5.554674  0.644955 -0.761816 -0.060578  0.548751 0.585571 1 20 1.000000
Komainu
0  0.988771 -10.031808 5.261706  0.233879 -0.883353 -0.406188  0.537032 0.572327 1 20 1.000000
0  1.101566 -10.111641 5.554674  0.644955 -0.761816 -0.060578  0.548751 0.585571 1 20 1.000000
0  0.889163 -10.237617 5.591295  0.286384 -0.917627 -0.275581  0.533370 0.586914 1 20 1.000000
Komainu
0  0.000002 -10.270578 5.252919  0.000000 -0.890017 -0.455927  0.501693 0.569031 1 20 1.000000
0  0.988771 -10.031808 5.261706  0.233879 -0.883353 -0.406188  0.537032 0.572327 1 20 1.000000
0  0.889163 -10.237617 5.591295  0.286384 -0.917627 -0.275581  0.533370 0.586914 1 20 1.000000
Komainu
0  0.000002 -9.951241 4.792224  0.000003 -0.983109 -0.183020  0.501693 0.558411 1 20 1.000000
0  0.988771 -10.031808 5.261706  0.233879 -0.883353 -0.406188  0.537032 0.572327 1 20 1.000000
0  0.000002 -10.270578 5.252919  0.000000 -0.890017 -0.455927  0.501693 0.569031 1 20 1.000000
Komainu
0  -0.988769 -10.031808 5.261706  -0.233879 -0.883353 -0.406188  0.537032 0.572327 1 20 1.000000
0  0.000002 -9.951241 4.792224  0.000003 -0.983109 -0.183020  0.501693 0.558411 1 20 1.000000
0  0.000002 -10.270578 5.252919  0.000000 -0.890017 -0.455927  0.501693 0.569031 1 20 1.000000
Komainu
0  -0.988769 -10.031808 5.261706  -0.233879 -0.883353 -0.406188  0.537032 0.572327 1 20 1.000000
0  -1.116209 -9.795237 4.833972  -0.269092 -0.926503 -0.263023  0.537460 0.560120 1 20 1.000000
0  0.000002 -9.951241 4.792224  0.000003 -0.983109 -0.183020  0.501693 0.558411 1 20 1.000000
Komainu
0  -1.573241 -9.850167 5.170887  -0.406383 -0.913675 -0.007079  0.561813 0.569092 1 20 1.000000
0  -1.116209 -9.795237 4.833972  -0.269092 -0.926503 -0.263023  0.537460 0.560120 1 20 1.000000
0  -0.988769 -10.031808 5.261706  -0.233879 -0.883353 -0.406188  0.537032 0.572327 1 20 1.000000
Komainu
0  -2.170897 -9.546213 5.253651  -0.469852 -0.878708 0.084334  0.586044 0.572632 1 20 1.000000
0  -1.116209 -9.795237 4.833972  -0.269092 -0.926503 -0.263023  0.537460 0.560120 1 20 1.000000
0  -1.573241 -9.850167 5.170887  -0.406383 -0.913675 -0.007079  0.561813 0.569092 1 20 1.000000
Komainu
0  -2.170897 -9.546213 5.253651  -0.469852 -0.878708 0.084334  0.586044 0.572632 1 20 1.000000
0  -2.212646 -9.377022 4.987782  -0.535394 -0.812928 -0.229132  0.586959 0.568787 1 20 1.000000
0  -1.116209 -9.795237 4.833972  -0.269092 -0.926503 -0.263023  0.537460 0.560120 1 20 1.000000
Komainu
0  -2.170897 -9.546213 5.253651  -0.469852 -0.878708 0.084334  0.586044 0.572632 1 20 1.000000
0  -3.177245 -8.592601 5.258043  -0.763356 -0.638904 -0.095339  0.639633 0.585449 1 20 1.000000
0  -2.212646 -9.377022 4.987782  -0.535394 -0.812928 -0.229132  0.586959 0.568787 1 20 1.000000
Komainu
0  -1.573241 -9.850167 5.170887  -0.406383 -0.913675 -0.007079  0.561813 0.569092 1 20 1.000000
0  -0.988769 -10.031808 5.261706  -0.233879 -0.883353 -0.406188  0.537032 0.572327 1 20 1.000000
0  -1.253905 -10.010568 5.360583  -0.561909 -0.819913 0.109549  0.554855 0.579468 1 20 1.000000
Komainu
0  0.000002 -9.951241 4.792224  0.000003 -0.983109 -0.183020  0.501693 0.558411 1 20 1.000000
0  1.116211 -9.795237 4.833972  0.269090 -0.926504 -0.263024  0.537460 0.560120 1 20 1.000000
0  0.988771 -10.031808 5.261706  0.233879 -0.883353 -0.406188  0.537032 0.572327 1 20 1.000000
Komainu
0  3.177247 -8.592599 5.258043  0.763357 -0.638903 -0.095335  0.639633 0.585449 1 20 1.000000
0  2.170900 -9.546213 5.253651  0.469854 -0.878707 0.084333  0.586044 0.572632 1 20 1.000000
0  2.212648 -9.377022 4.987782  0.535393 -0.812927 -0.229138  0.586959 0.568787 1 20 1.000000
Komainu
0  1.116211 -9.795237 4.833972  0.269090 -0.926504 -0.263024  0.537460 0.560120 1 20 1.000000
0  2.212648 -9.377022 4.987782  0.535393 -0.812927 -0.229138  0.586959 0.568787 1 20 1.000000
0  2.170900 -9.546213 5.253651  0.469854 -0.878707 0.084333  0.586044 0.572632 1 20 1.000000
Komainu
0  1.116211 -9.795237 4.833972  0.269090 -0.926504 -0.263024  0.537460 0.560120 1 20 1.000000
0  2.170900 -9.546213 5.253651  0.469854 -0.878707 0.084333  0.586044 0.572632 1 20 1.000000
0  1.573243 -9.850167 5.170887  0.406394 -0.913671 -0.007063  0.561813 0.569092 1 20 1.000000
Komainu
0  1.573243 -9.850167 5.170887  0.406394 -0.913671 -0.007063  0.561813 0.569092 1 20 1.000000
0  0.988771 -10.031808 5.261706  0.233879 -0.883353 -0.406188  0.537032 0.572327 1 20 1.000000
0  1.116211 -9.795237 4.833972  0.269090 -0.926504 -0.263024  0.537460 0.560120 1 20 1.000000
Komainu
0  1.573243 -9.850167 5.170887  0.406394 -0.913671 -0.007063  0.561813 0.569092 1 20 1.000000
0  1.253909 -10.010568 5.360583  0.561916 -0.819907 0.109557  0.554855 0.579468 1 20 1.000000
0  0.988771 -10.031808 5.261706  0.233879 -0.883353 -0.406188  0.537032 0.572327 1 20 1.000000
Komainu
0  -3.396971 -8.396311 7.409901  -0.835428 -0.544240 0.076575  0.644760 0.691223 1 20 1.000000
0  -2.750975 -9.188790 6.429918  -0.612311 -0.753115 -0.240609  0.612594 0.639282 1 20 1.000000
0  -2.728271 -9.253977 7.507311  -0.686112 -0.723727 0.073956  0.605575 0.675537 1 20 1.000000
Komainu
0  -3.396971 -8.396311 7.409901  -0.835428 -0.544240 0.076575  0.644760 0.691223 1 20 1.000000
0  -3.281981 -8.462962 6.320790  -0.815114 -0.578403 -0.032221  0.644637 0.631165 1 20 1.000000
0  -2.750975 -9.188790 6.429918  -0.612311 -0.753115 -0.240609  0.612594 0.639282 1 20 1.000000
Komainu
0  -2.800781 -9.118479 6.194811  -0.450131 -0.889311 -0.080672  0.623580 0.625427 1 20 1.000000
0  -2.750975 -9.188790 6.429918  -0.612311 -0.753115 -0.240609  0.612594 0.639282 1 20 1.000000
0  -3.281981 -8.462962 6.320790  -0.815114 -0.578403 -0.032221  0.644637 0.631165 1 20 1.000000
Komainu
0  -2.767820 -9.134592 5.813220  -0.577229 -0.816104 0.027949  0.624313 0.602966 1 20 1.000000
0  -2.800781 -9.118479 6.194811  -0.450131 -0.889311 -0.080672  0.623580 0.625427 1 20 1.000000
0  -3.281981 -8.462962 6.320790  -0.815114 -0.578403 -0.032221  0.644637 0.631165 1 20 1.000000
Komainu
0  -2.767820 -9.134592 5.813220  -0.577229 -0.816104 0.027949  0.624313 0.602966 1 20 1.000000
0  -2.693114 -9.096504 6.172107  -0.487247 -0.871486 -0.055691  0.616805 0.623108 1 20 1.000000
0  -2.800781 -9.118479 6.194811  -0.450131 -0.889311 -0.080672  0.623580 0.625427 1 20 1.000000
Komainu
0  -2.767820 -9.134592 5.813220  -0.577229 -0.816104 0.027949  0.624313 0.602966 1 20 1.000000
0  -2.652097 -9.153633 5.828601  -0.553205 -0.833011 0.007603  0.617294 0.602417 1 20 1.000000
0  -2.693114 -9.096504 6.172107  -0.487247 -0.871486 -0.055691  0.616805 0.623108 1 20 1.000000
Komainu
0  -2.767820 -9.134592 5.813220  -0.577229 -0.816104 0.027949  0.624313 0.602966 1 20 1.000000
0  -2.458739 -9.321360 5.484363  -0.548236 -0.836121 -0.018384  0.609115 0.584351 1 20 1.000000
0  -2.652097 -9.153633 5.828601  -0.553205 -0.833011 0.007603  0.617294 0.602417 1 20 1.000000
Komainu
0  -2.767820 -9.134592 5.813220  -0.577229 -0.816104 0.027949  0.624313 0.602966 1 20 1.000000
0  -2.607422 -9.248116 5.457996  -0.543599 -0.837975 0.047934  0.614181 0.580627 1 20 1.000000
0  -2.458739 -9.321360 5.484363  -0.548236 -0.836121 -0.018384  0.609115 0.584351 1 20 1.000000
Komainu
0  -2.099120 -9.497871 5.320299  -0.472032 -0.880463 0.044389  0.584579 0.575073 1 20 1.000000
0  -2.458739 -9.321360 5.484363  -0.548236 -0.836121 -0.018384  0.609115 0.584351 1 20 1.000000
0  -2.607422 -9.248116 5.457996  -0.543599 -0.837975 0.047934  0.614181 0.580627 1 20 1.000000
Komainu
0  -2.099120 -9.497871 5.320299  -0.472032 -0.880463 0.044389  0.584579 0.575073 1 20 1.000000
0  -2.607422 -9.248116 5.457996  -0.543599 -0.837975 0.047934  0.614181 0.580627 1 20 1.000000
0  -2.170897 -9.546213 5.253651  -0.469852 -0.878708 0.084334  0.586044 0.572632 1 20 1.000000
Komainu
0  -2.170897 -9.546213 5.253651  -0.469852 -0.878708 0.084334  0.586044 0.572632 1 20 1.000000
0  -1.593017 -9.757881 5.247792  -0.500944 -0.860598 0.091793  0.563033 0.574158 1 20 1.000000
0  -2.099120 -9.497871 5.320299  -0.472032 -0.880463 0.044389  0.584579 0.575073 1 20 1.000000
Komainu
0  -2.170897 -9.546213 5.253651  -0.469852 -0.878708 0.084334  0.586044 0.572632 1 20 1.000000
0  -1.573241 -9.850167 5.170887  -0.406383 -0.913675 -0.007079  0.561813 0.569092 1 20 1.000000
0  -1.593017 -9.757881 5.247792  -0.500944 -0.860598 0.091793  0.563033 0.574158 1 20 1.000000
Komainu
0  -1.261228 -9.965889 5.374500  -0.594007 -0.800457 0.080153  0.555343 0.581482 1 20 1.000000
0  -1.593017 -9.757881 5.247792  -0.500944 -0.860598 0.091793  0.563033 0.574158 1 20 1.000000
0  -1.573241 -9.850167 5.170887  -0.406383 -0.913675 -0.007079  0.561813 0.569092 1 20 1.000000
Komainu
0  -1.261228 -9.965889 5.374500  -0.594007 -0.800457 0.080153  0.555343 0.581482 1 20 1.000000
0  -1.573241 -9.850167 5.170887  -0.406383 -0.913675 -0.007079  0.561813 0.569092 1 20 1.000000
0  -1.253905 -10.010568 5.360583  -0.561909 -0.819913 0.109549  0.554855 0.579468 1 20 1.000000
Komainu
0  -1.261228 -9.965889 5.374500  -0.594007 -0.800457 0.080153  0.555343 0.581482 1 20 1.000000
0  -1.253905 -10.010568 5.360583  -0.561909 -0.819913 0.109549  0.554855 0.579468 1 20 1.000000
0  -1.101562 -10.111641 5.554674  -0.644953 -0.761818 -0.060567  0.548751 0.585571 1 20 1.000000
Komainu
0  -0.988769 -10.031808 5.261706  -0.233879 -0.883353 -0.406188  0.537032 0.572327 1 20 1.000000
0  -1.101562 -10.111641 5.554674  -0.644953 -0.761818 -0.060567  0.548751 0.585571 1 20 1.000000
0  -1.253905 -10.010568 5.360583  -0.561909 -0.819913 0.109549  0.554855 0.579468 1 20 1.000000
Komainu
0  -0.988769 -10.031808 5.261706  -0.233879 -0.883353 -0.406188  0.537032 0.572327 1 20 1.000000
0  -0.889159 -10.237617 5.591295  -0.286383 -0.917628 -0.275578  0.533370 0.586914 1 20 1.000000
0  -1.101562 -10.111641 5.554674  -0.644953 -0.761818 -0.060567  0.548751 0.585571 1 20 1.000000
Komainu
0  -0.889159 -10.237617 5.591295  -0.286383 -0.917628 -0.275578  0.533370 0.586914 1 20 1.000000
0  -0.988769 -10.031808 5.261706  -0.233879 -0.883353 -0.406188  0.537032 0.572327 1 20 1.000000
0  0.000002 -10.270578 5.252919  0.000000 -0.890017 -0.455927  0.501693 0.569031 1 20 1.000000
Komainu
0  -1.261228 -9.965889 5.374500  -0.594007 -0.800457 0.080153  0.555343 0.581482 1 20 1.000000
0  -1.101562 -10.111641 5.554674  -0.644953 -0.761818 -0.060567  0.548751 0.585571 1 20 1.000000
0  -1.113280 -10.061106 5.572986  -0.653370 -0.756818 0.018278  0.550277 0.586365 1 20 1.000000
Komainu
0  -1.036375 -10.145334 5.887926  -0.644975 -0.761799 -0.060575  0.546554 0.605469 1 20 1.000000
0  -1.113280 -10.061106 5.572986  -0.653370 -0.756818 0.018278  0.550277 0.586365 1 20 1.000000
0  -1.101562 -10.111641 5.554674  -0.644953 -0.761818 -0.060567  0.548751 0.585571 1 20 1.000000
Komainu
0  -0.778564 -10.318917 6.003651  -0.227649 -0.967029 -0.114153  0.529464 0.607056 1 20 1.000000
0  -0.889159 -10.237617 5.591295  -0.286383 -0.917628 -0.275578  0.533370 0.586914 1 20 1.000000
0  0.000002 -10.410471 5.674059  0.000002 -0.962362 -0.271769  0.501693 0.588318 1 20 1.000000
Komainu
0  -0.778564 -10.318917 6.003651  -0.227649 -0.967029 -0.114153  0.529464 0.607056 1 20 1.000000
0  -1.101562 -10.111641 5.554674  -0.644953 -0.761818 -0.060567  0.548751 0.585571 1 20 1.000000
0  -0.889159 -10.237617 5.591295  -0.286383 -0.917628 -0.275578  0.533370 0.586914 1 20 1.000000
Komainu
0  -0.778564 -10.318917 6.003651  -0.227649 -0.967029 -0.114153  0.529464 0.607056 1 20 1.000000
0  -1.010740 -10.247139 5.892321  -0.695099 -0.718239 -0.031138  0.544845 0.605591 1 20 1.000000
0  -1.101562 -10.111641 5.554674  -0.644953 -0.761818 -0.060567  0.548751 0.585571 1 20 1.000000
Komainu
0  -1.036375 -10.145334 5.887926  -0.644975 -0.761799 -0.060575  0.546554 0.605469 1 20 1.000000
0  -1.101562 -10.111641 5.554674  -0.644953 -0.761818 -0.060567  0.548751 0.585571 1 20 1.000000
0  -1.010740 -10.247139 5.892321  -0.695099 -0.718239 -0.031138  0.544845 0.605591 1 20 1.000000
Komainu
0  -1.047361 -10.178292 6.316395  -0.556885 -0.814840 -0.160982  0.549117 0.633606 1 20 1.000000
0  -1.036375 -10.145334 5.887926  -0.644975 -0.761799 -0.060575  0.546554 0.605469 1 20 1.000000
0  -1.010740 -10.247139 5.892321  -0.695099 -0.718239 -0.031138  0.544845 0.605591 1 20 1.000000
Komainu
0  -1.047361 -10.178292 6.316395  -0.556885 -0.814840 -0.160982  0.549117 0.633606 1 20 1.000000
0  -1.010740 -10.247139 5.892321  -0.695099 -0.718239 -0.031138  0.544845 0.605591 1 20 1.000000
0  -0.990964 -10.310127 6.392565  -0.502467 -0.849542 -0.160643  0.547225 0.633179 1 20 1.000000
Komainu
0  -1.758545 -9.815010 6.568347  -0.499825 -0.822110 -0.272599  0.569930 0.643494 1 20 1.000000
0  -1.047361 -10.178292 6.316395  -0.556885 -0.814840 -0.160982  0.549117 0.633606 1 20 1.000000
0  -0.990964 -10.310127 6.392565  -0.502467 -0.849542 -0.160643  0.547225 0.633179 1 20 1.000000
Komainu
0  -1.758545 -9.815010 6.568347  -0.499825 -0.822110 -0.272599  0.569930 0.643494 1 20 1.000000
0  -0.990964 -10.310127 6.392565  -0.502467 -0.849542 -0.160643  0.547225 0.633179 1 20 1.000000
0  -1.861081 -10.001778 6.679674  -0.478940 -0.758494 -0.441932  0.569747 0.648621 1 20 1.000000
Komainu
0  -2.212646 -9.505929 6.576406  -0.521108 -0.806931 -0.278044  0.590743 0.643555 1 20 1.000000
0  -1.758545 -9.815010 6.568347  -0.499825 -0.822110 -0.272599  0.569930 0.643494 1 20 1.000000
0  -1.861081 -10.001778 6.679674  -0.478940 -0.758494 -0.441932  0.569747 0.648621 1 20 1.000000
Komainu
0  -2.212646 -9.505929 6.576406  -0.521108 -0.806931 -0.278044  0.590743 0.643555 1 20 1.000000
0  -1.861081 -10.001778 6.679674  -0.478940 -0.758494 -0.441932  0.569747 0.648621 1 20 1.000000
0  -2.353271 -9.644358 6.669420  -0.499895 -0.707488 -0.499566  0.592269 0.646790 1 20 1.000000
Komainu
0  -2.353271 -9.644358 6.669420  -0.499895 -0.707488 -0.499566  0.592269 0.646790 1 20 1.000000
0  -2.619872 -9.185862 6.396960  -0.500403 -0.842755 -0.198398  0.606735 0.635925 1 20 1.000000
0  -2.212646 -9.505929 6.576406  -0.521108 -0.806931 -0.278044  0.590743 0.643555 1 20 1.000000
Komainu
0  -2.353271 -9.644358 6.669420  -0.499895 -0.707488 -0.499566  0.592269 0.646790 1 20 1.000000
0  -2.750975 -9.188790 6.429918  -0.612311 -0.753115 -0.240609  0.612594 0.639282 1 20 1.000000
0  -2.619872 -9.185862 6.396960  -0.500403 -0.842755 -0.198398  0.606735 0.635925 1 20 1.000000
Komainu
0  -2.800781 -9.118479 6.194811  -0.450131 -0.889311 -0.080672  0.623580 0.625427 1 20 1.000000
0  -2.619872 -9.185862 6.396960  -0.500403 -0.842755 -0.198398  0.606735 0.635925 1 20 1.000000
0  -2.750975 -9.188790 6.429918  -0.612311 -0.753115 -0.240609  0.612594 0.639282 1 20 1.000000
Komainu
0  -2.800781 -9.118479 6.194811  -0.450131 -0.889311 -0.080672  0.623580 0.625427 1 20 1.000000
0  -2.693114 -9.096504 6.172107  -0.487247 -0.871486 -0.055691  0.616805 0.623108 1 20 1.000000
0  -2.619872 -9.185862 6.396960  -0.500403 -0.842755 -0.198398  0.606735 0.635925 1 20 1.000000
Komainu
0  -0.990964 -10.310127 6.392565  -0.502467 -0.849542 -0.160643  0.547225 0.633179 1 20 1.000000
0  -1.902830 -9.856758 7.683825  -0.438493 -0.882794 0.168519  0.567855 0.694946 1 20 1.000000
0  -1.861081 -10.001778 6.679674  -0.478940 -0.758494 -0.441932  0.569747 0.648621 1 20 1.000000
Komainu
0  -0.935302 -10.190742 7.927722  -0.241380 -0.944313 0.223628  0.531906 0.702698 1 20 1.000000
0  -1.902830 -9.856758 7.683825  -0.438493 -0.882794 0.168519  0.567855 0.694946 1 20 1.000000
0  -0.990964 -10.310127 6.392565  -0.502467 -0.849542 -0.160643  0.547225 0.633179 1 20 1.000000
Komainu
0  -0.935302 -10.190742 7.927722  -0.241380 -0.944313 0.223628  0.531906 0.702698 1 20 1.000000
0  -0.990964 -10.310127 6.392565  -0.502467 -0.849542 -0.160643  0.547225 0.633179 1 20 1.000000
0  -0.758788 -10.328439 6.418200  -0.211959 -0.977150 0.015875  0.530013 0.629395 1 20 1.000000
Komainu
0  -0.758788 -10.328439 6.418200  -0.211959 -0.977150 0.015875  0.530013 0.629395 1 20 1.000000
0  -0.990964 -10.310127 6.392565  -0.502467 -0.849542 -0.160643  0.547225 0.633179 1 20 1.000000
0  -1.010740 -10.247139 5.892321  -0.695099 -0.718239 -0.031138  0.544845 0.605591 1 20 1.000000
Komainu
0  -0.758788 -10.328439 6.418200  -0.211959 -0.977150 0.015875  0.530013 0.629395 1 20 1.000000
0  -1.010740 -10.247139 5.892321  -0.695099 -0.718239 -0.031138  0.544845 0.605591 1 20 1.000000
0  -0.778564 -10.318917 6.003651  -0.227649 -0.967029 -0.114153  0.529464 0.607056 1 20 1.000000
Komainu
0  -0.778564 -10.318917 6.003651  -0.227649 -0.967029 -0.114153  0.529464 0.607056 1 20 1.000000
0  0.000002 -10.524729 6.511218  0.000003 -0.999683 0.025192  0.501693 0.631348 1 20 1.000000
0  -0.758788 -10.328439 6.418200  -0.211959 -0.977150 0.015875  0.530013 0.629395 1 20 1.000000
Komainu
0  -0.778564 -10.318917 6.003651  -0.227649 -0.967029 -0.114153  0.529464 0.607056 1 20 1.000000
0  0.000002 -10.467600 6.093006  -0.000000 -0.994085 -0.108605  0.501693 0.609863 1 20 1.000000
0  0.000002 -10.524729 6.511218  0.000003 -0.999683 0.025192  0.501693 0.631348 1 20 1.000000
Komainu
0  -0.758788 -10.328439 6.418200  -0.211959 -0.977150 0.015875  0.530013 0.629395 1 20 1.000000
0  0.000002 -10.524729 6.511218  0.000003 -0.999683 0.025192  0.501693 0.631348 1 20 1.000000
0  0.000002 -10.253733 8.024404  0.000000 -0.968056 0.250733  0.501693 0.706299 1 20 1.000000
Komainu
0  -0.758788 -10.328439 6.418200  -0.211959 -0.977150 0.015875  0.530013 0.629395 1 20 1.000000
0  0.000002 -10.253733 8.024404  0.000000 -0.968056 0.250733  0.501693 0.706299 1 20 1.000000
0  -0.935302 -10.190742 7.927722  -0.241380 -0.944313 0.223628  0.531906 0.702698 1 20 1.000000
Komainu
0  -0.778564 -10.318917 6.003651  -0.227649 -0.967029 -0.114153  0.529464 0.607056 1 20 1.000000
0  0.000002 -10.410471 5.674059  0.000002 -0.962362 -0.271769  0.501693 0.588318 1 20 1.000000
0  0.000002 -10.467600 6.093006  -0.000000 -0.994085 -0.108605  0.501693 0.609863 1 20 1.000000
Komainu
0  0.000002 -10.410471 5.674059  0.000002 -0.962362 -0.271769  0.501693 0.588318 1 20 1.000000
0  0.778568 -10.318917 6.003651  0.227653 -0.967028 -0.114156  0.529464 0.607056 1 20 1.000000
0  0.000002 -10.467600 6.093006  -0.000000 -0.994085 -0.108605  0.501693 0.609863 1 20 1.000000
Komainu
0  0.000002 -10.524729 6.511218  0.000003 -0.999683 0.025192  0.501693 0.631348 1 20 1.000000
0  0.000002 -10.467600 6.093006  -0.000000 -0.994085 -0.108605  0.501693 0.609863 1 20 1.000000
0  0.778568 -10.318917 6.003651  0.227653 -0.967028 -0.114156  0.529464 0.607056 1 20 1.000000
Komainu
0  0.000002 -10.524729 6.511218  0.000003 -0.999683 0.025192  0.501693 0.631348 1 20 1.000000
0  0.778568 -10.318917 6.003651  0.227653 -0.967028 -0.114156  0.529464 0.607056 1 20 1.000000
0  0.758792 -10.328439 6.418200  0.211958 -0.977150 0.015872  0.530013 0.629395 1 20 1.000000
Komainu
0  0.000002 -10.253733 8.024404  0.000000 -0.968056 0.250733  0.501693 0.706299 1 20 1.000000
0  0.000002 -10.524729 6.511218  0.000003 -0.999683 0.025192  0.501693 0.631348 1 20 1.000000
0  0.758792 -10.328439 6.418200  0.211958 -0.977150 0.015872  0.530013 0.629395 1 20 1.000000
Komainu
0  0.000002 -10.253733 8.024404  0.000000 -0.968056 0.250733  0.501693 0.706299 1 20 1.000000
0  0.758792 -10.328439 6.418200  0.211958 -0.977150 0.015872  0.530013 0.629395 1 20 1.000000
0  0.935306 -10.190742 7.927722  0.241382 -0.944313 0.223623  0.531906 0.702698 1 20 1.000000
Komainu
0  0.935306 -10.190742 7.927722  0.241382 -0.944313 0.223623  0.531906 0.702698 1 20 1.000000
0  0.000001 -9.902901 8.967762  -0.000034 -0.837965 0.545725  0.501693 0.755005 1 20 1.000000
0  0.000002 -10.253733 8.024404  0.000000 -0.968056 0.250733  0.501693 0.706299 1 20 1.000000
Komainu
0  0.000001 -9.902901 8.967762  -0.000034 -0.837965 0.545725  0.501693 0.755005 1 20 1.000000
0  -0.935302 -10.190742 7.927722  -0.241380 -0.944313 0.223628  0.531906 0.702698 1 20 1.000000
0  0.000002 -10.253733 8.024404  0.000000 -0.968056 0.250733  0.501693 0.706299 1 20 1.000000
Komainu
0  0.000001 -9.902901 8.967762  -0.000034 -0.837965 0.545725  0.501693 0.755005 1 20 1.000000
0  -1.144775 -9.760080 8.860095  -0.255975 -0.856935 0.447369  0.542159 0.748901 1 20 1.000000
0  -0.935302 -10.190742 7.927722  -0.241380 -0.944313 0.223628  0.531906 0.702698 1 20 1.000000
Komainu
0  -2.017087 -9.506660 8.606676  -0.491022 -0.809147 0.322769  0.580306 0.735901 1 20 1.000000
0  -0.935302 -10.190742 7.927722  -0.241380 -0.944313 0.223628  0.531906 0.702698 1 20 1.000000
0  -1.144775 -9.760080 8.860095  -0.255975 -0.856935 0.447369  0.542159 0.748901 1 20 1.000000
Komainu
0  -2.017087 -9.506660 8.606676  -0.491022 -0.809147 0.322769  0.580306 0.735901 1 20 1.000000
0  -1.902830 -9.856758 7.683825  -0.438493 -0.882794 0.168519  0.567855 0.694946 1 20 1.000000
0  -0.935302 -10.190742 7.927722  -0.241380 -0.944313 0.223628  0.531906 0.702698 1 20 1.000000
Komainu
0  -2.728271 -9.253977 7.507311  -0.686112 -0.723727 0.073956  0.605575 0.675537 1 20 1.000000
0  -1.902830 -9.856758 7.683825  -0.438493 -0.882794 0.168519  0.567855 0.694946 1 20 1.000000
0  -2.017087 -9.506660 8.606676  -0.491022 -0.809147 0.322769  0.580306 0.735901 1 20 1.000000
Komainu
0  -2.728271 -9.253977 7.507311  -0.686112 -0.723727 0.073956  0.605575 0.675537 1 20 1.000000
0  -1.861081 -10.001778 6.679674  -0.478940 -0.758494 -0.441932  0.569747 0.648621 1 20 1.000000
0  -1.902830 -9.856758 7.683825  -0.438493 -0.882794 0.168519  0.567855 0.694946 1 20 1.000000
Komainu
0  -2.728271 -9.253977 7.507311  -0.686112 -0.723727 0.073956  0.605575 0.675537 1 20 1.000000
0  -2.353271 -9.644358 6.669420  -0.499895 -0.707488 -0.499566  0.592269 0.646790 1 20 1.000000
0  -1.861081 -10.001778 6.679674  -0.478940 -0.758494 -0.441932  0.569747 0.648621 1 20 1.000000
Komainu
0  -2.750975 -9.188790 6.429918  -0.612311 -0.753115 -0.240609  0.612594 0.639282 1 20 1.000000
0  -2.353271 -9.644358 6.669420  -0.499895 -0.707488 -0.499566  0.592269 0.646790 1 20 1.000000
0  -2.728271 -9.253977 7.507311  -0.686112 -0.723727 0.073956  0.605575 0.675537 1 20 1.000000
Komainu
0  -0.292235 -9.164619 9.899404  -0.070549 -0.677120 0.732483  0.514449 0.797302 1 20 1.000000
0  0.000001 -9.902901 8.967762  -0.000034 -0.837965 0.545725  0.501693 0.755005 1 20 1.000000
0  0.000001 -9.160227 9.925770  0.000001 -0.674338 0.738423  0.501693 0.797241 1 20 1.000000
Komainu
0  -2.949461 -8.954415 8.312976  -0.737180 -0.648984 0.188108  0.609542 0.721558 1 20 1.000000
0  -3.396971 -8.396311 7.409901  -0.835428 -0.544240 0.076575  0.644760 0.691223 1 20 1.000000
0  -2.728271 -9.253977 7.507311  -0.686112 -0.723727 0.073956  0.605575 0.675537 1 20 1.000000
Komainu
0  -2.949461 -8.954415 8.312976  -0.737180 -0.648984 0.188108  0.609542 0.721558 1 20 1.000000
0  -2.728271 -9.253977 7.507311  -0.686112 -0.723727 0.073956  0.605575 0.675537 1 20 1.000000
0  -2.017087 -9.506660 8.606676  -0.491022 -0.809147 0.322769  0.580306 0.735901 1 20 1.000000
Komainu
0  -2.949461 -8.954415 8.312976  -0.737180 -0.648984 0.188108  0.609542 0.721558 1 20 1.000000
0  -2.017087 -9.506660 8.606676  -0.491022 -0.809147 0.322769  0.580306 0.735901 1 20 1.000000
0  -2.294677 -8.880441 9.394032  -0.438781 -0.727233 0.527829  0.587448 0.779541 1 20 1.000000
Komainu
0  -1.144775 -9.760080 8.860095  -0.255975 -0.856935 0.447369  0.542159 0.748901 1 20 1.000000
0  -2.294677 -8.880441 9.394032  -0.438781 -0.727233 0.527829  0.587448 0.779541 1 20 1.000000
0  -2.017087 -9.506660 8.606676  -0.491022 -0.809147 0.322769  0.580306 0.735901 1 20 1.000000
Komainu
0  -1.144775 -9.760080 8.860095  -0.255975 -0.856935 0.447369  0.542159 0.748901 1 20 1.000000
0  -1.234862 -9.104562 9.735338  -0.273254 -0.685899 0.674443  0.547592 0.792053 1 20 1.000000
0  -2.294677 -8.880441 9.394032  -0.438781 -0.727233 0.527829  0.587448 0.779541 1 20 1.000000
Komainu
0  -1.234862 -9.104562 9.735338  -0.273254 -0.685899 0.674443  0.547592 0.792053 1 20 1.000000
0  -1.144775 -9.760080 8.860095  -0.255975 -0.856935 0.447369  0.542159 0.748901 1 20 1.000000
0  0.000001 -9.902901 8.967762  -0.000034 -0.837965 0.545725  0.501693 0.755005 1 20 1.000000
Komainu
0  -1.234862 -9.104562 9.735338  -0.273254 -0.685899 0.674443  0.547592 0.792053 1 20 1.000000
0  0.000001 -9.902901 8.967762  -0.000034 -0.837965 0.545725  0.501693 0.755005 1 20 1.000000
0  -0.621092 -9.163155 9.858387  -0.166624 -0.682206 0.711921  0.524215 0.796326 1 20 1.000000
Komainu
0  -0.621092 -9.163155 9.858387  -0.166624 -0.682206 0.711921  0.524215 0.796326 1 20 1.000000
0  0.000001 -9.902901 8.967762  -0.000034 -0.837965 0.545725  0.501693 0.755005 1 20 1.000000
0  -0.292235 -9.164619 9.899404  -0.070549 -0.677120 0.732483  0.514449 0.797302 1 20 1.000000
Komainu
0  -0.292235 -9.164619 9.899404  -0.070549 -0.677120 0.732483  0.514449 0.797302 1 20 1.000000
0  -0.938231 -8.265207 10.413561  -0.221223 -0.378970 0.898578  0.536483 0.821167 1 20 1.000000
0  -0.621092 -9.163155 9.858387  -0.166624 -0.682206 0.711921  0.524215 0.796326 1 20 1.000000
Komainu
0  -0.292235 -9.164619 9.899404  -0.070549 -0.677120 0.732483  0.514449 0.797302 1 20 1.000000
0  -0.474608 -8.294502 10.450182  -0.099168 -0.388422 0.916130  0.519821 0.819153 1 20 1.000000
0  -0.938231 -8.265207 10.413561  -0.221223 -0.378970 0.898578  0.536483 0.821167 1 20 1.000000
Komainu
0  0.000001 -9.160227 9.925770  0.000001 -0.674338 0.738423  0.501693 0.797241 1 20 1.000000
0  -0.474608 -8.294502 10.450182  -0.099168 -0.388422 0.916130  0.519821 0.819153 1 20 1.000000
0  -0.292235 -9.164619 9.899404  -0.070549 -0.677120 0.732483  0.514449 0.797302 1 20 1.000000
Komainu
0  0.000001 -9.160227 9.925770  0.000001 -0.674338 0.738423  0.501693 0.797241 1 20 1.000000
0  0.000001 -8.279121 10.483875  0.000000 -0.390353 0.920665  0.501693 0.819336 1 20 1.000000
0  -0.474608 -8.294502 10.450182  -0.099168 -0.388422 0.916130  0.519821 0.819153 1 20 1.000000
Komainu
0  -2.294677 -8.880441 9.394032  -0.438781 -0.727233 0.527829  0.587448 0.779541 1 20 1.000000
0  -1.234862 -9.104562 9.735338  -0.273254 -0.685899 0.674443  0.547592 0.792053 1 20 1.000000
0  -1.226063 -8.023685 10.389405  -0.274853 -0.359371 0.891801  0.547592 0.823242 2 20 0.900000 23 0.100000
Komainu
0  -0.621092 -9.163155 9.858387  -0.166624 -0.682206 0.711921  0.524215 0.796326 1 20 1.000000
0  -1.226063 -8.023685 10.389405  -0.274853 -0.359371 0.891801  0.547592 0.823242 2 20 0.900000 23 0.100000
0  -1.234862 -9.104562 9.735338  -0.273254 -0.685899 0.674443  0.547592 0.792053 1 20 1.000000
Komainu
0  -0.621092 -9.163155 9.858387  -0.166624 -0.682206 0.711921  0.524215 0.796326 1 20 1.000000
0  -0.938231 -8.265207 10.413561  -0.221223 -0.378970 0.898578  0.536483 0.821167 1 20 1.000000
0  -1.226063 -8.023685 10.389405  -0.274853 -0.359371 0.891801  0.547592 0.823242 2 20 0.900000 23 0.100000
Komainu
0  -0.938231 -8.265207 10.413561  -0.221223 -0.378970 0.898578  0.536483 0.821167 1 20 1.000000
0  -1.394522 -7.084716 10.511716  -0.299497 -0.106460 0.948139  0.550765 0.862732 2 20 0.900000 23 0.100000
0  -1.226063 -8.023685 10.389405  -0.274853 -0.359371 0.891801  0.547592 0.823242 2 20 0.900000 23 0.100000
Komainu
0  -0.938231 -8.265207 10.413561  -0.221223 -0.378970 0.898578  0.536483 0.821167 1 20 1.000000
0  -1.168943 -7.078683 10.603260  -0.262336 -0.104187 0.959336  0.540939 0.863892 1 20 1.000000
0  -1.394522 -7.084716 10.511716  -0.299497 -0.106460 0.948139  0.550765 0.862732 2 20 0.900000 23 0.100000
Komainu
0  -0.474608 -8.294502 10.450182  -0.099168 -0.388422 0.916130  0.519821 0.819153 1 20 1.000000
0  -1.168943 -7.078683 10.603260  -0.262336 -0.104187 0.959336  0.540939 0.863892 1 20 1.000000
0  -0.938231 -8.265207 10.413561  -0.221223 -0.378970 0.898578  0.536483 0.821167 1 20 1.000000
Komainu
0  -0.474608 -8.294502 10.450182  -0.099168 -0.388422 0.916130  0.519821 0.819153 1 20 1.000000
0  -0.689207 -7.056711 10.719713  -0.138401 -0.096627 0.985651  0.528427 0.864929 1 20 1.000000
0  -1.168943 -7.078683 10.603260  -0.262336 -0.104187 0.959336  0.540939 0.863892 1 20 1.000000
Komainu
0  -0.474608 -8.294502 10.450182  -0.099168 -0.388422 0.916130  0.519821 0.819153 1 20 1.000000
0  0.000001 -7.046457 10.784901  0.000001 -0.093682 0.995602  0.501937 0.865234 1 20 1.000000
0  -0.689207 -7.056711 10.719713  -0.138401 -0.096627 0.985651  0.528427 0.864929 1 20 1.000000
Komainu
0  -0.474608 -8.294502 10.450182  -0.099168 -0.388422 0.916130  0.519821 0.819153 1 20 1.000000
0  0.000001 -8.279121 10.483875  0.000000 -0.390353 0.920665  0.501693 0.819336 1 20 1.000000
0  0.000001 -7.046457 10.784901  0.000001 -0.093682 0.995602  0.501937 0.865234 1 20 1.000000
Komainu
0  0.000001 -7.046457 10.784901  0.000001 -0.093682 0.995602  0.501937 0.865234 1 20 1.000000
0  0.000001 -8.279121 10.483875  0.000000 -0.390353 0.920665  0.501693 0.819336 1 20 1.000000
0  0.474610 -8.294502 10.450182  0.099117 -0.388427 0.916133  0.519821 0.819153 1 20 1.000000
Komainu
0  0.474610 -8.294502 10.450182  0.099117 -0.388427 0.916133  0.519821 0.819153 1 20 1.000000
0  0.000001 -8.279121 10.483875  0.000000 -0.390353 0.920665  0.501693 0.819336 1 20 1.000000
0  0.000001 -9.160227 9.925770  0.000001 -0.674338 0.738423  0.501693 0.797241 1 20 1.000000
Komainu
0  0.474610 -8.294502 10.450182  0.099117 -0.388427 0.916133  0.519821 0.819153 1 20 1.000000
0  0.000001 -9.160227 9.925770  0.000001 -0.674338 0.738423  0.501693 0.797241 1 20 1.000000
0  0.292237 -9.164619 9.899404  0.070739 -0.677166 0.732422  0.514449 0.797302 1 20 1.000000
Komainu
0  0.292237 -9.164619 9.899404  0.070739 -0.677166 0.732422  0.514449 0.797302 1 20 1.000000
0  0.000001 -9.160227 9.925770  0.000001 -0.674338 0.738423  0.501693 0.797241 1 20 1.000000
0  0.000001 -9.902901 8.967762  -0.000034 -0.837965 0.545725  0.501693 0.755005 1 20 1.000000
Komainu
0  0.621094 -9.163155 9.858387  0.166595 -0.682240 0.711895  0.524215 0.796326 1 20 1.000000
0  0.292237 -9.164619 9.899404  0.070739 -0.677166 0.732422  0.514449 0.797302 1 20 1.000000
0  0.000001 -9.902901 8.967762  -0.000034 -0.837965 0.545725  0.501693 0.755005 1 20 1.000000
Komainu
0  0.938233 -8.265207 10.413561  0.221176 -0.378949 0.898598  0.536483 0.821167 1 20 1.000000
0  0.292237 -9.164619 9.899404  0.070739 -0.677166 0.732422  0.514449 0.797302 1 20 1.000000
0  0.621094 -9.163155 9.858387  0.166595 -0.682240 0.711895  0.524215 0.796326 1 20 1.000000
Komainu
0  0.938233 -8.265207 10.413561  0.221176 -0.378949 0.898598  0.536483 0.821167 1 20 1.000000
0  0.474610 -8.294502 10.450182  0.099117 -0.388427 0.916133  0.519821 0.819153 1 20 1.000000
0  0.292237 -9.164619 9.899404  0.070739 -0.677166 0.732422  0.514449 0.797302 1 20 1.000000
Komainu
0  -1.384277 -6.104562 10.538073  -0.349317 0.198425 0.915754  0.545394 0.895325 1 20 1.000000
0  -1.781243 -6.190420 10.396728  -0.466499 0.112259 0.877369  0.562728 0.888794 2 20 0.900000 23 0.100000
0  -1.394522 -7.084716 10.511716  -0.299497 -0.106460 0.948139  0.550765 0.862732 2 20 0.900000 23 0.100000
Komainu
0  -1.384277 -6.104562 10.538073  -0.349317 0.198425 0.915754  0.545394 0.895325 1 20 1.000000
0  -1.394522 -7.084716 10.511716  -0.299497 -0.106460 0.948139  0.550765 0.862732 2 20 0.900000 23 0.100000
0  -1.168943 -7.078683 10.603260  -0.262336 -0.104187 0.959336  0.540939 0.863892 1 20 1.000000
Komainu
0  -0.825440 -5.968332 10.670643  -0.184571 0.233669 0.954637  0.530624 0.899475 1 20 1.000000
0  -1.384277 -6.104562 10.538073  -0.349317 0.198425 0.915754  0.545394 0.895325 1 20 1.000000
0  -1.168943 -7.078683 10.603260  -0.262336 -0.104187 0.959336  0.540939 0.863892 1 20 1.000000
Komainu
0  -0.825440 -5.968332 10.670643  -0.184571 0.233669 0.954637  0.530624 0.899475 1 20 1.000000
0  -1.168943 -7.078683 10.603260  -0.262336 -0.104187 0.959336  0.540939 0.863892 1 20 1.000000
0  -0.689207 -7.056711 10.719713  -0.138401 -0.096627 0.985651  0.528427 0.864929 1 20 1.000000
Komainu
0  0.000001 -5.866524 10.718982  0.000002 0.247334 0.968930  0.501937 0.904297 1 20 1.000000
0  -0.825440 -5.968332 10.670643  -0.184571 0.233669 0.954637  0.530624 0.899475 1 20 1.000000
0  -0.689207 -7.056711 10.719713  -0.138401 -0.096627 0.985651  0.528427 0.864929 1 20 1.000000
Komainu
0  0.000001 -5.866524 10.718982  0.000002 0.247334 0.968930  0.501937 0.904297 1 20 1.000000
0  -0.689207 -7.056711 10.719713  -0.138401 -0.096627 0.985651  0.528427 0.864929 1 20 1.000000
0  0.000001 -7.046457 10.784901  0.000001 -0.093682 0.995602  0.501937 0.865234 1 20 1.000000
Komainu
0  0.689209 -7.056711 10.719713  0.138351 -0.096619 0.985659  0.528427 0.864929 1 20 1.000000
0  0.000001 -5.866524 10.718982  0.000002 0.247334 0.968930  0.501937 0.904297 1 20 1.000000
0  0.000001 -7.046457 10.784901  0.000001 -0.093682 0.995602  0.501937 0.865234 1 20 1.000000
Komainu
0  0.000001 -7.046457 10.784901  0.000001 -0.093682 0.995602  0.501937 0.865234 1 20 1.000000
0  0.474610 -8.294502 10.450182  0.099117 -0.388427 0.916133  0.519821 0.819153 1 20 1.000000
0  0.689209 -7.056711 10.719713  0.138351 -0.096619 0.985659  0.528427 0.864929 1 20 1.000000
Komainu
0  1.168945 -7.078683 10.603260  0.262334 -0.104194 0.959336  0.540939 0.863892 1 20 1.000000
0  0.689209 -7.056711 10.719713  0.138351 -0.096619 0.985659  0.528427 0.864929 1 20 1.000000
0  0.474610 -8.294502 10.450182  0.099117 -0.388427 0.916133  0.519821 0.819153 1 20 1.000000
Komainu
0  1.168945 -7.078683 10.603260  0.262334 -0.104194 0.959336  0.540939 0.863892 1 20 1.000000
0  0.474610 -8.294502 10.450182  0.099117 -0.388427 0.916133  0.519821 0.819153 1 20 1.000000
0  0.938233 -8.265207 10.413561  0.221176 -0.378949 0.898598  0.536483 0.821167 1 20 1.000000
Komainu
0  1.394524 -7.084716 10.511716  0.299493 -0.106449 0.948142  0.550765 0.862732 2 20 0.900000 22 0.100000
0  1.168945 -7.078683 10.603260  0.262334 -0.104194 0.959336  0.540939 0.863892 1 20 1.000000
0  0.938233 -8.265207 10.413561  0.221176 -0.378949 0.898598  0.536483 0.821167 1 20 1.000000
Komainu
0  1.394524 -7.084716 10.511716  0.299493 -0.106449 0.948142  0.550765 0.862732 2 20 0.900000 22 0.100000
0  0.938233 -8.265207 10.413561  0.221176 -0.378949 0.898598  0.536483 0.821167 1 20 1.000000
0  1.226065 -8.023685 10.389405  0.274802 -0.359372 0.891816  0.547592 0.823242 2 20 0.900000 22 0.100000
Komainu
0  1.226065 -8.023685 10.389405  0.274802 -0.359372 0.891816  0.547592 0.823242 2 20 0.900000 22 0.100000
0  0.938233 -8.265207 10.413561  0.221176 -0.378949 0.898598  0.536483 0.821167 1 20 1.000000
0  0.621094 -9.163155 9.858387  0.166595 -0.682240 0.711895  0.524215 0.796326 1 20 1.000000
Komainu
0  1.226065 -8.023685 10.389405  0.274802 -0.359372 0.891816  0.547592 0.823242 2 20 0.900000 22 0.100000
0  0.621094 -9.163155 9.858387  0.166595 -0.682240 0.711895  0.524215 0.796326 1 20 1.000000
0  1.234864 -9.104562 9.735338  0.273201 -0.685906 0.674458  0.547592 0.792053 1 20 1.000000
Komainu
0  0.000001 -9.902901 8.967762  -0.000034 -0.837965 0.545725  0.501693 0.755005 1 20 1.000000
0  1.234864 -9.104562 9.735338  0.273201 -0.685906 0.674458  0.547592 0.792053 1 20 1.000000
0  0.621094 -9.163155 9.858387  0.166595 -0.682240 0.711895  0.524215 0.796326 1 20 1.000000
Komainu
0  0.000001 -9.902901 8.967762  -0.000034 -0.837965 0.545725  0.501693 0.755005 1 20 1.000000
0  1.144777 -9.760080 8.860095  0.255973 -0.856936 0.447369  0.542159 0.748901 1 20 1.000000
0  1.234864 -9.104562 9.735338  0.273201 -0.685906 0.674458  0.547592 0.792053 1 20 1.000000
Komainu
0  0.935306 -10.190742 7.927722  0.241382 -0.944313 0.223623  0.531906 0.702698 1 20 1.000000
0  1.144777 -9.760080 8.860095  0.255973 -0.856936 0.447369  0.542159 0.748901 1 20 1.000000
0  0.000001 -9.902901 8.967762  -0.000034 -0.837965 0.545725  0.501693 0.755005 1 20 1.000000
Komainu
0  0.935306 -10.190742 7.927722  0.241382 -0.944313 0.223623  0.531906 0.702698 1 20 1.000000
0  2.017090 -9.506660 8.606676  0.491023 -0.809146 0.322770  0.580306 0.735901 1 20 1.000000
0  1.144777 -9.760080 8.860095  0.255973 -0.856936 0.447369  0.542159 0.748901 1 20 1.000000
Komainu
0  -2.642576 -4.111815 7.462647  -0.766464 0.630780 0.121037  0.600814 0.967651 2 19 0.600000 20 0.400000
0  -2.318115 -3.787353 7.319823  -0.870652 0.220169 0.439876  0.600692 0.991211 2 19 0.800000 20 0.200000
0  -2.777342 -4.289070 6.402837  -0.987512 0.118559 0.103747  0.666183 0.991211 3 20 0.480000 19 0.320000 29 0.200000
Komainu
0  -2.318115 -3.787353 7.319823  -0.870652 0.220169 0.439876  0.600692 0.991211 2 19 0.800000 20 0.200000
0  -2.642576 -4.111815 7.462647  -0.766464 0.630780 0.121037  0.600814 0.967651 2 19 0.600000 20 0.400000
0  -2.044923 -3.660645 8.146728  -0.590420 0.744724 0.311112  0.572311 0.969177 2 19 0.600000 20 0.400000
Komainu
0  -2.972168 -4.998780 8.823486  -0.729398 0.478289 0.489099  0.590011 0.927551 2 20 0.800000 19 0.200000
0  -2.044923 -3.660645 8.146728  -0.590420 0.744724 0.311112  0.572311 0.969177 2 19 0.600000 20 0.400000
0  -2.642576 -4.111815 7.462647  -0.766464 0.630780 0.121037  0.600814 0.967651 2 19 0.600000 20 0.400000
Komainu
0  -2.972168 -4.998780 8.823486  -0.729398 0.478289 0.489099  0.590011 0.927551 2 20 0.800000 19 0.200000
0  -2.350340 -4.765870 9.332520  -0.605668 0.513499 0.607853  0.570480 0.931213 2 20 0.800000 19 0.200000
0  -2.044923 -3.660645 8.146728  -0.590420 0.744724 0.311112  0.572311 0.969177 2 19 0.600000 20 0.400000
Komainu
0  -2.972168 -4.998780 8.823486  -0.729398 0.478289 0.489099  0.590011 0.927551 2 20 0.800000 19 0.200000
0  -1.781243 -6.190420 10.396728  -0.466499 0.112259 0.877369  0.562728 0.888794 2 20 0.900000 23 0.100000
0  -2.350340 -4.765870 9.332520  -0.605668 0.513499 0.607853  0.570480 0.931213 2 20 0.800000 19 0.200000
Komainu
0  -1.702148 -4.563547 9.695790  -0.411332 0.560529 0.718758  0.548629 0.933960 1 20 1.000000
0  -2.350340 -4.765870 9.332520  -0.605668 0.513499 0.607853  0.570480 0.931213 2 20 0.800000 19 0.200000
0  -1.781243 -6.190420 10.396728  -0.466499 0.112259 0.877369  0.562728 0.888794 2 20 0.900000 23 0.100000
Komainu
0  -1.702148 -4.563547 9.695790  -0.411332 0.560529 0.718758  0.548629 0.933960 1 20 1.000000
0  -1.781243 -6.190420 10.396728  -0.466499 0.112259 0.877369  0.562728 0.888794 2 20 0.900000 23 0.100000
0  -1.384277 -6.104562 10.538073  -0.349317 0.198425 0.915754  0.545394 0.895325 1 20 1.000000
Komainu
0  -0.870848 -4.455879 9.917711  -0.216071 0.583834 0.782593  0.530197 0.936340 1 20 1.000000
0  -1.702148 -4.563547 9.695790  -0.411332 0.560529 0.718758  0.548629 0.933960 1 20 1.000000
0  -1.384277 -6.104562 10.538073  -0.349317 0.198425 0.915754  0.545394 0.895325 1 20 1.000000
Komainu
0  -0.870848 -4.455879 9.917711  -0.216071 0.583834 0.782593  0.530197 0.936340 1 20 1.000000
0  -1.384277 -6.104562 10.538073  -0.349317 0.198425 0.915754  0.545394 0.895325 1 20 1.000000
0  -0.825440 -5.968332 10.670643  -0.184571 0.233669 0.954637  0.530624 0.899475 1 20 1.000000
Komainu
0  0.000001 -4.397286 10.009266  0.000000 0.590952 0.806707  0.501937 0.936890 1 20 1.000000
0  -0.870848 -4.455879 9.917711  -0.216071 0.583834 0.782593  0.530197 0.936340 1 20 1.000000
0  -0.825440 -5.968332 10.670643  -0.184571 0.233669 0.954637  0.530624 0.899475 1 20 1.000000
Komainu
0  0.000001 -4.397286 10.009266  0.000000 0.590952 0.806707  0.501937 0.936890 1 20 1.000000
0  -0.825440 -5.968332 10.670643  -0.184571 0.233669 0.954637  0.530624 0.899475 1 20 1.000000
0  0.000001 -5.866524 10.718982  0.000002 0.247334 0.968930  0.501937 0.904297 1 20 1.000000
Komainu
0  0.825442 -5.968332 10.670643  0.184552 0.233463 0.954691  0.530624 0.899475 1 20 1.000000
0  0.000001 -4.397286 10.009266  0.000000 0.590952 0.806707  0.501937 0.936890 1 20 1.000000
0  0.000001 -5.866524 10.718982  0.000002 0.247334 0.968930  0.501937 0.904297 1 20 1.000000
Komainu
0  0.689209 -7.056711 10.719713  0.138351 -0.096619 0.985659  0.528427 0.864929 1 20 1.000000
0  0.825442 -5.968332 10.670643  0.184552 0.233463 0.954691  0.530624 0.899475 1 20 1.000000
0  0.000001 -5.866524 10.718982  0.000002 0.247334 0.968930  0.501937 0.904297 1 20 1.000000
Komainu
0  1.168945 -7.078683 10.603260  0.262334 -0.104194 0.959336  0.540939 0.863892 1 20 1.000000
0  0.825442 -5.968332 10.670643  0.184552 0.233463 0.954691  0.530624 0.899475 1 20 1.000000
0  0.689209 -7.056711 10.719713  0.138351 -0.096619 0.985659  0.528427 0.864929 1 20 1.000000
Komainu
0  1.168945 -7.078683 10.603260  0.262334 -0.104194 0.959336  0.540939 0.863892 1 20 1.000000
0  1.384279 -6.104562 10.538073  0.349317 0.198419 0.915755  0.545394 0.895325 1 20 1.000000
0  0.825442 -5.968332 10.670643  0.184552 0.233463 0.954691  0.530624 0.899475 1 20 1.000000
Komainu
0  1.394524 -7.084716 10.511716  0.299493 -0.106449 0.948142  0.550765 0.862732 2 20 0.900000 22 0.100000
0  1.384279 -6.104562 10.538073  0.349317 0.198419 0.915755  0.545394 0.895325 1 20 1.000000
0  1.168945 -7.078683 10.603260  0.262334 -0.104194 0.959336  0.540939 0.863892 1 20 1.000000
Komainu
0  1.394524 -7.084716 10.511716  0.299493 -0.106449 0.948142  0.550765 0.862732 2 20 0.900000 22 0.100000
0  1.781245 -6.190419 10.396728  0.466319 0.111078 0.877615  0.562728 0.888794 2 20 0.900000 22 0.100000
0  1.384279 -6.104562 10.538073  0.349317 0.198419 0.915755  0.545394 0.895325 1 20 1.000000
Komainu
0  1.781245 -6.190419 10.396728  0.466319 0.111078 0.877615  0.562728 0.888794 2 20 0.900000 22 0.100000
0  1.702150 -4.563546 9.695790  0.411292 0.560565 0.718753  0.548629 0.933960 1 20 1.000000
0  1.384279 -6.104562 10.538073  0.349317 0.198419 0.915755  0.545394 0.895325 1 20 1.000000
Komainu
0  0.000001 -4.397286 10.009266  0.000000 0.590952 0.806707  0.501937 0.936890 1 20 1.000000
0  -0.773436 -3.353760 8.757566  -0.222912 0.805030 0.549761  0.528182 0.971191 2 19 0.600000 20 0.400000
0  -0.870848 -4.455879 9.917711  -0.216071 0.583834 0.782593  0.530197 0.936340 1 20 1.000000
Komainu
0  -1.702148 -4.563547 9.695790  -0.411332 0.560529 0.718758  0.548629 0.933960 1 20 1.000000
0  -0.870848 -4.455879 9.917711  -0.216071 0.583834 0.782593  0.530197 0.936340 1 20 1.000000
0  -0.773436 -3.353760 8.757566  -0.222912 0.805030 0.549761  0.528182 0.971191 2 19 0.600000 20 0.400000
Komainu
0  -1.702148 -4.563547 9.695790  -0.411332 0.560529 0.718758  0.548629 0.933960 1 20 1.000000
0  -0.773436 -3.353760 8.757566  -0.222912 0.805030 0.549761  0.528182 0.971191 2 19 0.600000 20 0.400000
0  -1.472169 -3.466551 8.496824  -0.402405 0.791645 0.459748  0.550216 0.970093 2 19 0.600000 20 0.400000
Komainu
0  -2.350340 -4.765870 9.332520  -0.605668 0.513499 0.607853  0.570480 0.931213 2 20 0.800000 19 0.200000
0  -1.702148 -4.563547 9.695790  -0.411332 0.560529 0.718758  0.548629 0.933960 1 20 1.000000
0  -1.472169 -3.466551 8.496824  -0.402405 0.791645 0.459748  0.550216 0.970093 2 19 0.600000 20 0.400000
Komainu
0  -2.350340 -4.765870 9.332520  -0.605668 0.513499 0.607853  0.570480 0.931213 2 20 0.800000 19 0.200000
0  -1.472169 -3.466551 8.496824  -0.402405 0.791645 0.459748  0.550216 0.970093 2 19 0.600000 20 0.400000
0  -2.044923 -3.660645 8.146728  -0.590420 0.744724 0.311112  0.572311 0.969177 2 19 0.600000 20 0.400000
Komainu
0  -2.318115 -3.787353 7.319823  -0.870652 0.220169 0.439876  0.600692 0.991211 2 19 0.800000 20 0.200000
0  -2.044923 -3.660645 8.146728  -0.590420 0.744724 0.311112  0.572311 0.969177 2 19 0.600000 20 0.400000
0  -1.794435 -3.407958 7.783446  -0.676354 0.256500 0.690473  0.569381 0.991211 2 19 0.800000 20 0.200000
Komainu
0  -2.044923 -3.660645 8.146728  -0.590420 0.744724 0.311112  0.572311 0.969177 2 19 0.600000 20 0.400000
0  -1.209960 -3.194823 8.069091  -0.449072 0.259689 0.854924  0.545028 0.991211 2 19 0.800000 20 0.200000
0  -1.794435 -3.407958 7.783446  -0.676354 0.256500 0.690473  0.569381 0.991211 2 19 0.800000 20 0.200000
Komainu
0  -2.044923 -3.660645 8.146728  -0.590420 0.744724 0.311112  0.572311 0.969177 2 19 0.600000 20 0.400000
0  -1.472169 -3.466551 8.496824  -0.402405 0.791645 0.459748  0.550216 0.970093 2 19 0.600000 20 0.400000
0  -1.209960 -3.194823 8.069091  -0.449072 0.259689 0.854924  0.545028 0.991211 2 19 0.800000 20 0.200000
Komainu
0  -1.472169 -3.466551 8.496824  -0.402405 0.791645 0.459748  0.550216 0.970093 2 19 0.600000 20 0.400000
0  -0.684813 -3.070311 8.250000  -0.242432 0.253299 0.936518  0.526229 0.991211 2 19 0.800000 20 0.200000
0  -1.209960 -3.194823 8.069091  -0.449072 0.259689 0.854924  0.545028 0.991211 2 19 0.800000 20 0.200000
Komainu
0  -1.472169 -3.466551 8.496824  -0.402405 0.791645 0.459748  0.550216 0.970093 2 19 0.600000 20 0.400000
0  -0.773436 -3.353760 8.757566  -0.222912 0.805030 0.549761  0.528182 0.971191 2 19 0.600000 20 0.400000
0  -0.684813 -3.070311 8.250000  -0.242432 0.253299 0.936518  0.526229 0.991211 2 19 0.800000 20 0.200000
Komainu
0  -0.684813 -3.070311 8.250000  -0.242432 0.253299 0.936518  0.526229 0.991211 2 19 0.800000 20 0.200000
0  -0.773436 -3.353760 8.757566  -0.222912 0.805030 0.549761  0.528182 0.971191 2 19 0.600000 20 0.400000
0  0.000000 -3.300294 8.880615  -0.000002 0.812281 0.583266  0.501937 0.971252 2 19 0.600000 20 0.400000
Komainu
0  0.000001 -4.397286 10.009266  0.000000 0.590952 0.806707  0.501937 0.936890 1 20 1.000000
0  0.000000 -3.300294 8.880615  -0.000002 0.812281 0.583266  0.501937 0.971252 2 19 0.600000 20 0.400000
0  -0.773436 -3.353760 8.757566  -0.222912 0.805030 0.549761  0.528182 0.971191 2 19 0.600000 20 0.400000
Komainu
0  0.773436 -3.353760 8.757566  0.222956 0.804969 0.549832  0.528182 0.971191 2 19 0.600000 20 0.400000
0  0.000000 -3.300294 8.880615  -0.000002 0.812281 0.583266  0.501937 0.971252 2 19 0.600000 20 0.400000
0  0.000001 -4.397286 10.009266  0.000000 0.590952 0.806707  0.501937 0.936890 1 20 1.000000
Komainu
0  0.773436 -3.353760 8.757566  0.222956 0.804969 0.549832  0.528182 0.971191 2 19 0.600000 20 0.400000
0  0.000001 -4.397286 10.009266  0.000000 0.590952 0.806707  0.501937 0.936890 1 20 1.000000
0  0.870850 -4.455879 9.917711  0.216024 0.583823 0.782614  0.530197 0.936340 1 20 1.000000
Komainu
0  0.825442 -5.968332 10.670643  0.184552 0.233463 0.954691  0.530624 0.899475 1 20 1.000000
0  0.870850 -4.455879 9.917711  0.216024 0.583823 0.782614  0.530197 0.936340 1 20 1.000000
0  0.000001 -4.397286 10.009266  0.000000 0.590952 0.806707  0.501937 0.936890 1 20 1.000000
Komainu
0  1.384279 -6.104562 10.538073  0.349317 0.198419 0.915755  0.545394 0.895325 1 20 1.000000
0  0.870850 -4.455879 9.917711  0.216024 0.583823 0.782614  0.530197 0.936340 1 20 1.000000
0  0.825442 -5.968332 10.670643  0.184552 0.233463 0.954691  0.530624 0.899475 1 20 1.000000
Komainu
0  1.384279 -6.104562 10.538073  0.349317 0.198419 0.915755  0.545394 0.895325 1 20 1.000000
0  1.702150 -4.563546 9.695790  0.411292 0.560565 0.718753  0.548629 0.933960 1 20 1.000000
0  0.870850 -4.455879 9.917711  0.216024 0.583823 0.782614  0.530197 0.936340 1 20 1.000000
Komainu
0  0.773436 -3.353760 8.757566  0.222956 0.804969 0.549832  0.528182 0.971191 2 19 0.600000 20 0.400000
0  0.870850 -4.455879 9.917711  0.216024 0.583823 0.782614  0.530197 0.936340 1 20 1.000000
0  1.702150 -4.563546 9.695790  0.411292 0.560565 0.718753  0.548629 0.933960 1 20 1.000000
Komainu
0  0.773436 -3.353760 8.757566  0.222956 0.804969 0.549832  0.528182 0.971191 2 19 0.600000 20 0.400000
0  1.702150 -4.563546 9.695790  0.411292 0.560565 0.718753  0.548629 0.933960 1 20 1.000000
0  1.472170 -3.466551 8.496824  0.402322 0.791651 0.459810  0.550216 0.970093 2 19 0.600000 20 0.400000
Komainu
0  0.684813 -3.070311 8.250000  0.242423 0.253265 0.936530  0.526229 0.991211 2 19 0.800000 20 0.200000
0  0.773436 -3.353760 8.757566  0.222956 0.804969 0.549832  0.528182 0.971191 2 19 0.600000 20 0.400000
0  1.472170 -3.466551 8.496824  0.402322 0.791651 0.459810  0.550216 0.970093 2 19 0.600000 20 0.400000
Komainu
0  0.684813 -3.070311 8.250000  0.242423 0.253265 0.936530  0.526229 0.991211 2 19 0.800000 20 0.200000
0  1.472170 -3.466551 8.496824  0.402322 0.791651 0.459810  0.550216 0.970093 2 19 0.600000 20 0.400000
0  1.209960 -3.194823 8.069091  0.449098 0.259706 0.854906  0.545028 0.991211 2 19 0.800000 20 0.200000
Komainu
0  -0.684813 -3.070311 8.250000  -0.242432 0.253299 0.936518  0.526229 0.991211 2 19 0.800000 20 0.200000
0  0.000000 -3.300294 8.880615  -0.000002 0.812281 0.583266  0.501937 0.971252 2 19 0.600000 20 0.400000
0  0.000000 -3.006591 8.315916  -0.000004 0.247276 0.968945  0.502059 0.991211 2 19 0.800000 20 0.200000
Komainu
0  0.000000 -3.300294 8.880615  -0.000002 0.812281 0.583266  0.501937 0.971252 2 19 0.600000 20 0.400000
0  0.684813 -3.070311 8.250000  0.242423 0.253265 0.936530  0.526229 0.991211 2 19 0.800000 20 0.200000
0  0.000000 -3.006591 8.315916  -0.000004 0.247276 0.968945  0.502059 0.991211 2 19 0.800000 20 0.200000
Komainu
0  0.000000 -3.300294 8.880615  -0.000002 0.812281 0.583266  0.501937 0.971252 2 19 0.600000 20 0.400000
0  0.773436 -3.353760 8.757566  0.222956 0.804969 0.549832  0.528182 0.971191 2 19 0.600000 20 0.400000
0  0.684813 -3.070311 8.250000  0.242423 0.253265 0.936530  0.526229 0.991211 2 19 0.800000 20 0.200000
Komainu
0  -2.972168 -4.998780 8.823486  -0.729398 0.478289 0.489099  0.590011 0.927551 2 20 0.800000 19 0.200000
0  -2.642576 -4.111815 7.462647  -0.766464 0.630780 0.121037  0.600814 0.967651 2 19 0.600000 20 0.400000
0  -3.310547 -5.201662 8.200926  -0.918496 0.342819 0.197081  0.633102 0.923340 2 20 0.800000 19 0.200000
Komainu
0  -2.972168 -4.998780 8.823486  -0.729398 0.478289 0.489099  0.590011 0.927551 2 20 0.800000 19 0.200000
0  -1.955555 -6.260725 10.305906  0.005526 0.763445 0.645849  0.571029 0.886169 2 20 0.800000 23 0.200000
0  -1.781243 -6.190420 10.396728  -0.466499 0.112259 0.877369  0.562728 0.888794 2 20 0.900000 23 0.100000
Komainu
0  -1.955555 -6.260725 10.305906  0.005526 0.763445 0.645849  0.571029 0.886169 2 20 0.800000 23 0.200000
0  -2.972168 -4.998780 8.823486  -0.729398 0.478289 0.489099  0.590011 0.927551 2 20 0.800000 19 0.200000
0  -3.228524 -6.280500 9.371337  -0.676338 0.630605 0.380663  0.599655 0.888672 2 20 0.800000 23 0.200000
Komainu
0  -2.972168 -4.998780 8.823486  -0.729398 0.478289 0.489099  0.590011 0.927551 2 20 0.800000 19 0.200000
0  -3.310547 -5.201662 8.200926  -0.918496 0.342819 0.197081  0.633102 0.923340 2 20 0.800000 19 0.200000
0  -3.228524 -6.280500 9.371337  -0.676338 0.630605 0.380663  0.599655 0.888672 2 20 0.800000 23 0.200000
Komainu
0  -3.228524 -6.280500 9.371337  -0.676338 0.630605 0.380663  0.599655 0.888672 2 20 0.800000 23 0.200000
0  -3.310547 -5.201662 8.200926  -0.918496 0.342819 0.197081  0.633102 0.923340 2 20 0.800000 19 0.200000
0  -3.429197 -6.453197 8.864490  -0.924384 0.380332 -0.029363  0.631820 0.888733 1 20 1.000000
Komainu
0  -3.310547 -5.201662 8.200926  -0.918496 0.342819 0.197081  0.633102 0.923340 2 20 0.800000 19 0.200000
0  -3.457763 -6.126534 8.069078  -0.800468 -0.117328 0.587779  0.658614 0.907532 1 20 1.000000
0  -3.429197 -6.453197 8.864490  -0.924384 0.380332 -0.029363  0.631820 0.888733 1 20 1.000000
Komainu
0  -3.310547 -5.201662 8.200926  -0.918496 0.342819 0.197081  0.633102 0.923340 2 20 0.800000 19 0.200000
0  -3.452636 -5.362617 7.417956  -0.711250 0.598927 0.367981  0.663986 0.929138 1 20 1.000000
0  -3.457763 -6.126534 8.069078  -0.800468 -0.117328 0.587779  0.658614 0.907532 1 20 1.000000
Komainu
0  -3.310547 -5.201662 8.200926  -0.918496 0.342819 0.197081  0.633102 0.923340 2 20 0.800000 19 0.200000
0  -2.642576 -4.111815 7.462647  -0.766464 0.630780 0.121037  0.600814 0.967651 2 19 0.600000 20 0.400000
0  -3.452636 -5.362617 7.417956  -0.711250 0.598927 0.367981  0.663986 0.929138 1 20 1.000000
Komainu
0  -2.642576 -4.111815 7.462647  -0.766464 0.630780 0.121037  0.600814 0.967651 2 19 0.600000 20 0.400000
0  -3.015380 -4.614817 6.432849  -0.807325 0.583495 -0.088087  0.646469 0.963440 1 20 1.000000
0  -3.452636 -5.362617 7.417956  -0.711250 0.598927 0.367981  0.663986 0.929138 1 20 1.000000
Komainu
0  -2.642576 -4.111815 7.462647  -0.766464 0.630780 0.121037  0.600814 0.967651 2 19 0.600000 20 0.400000
0  -2.777342 -4.289070 6.402837  -0.987512 0.118559 0.103747  0.666183 0.991211 3 20 0.480000 19 0.320000 29 0.200000
0  -3.015380 -4.614817 6.432849  -0.807325 0.583495 -0.088087  0.646469 0.963440 1 20 1.000000
Komainu
0  -2.751707 -4.940919 5.047851  -0.746901 0.515205 -0.420360  0.683639 0.960938 2 20 0.700000 21 0.300000
0  -3.015380 -4.614817 6.432849  -0.807325 0.583495 -0.088087  0.646469 0.963440 1 20 1.000000
0  -2.777342 -4.289070 6.402837  -0.987512 0.118559 0.103747  0.666183 0.991211 3 20 0.480000 19 0.320000 29 0.200000
Komainu
0  -2.751707 -4.940919 5.047851  -0.746901 0.515205 -0.420360  0.683639 0.960938 2 20 0.700000 21 0.300000
0  -2.777342 -4.289070 6.402837  -0.987512 0.118559 0.103747  0.666183 0.991211 3 20 0.480000 19 0.320000 29 0.200000
0  -2.547362 -4.686055 4.990722  -0.832770 -0.406525 -0.375809  0.708969 0.991211 2 29 0.600000 19 0.400000
Komainu
0  -2.751707 -4.940919 5.047851  -0.746901 0.515205 -0.420360  0.683639 0.960938 2 20 0.700000 21 0.300000
0  -3.319334 -5.033761 6.510486  -0.782200 0.617795 -0.080576  0.673324 0.946228 1 20 1.000000
0  -3.015380 -4.614817 6.432849  -0.807325 0.583495 -0.088087  0.646469 0.963440 1 20 1.000000
Komainu
0  -3.452636 -5.362617 7.417956  -0.711250 0.598927 0.367981  0.663986 0.929138 1 20 1.000000
0  -3.015380 -4.614817 6.432849  -0.807325 0.583495 -0.088087  0.646469 0.963440 1 20 1.000000
0  -3.319334 -5.033761 6.510486  -0.782200 0.617795 -0.080576  0.673324 0.946228 1 20 1.000000
Komainu
0  -2.170897 -9.546213 5.253651  -0.469852 -0.878708 0.084334  0.586044 0.572632 1 20 1.000000
0  -2.607422 -9.248116 5.457996  -0.543599 -0.837975 0.047934  0.614181 0.580627 1 20 1.000000
0  -3.177245 -8.592601 5.258043  -0.763356 -0.638904 -0.095339  0.639633 0.585449 1 20 1.000000
Komainu
0  -3.177245 -8.592601 5.258043  -0.763356 -0.638904 -0.095339  0.639633 0.585449 1 20 1.000000
0  -2.607422 -9.248116 5.457996  -0.543599 -0.837975 0.047934  0.614181 0.580627 1 20 1.000000
0  -2.767820 -9.134592 5.813220  -0.577229 -0.816104 0.027949  0.624313 0.602966 1 20 1.000000
Komainu
0  -3.177245 -8.592601 5.258043  -0.763356 -0.638904 -0.095339  0.639633 0.585449 1 20 1.000000
0  -2.767820 -9.134592 5.813220  -0.577229 -0.816104 0.027949  0.624313 0.602966 1 20 1.000000
0  -3.281981 -8.462962 6.320790  -0.815114 -0.578403 -0.032221  0.644637 0.631165 1 20 1.000000
Komainu
0  -3.694334 -7.876290 6.554430  -0.911065 -0.407874 -0.059994  0.665695 0.638123 1 20 1.000000
0  -3.177245 -8.592601 5.258043  -0.763356 -0.638904 -0.095339  0.639633 0.585449 1 20 1.000000
0  -3.281981 -8.462962 6.320790  -0.815114 -0.578403 -0.032221  0.644637 0.631165 1 20 1.000000
Komainu
0  -3.723632 -7.909984 7.563708  -0.888410 -0.405504 0.215160  0.662826 0.685547 1 20 1.000000
0  -3.694334 -7.876290 6.554430  -0.911065 -0.407874 -0.059994  0.665695 0.638123 1 20 1.000000
0  -3.281981 -8.462962 6.320790  -0.815114 -0.578403 -0.032221  0.644637 0.631165 1 20 1.000000
Komainu
0  -3.723632 -7.909984 7.563708  -0.888410 -0.405504 0.215160  0.662826 0.685547 1 20 1.000000
0  -3.281981 -8.462962 6.320790  -0.815114 -0.578403 -0.032221  0.644637 0.631165 1 20 1.000000
0  -3.396971 -8.396311 7.409901  -0.835428 -0.544240 0.076575  0.644760 0.691223 1 20 1.000000
Komainu
0  -3.723632 -7.909984 7.563708  -0.888410 -0.405504 0.215160  0.662826 0.685547 1 20 1.000000
0  -3.396971 -8.396311 7.409901  -0.835428 -0.544240 0.076575  0.644760 0.691223 1 20 1.000000
0  -3.514160 -7.644114 8.337147  -0.972640 -0.230960 0.025085  0.671737 0.751038 1 20 1.000000
Komainu
0  -3.396971 -8.396311 7.409901  -0.835428 -0.544240 0.076575  0.644760 0.691223 1 20 1.000000
0  -3.322265 -8.201488 8.609607  -0.853481 -0.521038 0.009516  0.640670 0.759766 1 20 1.000000
0  -3.514160 -7.644114 8.337147  -0.972640 -0.230960 0.025085  0.671737 0.751038 1 20 1.000000
Komainu
0  -3.396971 -8.396311 7.409901  -0.835428 -0.544240 0.076575  0.644760 0.691223 1 20 1.000000
0  -2.949461 -8.954415 8.312976  -0.737180 -0.648984 0.188108  0.609542 0.721558 1 20 1.000000
0  -3.322265 -8.201488 8.609607  -0.853481 -0.521038 0.009516  0.640670 0.759766 1 20 1.000000
Komainu
0  -2.949461 -8.954415 8.312976  -0.737180 -0.648984 0.188108  0.609542 0.721558 1 20 1.000000
0  -3.003662 -8.580147 8.946522  -0.565763 -0.797393 0.209946  0.623580 0.762940 1 20 1.000000
0  -3.322265 -8.201488 8.609607  -0.853481 -0.521038 0.009516  0.640670 0.759766 1 20 1.000000
Komainu
0  -2.949461 -8.954415 8.312976  -0.737180 -0.648984 0.188108  0.609542 0.721558 1 20 1.000000
0  -2.294677 -8.880441 9.394032  -0.438781 -0.727233 0.527829  0.587448 0.779541 1 20 1.000000
0  -3.003662 -8.580147 8.946522  -0.565763 -0.797393 0.209946  0.623580 0.762940 1 20 1.000000
Komainu
0  -2.294677 -8.880441 9.394032  -0.438781 -0.727233 0.527829  0.587448 0.779541 1 20 1.000000
0  -2.419922 -8.621162 9.717762  -0.197204 -0.763976 0.614371  0.591903 0.815369 1 20 1.000000
0  -3.003662 -8.580147 8.946522  -0.565763 -0.797393 0.209946  0.623580 0.762940 1 20 1.000000
Komainu
0  -2.294677 -8.880441 9.394032  -0.438781 -0.727233 0.527829  0.587448 0.779541 1 20 1.000000
0  -1.226063 -8.023685 10.389405  -0.274853 -0.359371 0.891801  0.547592 0.823242 2 20 0.900000 23 0.100000
0  -2.419922 -8.621162 9.717762  -0.197204 -0.763976 0.614371  0.591903 0.815369 1 20 1.000000
Komainu
0  -2.419922 -8.621162 9.717762  -0.197204 -0.763976 0.614371  0.591903 0.815369 1 20 1.000000
0  -1.226063 -8.023685 10.389405  -0.274853 -0.359371 0.891801  0.547592 0.823242 2 20 0.900000 23 0.100000
0  -1.434062 -7.729251 10.405519  0.125105 -0.303902 0.944453  0.563217 0.846558 2 20 0.800000 23 0.200000
Komainu
0  -1.434062 -7.729251 10.405519  0.125105 -0.303902 0.944453  0.563217 0.846558 2 20 0.800000 23 0.200000
0  -1.226063 -8.023685 10.389405  -0.274853 -0.359371 0.891801  0.547592 0.823242 2 20 0.900000 23 0.100000
0  -1.394522 -7.084716 10.511716  -0.299497 -0.106460 0.948139  0.550765 0.862732 2 20 0.900000 23 0.100000
Komainu
0  -1.557128 -7.073556 10.450917  0.179334 0.107997 0.977843  0.560409 0.859497 1 20 1.000000
0  -1.434062 -7.729251 10.405519  0.125105 -0.303902 0.944453  0.563217 0.846558 2 20 0.800000 23 0.200000
0  -1.394522 -7.084716 10.511716  -0.299497 -0.106460 0.948139  0.550765 0.862732 2 20 0.900000 23 0.100000
Komainu
0  -1.781243 -6.190420 10.396728  -0.466499 0.112259 0.877369  0.562728 0.888794 2 20 0.900000 23 0.100000
0  -1.557128 -7.073556 10.450917  0.179334 0.107997 0.977843  0.560409 0.859497 1 20 1.000000
0  -1.394522 -7.084716 10.511716  -0.299497 -0.106460 0.948139  0.550765 0.862732 2 20 0.900000 23 0.100000
Komainu
0  -1.781243 -6.190420 10.396728  -0.466499 0.112259 0.877369  0.562728 0.888794 2 20 0.900000 23 0.100000
0  -1.955555 -6.260725 10.305906  0.005526 0.763445 0.645849  0.571029 0.886169 2 20 0.800000 23 0.200000
0  -1.557128 -7.073556 10.450917  0.179334 0.107997 0.977843  0.560409 0.859497 1 20 1.000000
Komainu
0  -3.457763 -6.126534 8.069078  -0.800468 -0.117328 0.587779  0.737777 0.726868 1 20 1.000000
0  -3.509033 -6.974679 8.710680  -0.969061 0.111473 -0.220216  0.700302 0.747192 1 20 1.000000
0  -3.429197 -6.453197 8.864490  -0.924384 0.380332 -0.029363  0.718978 0.753601 1 20 1.000000
Komainu
0  -3.457763 -6.126534 8.069078  -0.800468 -0.117328 0.587779  0.737777 0.726868 1 20 1.000000
0  -3.548582 -7.125558 8.184069  -0.990116 0.026900 0.137647  0.691635 0.722351 1 20 1.000000
0  -3.509033 -6.974679 8.710680  -0.969061 0.111473 -0.220216  0.700302 0.747192 1 20 1.000000
Komainu
0  -3.548582 -7.125558 8.184069  -0.990116 0.026900 0.137647  0.691635 0.722351 1 20 1.000000
0  -3.514160 -7.644114 8.337147  -0.972640 -0.230960 0.025085  0.671737 0.751038 1 20 1.000000
0  -3.509033 -6.974679 8.710680  -0.969061 0.111473 -0.220216  0.700302 0.747192 1 20 1.000000
Komainu
0  -3.548582 -7.125558 8.184069  -0.990116 0.026900 0.137647  0.691635 0.722351 1 20 1.000000
0  -3.723632 -7.909984 7.563708  -0.888410 -0.405504 0.215160  0.662826 0.685547 1 20 1.000000
0  -3.514160 -7.644114 8.337147  -0.972640 -0.230960 0.025085  0.671737 0.751038 1 20 1.000000
Komainu
0  -1.332276 -1.052490 9.084960  -0.342648 -0.313368 0.885659  0.413802 0.405273 3 18 0.700000 7 0.200000 19 0.100000
0  -1.312500 -2.274903 8.608155  -0.285792 -0.432350 0.855217  0.415206 0.440796 2 18 0.500000 19 0.500000
0  -0.722901 -2.106447 8.859375  -0.137894 -0.455350 0.879569  0.442306 0.440186 2 18 0.500000 19 0.500000
Komainu
0  -1.332276 -1.052490 9.084960  -0.342648 -0.313368 0.885659  0.413802 0.405273 3 18 0.700000 7 0.200000 19 0.100000
0  -1.980468 -2.556153 8.184813  -0.480261 -0.381535 0.789797  0.384323 0.440796 2 18 0.500000 19 0.500000
0  -1.312500 -2.274903 8.608155  -0.285792 -0.432350 0.855217  0.415206 0.440796 2 18 0.500000 19 0.500000
Komainu
0  -1.332276 -1.052490 9.084960  -0.342648 -0.313368 0.885659  0.413802 0.405273 3 18 0.700000 7 0.200000 19 0.100000
0  -2.116698 -1.430421 8.603760  -0.613596 -0.206192 0.762223  0.382369 0.408020 3 18 0.700000 7 0.200000 19 0.100000
0  -1.980468 -2.556153 8.184813  -0.480261 -0.381535 0.789797  0.384323 0.440796 2 18 0.500000 19 0.500000
Komainu
0  -2.116698 -1.430421 8.603760  -0.613596 -0.206192 0.762223  0.382369 0.408020 3 18 0.700000 7 0.200000 19 0.100000
0  -2.630858 -2.985352 7.406981  -0.744356 -0.292539 0.600296  0.354720 0.440796 2 19 0.800000 18 0.200000
0  -1.980468 -2.556153 8.184813  -0.480261 -0.381535 0.789797  0.384323 0.440796 2 18 0.500000 19 0.500000
Komainu
0  -2.116698 -1.430421 8.603760  -0.613596 -0.206192 0.762223  0.382369 0.408020 3 18 0.700000 7 0.200000 19 0.100000
0  -2.903319 -1.946046 7.460448  -0.887348 -0.040826 0.459289  0.347091 0.410095 2 18 0.500000 19 0.500000
0  -2.630858 -2.985352 7.406981  -0.744356 -0.292539 0.600296  0.354720 0.440796 2 19 0.800000 18 0.200000
Komainu
0  -2.116698 -1.430421 8.603760  -0.613596 -0.206192 0.762223  0.382369 0.408020 3 18 0.700000 7 0.200000 19 0.100000
0  -1.332276 -1.052490 9.084960  -0.342648 -0.313368 0.885659  0.413802 0.405273 3 18 0.700000 7 0.200000 19 0.100000
0  -1.582764 -0.618897 9.128907  -0.447708 -0.263780 0.854387  0.416915 0.359131 2 18 0.700000 7 0.300000
Komainu
0  -2.192871 -0.859131 8.588379  -0.716552 -0.226862 0.659611  0.380660 0.362244 2 18 0.700000 7 0.300000
0  -2.116698 -1.430421 8.603760  -0.613596 -0.206192 0.762223  0.382369 0.408020 3 18 0.700000 7 0.200000 19 0.100000
0  -1.582764 -0.618897 9.128907  -0.447708 -0.263780 0.854387  0.416915 0.359131 2 18 0.700000 7 0.300000
Komainu
0  -2.903319 -1.946046 7.460448  -0.887348 -0.040826 0.459289  0.347091 0.410095 2 18 0.500000 19 0.500000
0  -2.116698 -1.430421 8.603760  -0.613596 -0.206192 0.762223  0.382369 0.408020 3 18 0.700000 7 0.200000 19 0.100000
0  -2.192871 -0.859131 8.588379  -0.716552 -0.226862 0.659611  0.380660 0.362244 2 18 0.700000 7 0.300000
Komainu
0  -2.903319 -1.946046 7.460448  -0.887348 -0.040826 0.459289  0.347091 0.410095 2 18 0.500000 19 0.500000
0  -2.192871 -0.859131 8.588379  -0.716552 -0.226862 0.659611  0.380660 0.362244 2 18 0.700000 7 0.300000
0  -2.750976 -1.300782 7.575438  -0.878000 -0.106338 0.466700  0.347579 0.372376 2 18 0.800000 19 0.200000
Komainu
0  -2.903319 -1.946046 7.460448  -0.887348 -0.040826 0.459289  0.347091 0.410095 2 18 0.500000 19 0.500000
0  -2.750976 -1.300782 7.575438  -0.878000 -0.106338 0.466700  0.347579 0.372376 2 18 0.800000 19 0.200000
0  -3.173583 -1.516842 6.533937  -0.968564 0.024865 0.247519  0.278610 0.377686 3 19 0.480000 18 0.400000 29 0.120000
Komainu
0  -3.434325 -0.167725 6.748533  -0.945680 -0.190332 0.263558  0.272994 0.322754 3 18 0.600000 7 0.200000 19 0.200000
0  -3.173583 -1.516842 6.533937  -0.968564 0.024865 0.247519  0.278610 0.377686 3 19 0.480000 18 0.400000 29 0.120000
0  -2.750976 -1.300782 7.575438  -0.878000 -0.106338 0.466700  0.347579 0.372376 2 18 0.800000 19 0.200000
Komainu
0  -3.434325 -0.167725 6.748533  -0.945680 -0.190332 0.263558  0.272994 0.322754 3 18 0.600000 7 0.200000 19 0.200000
0  -3.419679 -1.984120 4.769526  -0.984210 0.143741 -0.103295  0.208541 0.365601 2 29 0.700000 19 0.300000
0  -3.173583 -1.516842 6.533937  -0.968564 0.024865 0.247519  0.278610 0.377686 3 19 0.480000 18 0.400000 29 0.120000
Komainu
0  -3.173583 -1.516842 6.533937  -0.968564 0.024865 0.247519  0.278610 0.377686 3 19 0.480000 18 0.400000 29 0.120000
0  -3.419679 -1.984120 4.769526  -0.984210 0.143741 -0.103295  0.208541 0.365601 2 29 0.700000 19 0.300000
0  -3.396240 -2.204589 6.005130  -0.981435 0.005430 0.191716  0.290450 0.413269 2 19 0.800000 29 0.200000
Komainu
0  -2.903319 -1.946046 7.460448  -0.887348 -0.040826 0.459289  0.347091 0.410095 2 18 0.500000 19 0.500000
0  -3.173583 -1.516842 6.533937  -0.968564 0.024865 0.247519  0.278610 0.377686 3 19 0.480000 18 0.400000 29 0.120000
0  -3.396240 -2.204589 6.005130  -0.981435 0.005430 0.191716  0.290450 0.413269 2 19 0.800000 29 0.200000
Komainu
0  -2.903319 -1.946046 7.460448  -0.887348 -0.040826 0.459289  0.347091 0.410095 2 18 0.500000 19 0.500000
0  -3.396240 -2.204589 6.005130  -0.981435 0.005430 0.191716  0.290450 0.413269 2 19 0.800000 29 0.200000
0  -3.134766 -3.416749 6.353031  -0.904540 -0.303976 0.299009  0.287460 0.440002 2 19 0.800000 29 0.200000
Komainu
0  -2.903319 -1.946046 7.460448  -0.887348 -0.040826 0.459289  0.347091 0.410095 2 18 0.500000 19 0.500000
0  -3.134766 -3.416749 6.353031  -0.904540 -0.303976 0.299009  0.287460 0.440002 2 19 0.800000 29 0.200000
0  -2.630858 -2.985352 7.406981  -0.744356 -0.292539 0.600296  0.354720 0.440796 2 19 0.800000 18 0.200000
Komainu
0  -2.777342 -4.289070 6.402837  -0.987512 0.118559 0.103747  0.287521 0.470642 3 20 0.480000 19 0.320000 29 0.200000
0  -2.630858 -2.985352 7.406981  -0.744356 -0.292539 0.600296  0.354720 0.440796 2 19 0.800000 18 0.200000
0  -3.134766 -3.416749 6.353031  -0.904540 -0.303976 0.299009  0.287460 0.440002 2 19 0.800000 29 0.200000
Komainu
0  -2.777342 -4.289070 6.402837  -0.987512 0.118559 0.103747  0.287521 0.470642 3 20 0.480000 19 0.320000 29 0.200000
0  -2.318115 -3.787353 7.319823  -0.870652 0.220169 0.439876  0.354843 0.470642 2 19 0.800000 20 0.200000
0  -2.630858 -2.985352 7.406981  -0.744356 -0.292539 0.600296  0.354720 0.440796 2 19 0.800000 18 0.200000
Komainu
0  -2.318115 -3.787353 7.319823  -0.870652 0.220169 0.439876  0.354843 0.470642 2 19 0.800000 20 0.200000
0  -1.980468 -2.556153 8.184813  -0.480261 -0.381535 0.789797  0.384323 0.440796 2 18 0.500000 19 0.500000
0  -2.630858 -2.985352 7.406981  -0.744356 -0.292539 0.600296  0.354720 0.440796 2 19 0.800000 18 0.200000
Komainu
0  -2.318115 -3.787353 7.319823  -0.870652 0.220169 0.439876  0.354843 0.470642 2 19 0.800000 20 0.200000
0  -1.794435 -3.407958 7.783446  -0.676354 0.256500 0.690473  0.381759 0.470642 2 19 0.800000 20 0.200000
0  -1.980468 -2.556153 8.184813  -0.480261 -0.381535 0.789797  0.384323 0.440796 2 18 0.500000 19 0.500000
Komainu
0  -1.794435 -3.407958 7.783446  -0.676354 0.256500 0.690473  0.381759 0.470642 2 19 0.800000 20 0.200000
0  -1.312500 -2.274903 8.608155  -0.285792 -0.432350 0.855217  0.415206 0.440796 2 18 0.500000 19 0.500000
0  -1.980468 -2.556153 8.184813  -0.480261 -0.381535 0.789797  0.384323 0.440796 2 18 0.500000 19 0.500000
Komainu
0  -1.794435 -3.407958 7.783446  -0.676354 0.256500 0.690473  0.381759 0.470642 2 19 0.800000 20 0.200000
0  -1.209960 -3.194823 8.069091  -0.449072 0.259689 0.854924  0.415328 0.470642 2 19 0.800000 20 0.200000
0  -1.312500 -2.274903 8.608155  -0.285792 -0.432350 0.855217  0.415206 0.440796 2 18 0.500000 19 0.500000
Komainu
0  -1.209960 -3.194823 8.069091  -0.449072 0.259689 0.854924  0.415328 0.470642 2 19 0.800000 20 0.200000
0  -0.722901 -2.106447 8.859375  -0.137894 -0.455350 0.879569  0.442306 0.440186 2 18 0.500000 19 0.500000
0  -1.312500 -2.274903 8.608155  -0.285792 -0.432350 0.855217  0.415206 0.440796 2 18 0.500000 19 0.500000
Komainu
0  -3.238770 -3.796155 4.795161  -0.905740 -0.410593 0.105108  0.691879 0.417725 2 29 0.800000 19 0.200000
0  -3.465086 -2.852784 4.744626  -0.996526 -0.073157 0.039798  0.777145 0.425476 2 29 0.800000 19 0.200000
0  -3.423338 -3.203619 3.424776  -0.990871 0.061782 -0.119822  0.780685 0.376648 2 29 0.600000 30 0.400000
Komainu
0  -3.238770 -3.796155 4.795161  -0.905740 -0.410593 0.105108  0.691879 0.417725 2 29 0.800000 19 0.200000
0  -2.547362 -4.686055 4.990722  -0.832770 -0.406525 -0.375809  0.582931 0.449341 2 29 0.600000 19 0.400000
0  -2.777342 -4.289070 6.402837  -0.987512 0.118559 0.103747  0.582931 0.483093 3 20 0.480000 19 0.320000 29 0.200000
Komainu
0  -3.238770 -3.796155 4.795161  -0.905740 -0.410593 0.105108  0.691879 0.417725 2 29 0.800000 19 0.200000
0  -2.777342 -4.289070 6.402837  -0.987512 0.118559 0.103747  0.582931 0.483093 3 20 0.480000 19 0.320000 29 0.200000
0  -3.134766 -3.416749 6.353031  -0.904540 -0.303976 0.299009  0.669845 0.483093 2 19 0.800000 29 0.200000
Komainu
0  -3.465086 -2.852784 4.744626  -0.996526 -0.073157 0.039798  0.777145 0.425476 2 29 0.800000 19 0.200000
0  -3.238770 -3.796155 4.795161  -0.905740 -0.410593 0.105108  0.691879 0.417725 2 29 0.800000 19 0.200000
0  -3.134766 -3.416749 6.353031  -0.904540 -0.303976 0.299009  0.669845 0.483093 2 19 0.800000 29 0.200000
Komainu
0  -3.465086 -2.852784 4.744626  -0.996526 -0.073157 0.039798  0.777145 0.425476 2 29 0.800000 19 0.200000
0  -3.134766 -3.416749 6.353031  -0.904540 -0.303976 0.299009  0.669845 0.483093 2 19 0.800000 29 0.200000
0  -3.396240 -2.204589 6.005130  -0.981435 0.005430 0.191716  0.770126 0.483093 2 19 0.800000 29 0.200000
Komainu
0  -3.419679 -1.984120 4.769526  -0.984210 0.143741 -0.103295  0.836288 0.419800 2 29 0.700000 19 0.300000
0  -3.465086 -2.852784 4.744626  -0.996526 -0.073157 0.039798  0.777145 0.425476 2 29 0.800000 19 0.200000
0  -3.396240 -2.204589 6.005130  -0.981435 0.005430 0.191716  0.770126 0.483093 2 19 0.800000 29 0.200000
Komainu
0  -3.423338 -3.203619 3.424776  -0.990871 0.061782 -0.119822  0.780685 0.376648 2 29 0.600000 30 0.400000
0  -3.465086 -2.852784 4.744626  -0.996526 -0.073157 0.039798  0.777145 0.425476 2 29 0.800000 19 0.200000
0  -3.419679 -1.984120 4.769526  -0.984210 0.143741 -0.103295  0.836288 0.419800 2 29 0.700000 19 0.300000
Komainu
0  -3.423338 -3.203619 3.424776  -0.990871 0.061782 -0.119822  0.780685 0.376648 2 29 0.600000 30 0.400000
0  -3.419679 -1.984120 4.769526  -0.984210 0.143741 -0.103295  0.836288 0.419800 2 29 0.700000 19 0.300000
0  -2.956056 -1.897695 3.500226  -0.738398 0.505557 -0.446296  0.840133 0.362122 2 29 0.600000 19 0.400000
Komainu
0  -2.956056 -1.897695 3.500226  -0.738398 0.505557 -0.446296  0.840133 0.362122 2 29 0.600000 19 0.400000
0  -3.277586 -3.447520 2.229444  -0.983802 0.042290 -0.174201  0.773361 0.326965 2 30 0.600000 29 0.400000
0  -3.423338 -3.203619 3.424776  -0.990871 0.061782 -0.119822  0.780685 0.376648 2 29 0.600000 30 0.400000
Komainu
0  -2.956056 -1.897695 3.500226  -0.738398 0.505557 -0.446296  0.840133 0.362122 2 29 0.600000 19 0.400000
0  -2.825685 -2.199450 2.065377  -0.573248 0.743361 -0.344677  0.838729 0.322815 2 29 0.500000 30 0.500000
0  -3.277586 -3.447520 2.229444  -0.983802 0.042290 -0.174201  0.773361 0.326965 2 30 0.600000 29 0.400000
Komainu
0  -1.863282 -1.899891 2.931129  0.066903 0.510626 -0.857196  0.883712 0.350037 2 29 0.600000 19 0.400000
0  -2.825685 -2.199450 2.065377  -0.573248 0.743361 -0.344677  0.838729 0.322815 2 29 0.500000 30 0.500000
0  -2.956056 -1.897695 3.500226  -0.738398 0.505557 -0.446296  0.840133 0.362122 2 29 0.600000 19 0.400000
Komainu
0  -1.863282 -1.899891 2.931129  0.066903 0.510626 -0.857196  0.883712 0.350037 2 29 0.600000 19 0.400000
0  -1.963623 -2.200917 2.069040  0.409902 0.832470 -0.372791  0.883163 0.323486 2 29 0.500000 30 0.500000
0  -2.825685 -2.199450 2.065377  -0.573248 0.743361 -0.344677  0.838729 0.322815 2 29 0.500000 30 0.500000
Komainu
0  -0.905601 -3.243207 2.784327  0.848821 0.097857 -0.519546  0.947921 0.358398 1 29 1.000000
0  -1.963623 -2.200917 2.069040  0.409902 0.832470 -0.372791  0.883163 0.323486 2 29 0.500000 30 0.500000
0  -1.863282 -1.899891 2.931129  0.066903 0.510626 -0.857196  0.883712 0.350037 2 29 0.600000 19 0.400000
Komainu
0  -0.905601 -3.243207 2.784327  0.848821 0.097857 -0.519546  0.947921 0.358398 1 29 1.000000
0  -1.033445 -3.454110 2.236035  0.960069 0.168823 -0.223085  0.950668 0.326172 2 30 0.600000 29 0.400000
0  -1.963623 -2.200917 2.069040  0.409902 0.832470 -0.372791  0.883163 0.323486 2 29 0.500000 30 0.500000
Komainu
0  -1.863282 -1.899891 2.931129  0.066903 0.510626 -0.857196  0.883712 0.350037 2 29 0.600000 19 0.400000
0  -0.714842 -3.210207 2.914299  0.240101 -0.127905 -0.962285  0.946945 0.373840 2 19 0.800000 29 0.200000
0  -0.905601 -3.243207 2.784327  0.848821 0.097857 -0.519546  0.947921 0.358398 1 29 1.000000
Komainu
0  -3.008384 -4.285010 1.710744  -0.948175 -0.307306 -0.080789  0.733505 0.313232 1 30 1.000000
0  -3.090086 -4.136006 2.346633  -0.935945 -0.345289 -0.069154  0.732406 0.326904 2 30 0.800000 29 0.200000
0  -3.277586 -3.447520 2.229444  -0.983802 0.042290 -0.174201  0.773361 0.326965 2 30 0.600000 29 0.400000
Komainu
0  -3.008384 -4.285010 1.710744  -0.948175 -0.307306 -0.080789  0.733505 0.313232 1 30 1.000000
0  -3.277586 -3.447520 2.229444  -0.983802 0.042290 -0.174201  0.773361 0.326965 2 30 0.600000 29 0.400000
0  -3.157068 -3.560952 1.712538  -0.972031 0.061113 -0.226763  0.770919 0.310181 1 30 1.000000
Komainu
0  -2.825685 -2.199450 2.065377  -0.573248 0.743361 -0.344677  0.838729 0.322815 2 29 0.500000 30 0.500000
0  -3.157068 -3.560952 1.712538  -0.972031 0.061113 -0.226763  0.770919 0.310181 1 30 1.000000
0  -3.277586 -3.447520 2.229444  -0.983802 0.042290 -0.174201  0.773361 0.326965 2 30 0.600000 29 0.400000
Komainu
0  -2.825685 -2.199450 2.065377  -0.573248 0.743361 -0.344677  0.838729 0.322815 2 29 0.500000 30 0.500000
0  -2.770751 -2.390614 1.689639  -0.535064 0.695429 -0.479672  0.837997 0.302551 2 30 0.900000 33 0.100000
0  -3.157068 -3.560952 1.712538  -0.972031 0.061113 -0.226763  0.770919 0.310181 1 30 1.000000
Komainu
0  -1.963623 -2.200917 2.069040  0.409902 0.832470 -0.372791  0.883163 0.323486 2 29 0.500000 30 0.500000
0  -2.770751 -2.390614 1.689639  -0.535064 0.695429 -0.479672  0.837997 0.302551 2 30 0.900000 33 0.100000
0  -2.825685 -2.199450 2.065377  -0.573248 0.743361 -0.344677  0.838729 0.322815 2 29 0.500000 30 0.500000
Komainu
0  -1.963623 -2.200917 2.069040  0.409902 0.832470 -0.372791  0.883163 0.323486 2 29 0.500000 30 0.500000
0  -2.027343 -2.390613 1.689639  0.403722 0.798464 -0.446614  0.882736 0.302551 2 30 0.900000 33 0.100000
0  -2.770751 -2.390614 1.689639  -0.535064 0.695429 -0.479672  0.837997 0.302551 2 30 0.900000 33 0.100000
Komainu
0  -1.033445 -3.454110 2.236035  0.960069 0.168823 -0.223085  0.950668 0.326172 2 30 0.600000 29 0.400000
0  -2.027343 -2.390613 1.689639  0.403722 0.798464 -0.446614  0.882736 0.302551 2 30 0.900000 33 0.100000
0  -1.963623 -2.200917 2.069040  0.409902 0.832470 -0.372791  0.883163 0.323486 2 29 0.500000 30 0.500000
Komainu
0  -1.033445 -3.454110 2.236035  0.960069 0.168823 -0.223085  0.950668 0.326172 2 30 0.600000 29 0.400000
0  -1.107017 -3.562902 1.713786  0.956593 0.213565 -0.198291  0.952072 0.310181 1 30 1.000000
0  -2.027343 -2.390613 1.689639  0.403722 0.798464 -0.446614  0.882736 0.302551 2 30 0.900000 33 0.100000
Komainu
0  -1.193114 -3.767592 0.820971  0.936411 0.324278 -0.134085  0.954147 0.257935 2 30 0.700000 33 0.300000
0  -2.027343 -2.390613 1.689639  0.403722 0.798464 -0.446614  0.882736 0.302551 2 30 0.900000 33 0.100000
0  -1.107017 -3.562902 1.713786  0.956593 0.213565 -0.198291  0.952072 0.310181 1 30 1.000000
Komainu
0  -3.008384 -4.285010 1.710744  -0.948175 -0.307306 -0.080789  0.733505 0.313232 1 30 1.000000
0  -3.157068 -3.560952 1.712538  -0.972031 0.061113 -0.226763  0.770919 0.310181 1 30 1.000000
0  -2.947266 -3.767592 0.820971  -0.967902 0.163087 -0.191227  0.754440 0.257935 2 30 0.700000 33 0.300000
Komainu
0  -2.947266 -3.767592 0.820971  -0.967902 0.163087 -0.191227  0.754440 0.257935 2 30 0.700000 33 0.300000
0  -3.157068 -3.560952 1.712538  -0.972031 0.061113 -0.226763  0.770919 0.310181 1 30 1.000000
0  -2.770751 -2.390614 1.689639  -0.535064 0.695429 -0.479672  0.837997 0.302551 2 30 0.900000 33 0.100000
Komainu
0  -2.947266 -3.767592 0.820971  -0.967902 0.163087 -0.191227  0.754440 0.257935 2 30 0.700000 33 0.300000
0  -2.770751 -2.390614 1.689639  -0.535064 0.695429 -0.479672  0.837997 0.302551 2 30 0.900000 33 0.100000
0  -2.583251 -3.134764 0.575604  -0.498399 0.741565 -0.449088  0.831954 0.247437 2 30 0.600000 33 0.400000
Komainu
0  -2.583251 -3.134764 0.575604  -0.498399 0.741565 -0.449088  0.831954 0.247437 2 30 0.600000 33 0.400000
0  -2.770751 -2.390614 1.689639  -0.535064 0.695429 -0.479672  0.837997 0.302551 2 30 0.900000 33 0.100000
0  -2.027343 -2.390613 1.689639  0.403722 0.798464 -0.446614  0.882736 0.302551 2 30 0.900000 33 0.100000
Komainu
0  -2.583251 -3.134764 0.575604  -0.498399 0.741565 -0.449088  0.831954 0.247437 2 30 0.600000 33 0.400000
0  -2.027343 -2.390613 1.689639  0.403722 0.798464 -0.446614  0.882736 0.302551 2 30 0.900000 33 0.100000
0  -2.011230 -3.134764 0.575604  0.340064 0.846060 -0.410536  0.879684 0.247437 2 30 0.600000 33 0.400000
Komainu
0  -1.193114 -3.767592 0.820971  0.936411 0.324278 -0.134085  0.954147 0.257935 2 30 0.700000 33 0.300000
0  -2.011230 -3.134764 0.575604  0.340064 0.846060 -0.410536  0.879684 0.247437 2 30 0.600000 33 0.400000
0  -2.027343 -2.390613 1.689639  0.403722 0.798464 -0.446614  0.882736 0.302551 2 30 0.900000 33 0.100000
Komainu
0  -2.011230 -3.134764 0.575604  0.340064 0.846060 -0.410536  0.879684 0.247437 2 30 0.600000 33 0.400000
0  -1.193114 -3.767592 0.820971  0.936411 0.324278 -0.134085  0.954147 0.257935 2 30 0.700000 33 0.300000
0  -1.154297 -3.875991 -0.000099  0.762905 0.165185 -0.625052  0.956832 0.229736 2 33 0.900000 30 0.100000
Komainu
0  -2.011230 -3.134764 0.575604  0.340064 0.846060 -0.410536  0.879684 0.247437 2 30 0.600000 33 0.400000
0  -1.154297 -3.875991 -0.000099  0.762905 0.165185 -0.625052  0.956832 0.229736 2 33 0.900000 30 0.100000
0  -1.959228 -3.430665 -0.000096  0.231490 0.696060 -0.679642  0.879379 0.229736 2 33 0.800000 30 0.200000
Komainu
0  -2.531250 -3.430665 -0.000096  -0.356029 0.602688 -0.714150  0.825546 0.229736 2 33 0.800000 30 0.200000
0  -2.011230 -3.134764 0.575604  0.340064 0.846060 -0.410536  0.879684 0.247437 2 30 0.600000 33 0.400000
0  -1.959228 -3.430665 -0.000096  0.231490 0.696060 -0.679642  0.879379 0.229736 2 33 0.800000 30 0.200000
Komainu
0  -2.531250 -3.430665 -0.000096  -0.356029 0.602688 -0.714150  0.825546 0.229736 2 33 0.800000 30 0.200000
0  -2.583251 -3.134764 0.575604  -0.498399 0.741565 -0.449088  0.831954 0.247437 2 30 0.600000 33 0.400000
0  -2.011230 -3.134764 0.575604  0.340064 0.846060 -0.410536  0.879684 0.247437 2 30 0.600000 33 0.400000
Komainu
0  -2.907713 -3.889910 -0.000099  -0.778728 0.108264 -0.617949  0.741622 0.229736 2 33 0.900000 30 0.100000
0  -2.583251 -3.134764 0.575604  -0.498399 0.741565 -0.449088  0.831954 0.247437 2 30 0.600000 33 0.400000
0  -2.531250 -3.430665 -0.000096  -0.356029 0.602688 -0.714150  0.825546 0.229736 2 33 0.800000 30 0.200000
Komainu
0  -2.907713 -3.889910 -0.000099  -0.778728 0.108264 -0.617949  0.741622 0.229736 2 33 0.900000 30 0.100000
0  -2.947266 -3.767592 0.820971  -0.967902 0.163087 -0.191227  0.754440 0.257935 2 30 0.700000 33 0.300000
0  -2.583251 -3.134764 0.575604  -0.498399 0.741565 -0.449088  0.831954 0.247437 2 30 0.600000 33 0.400000
Komainu
0  -2.947266 -3.767592 0.820971  -0.967902 0.163087 -0.191227  0.754440 0.257935 2 30 0.700000 33 0.300000
0  -2.907713 -3.889910 -0.000099  -0.778728 0.108264 -0.617949  0.741622 0.229736 2 33 0.900000 30 0.100000
0  -2.868896 -4.577673 0.398352  -0.980070 -0.196537 0.028906  0.725326 0.239868 2 33 0.800000 30 0.200000
Komainu
0  -2.947266 -3.767592 0.820971  -0.967902 0.163087 -0.191227  0.754440 0.257935 2 30 0.700000 33 0.300000
0  -2.868896 -4.577673 0.398352  -0.980070 -0.196537 0.028906  0.725326 0.239868 2 33 0.800000 30 0.200000
0  -2.908445 -4.402617 0.882498  -0.970268 -0.241288 -0.018976  0.732467 0.260498 2 30 0.700000 33 0.300000
Komainu
0  -2.908445 -4.402617 0.882498  -0.970268 -0.241288 -0.018976  0.732467 0.260498 2 30 0.700000 33 0.300000
0  -2.868896 -4.577673 0.398352  -0.980070 -0.196537 0.028906  0.725326 0.239868 2 33 0.800000 30 0.200000
0  -2.506346 -5.726151 0.535320  -0.619812 -0.749789 0.231623  0.709030 0.250061 2 33 0.900000 30 0.100000
Komainu
0  -2.908445 -4.402617 0.882498  -0.970268 -0.241288 -0.018976  0.732467 0.260498 2 30 0.700000 33 0.300000
0  -2.506346 -5.726151 0.535320  -0.619812 -0.749789 0.231623  0.709030 0.250061 2 33 0.900000 30 0.100000
0  -2.545166 -5.236869 0.943290  -0.578608 -0.728639 0.366466  0.710433 0.263123 2 33 0.600000 30 0.400000
Komainu
0  -1.696289 -5.726151 0.535320  0.581259 -0.762623 0.283803  0.672592 0.250061 2 33 0.900000 30 0.100000
0  -2.545166 -5.236869 0.943290  -0.578608 -0.728639 0.366466  0.710433 0.263123 2 33 0.600000 30 0.400000
0  -2.506346 -5.726151 0.535320  -0.619812 -0.749789 0.231623  0.709030 0.250061 2 33 0.900000 30 0.100000
Komainu
0  -1.696289 -5.726151 0.535320  0.581259 -0.762623 0.283803  0.672592 0.250061 2 33 0.900000 30 0.100000
0  -1.735106 -5.236869 0.943290  0.497803 -0.734892 0.460571  0.667526 0.263123 2 33 0.600000 30 0.400000
0  -2.545166 -5.236869 0.943290  -0.578608 -0.728639 0.366466  0.710433 0.263123 2 33 0.600000 30 0.400000
Komainu
0  -2.868896 -4.577673 0.398352  -0.980070 -0.196537 0.028906  0.725326 0.239868 2 33 0.800000 30 0.200000
0  -2.907713 -3.889910 -0.000099  -0.778728 0.108264 -0.617949  0.741622 0.229736 2 33 0.900000 30 0.100000
0  -2.869223 -4.657836 0.000117  -0.690062 -0.134147 -0.711210  0.725204 0.229736 1 33 1.000000
Komainu
0  -2.505944 -5.608521 0.000117  -0.466612 -0.644210 -0.606026  0.708785 0.229736 1 33 1.000000
0  -2.868896 -4.577673 0.398352  -0.980070 -0.196537 0.028906  0.725326 0.239868 2 33 0.800000 30 0.200000
0  -2.869223 -4.657836 0.000117  -0.690062 -0.134147 -0.711210  0.725204 0.229736 1 33 1.000000
Komainu
0  -2.505944 -5.608521 0.000117  -0.466612 -0.644210 -0.606026  0.708785 0.229736 1 33 1.000000
0  -2.506346 -5.726151 0.535320  -0.619812 -0.749789 0.231623  0.709030 0.250061 2 33 0.900000 30 0.100000
0  -2.868896 -4.577673 0.398352  -0.980070 -0.196537 0.028906  0.725326 0.239868 2 33 0.800000 30 0.200000
Komainu
0  -1.695884 -5.608521 0.000117  0.449232 -0.663527 -0.598266  0.673568 0.229736 1 33 1.000000
0  -2.506346 -5.726151 0.535320  -0.619812 -0.749789 0.231623  0.709030 0.250061 2 33 0.900000 30 0.100000
0  -2.505944 -5.608521 0.000117  -0.466612 -0.644210 -0.606026  0.708785 0.229736 1 33 1.000000
Komainu
0  -1.695884 -5.608521 0.000117  0.449232 -0.663527 -0.598266  0.673568 0.229736 1 33 1.000000
0  -1.696289 -5.726151 0.535320  0.581259 -0.762623 0.283803  0.672592 0.250061 2 33 0.900000 30 0.100000
0  -2.506346 -5.726151 0.535320  -0.619812 -0.749789 0.231623  0.709030 0.250061 2 33 0.900000 30 0.100000
Komainu
0  -1.256432 -4.654173 0.000117  0.681698 -0.183831 -0.708162  0.632858 0.229736 1 33 1.000000
0  -1.696289 -5.726151 0.535320  0.581259 -0.762623 0.283803  0.672592 0.250061 2 33 0.900000 30 0.100000
0  -1.695884 -5.608521 0.000117  0.449232 -0.663527 -0.598266  0.673568 0.229736 1 33 1.000000
Komainu
0  -1.256432 -4.654173 0.000117  0.681698 -0.183831 -0.708162  0.632858 0.229736 1 33 1.000000
0  -1.256102 -4.572546 0.398352  0.961303 -0.252270 0.110708  0.632614 0.239868 2 33 0.800000 30 0.200000
0  -1.696289 -5.726151 0.535320  0.581259 -0.762623 0.283803  0.672592 0.250061 2 33 0.900000 30 0.100000
Komainu
0  -1.154297 -3.875991 -0.000099  0.762905 0.165185 -0.625052  0.592330 0.229736 2 33 0.900000 30 0.100000
0  -1.256102 -4.572546 0.398352  0.961303 -0.252270 0.110708  0.632614 0.239868 2 33 0.800000 30 0.200000
0  -1.256432 -4.654173 0.000117  0.681698 -0.183831 -0.708162  0.632858 0.229736 1 33 1.000000
Komainu
0  -1.735106 -5.236869 0.943290  0.497803 -0.734892 0.460571  0.667526 0.263123 2 33 0.600000 30 0.400000
0  -1.696289 -5.726151 0.535320  0.581259 -0.762623 0.283803  0.672592 0.250061 2 33 0.900000 30 0.100000
0  -1.256102 -4.572546 0.398352  0.961303 -0.252270 0.110708  0.632614 0.239868 2 33 0.800000 30 0.200000
Komainu
0  -1.735106 -5.236869 0.943290  0.497803 -0.734892 0.460571  0.667526 0.263123 2 33 0.600000 30 0.400000
0  -1.256102 -4.572546 0.398352  0.961303 -0.252270 0.110708  0.632614 0.239868 2 33 0.800000 30 0.200000
0  -1.295654 -4.402614 0.882498  0.940067 -0.309206 0.143756  0.629012 0.260498 2 30 0.700000 33 0.300000
Komainu
0  -1.295654 -4.402614 0.882498  0.940067 -0.309206 0.143756  0.629012 0.260498 2 30 0.700000 33 0.300000
0  -1.256102 -4.572546 0.398352  0.961303 -0.252270 0.110708  0.632614 0.239868 2 33 0.800000 30 0.200000
0  -1.154297 -3.875991 -0.000099  0.762905 0.165185 -0.625052  0.592330 0.229736 2 33 0.900000 30 0.100000
Komainu
0  -1.295654 -4.402614 0.882498  0.940067 -0.309206 0.143756  0.629012 0.260498 2 30 0.700000 33 0.300000
0  -1.154297 -3.875991 -0.000099  0.762905 0.165185 -0.625052  0.592330 0.229736 2 33 0.900000 30 0.100000
0  -1.193114 -3.767592 0.820971  0.936411 0.324278 -0.134085  0.589767 0.257935 2 30 0.700000 33 0.300000
Komainu
0  -1.295654 -4.402614 0.882498  0.940067 -0.309206 0.143756  0.629012 0.260498 2 30 0.700000 33 0.300000
0  -1.193114 -3.767592 0.820971  0.936411 0.324278 -0.134085  0.589767 0.257935 2 30 0.700000 33 0.300000
0  -1.107017 -3.562902 1.713786  0.956593 0.213565 -0.198291  0.582992 0.310181 1 30 1.000000
Komainu
0  -1.295654 -4.402614 0.882498  0.940067 -0.309206 0.143756  0.629012 0.260498 2 30 0.700000 33 0.300000
0  -1.107017 -3.562902 1.713786  0.956593 0.213565 -0.198291  0.582992 0.310181 1 30 1.000000
0  -1.265219 -4.280564 1.713402  0.907332 -0.416468 0.057465  0.620345 0.312927 1 30 1.000000
Komainu
0  -1.033445 -3.454110 2.236035  0.960069 0.168823 -0.223085  0.581954 0.326172 2 30 0.600000 29 0.400000
0  -1.265219 -4.280564 1.713402  0.907332 -0.416468 0.057465  0.620345 0.312927 1 30 1.000000
0  -1.107017 -3.562902 1.713786  0.956593 0.213565 -0.198291  0.582992 0.310181 1 30 1.000000
Komainu
0  -1.033445 -3.454110 2.236035  0.960069 0.168823 -0.223085  0.581954 0.326172 2 30 0.600000 29 0.400000
0  -1.208495 -4.116962 2.348097  0.879841 -0.475175 0.009401  0.620101 0.326904 2 30 0.900000 29 0.100000
0  -1.265219 -4.280564 1.713402  0.907332 -0.416468 0.057465  0.620345 0.312927 1 30 1.000000
Komainu
0  -1.033445 -3.454110 2.236035  0.960069 0.168823 -0.223085  0.581954 0.326172 2 30 0.600000 29 0.400000
0  -1.086182 -3.938982 2.890830  0.819531 -0.570688 -0.051799  0.609908 0.360718 2 29 0.500000 30 0.500000
0  -1.208495 -4.116962 2.348097  0.879841 -0.475175 0.009401  0.620101 0.326904 2 30 0.900000 29 0.100000
Komainu
0  -1.208495 -4.116962 2.348097  0.879841 -0.475175 0.009401  0.620101 0.326904 2 30 0.900000 29 0.100000
0  -1.086182 -3.938982 2.890830  0.819531 -0.570688 -0.051799  0.609908 0.360718 2 29 0.500000 30 0.500000
0  -1.843505 -4.697045 3.262182  0.423716 -0.896339 0.130541  0.650802 0.368530 3 29 0.500000 30 0.300000 19 0.200000
Komainu
0  -1.893311 -4.443622 4.166739  -0.046916 -0.873726 -0.484151  0.599288 0.421265 3 29 0.500000 19 0.350000 30 0.150000
0  -1.843505 -4.697045 3.262182  0.423716 -0.896339 0.130541  0.650802 0.368530 3 29 0.500000 30 0.300000 19 0.200000
0  -1.086182 -3.938982 2.890830  0.819531 -0.570688 -0.051799  0.609908 0.360718 2 29 0.500000 30 0.500000
Komainu
0  -1.843505 -4.697045 3.262182  0.423716 -0.896339 0.130541  0.650802 0.368530 3 29 0.500000 30 0.300000 19 0.200000
0  -1.893311 -4.443622 4.166739  -0.046916 -0.873726 -0.484151  0.599288 0.421265 3 29 0.500000 19 0.350000 30 0.150000
0  -2.547362 -4.686055 4.990722  -0.832770 -0.406525 -0.375809  0.582931 0.449341 2 29 0.600000 19 0.400000
Komainu
0  -1.843505 -4.697045 3.262182  0.423716 -0.896339 0.130541  0.650802 0.368530 3 29 0.500000 30 0.300000 19 0.200000
0  -2.547362 -4.686055 4.990722  -0.832770 -0.406525 -0.375809  0.582931 0.449341 2 29 0.600000 19 0.400000
0  -2.871824 -4.623069 3.469461  -0.551818 -0.827644 0.102483  0.690780 0.374756 3 29 0.500000 30 0.300000 19 0.200000
Komainu
0  -2.871824 -4.623069 3.469461  -0.551818 -0.827644 0.102483  0.690780 0.374756 3 29 0.500000 30 0.300000 19 0.200000
0  -2.547362 -4.686055 4.990722  -0.832770 -0.406525 -0.375809  0.582931 0.449341 2 29 0.600000 19 0.400000
0  -3.238770 -3.796155 4.795161  -0.905740 -0.410593 0.105108  0.691879 0.417725 2 29 0.800000 19 0.200000
Komainu
0  -3.299558 -3.949969 3.467991  -0.930481 -0.366339 -0.000492  0.726730 0.375488 2 29 0.600000 30 0.400000
0  -2.871824 -4.623069 3.469461  -0.551818 -0.827644 0.102483  0.690780 0.374756 3 29 0.500000 30 0.300000 19 0.200000
0  -3.238770 -3.796155 4.795161  -0.905740 -0.410593 0.105108  0.691879 0.417725 2 29 0.800000 19 0.200000
Komainu
0  -3.238770 -3.796155 4.795161  -0.905740 -0.410593 0.105108  0.691879 0.417725 2 29 0.800000 19 0.200000
0  -3.423338 -3.203619 3.424776  -0.990871 0.061782 -0.119822  0.780685 0.376648 2 29 0.600000 30 0.400000
0  -3.299558 -3.949969 3.467991  -0.930481 -0.366339 -0.000492  0.726730 0.375488 2 29 0.600000 30 0.400000
Komainu
0  -3.090086 -4.136006 2.346633  -0.935945 -0.345289 -0.069154  0.732406 0.326904 2 30 0.800000 29 0.200000
0  -3.299558 -3.949969 3.467991  -0.930481 -0.366339 -0.000492  0.726730 0.375488 2 29 0.600000 30 0.400000
0  -3.423338 -3.203619 3.424776  -0.990871 0.061782 -0.119822  0.780685 0.376648 2 29 0.600000 30 0.400000
Komainu
0  -3.090086 -4.136006 2.346633  -0.935945 -0.345289 -0.069154  0.732406 0.326904 2 30 0.800000 29 0.200000
0  -3.423338 -3.203619 3.424776  -0.990871 0.061782 -0.119822  0.780685 0.376648 2 29 0.600000 30 0.400000
0  -3.277586 -3.447520 2.229444  -0.983802 0.042290 -0.174201  0.773361 0.326965 2 30 0.600000 29 0.400000
Komainu
0  -1.033445 -3.454110 2.236035  0.960069 0.168823 -0.223085  0.581954 0.326172 2 30 0.600000 29 0.400000
0  -0.905601 -3.243207 2.784327  0.848821 0.097857 -0.519546  0.580001 0.358398 1 29 1.000000
0  -1.086182 -3.938982 2.890830  0.819531 -0.570688 -0.051799  0.609908 0.360718 2 29 0.500000 30 0.500000
Komainu
0  -1.086182 -3.938982 2.890830  0.819531 -0.570688 -0.051799  0.609908 0.360718 2 29 0.500000 30 0.500000
0  -0.905601 -3.243207 2.784327  0.848821 0.097857 -0.519546  0.580001 0.358398 1 29 1.000000
0  -0.714842 -3.210207 2.914299  0.240101 -0.127905 -0.962285  0.580001 0.374695 2 19 0.800000 29 0.200000
Komainu
0  -1.086182 -3.938982 2.890830  0.819531 -0.570688 -0.051799  0.609908 0.360718 2 29 0.500000 30 0.500000
0  -0.714842 -3.210207 2.914299  0.240101 -0.127905 -0.962285  0.580001 0.374695 2 19 0.800000 29 0.200000
0  -0.811523 -3.594729 3.136224  0.199341 -0.632661 -0.748334  0.598678 0.377808 2 19 0.800000 29 0.200000
Komainu
0  -0.811523 -3.594729 3.136224  0.199341 -0.632661 -0.748334  0.598678 0.377808 2 19 0.800000 29 0.200000
0  -1.100096 -3.802002 3.429930  0.212045 -0.860415 -0.463382  0.609908 0.382874 3 19 0.800000 20 0.100000 29 0.100000
0  -1.086182 -3.938982 2.890830  0.819531 -0.570688 -0.051799  0.609908 0.360718 2 29 0.500000 30 0.500000
Komainu
0  -1.893311 -4.443622 4.166739  -0.046916 -0.873726 -0.484151  0.599288 0.421265 3 29 0.500000 19 0.350000 30 0.150000
0  -1.086182 -3.938982 2.890830  0.819531 -0.570688 -0.051799  0.609908 0.360718 2 29 0.500000 30 0.500000
0  -1.100096 -3.802002 3.429930  0.212045 -0.860415 -0.463382  0.609908 0.382874 3 19 0.800000 20 0.100000 29 0.100000
Komainu
0  -1.893311 -4.443622 4.166739  -0.046916 -0.873726 -0.484151  0.599288 0.421265 3 29 0.500000 19 0.350000 30 0.150000
0  -1.100096 -3.802002 3.429930  0.212045 -0.860415 -0.463382  0.609908 0.382874 3 19 0.800000 20 0.100000 29 0.100000
0  -1.539551 -4.238529 3.855465  0.036300 -0.794086 -0.606721  0.606918 0.403198 3 19 0.700000 29 0.230000 20 0.070000
Komainu
0  -3.008384 -4.285010 1.710744  -0.948175 -0.307306 -0.080789  0.733505 0.313232 1 30 1.000000
0  -2.947266 -3.767592 0.820971  -0.967902 0.163087 -0.191227  0.754440 0.257935 2 30 0.700000 33 0.300000
0  -2.908445 -4.402617 0.882498  -0.970268 -0.241288 -0.018976  0.732467 0.260498 2 30 0.700000 33 0.300000
Komainu
0  -3.008384 -4.285010 1.710744  -0.948175 -0.307306 -0.080789  0.733505 0.313232 1 30 1.000000
0  -2.908445 -4.402617 0.882498  -0.970268 -0.241288 -0.018976  0.732467 0.260498 2 30 0.700000 33 0.300000
0  -2.545166 -5.236869 0.943290  -0.578608 -0.728639 0.366466  0.710433 0.263123 2 33 0.600000 30 0.400000
Komainu
0  -3.008384 -4.285010 1.710744  -0.948175 -0.307306 -0.080789  0.733505 0.313232 1 30 1.000000
0  -2.545166 -5.236869 0.943290  -0.578608 -0.728639 0.366466  0.710433 0.263123 2 33 0.600000 30 0.400000
0  -2.679929 -4.996621 1.713078  -0.546691 -0.825284 0.141546  0.708541 0.315308 3 30 0.800000 29 0.100000 33 0.100000
Komainu
0  -1.735106 -5.236869 0.943290  0.497803 -0.734892 0.460571  0.667526 0.263123 2 33 0.600000 30 0.400000
0  -2.679929 -4.996621 1.713078  -0.546691 -0.825284 0.141546  0.708541 0.315308 3 30 0.800000 29 0.100000 33 0.100000
0  -2.545166 -5.236869 0.943290  -0.578608 -0.728639 0.366466  0.710433 0.263123 2 33 0.600000 30 0.400000
Komainu
0  -1.735106 -5.236869 0.943290  0.497803 -0.734892 0.460571  0.667526 0.263123 2 33 0.600000 30 0.400000
0  -1.866209 -5.012733 1.713078  0.435423 -0.869653 0.232617  0.654952 0.315308 3 30 0.800000 29 0.100000 33 0.100000
0  -2.679929 -4.996621 1.713078  -0.546691 -0.825284 0.141546  0.708541 0.315308 3 30 0.800000 29 0.100000 33 0.100000
Komainu
0  -1.295654 -4.402614 0.882498  0.940067 -0.309206 0.143756  0.629012 0.260498 2 30 0.700000 33 0.300000
0  -1.866209 -5.012733 1.713078  0.435423 -0.869653 0.232617  0.654952 0.315308 3 30 0.800000 29 0.100000 33 0.100000
0  -1.735106 -5.236869 0.943290  0.497803 -0.734892 0.460571  0.667526 0.263123 2 33 0.600000 30 0.400000
Komainu
0  -1.295654 -4.402614 0.882498  0.940067 -0.309206 0.143756  0.629012 0.260498 2 30 0.700000 33 0.300000
0  -1.265219 -4.280564 1.713402  0.907332 -0.416468 0.057465  0.620345 0.312927 1 30 1.000000
0  -1.866209 -5.012733 1.713078  0.435423 -0.869653 0.232617  0.654952 0.315308 3 30 0.800000 29 0.100000 33 0.100000
Komainu
0  -1.265219 -4.280564 1.713402  0.907332 -0.416468 0.057465  0.620345 0.312927 1 30 1.000000
0  -1.864745 -4.822299 2.428665  0.400590 -0.899969 0.171996  0.653488 0.327393 2 30 0.800000 29 0.200000
0  -1.866209 -5.012733 1.713078  0.435423 -0.869653 0.232617  0.654952 0.315308 3 30 0.800000 29 0.100000 33 0.100000
Komainu
0  -1.265219 -4.280564 1.713402  0.907332 -0.416468 0.057465  0.620345 0.312927 1 30 1.000000
0  -1.208495 -4.116962 2.348097  0.879841 -0.475175 0.009401  0.620101 0.326904 2 30 0.900000 29 0.100000
0  -1.864745 -4.822299 2.428665  0.400590 -0.899969 0.171996  0.653488 0.327393 2 30 0.800000 29 0.200000
Komainu
0  -1.208495 -4.116962 2.348097  0.879841 -0.475175 0.009401  0.620101 0.326904 2 30 0.900000 29 0.100000
0  -1.843505 -4.697045 3.262182  0.423716 -0.896339 0.130541  0.650802 0.368530 3 29 0.500000 30 0.300000 19 0.200000
0  -1.864745 -4.822299 2.428665  0.400590 -0.899969 0.171996  0.653488 0.327393 2 30 0.800000 29 0.200000
Komainu
0  -1.843505 -4.697045 3.262182  0.423716 -0.896339 0.130541  0.650802 0.368530 3 29 0.500000 30 0.300000 19 0.200000
0  -2.761229 -4.833284 2.428665  -0.528134 -0.842398 0.106954  0.705062 0.326904 2 30 0.800000 29 0.200000
0  -1.864745 -4.822299 2.428665  0.400590 -0.899969 0.171996  0.653488 0.327393 2 30 0.800000 29 0.200000
Komainu
0  -1.843505 -4.697045 3.262182  0.423716 -0.896339 0.130541  0.650802 0.368530 3 29 0.500000 30 0.300000 19 0.200000
0  -2.871824 -4.623069 3.469461  -0.551818 -0.827644 0.102483  0.690780 0.374756 3 29 0.500000 30 0.300000 19 0.200000
0  -2.761229 -4.833284 2.428665  -0.528134 -0.842398 0.106954  0.705062 0.326904 2 30 0.800000 29 0.200000
Komainu
0  -2.761229 -4.833284 2.428665  -0.528134 -0.842398 0.106954  0.705062 0.326904 2 30 0.800000 29 0.200000
0  -2.871824 -4.623069 3.469461  -0.551818 -0.827644 0.102483  0.690780 0.374756 3 29 0.500000 30 0.300000 19 0.200000
0  -3.299558 -3.949969 3.467991  -0.930481 -0.366339 -0.000492  0.726730 0.375488 2 29 0.600000 30 0.400000
Komainu
0  -2.761229 -4.833284 2.428665  -0.528134 -0.842398 0.106954  0.705062 0.326904 2 30 0.800000 29 0.200000
0  -3.299558 -3.949969 3.467991  -0.930481 -0.366339 -0.000492  0.726730 0.375488 2 29 0.600000 30 0.400000
0  -3.090086 -4.136006 2.346633  -0.935945 -0.345289 -0.069154  0.732406 0.326904 2 30 0.800000 29 0.200000
Komainu
0  -2.679929 -4.996621 1.713078  -0.546691 -0.825284 0.141546  0.708541 0.315308 3 30 0.800000 29 0.100000 33 0.100000
0  -2.761229 -4.833284 2.428665  -0.528134 -0.842398 0.106954  0.705062 0.326904 2 30 0.800000 29 0.200000
0  -3.090086 -4.136006 2.346633  -0.935945 -0.345289 -0.069154  0.732406 0.326904 2 30 0.800000 29 0.200000
Komainu
0  -2.679929 -4.996621 1.713078  -0.546691 -0.825284 0.141546  0.708541 0.315308 3 30 0.800000 29 0.100000 33 0.100000
0  -3.090086 -4.136006 2.346633  -0.935945 -0.345289 -0.069154  0.732406 0.326904 2 30 0.800000 29 0.200000
0  -3.008384 -4.285010 1.710744  -0.948175 -0.307306 -0.080789  0.733505 0.313232 1 30 1.000000
Komainu
0  -1.864745 -4.822299 2.428665  0.400590 -0.899969 0.171996  0.653488 0.327393 2 30 0.800000 29 0.200000
0  -2.679929 -4.996621 1.713078  -0.546691 -0.825284 0.141546  0.708541 0.315308 3 30 0.800000 29 0.100000 33 0.100000
0  -1.866209 -5.012733 1.713078  0.435423 -0.869653 0.232617  0.654952 0.315308 3 30 0.800000 29 0.100000 33 0.100000
Komainu
0  -1.864745 -4.822299 2.428665  0.400590 -0.899969 0.171996  0.653488 0.327393 2 30 0.800000 29 0.200000
0  -2.761229 -4.833284 2.428665  -0.528134 -0.842398 0.106954  0.705062 0.326904 2 30 0.800000 29 0.200000
0  -2.679929 -4.996621 1.713078  -0.546691 -0.825284 0.141546  0.708541 0.315308 3 30 0.800000 29 0.100000 33 0.100000
Komainu
0  -2.869223 -4.657836 0.000117  -0.690062 -0.134147 -0.711210  0.876388 0.453919 1 33 1.000000
0  -1.695884 -5.608521 0.000117  0.449232 -0.663527 -0.598266  0.913986 0.470032 1 33 1.000000
0  -2.505944 -5.608521 0.000117  -0.466612 -0.644210 -0.606026  0.886031 0.470032 1 33 1.000000
Komainu
0  -2.869223 -4.657836 0.000117  -0.690062 -0.134147 -0.711210  0.876388 0.453919 1 33 1.000000
0  -1.256432 -4.654173 0.000117  0.681698 -0.183831 -0.708162  0.921554 0.453919 1 33 1.000000
0  -1.695884 -5.608521 0.000117  0.449232 -0.663527 -0.598266  0.913986 0.470032 1 33 1.000000
Komainu
0  -2.869223 -4.657836 0.000117  -0.690062 -0.134147 -0.711210  0.876388 0.453919 1 33 1.000000
0  -1.154297 -3.875991 -0.000099  0.762905 0.165185 -0.625052  0.929183 0.437744 2 33 0.900000 30 0.100000
0  -1.256432 -4.654173 0.000117  0.681698 -0.183831 -0.708162  0.921554 0.453919 1 33 1.000000
Komainu
0  -2.869223 -4.657836 0.000117  -0.690062 -0.134147 -0.711210  0.876388 0.453919 1 33 1.000000
0  -2.907713 -3.889910 -0.000099  -0.778728 0.108264 -0.617949  0.866744 0.437744 2 33 0.900000 30 0.100000
0  -1.154297 -3.875991 -0.000099  0.762905 0.165185 -0.625052  0.929183 0.437744 2 33 0.900000 30 0.100000
Komainu
0  -2.907713 -3.889910 -0.000099  -0.778728 0.108264 -0.617949  0.866744 0.437744 2 33 0.900000 30 0.100000
0  -1.959228 -3.430665 -0.000096  0.231490 0.696060 -0.679642  0.912277 0.404663 2 33 0.800000 30 0.200000
0  -1.154297 -3.875991 -0.000099  0.762905 0.165185 -0.625052  0.929183 0.437744 2 33 0.900000 30 0.100000
Komainu
0  -2.907713 -3.889910 -0.000099  -0.778728 0.108264 -0.617949  0.866744 0.437744 2 33 0.900000 30 0.100000
0  -2.531250 -3.430665 -0.000096  -0.356029 0.602688 -0.714150  0.884811 0.404663 2 33 0.800000 30 0.200000
0  -1.959228 -3.430665 -0.000096  0.231490 0.696060 -0.679642  0.912277 0.404663 2 33 0.800000 30 0.200000
Komainu
0  -0.000001 5.616336 4.660336  -0.000001 0.822155 -0.569263  0.054305 0.098816 3 8 0.400000 7 0.300000 13 0.300000
0  0.747804 3.007332 3.332430  -0.212130 -0.062281 -0.975255  0.093673 0.195557 2 7 0.500000 8 0.500000
0  0.000000 3.150156 3.273852  -0.000005 0.163739 -0.986504  0.054305 0.232605 3 7 0.600000 8 0.200000 13 0.200000
Komainu
0  -0.000001 5.616336 4.660336  -0.000001 0.822155 -0.569263  0.054305 0.098816 3 8 0.400000 7 0.300000 13 0.300000
0  0.700193 5.703480 4.660344  -0.152043 0.877790 -0.454277  0.097091 0.098999 2 8 0.600000 7 0.400000
0  0.747804 3.007332 3.332430  -0.212130 -0.062281 -0.975255  0.093673 0.195557 2 7 0.500000 8 0.500000
Komainu
0  -0.000001 5.874102 6.094481  0.000000 0.999584 0.028826  0.054550 0.016113 3 7 0.600000 8 0.200000 13 0.200000
0  0.700193 5.703480 4.660344  -0.152043 0.877790 -0.454277  0.097091 0.098999 2 8 0.600000 7 0.400000
0  -0.000001 5.616336 4.660336  -0.000001 0.822155 -0.569263  0.054305 0.098816 3 8 0.400000 7 0.300000 13 0.300000
Komainu
0  -0.000001 5.874102 6.094481  0.000000 0.999584 0.028826  0.054550 0.016113 3 7 0.600000 8 0.200000 13 0.200000
0  0.776366 5.817705 6.165528  0.074505 0.995283 0.062140  0.073898 0.016541 2 7 0.600000 8 0.400000
0  0.700193 5.703480 4.660344  -0.152043 0.877790 -0.454277  0.097091 0.098999 2 8 0.600000 7 0.400000
Komainu
0  1.876463 5.633131 6.338386  0.202340 0.970252 0.132926  0.102828 0.017090 2 7 0.600000 8 0.400000
0  0.700193 5.703480 4.660344  -0.152043 0.877790 -0.454277  0.097091 0.098999 2 8 0.600000 7 0.400000
0  0.776366 5.817705 6.165528  0.074505 0.995283 0.062140  0.073898 0.016541 2 7 0.600000 8 0.400000
Komainu
0  1.876463 5.633131 6.338386  0.202340 0.970252 0.132926  0.102828 0.017090 2 7 0.600000 8 0.400000
0  2.019287 5.693958 5.086632  0.260984 0.956574 -0.129822  0.132064 0.081787 2 8 0.600000 7 0.400000
0  0.700193 5.703480 4.660344  -0.152043 0.877790 -0.454277  0.097091 0.098999 2 8 0.600000 7 0.400000
Komainu
0  1.876463 5.633131 6.338386  0.202340 0.970252 0.132926  0.102828 0.017090 2 7 0.600000 8 0.400000
0  2.741453 5.436834 5.862300  0.427366 0.903644 0.028048  0.149642 0.053589 2 7 0.600000 8 0.400000
0  2.019287 5.693958 5.086632  0.260984 0.956574 -0.129822  0.132064 0.081787 2 8 0.600000 7 0.400000
Komainu
0  1.876463 5.633131 6.338386  0.202340 0.970252 0.132926  0.102828 0.017090 2 7 0.600000 8 0.400000
0  2.284424 5.482231 6.418218  0.283706 0.943876 0.169145  0.129928 0.020203 2 7 0.700000 8 0.300000
0  2.741453 5.436834 5.862300  0.427366 0.903644 0.028048  0.149642 0.053589 2 7 0.600000 8 0.400000
Komainu
0  0.747804 3.007332 3.332430  -0.212130 -0.062281 -0.975255  0.093673 0.195557 2 7 0.500000 8 0.500000
0  0.000000 1.048827 3.592530  -0.000000 0.101095 -0.994877  0.054305 0.303345 2 7 0.800000 18 0.200000
0  0.000000 3.150156 3.273852  -0.000005 0.163739 -0.986504  0.054305 0.232605 3 7 0.600000 8 0.200000 13 0.200000
Komainu
0  0.000000 1.048827 3.592530  -0.000000 0.101095 -0.994877  0.054305 0.303345 2 7 0.800000 18 0.200000
0  -0.747804 3.007332 3.332430  0.212121 -0.062276 -0.975257  0.093673 0.195557 2 7 0.500000 13 0.500000
0  0.000000 3.150156 3.273852  -0.000005 0.163739 -0.986504  0.054305 0.232605 3 7 0.600000 8 0.200000 13 0.200000
Komainu
0  -0.747804 3.007332 3.332430  0.212121 -0.062276 -0.975257  0.093673 0.195557 2 7 0.500000 13 0.500000
0  -0.000001 5.616336 4.660336  -0.000001 0.822155 -0.569263  0.054305 0.098816 3 8 0.400000 7 0.300000 13 0.300000
0  0.000000 3.150156 3.273852  -0.000005 0.163739 -0.986504  0.054305 0.232605 3 7 0.600000 8 0.200000 13 0.200000
Komainu
0  -0.747804 3.007332 3.332430  0.212121 -0.062276 -0.975257  0.093673 0.195557 2 7 0.500000 13 0.500000
0  -0.700195 5.703480 4.660344  0.152032 0.877786 -0.454288  0.097091 0.098999 2 13 0.600000 7 0.400000
0  -0.000001 5.616336 4.660336  -0.000001 0.822155 -0.569263  0.054305 0.098816 3 8 0.400000 7 0.300000 13 0.300000
Komainu
0  -0.700195 5.703480 4.660344  0.152032 0.877786 -0.454288  0.097091 0.098999 2 13 0.600000 7 0.400000
0  -0.000001 5.874102 6.094481  0.000000 0.999584 0.028826  0.054550 0.016113 3 7 0.600000 8 0.200000 13 0.200000
0  -0.000001 5.616336 4.660336  -0.000001 0.822155 -0.569263  0.054305 0.098816 3 8 0.400000 7 0.300000 13 0.300000
Komainu
0  -0.700195 5.703480 4.660344  0.152032 0.877786 -0.454288  0.097091 0.098999 2 13 0.600000 7 0.400000
0  -0.776368 5.817705 6.165528  -0.074504 0.995283 0.062137  0.073898 0.016541 2 7 0.600000 13 0.400000
0  -0.000001 5.874102 6.094481  0.000000 0.999584 0.028826  0.054550 0.016113 3 7 0.600000 8 0.200000 13 0.200000
Komainu
0  -0.700195 5.703480 4.660344  0.152032 0.877786 -0.454288  0.097091 0.098999 2 13 0.600000 7 0.400000
0  -1.876465 5.633130 6.338386  -0.202301 0.970264 0.132895  0.102828 0.017090 2 7 0.600000 13 0.400000
0  -0.776368 5.817705 6.165528  -0.074504 0.995283 0.062137  0.073898 0.016541 2 7 0.600000 13 0.400000
Komainu
0  -0.700195 5.703480 4.660344  0.152032 0.877786 -0.454288  0.097091 0.098999 2 13 0.600000 7 0.400000
0  -2.019289 5.693957 5.086632  -0.260983 0.956574 -0.129827  0.132064 0.081787 2 13 0.600000 7 0.400000
0  -1.876465 5.633130 6.338386  -0.202301 0.970264 0.132895  0.102828 0.017090 2 7 0.600000 13 0.400000
Komainu
0  -2.741455 5.436833 5.862300  -0.427360 0.903649 0.027943  0.149642 0.053589 2 7 0.600000 13 0.400000
0  -1.876465 5.633130 6.338386  -0.202301 0.970264 0.132895  0.102828 0.017090 2 7 0.600000 13 0.400000
0  -2.019289 5.693957 5.086632  -0.260983 0.956574 -0.129827  0.132064 0.081787 2 13 0.600000 7 0.400000
Komainu
0  -2.741455 5.436833 5.862300  -0.427360 0.903649 0.027943  0.149642 0.053589 2 7 0.600000 13 0.400000
0  -2.284426 5.482230 6.418218  -0.283705 0.943876 0.169145  0.129928 0.020203 2 7 0.700000 13 0.300000
0  -1.876465 5.633130 6.338386  -0.202301 0.970264 0.132895  0.102828 0.017090 2 7 0.600000 13 0.400000
Komainu
0  3.126707 4.379901 7.014417  0.800805 0.491415 0.342378  0.287704 0.143982 2 7 0.800000 8 0.200000
0  3.462158 4.373343 6.238773  0.800842 0.491319 0.342428  0.239791 0.148804 2 8 0.510000 7 0.490000
0  3.443114 4.522761 6.218997  0.800843 0.491316 0.342430  0.241927 0.139465 2 7 0.500000 8 0.500000
Komainu
0  3.126707 4.379901 7.014417  0.800805 0.491415 0.342378  0.287704 0.143982 2 7 0.800000 8 0.200000
0  3.380126 4.144068 6.910416  0.800771 0.491465 0.342385  0.265792 0.157165 2 7 0.700000 8 0.300000
0  3.462158 4.373343 6.238773  0.800842 0.491319 0.342428  0.239791 0.148804 2 8 0.510000 7 0.490000
Komainu
0  3.713378 4.511053 4.645695  0.683057 0.584596 -0.437814  0.177368 0.148438 2 8 0.600000 7 0.400000
0  3.580076 4.519839 4.579776  0.696778 0.683667 -0.217025  0.170593 0.140930 2 8 0.600000 7 0.400000
0  3.134765 5.101392 5.135712  0.525555 0.834436 -0.165858  0.191895 0.108398 2 7 0.500000 8 0.500000
Komainu
0  3.935303 3.782259 4.381293  0.735115 0.298474 -0.608703  0.167603 0.183228 2 7 0.500000 8 0.500000
0  3.580076 4.519839 4.579776  0.696778 0.683667 -0.217025  0.170593 0.140930 2 8 0.600000 7 0.400000
0  3.713378 4.511053 4.645695  0.683057 0.584596 -0.437814  0.177368 0.148438 2 8 0.600000 7 0.400000
Komainu
0  3.935303 3.782259 4.381293  0.735115 0.298474 -0.608703  0.167603 0.183228 2 7 0.500000 8 0.500000
0  3.811523 3.786651 4.305117  0.525028 0.525315 -0.669620  0.159424 0.179810 2 7 0.500000 8 0.500000
0  3.580076 4.519839 4.579776  0.696778 0.683667 -0.217025  0.170593 0.140930 2 8 0.600000 7 0.400000
Komainu
0  4.056884 2.950201 4.291191  0.781798 -0.012504 -0.623406  0.170227 0.218018 2 8 0.600000 7 0.400000
0  3.811523 3.786651 4.305117  0.525028 0.525315 -0.669620  0.159424 0.179810 2 7 0.500000 8 0.500000
0  3.935303 3.782259 4.381293  0.735115 0.298474 -0.608703  0.167603 0.183228 2 7 0.500000 8 0.500000
Komainu
0  4.056884 2.950201 4.291191  0.781798 -0.012504 -0.623406  0.170227 0.218018 2 8 0.600000 7 0.400000
0  3.923583 2.926029 4.215015  0.528678 -0.066172 -0.846239  0.159424 0.218445 2 8 0.600000 7 0.400000
0  3.811523 3.786651 4.305117  0.525028 0.525315 -0.669620  0.159424 0.179810 2 7 0.500000 8 0.500000
Komainu
0  4.083251 2.078581 4.630305  0.789831 -0.370314 -0.488911  0.178711 0.250549 2 8 0.700000 7 0.300000
0  3.923583 2.926029 4.215015  0.528678 -0.066172 -0.846239  0.159424 0.218445 2 8 0.600000 7 0.400000
0  4.056884 2.950201 4.291191  0.781798 -0.012504 -0.623406  0.170227 0.218018 2 8 0.600000 7 0.400000
Komainu
0  4.083251 2.078581 4.630305  0.789831 -0.370314 -0.488911  0.178711 0.250549 2 8 0.700000 7 0.300000
0  3.927978 2.023648 4.540944  0.509460 -0.532221 -0.676159  0.169983 0.252808 2 8 0.700000 7 0.300000
0  3.923583 2.926029 4.215015  0.528678 -0.066172 -0.846239  0.159424 0.218445 2 8 0.600000 7 0.400000
Komainu
0  4.091310 1.461871 5.496807  0.781452 -0.602258 -0.163150  0.210938 0.273499 2 7 0.500000 8 0.500000
0  3.927978 2.023648 4.540944  0.509460 -0.532221 -0.676159  0.169983 0.252808 2 8 0.700000 7 0.300000
0  4.083251 2.078581 4.630305  0.789831 -0.370314 -0.488911  0.178711 0.250549 2 8 0.700000 7 0.300000
Komainu
0  4.091310 1.461871 5.496807  0.781452 -0.602258 -0.163150  0.210938 0.273499 2 7 0.500000 8 0.500000
0  3.902343 1.398148 5.457255  0.430592 -0.863416 -0.262874  0.207398 0.282898 2 7 0.500000 8 0.500000
0  3.927978 2.023648 4.540944  0.509460 -0.532221 -0.676159  0.169983 0.252808 2 8 0.700000 7 0.300000
Komainu
0  3.387449 5.029612 5.293920  0.610703 0.777761 -0.148759  0.197998 0.117310 2 7 0.500000 8 0.500000
0  3.134765 5.101392 5.135712  0.525555 0.834436 -0.165858  0.191895 0.108398 2 7 0.500000 8 0.500000
0  2.741453 5.436834 5.862300  0.427366 0.903644 0.028048  0.239319 0.089600 2 7 0.600000 8 0.400000
Komainu
0  3.713378 4.511053 4.645695  0.683057 0.584596 -0.437814  0.177368 0.148438 2 8 0.600000 7 0.400000
0  3.134765 5.101392 5.135712  0.525555 0.834436 -0.165858  0.191895 0.108398 2 7 0.500000 8 0.500000
0  3.387449 5.029612 5.293920  0.610703 0.777761 -0.148759  0.197998 0.117310 2 7 0.500000 8 0.500000
Komainu
0  3.971921 4.234186 5.022174  0.944666 0.300861 0.130725  0.189880 0.161499 2 8 0.600000 7 0.400000
0  3.713378 4.511053 4.645695  0.683057 0.584596 -0.437814  0.177368 0.148438 2 8 0.600000 7 0.400000
0  3.387449 5.029612 5.293920  0.610703 0.777761 -0.148759  0.197998 0.117310 2 7 0.500000 8 0.500000
Komainu
0  3.935303 3.782259 4.381293  0.735115 0.298474 -0.608703  0.167603 0.183228 2 7 0.500000 8 0.500000
0  3.713378 4.511053 4.645695  0.683057 0.584596 -0.437814  0.177368 0.148438 2 8 0.600000 7 0.400000
0  3.971921 4.234186 5.022174  0.944666 0.300861 0.130725  0.189880 0.161499 2 8 0.600000 7 0.400000
Komainu
0  3.935303 3.782259 4.381293  0.735115 0.298474 -0.608703  0.167603 0.183228 2 7 0.500000 8 0.500000
0  3.971921 4.234186 5.022174  0.944666 0.300861 0.130725  0.189880 0.161499 2 8 0.600000 7 0.400000
0  4.127931 3.626980 4.828818  0.976875 0.204057 0.063843  0.183838 0.189514 2 7 0.500000 8 0.500000
Komainu
0  4.222413 3.029305 4.762155  0.994736 0.100461 0.020190  0.185608 0.216553 2 8 0.600000 7 0.400000
0  3.935303 3.782259 4.381293  0.735115 0.298474 -0.608703  0.167603 0.183228 2 7 0.500000 8 0.500000
0  4.127931 3.626980 4.828818  0.976875 0.204057 0.063843  0.183838 0.189514 2 7 0.500000 8 0.500000
Komainu
0  4.222413 3.029305 4.762155  0.994736 0.100461 0.020190  0.185608 0.216553 2 8 0.600000 7 0.400000
0  4.056884 2.950201 4.291191  0.781798 -0.012504 -0.623406  0.170227 0.218018 2 8 0.600000 7 0.400000
0  3.935303 3.782259 4.381293  0.735115 0.298474 -0.608703  0.167603 0.183228 2 7 0.500000 8 0.500000
Komainu
0  4.234130 2.424301 4.978221  0.999556 0.013406 0.026594  0.192444 0.241455 2 8 0.700000 7 0.300000
0  4.056884 2.950201 4.291191  0.781798 -0.012504 -0.623406  0.170227 0.218018 2 8 0.600000 7 0.400000
0  4.222413 3.029305 4.762155  0.994736 0.100461 0.020190  0.185608 0.216553 2 8 0.600000 7 0.400000
Komainu
0  4.234130 2.424301 4.978221  0.999556 0.013406 0.026594  0.192444 0.241455 2 8 0.700000 7 0.300000
0  4.083251 2.078581 4.630305  0.789831 -0.370314 -0.488911  0.178711 0.250549 2 8 0.700000 7 0.300000
0  4.056884 2.950201 4.291191  0.781798 -0.012504 -0.623406  0.170227 0.218018 2 8 0.600000 7 0.400000
Komainu
0  4.203369 1.850800 5.638170  0.996921 0.011785 0.077525  0.217407 0.256531 2 7 0.500000 8 0.500000
0  4.083251 2.078581 4.630305  0.789831 -0.370314 -0.488911  0.178711 0.250549 2 8 0.700000 7 0.300000
0  4.234130 2.424301 4.978221  0.999556 0.013406 0.026594  0.192444 0.241455 2 8 0.700000 7 0.300000
Komainu
0  4.203369 1.850800 5.638170  0.996921 0.011785 0.077525  0.217407 0.256531 2 7 0.500000 8 0.500000
0  4.091310 1.461871 5.496807  0.781452 -0.602258 -0.163150  0.210938 0.273499 2 7 0.500000 8 0.500000
0  4.083251 2.078581 4.630305  0.789831 -0.370314 -0.488911  0.178711 0.250549 2 8 0.700000 7 0.300000
Komainu
0  4.023924 1.452358 6.482677  0.767329 -0.587468 0.257076  0.252258 0.269226 2 7 0.600000 8 0.400000
0  4.091310 1.461871 5.496807  0.781452 -0.602258 -0.163150  0.210938 0.273499 2 7 0.500000 8 0.500000
0  4.203369 1.850800 5.638170  0.996921 0.011785 0.077525  0.217407 0.256531 2 7 0.500000 8 0.500000
Komainu
0  4.023924 1.452358 6.482677  0.767329 -0.587468 0.257076  0.252258 0.269226 2 7 0.600000 8 0.400000
0  3.902343 1.398148 5.457255  0.430592 -0.863416 -0.262874  0.207398 0.282898 2 7 0.500000 8 0.500000
0  4.091310 1.461871 5.496807  0.781452 -0.602258 -0.163150  0.210938 0.273499 2 7 0.500000 8 0.500000
Komainu
0  4.023924 1.452358 6.482677  0.767329 -0.587468 0.257076  0.252258 0.269226 2 7 0.600000 8 0.400000
0  3.854004 1.367395 6.476817  0.427539 -0.867389 0.254650  0.254639 0.277527 2 7 0.600000 8 0.400000
0  3.902343 1.398148 5.457255  0.430592 -0.863416 -0.262874  0.207398 0.282898 2 7 0.500000 8 0.500000
Komainu
0  3.632079 1.761460 7.313247  0.460443 -0.539005 0.705313  0.285522 0.254700 2 7 0.800000 8 0.200000
0  3.854004 1.367395 6.476817  0.427539 -0.867389 0.254650  0.254639 0.277527 2 7 0.600000 8 0.400000
0  4.023924 1.452358 6.482677  0.767329 -0.587468 0.257076  0.252258 0.269226 2 7 0.600000 8 0.400000
Komainu
0  4.105956 1.885963 6.352304  0.990107 0.026921 0.137710  0.246277 0.251526 2 7 0.600000 8 0.400000
0  4.203369 1.850800 5.638170  0.996921 0.011785 0.077525  0.217407 0.256531 2 7 0.500000 8 0.500000
0  4.024659 2.395735 5.760483  0.949029 0.255203 0.184975  0.223938 0.235840 2 8 0.600000 7 0.400000
Komainu
0  4.024659 2.395735 5.760483  0.949029 0.255203 0.184975  0.223938 0.235840 2 8 0.600000 7 0.400000
0  4.203369 1.850800 5.638170  0.996921 0.011785 0.077525  0.217407 0.256531 2 7 0.500000 8 0.500000
0  4.234130 2.424301 4.978221  0.999556 0.013406 0.026594  0.192444 0.241455 2 8 0.700000 7 0.300000
Komainu
0  4.024659 2.395735 5.760483  0.949029 0.255203 0.184975  0.223938 0.235840 2 8 0.600000 7 0.400000
0  4.234130 2.424301 4.978221  0.999556 0.013406 0.026594  0.192444 0.241455 2 8 0.700000 7 0.300000
0  4.083983 2.708491 5.308557  0.937534 0.189031 0.292057  0.210388 0.224976 2 8 0.700000 7 0.300000
Komainu
0  4.083983 2.708491 5.308557  0.937534 0.189031 0.292057  0.210388 0.224976 2 8 0.700000 7 0.300000
0  4.234130 2.424301 4.978221  0.999556 0.013406 0.026594  0.192444 0.241455 2 8 0.700000 7 0.300000
0  4.222413 3.029305 4.762155  0.994736 0.100461 0.020190  0.185608 0.216553 2 8 0.600000 7 0.400000
Komainu
0  4.083983 2.708491 5.308557  0.937534 0.189031 0.292057  0.210388 0.224976 2 8 0.700000 7 0.300000
0  4.222413 3.029305 4.762155  0.994736 0.100461 0.020190  0.185608 0.216553 2 8 0.600000 7 0.400000
0  4.080320 3.090100 5.119584  0.918130 0.145627 0.368551  0.204285 0.209412 2 8 0.700000 7 0.300000
Komainu
0  4.222413 3.029305 4.762155  0.994736 0.100461 0.020190  0.185608 0.216553 2 8 0.600000 7 0.400000
0  3.977783 3.506134 5.129838  0.891118 0.109544 0.440351  0.201843 0.191223 2 8 0.700000 7 0.300000
0  4.080320 3.090100 5.119584  0.918130 0.145627 0.368551  0.204285 0.209412 2 8 0.700000 7 0.300000
Komainu
0  4.222413 3.029305 4.762155  0.994736 0.100461 0.020190  0.185608 0.216553 2 8 0.600000 7 0.400000
0  4.127931 3.626980 4.828818  0.976875 0.204057 0.063843  0.183838 0.189514 2 7 0.500000 8 0.500000
0  3.977783 3.506134 5.129838  0.891118 0.109544 0.440351  0.201843 0.191223 2 8 0.700000 7 0.300000
Komainu
0  4.127931 3.626980 4.828818  0.976875 0.204057 0.063843  0.183838 0.189514 2 7 0.500000 8 0.500000
0  3.859131 3.930225 5.286585  0.894327 0.067793 0.442248  0.200867 0.171875 2 8 0.700000 7 0.300000
0  3.977783 3.506134 5.129838  0.891118 0.109544 0.440351  0.201843 0.191223 2 8 0.700000 7 0.300000
Komainu
0  4.127931 3.626980 4.828818  0.976875 0.204057 0.063843  0.183838 0.189514 2 7 0.500000 8 0.500000
0  3.971921 4.234186 5.022174  0.944666 0.300861 0.130725  0.189880 0.161499 2 8 0.600000 7 0.400000
0  3.859131 3.930225 5.286585  0.894327 0.067793 0.442248  0.200867 0.171875 2 8 0.700000 7 0.300000
Komainu
0  3.859131 3.930225 5.286585  0.894327 0.067793 0.442248  0.200867 0.171875 2 8 0.700000 7 0.300000
0  3.971921 4.234186 5.022174  0.944666 0.300861 0.130725  0.189880 0.161499 2 8 0.600000 7 0.400000
0  3.707519 4.666320 5.509992  0.909006 0.327247 0.258103  0.208801 0.132446 2 7 0.500000 8 0.500000
Komainu
0  3.971921 4.234186 5.022174  0.944666 0.300861 0.130725  0.189880 0.161499 2 8 0.600000 7 0.400000
0  3.387449 5.029612 5.293920  0.610703 0.777761 -0.148759  0.197998 0.117310 2 7 0.500000 8 0.500000
0  3.707519 4.666320 5.509992  0.909006 0.327247 0.258103  0.208801 0.132446 2 7 0.500000 8 0.500000
Komainu
0  3.707519 4.666320 5.509992  0.909006 0.327247 0.258103  0.208801 0.132446 2 7 0.500000 8 0.500000
0  3.387449 5.029612 5.293920  0.610703 0.777761 -0.148759  0.197998 0.117310 2 7 0.500000 8 0.500000
0  3.052733 5.225162 6.021236  0.536415 0.825794 0.174135  0.242065 0.102478 2 7 0.600000 8 0.400000
Komainu
0  3.387449 5.029612 5.293920  0.610703 0.777761 -0.148759  0.197998 0.117310 2 7 0.500000 8 0.500000
0  2.741453 5.436834 5.862300  0.427366 0.903644 0.028048  0.239319 0.089600 2 7 0.600000 8 0.400000
0  3.052733 5.225162 6.021236  0.536415 0.825794 0.174135  0.242065 0.102478 2 7 0.600000 8 0.400000
Komainu
0  2.741453 5.436834 5.862300  0.427366 0.903644 0.028048  0.239319 0.089600 2 7 0.600000 8 0.400000
0  2.490233 5.405323 6.464364  0.415341 0.858892 0.299661  0.280212 0.081909 2 7 0.700000 8 0.300000
0  3.052733 5.225162 6.021236  0.536415 0.825794 0.174135  0.242065 0.102478 2 7 0.600000 8 0.400000
Komainu
0  2.490233 5.405323 6.464364  0.415341 0.858892 0.299661  0.280212 0.081909 2 7 0.700000 8 0.300000
0  2.556884 5.028105 7.344741  0.415656 0.802827 0.427434  0.312805 0.096619 2 7 0.800000 8 0.200000
0  3.052733 5.225162 6.021236  0.536415 0.825794 0.174135  0.242065 0.102478 2 7 0.600000 8 0.400000
Komainu
0  3.417479 4.935114 6.220461  0.846802 0.434320 0.307072  0.244446 0.124268 2 7 0.600000 8 0.400000
0  3.052733 5.225162 6.021236  0.536415 0.825794 0.174135  0.242065 0.102478 2 7 0.600000 8 0.400000
0  2.556884 5.028105 7.344741  0.415656 0.802827 0.427434  0.312805 0.096619 2 7 0.800000 8 0.200000
Komainu
0  3.417479 4.935114 6.220461  0.846802 0.434320 0.307072  0.244446 0.124268 2 7 0.600000 8 0.400000
0  2.556884 5.028105 7.344741  0.415656 0.802827 0.427434  0.312805 0.096619 2 7 0.800000 8 0.200000
0  3.076172 4.746118 7.108168  0.819228 0.384608 0.425374  0.294556 0.127502 2 7 0.800000 8 0.200000
Komainu
0  3.126707 4.379901 7.014417  0.936321 0.014841 0.350831  0.289673 0.143982 2 7 0.800000 8 0.200000
0  3.417479 4.935114 6.220461  0.846802 0.434320 0.307072  0.244446 0.124268 2 7 0.600000 8 0.400000
0  3.076172 4.746118 7.108168  0.819228 0.384608 0.425374  0.294556 0.127502 2 7 0.800000 8 0.200000
Komainu
0  3.707519 4.666320 5.509992  0.909006 0.327247 0.258103  0.208801 0.132446 2 7 0.500000 8 0.500000
0  3.052733 5.225162 6.021236  0.536415 0.825794 0.174135  0.242065 0.102478 2 7 0.600000 8 0.400000
0  3.417479 4.935114 6.220461  0.846802 0.434320 0.307072  0.244446 0.124268 2 7 0.600000 8 0.400000
Komainu
0  3.859131 3.930225 5.286585  0.894327 0.067793 0.442248  0.200867 0.171875 2 8 0.700000 7 0.300000
0  3.707519 4.666320 5.509992  0.909006 0.327247 0.258103  0.208801 0.132446 2 7 0.500000 8 0.500000
0  3.722168 4.268610 5.561257  0.894276 0.067814 0.442348  0.213623 0.149292 2 8 0.590000 7 0.410000
Komainu
0  3.707519 4.666320 5.509992  0.909006 0.327247 0.258103  0.208801 0.132446 2 7 0.500000 8 0.500000
0  3.551513 4.358692 5.860101  0.919779 0.103514 0.378539  0.221924 0.143860 2 7 0.500000 8 0.500000
0  3.722168 4.268610 5.561257  0.894276 0.067814 0.442348  0.213623 0.149292 2 8 0.590000 7 0.410000
Komainu
0  3.417479 4.935114 6.220461  0.846802 0.434320 0.307072  0.244446 0.124268 2 7 0.600000 8 0.400000
0  3.551513 4.358692 5.860101  0.919779 0.103514 0.378539  0.221924 0.143860 2 7 0.500000 8 0.500000
0  3.707519 4.666320 5.509992  0.909006 0.327247 0.258103  0.208801 0.132446 2 7 0.500000 8 0.500000
Komainu
0  3.417479 4.935114 6.220461  0.846802 0.434320 0.307072  0.244446 0.124268 2 7 0.600000 8 0.400000
0  3.443114 4.522761 6.218997  0.936318 0.014819 0.350842  0.243896 0.139465 2 7 0.500000 8 0.500000
0  3.551513 4.358692 5.860101  0.919779 0.103514 0.378539  0.221924 0.143860 2 7 0.500000 8 0.500000
Komainu
0  3.126707 4.379901 7.014417  0.936321 0.014841 0.350831  0.289673 0.143982 2 7 0.800000 8 0.200000
0  3.443114 4.522761 6.218997  0.936318 0.014819 0.350842  0.243896 0.139465 2 7 0.500000 8 0.500000
0  3.417479 4.935114 6.220461  0.846802 0.434320 0.307072  0.244446 0.124268 2 7 0.600000 8 0.400000
Komainu
0  3.076172 4.746118 7.108168  0.819228 0.384608 0.425374  0.294556 0.127502 2 7 0.800000 8 0.200000
0  2.212646 4.330831 8.585481  0.375344 0.592479 0.712801  0.364258 0.128967 2 7 0.800000 8 0.200000
0  2.658689 4.049578 8.339382  0.834400 0.250965 0.490706  0.337769 0.150757 2 7 0.800000 8 0.200000
Komainu
0  3.076172 4.746118 7.108168  0.819228 0.384608 0.425374  0.294556 0.127502 2 7 0.800000 8 0.200000
0  2.556884 5.028105 7.344741  0.415656 0.802827 0.427434  0.312805 0.096619 2 7 0.800000 8 0.200000
0  2.212646 4.330831 8.585481  0.375344 0.592479 0.712801  0.364258 0.128967 2 7 0.800000 8 0.200000
Komainu
0  2.658689 4.049578 8.339382  0.834400 0.250965 0.490706  0.337769 0.150757 2 7 0.800000 8 0.200000
0  2.212646 4.330831 8.585481  0.375344 0.592479 0.712801  0.364258 0.128967 2 7 0.800000 8 0.200000
0  2.096921 2.948730 9.268064  0.276838 0.263262 0.924150  0.390808 0.199219 2 7 0.800000 18 0.200000
Komainu
0  2.658689 4.049578 8.339382  0.834400 0.250965 0.490706  0.337769 0.150757 2 7 0.800000 8 0.200000
0  2.096921 2.948730 9.268064  0.276838 0.263262 0.924150  0.390808 0.199219 2 7 0.800000 18 0.200000
0  2.513673 2.876220 9.035889  0.786698 0.118520 0.605854  0.377502 0.205566 2 7 0.800000 18 0.200000
Komainu
0  2.658689 4.049578 8.339382  0.834400 0.250965 0.490706  0.337769 0.150757 2 7 0.800000 8 0.200000
0  3.126707 4.379901 7.014417  0.936321 0.014841 0.350831  0.289673 0.143982 2 7 0.800000 8 0.200000
0  3.076172 4.746118 7.108168  0.819228 0.384608 0.425374  0.294556 0.127502 2 7 0.800000 8 0.200000
Komainu
0  2.658689 4.049578 8.339382  0.834400 0.250965 0.490706  0.337769 0.150757 2 7 0.800000 8 0.200000
0  2.715086 3.918472 8.103540  0.962398 -0.007192 0.271547  0.326416 0.159302 2 7 0.800000 8 0.200000
0  3.126707 4.379901 7.014417  0.936321 0.014841 0.350831  0.289673 0.143982 2 7 0.800000 8 0.200000
Komainu
0  2.545898 2.803710 8.864502  0.931778 -0.010381 0.362880  0.370117 0.208191 2 7 0.800000 18 0.200000
0  2.715086 3.918472 8.103540  0.962398 -0.007192 0.271547  0.326416 0.159302 2 7 0.800000 8 0.200000
0  2.658689 4.049578 8.339382  0.834400 0.250965 0.490706  0.337769 0.150757 2 7 0.800000 8 0.200000
Komainu
0  2.545898 2.803710 8.864502  0.931778 -0.010381 0.362880  0.370117 0.208191 2 7 0.800000 18 0.200000
0  2.658689 4.049578 8.339382  0.834400 0.250965 0.490706  0.337769 0.150757 2 7 0.800000 8 0.200000
0  2.513673 2.876220 9.035889  0.786698 0.118520 0.605854  0.377502 0.205566 2 7 0.800000 18 0.200000
Komainu
0  2.513673 2.876220 9.035889  0.786698 0.118520 0.605854  0.377502 0.205566 2 7 0.800000 18 0.200000
0  2.515869 2.326170 9.008787  0.863191 -0.021665 0.504412  0.379150 0.222778 2 7 0.600000 18 0.400000
0  2.545898 2.803710 8.864502  0.931778 -0.010381 0.362880  0.370117 0.208191 2 7 0.800000 18 0.200000
Komainu
0  2.513673 2.876220 9.035889  0.786698 0.118520 0.605854  0.377502 0.205566 2 7 0.800000 18 0.200000
0  2.305665 2.108643 9.245361  0.733701 0.050047 0.677626  0.387146 0.229919 2 7 0.600000 18 0.400000
0  2.515869 2.326170 9.008787  0.863191 -0.021665 0.504412  0.379150 0.222778 2 7 0.600000 18 0.400000
Komainu
0  2.096921 2.948730 9.268064  0.276838 0.263262 0.924150  0.390808 0.199219 2 7 0.800000 18 0.200000
0  2.305665 2.108643 9.245361  0.733701 0.050047 0.677626  0.387146 0.229919 2 7 0.600000 18 0.400000
0  2.513673 2.876220 9.035889  0.786698 0.118520 0.605854  0.377502 0.205566 2 7 0.800000 18 0.200000
Komainu
0  2.096921 2.948730 9.268064  0.276838 0.263262 0.924150  0.390808 0.199219 2 7 0.800000 18 0.200000
0  2.118165 1.758543 9.473877  0.566355 0.118974 0.815529  0.397034 0.241211 2 7 0.600000 18 0.400000
0  2.305665 2.108643 9.245361  0.733701 0.050047 0.677626  0.387146 0.229919 2 7 0.600000 18 0.400000
Komainu
0  2.173094 5.113798 7.423845  0.201387 0.880253 0.429649  0.332947 0.077087 2 7 0.800000 8 0.200000
0  2.212646 4.330831 8.585481  0.375344 0.592479 0.712801  0.364258 0.128967 2 7 0.800000 8 0.200000
0  2.556884 5.028105 7.344741  0.415656 0.802827 0.427434  0.312805 0.096619 2 7 0.800000 8 0.200000
Komainu
0  2.173094 5.113798 7.423845  0.201387 0.880253 0.429649  0.332947 0.077087 2 7 0.800000 8 0.200000
0  1.883054 4.310322 8.559846  0.129573 0.668573 0.732271  0.381592 0.123657 2 7 0.800000 8 0.200000
0  2.212646 4.330831 8.585481  0.375344 0.592479 0.712801  0.364258 0.128967 2 7 0.800000 8 0.200000
Komainu
0  1.883054 4.310322 8.559846  0.129573 0.668573 0.732271  0.381592 0.123657 2 7 0.800000 8 0.200000
0  2.096921 2.948730 9.268064  0.276838 0.263262 0.924150  0.390808 0.199219 2 7 0.800000 18 0.200000
0  2.212646 4.330831 8.585481  0.375344 0.592479 0.712801  0.364258 0.128967 2 7 0.800000 8 0.200000
Komainu
0  1.883054 4.310322 8.559846  0.129573 0.668573 0.732271  0.381592 0.123657 2 7 0.800000 8 0.200000
0  1.768797 2.971434 9.394776  0.256295 0.306405 0.916749  0.402649 0.195374 2 7 0.800000 18 0.200000
0  2.096921 2.948730 9.268064  0.276838 0.263262 0.924150  0.390808 0.199219 2 7 0.800000 18 0.200000
Komainu
0  1.768797 2.971434 9.394776  0.256295 0.306405 0.916749  0.402649 0.195374 2 7 0.800000 18 0.200000
0  2.033937 1.360839 9.509034  0.011793 0.149665 0.988666  0.400330 0.252686 2 7 0.500000 18 0.500000
0  2.096921 2.948730 9.268064  0.276838 0.263262 0.924150  0.390808 0.199219 2 7 0.800000 18 0.200000
Komainu
0  2.096921 2.948730 9.268064  0.276838 0.263262 0.924150  0.390808 0.199219 2 7 0.800000 18 0.200000
0  2.033937 1.360839 9.509034  0.011793 0.149665 0.988666  0.400330 0.252686 2 7 0.500000 18 0.500000
0  2.118165 1.758543 9.473877  -0.343208 0.154232 0.926510  0.397034 0.241211 2 7 0.600000 18 0.400000
Komainu
0  2.033201 5.171661 7.473651  0.561503 0.677751 0.474730  0.347961 0.068115 2 7 0.800000 8 0.200000
0  1.883054 4.310322 8.559846  0.675511 0.437363 0.593631  0.381592 0.123657 2 7 0.800000 8 0.200000
0  2.173094 5.113798 7.423845  0.201387 0.880253 0.429649  0.332947 0.077087 2 7 0.800000 8 0.200000
Komainu
0  2.033201 5.171661 7.473651  0.561503 0.677751 0.474730  0.347961 0.068115 2 7 0.800000 8 0.200000
0  1.707275 4.417257 8.740023  0.554802 0.503221 0.662543  0.388061 0.121399 2 7 0.800000 8 0.200000
0  1.883054 4.310322 8.559846  0.675511 0.437363 0.593631  0.381592 0.123657 2 7 0.800000 8 0.200000
Komainu
0  1.852295 5.310822 7.543962  0.402358 0.791634 0.459808  0.372376 0.055176 2 7 0.800000 8 0.200000
0  1.707275 4.417257 8.740023  0.554802 0.503221 0.662543  0.388061 0.121399 2 7 0.800000 8 0.200000
0  2.033201 5.171661 7.473651  0.561503 0.677751 0.474730  0.347961 0.068115 2 7 0.800000 8 0.200000
Komainu
0  1.852295 5.310822 7.543962  0.402358 0.791634 0.459808  0.372376 0.055176 2 7 0.800000 8 0.200000
0  1.327148 4.513938 8.864538  0.251605 0.621066 0.742275  0.415100 0.117798 2 7 0.800000 8 0.200000
0  1.707275 4.417257 8.740023  0.554802 0.503221 0.662543  0.388061 0.121399 2 7 0.800000 8 0.200000
Komainu
0  1.253175 1.404051 9.779299  0.081414 -0.016183 0.996549  0.425354 0.253723 2 7 0.500000 18 0.500000
0  1.576173 0.596190 9.678223  -0.146188 -0.369788 0.917543  0.415833 0.280762 2 18 0.600000 7 0.400000
0  1.968018 0.797607 9.593262  0.440847 -0.077341 0.894244  0.405212 0.277954 2 7 0.500000 18 0.500000
Komainu
0  1.253175 1.404051 9.779299  0.081414 -0.016183 0.996549  0.425354 0.253723 2 7 0.500000 18 0.500000
0  1.968018 0.797607 9.593262  0.440847 -0.077341 0.894244  0.405212 0.277954 2 7 0.500000 18 0.500000
0  1.756347 1.403319 9.670167  0.393638 0.068613 0.916701  0.409058 0.254822 2 7 0.500000 18 0.500000
Komainu
0  2.033937 1.360839 9.509034  0.532174 0.103879 0.840238  0.400330 0.252686 2 7 0.500000 18 0.500000
0  1.756347 1.403319 9.670167  0.393638 0.068613 0.916701  0.409058 0.254822 2 7 0.500000 18 0.500000
0  1.968018 0.797607 9.593262  0.440847 -0.077341 0.894244  0.405212 0.277954 2 7 0.500000 18 0.500000
Komainu
0  1.598145 2.979492 9.515625  0.470207 0.254037 0.845204  0.408325 0.194763 2 7 0.800000 18 0.200000
0  1.756347 1.403319 9.670167  0.393638 0.068613 0.916701  0.409058 0.254822 2 7 0.500000 18 0.500000
0  2.033937 1.360839 9.509034  0.532174 0.103879 0.840238  0.400330 0.252686 2 7 0.500000 18 0.500000
Komainu
0  1.598145 2.979492 9.515625  0.470207 0.254037 0.845204  0.408325 0.194763 2 7 0.800000 18 0.200000
0  2.033937 1.360839 9.509034  0.532174 0.103879 0.840238  0.400330 0.252686 2 7 0.500000 18 0.500000
0  1.768797 2.971434 9.394776  0.615529 0.236607 0.751758  0.402649 0.195374 2 7 0.800000 18 0.200000
Komainu
0  1.883054 4.310322 8.559846  0.675511 0.437363 0.593631  0.381592 0.123657 2 7 0.800000 8 0.200000
0  1.598145 2.979492 9.515625  0.470207 0.254037 0.845204  0.408325 0.194763 2 7 0.800000 18 0.200000
0  1.768797 2.971434 9.394776  0.615529 0.236607 0.751758  0.402649 0.195374 2 7 0.800000 18 0.200000
Komainu
0  1.883054 4.310322 8.559846  0.675511 0.437363 0.593631  0.381592 0.123657 2 7 0.800000 8 0.200000
0  1.707275 4.417257 8.740023  0.554802 0.503221 0.662543  0.388061 0.121399 2 7 0.800000 8 0.200000
0  1.598145 2.979492 9.515625  0.470207 0.254037 0.845204  0.408325 0.194763 2 7 0.800000 18 0.200000
Komainu
0  1.707275 4.417257 8.740023  0.554802 0.503221 0.662543  0.388061 0.121399 2 7 0.800000 8 0.200000
0  1.085448 3.024171 9.685545  0.147597 0.274715 0.950130  0.429138 0.188355 2 7 0.800000 18 0.200000
0  1.598145 2.979492 9.515625  0.470207 0.254037 0.845204  0.408325 0.194763 2 7 0.800000 18 0.200000
Komainu
0  1.707275 4.417257 8.740023  0.554802 0.503221 0.662543  0.388061 0.121399 2 7 0.800000 8 0.200000
0  1.327148 4.513938 8.864538  0.251605 0.621066 0.742275  0.415100 0.117798 2 7 0.800000 8 0.200000
0  1.085448 3.024171 9.685545  0.147597 0.274715 0.950130  0.429138 0.188355 2 7 0.800000 18 0.200000
Komainu
0  1.152830 4.502952 8.852085  0.074786 0.664136 0.743862  0.422852 0.117493 2 7 0.800000 8 0.200000
0  1.085448 3.024171 9.685545  0.147597 0.274715 0.950130  0.429138 0.188355 2 7 0.800000 18 0.200000
0  1.327148 4.513938 8.864538  0.251605 0.621066 0.742275  0.415100 0.117798 2 7 0.800000 8 0.200000
Komainu
0  1.852295 5.310822 7.543962  0.402358 0.791634 0.459808  0.372376 0.055176 2 7 0.800000 8 0.200000
0  1.152830 4.502952 8.852085  0.074786 0.664136 0.743862  0.422852 0.117493 2 7 0.800000 8 0.200000
0  1.327148 4.513938 8.864538  0.251605 0.621066 0.742275  0.415100 0.117798 2 7 0.800000 8 0.200000
Komainu
0  1.852295 5.310822 7.543962  0.402358 0.791634 0.459808  0.372376 0.055176 2 7 0.800000 8 0.200000
0  1.684568 5.375278 7.571796  0.236779 0.873444 0.425478  0.385864 0.049744 2 7 0.800000 8 0.200000
0  1.152830 4.502952 8.852085  0.074786 0.664136 0.743862  0.422852 0.117493 2 7 0.800000 8 0.200000
Komainu
0  1.852295 5.310822 7.543962  0.402358 0.791634 0.459808  0.372376 0.055176 2 7 0.800000 8 0.200000
0  2.284424 5.482231 6.418218  0.281141 0.939985 0.193358  0.344971 0.018799 2 7 0.700000 8 0.300000
0  1.684568 5.375278 7.571796  0.236779 0.873444 0.425478  0.385864 0.049744 2 7 0.800000 8 0.200000
Komainu
0  1.852295 5.310822 7.543962  0.402358 0.791634 0.459808  0.372376 0.055176 2 7 0.800000 8 0.200000
0  2.400878 5.446339 6.457770  0.416410 0.863608 0.284224  0.331604 0.025208 2 7 0.700000 8 0.300000
0  2.284424 5.482231 6.418218  0.281141 0.939985 0.193358  0.344971 0.018799 2 7 0.700000 8 0.300000
Komainu
0  2.033201 5.171661 7.473651  0.561503 0.677751 0.474730  0.347961 0.068115 2 7 0.800000 8 0.200000
0  2.400878 5.446339 6.457770  0.416410 0.863608 0.284224  0.331604 0.025208 2 7 0.700000 8 0.300000
0  1.852295 5.310822 7.543962  0.402358 0.791634 0.459808  0.372376 0.055176 2 7 0.800000 8 0.200000
Komainu
0  2.033201 5.171661 7.473651  0.561503 0.677751 0.474730  0.347961 0.068115 2 7 0.800000 8 0.200000
0  2.490233 5.405323 6.464364  0.415341 0.858892 0.299661  0.318359 0.037720 2 7 0.700000 8 0.300000
0  2.400878 5.446339 6.457770  0.416410 0.863608 0.284224  0.331604 0.025208 2 7 0.700000 8 0.300000
Komainu
0  2.033201 5.171661 7.473651  0.561503 0.677751 0.474730  0.347961 0.068115 2 7 0.800000 8 0.200000
0  2.173094 5.113798 7.423845  0.201387 0.880253 0.429649  0.332947 0.077087 2 7 0.800000 8 0.200000
0  2.490233 5.405323 6.464364  0.415341 0.858892 0.299661  0.318359 0.037720 2 7 0.700000 8 0.300000
Komainu
0  2.490233 5.405323 6.464364  0.415341 0.858892 0.299661  0.318359 0.037720 2 7 0.700000 8 0.300000
0  2.173094 5.113798 7.423845  0.201387 0.880253 0.429649  0.332947 0.077087 2 7 0.800000 8 0.200000
0  2.556884 5.028105 7.344741  0.415656 0.802827 0.427434  0.312805 0.096619 2 7 0.800000 8 0.200000
Komainu
0  0.869385 3.052002 9.684081  -0.020969 0.278027 0.960344  0.437195 0.187927 2 7 0.800000 18 0.200000
0  1.114014 1.435545 9.766113  -0.281918 -0.191596 0.940113  0.434387 0.253906 2 7 0.500000 18 0.500000
0  1.253175 1.404051 9.779299  0.081414 -0.016183 0.996549  0.425354 0.253723 2 7 0.500000 18 0.500000
Komainu
0  0.869385 3.052002 9.684081  -0.020969 0.278027 0.960344  0.437195 0.187927 2 7 0.800000 18 0.200000
0  1.253175 1.404051 9.779299  0.081414 -0.016183 0.996549  0.425354 0.253723 2 7 0.500000 18 0.500000
0  1.085448 3.024171 9.685545  0.147597 0.274715 0.950130  0.429138 0.188355 2 7 0.800000 18 0.200000
Komainu
0  1.756347 1.403319 9.670167  0.393638 0.068613 0.916701  0.409058 0.254822 2 7 0.500000 18 0.500000
0  1.085448 3.024171 9.685545  0.147597 0.274715 0.950130  0.429138 0.188355 2 7 0.800000 18 0.200000
0  1.253175 1.404051 9.779299  0.081414 -0.016183 0.996549  0.425354 0.253723 2 7 0.500000 18 0.500000
Komainu
0  1.756347 1.403319 9.670167  0.393638 0.068613 0.916701  0.409058 0.254822 2 7 0.500000 18 0.500000
0  1.598145 2.979492 9.515625  0.470207 0.254037 0.845204  0.408325 0.194763 2 7 0.800000 18 0.200000
0  1.085448 3.024171 9.685545  0.147597 0.274715 0.950130  0.429138 0.188355 2 7 0.800000 18 0.200000
Komainu
0  1.152830 4.502952 8.852085  0.074786 0.664136 0.743862  0.422852 0.117493 2 7 0.800000 8 0.200000
0  0.869385 3.052002 9.684081  -0.020969 0.278027 0.960344  0.437195 0.187927 2 7 0.800000 18 0.200000
0  1.085448 3.024171 9.685545  0.147597 0.274715 0.950130  0.429138 0.188355 2 7 0.800000 18 0.200000
Komainu
0  2.400878 5.446339 6.457770  0.416410 0.863608 0.284224  0.331604 0.025208 2 7 0.700000 8 0.300000
0  2.741453 5.436834 5.862300  0.325846 0.929826 0.171020  0.306152 0.009583 2 7 0.600000 8 0.400000
0  2.284424 5.482231 6.418218  0.281141 0.939985 0.193358  0.344971 0.018799 2 7 0.700000 8 0.300000
Komainu
0  2.400878 5.446339 6.457770  0.416410 0.863608 0.284224  0.331604 0.025208 2 7 0.700000 8 0.300000
0  2.490233 5.405323 6.464364  0.415341 0.858892 0.299661  0.318359 0.037720 2 7 0.700000 8 0.300000
0  2.741453 5.436834 5.862300  0.325846 0.929826 0.171020  0.306152 0.009583 2 7 0.600000 8 0.400000
Komainu
0  1.968018 0.797607 9.593262  0.440847 -0.077341 0.894244  0.405212 0.277954 2 7 0.500000 18 0.500000
0  1.576173 0.596190 9.678223  -0.146188 -0.369788 0.917543  0.415833 0.280762 2 18 0.600000 7 0.400000
0  2.139405 -0.058593 9.248292  0.095873 -0.706047 0.701645  0.398499 0.307434 2 7 0.500000 18 0.500000
Komainu
0  2.873291 2.417724 8.663085  0.586301 0.720607 0.370102  0.360657 0.225403 2 7 0.700000 18 0.300000
0  2.515869 2.326170 9.008787  0.369254 0.751115 0.547246  0.379150 0.222778 2 7 0.600000 18 0.400000
0  2.663817 2.148192 9.175047  0.442917 0.493174 0.748735  0.380737 0.232666 2 7 0.600000 18 0.400000
Komainu
0  2.873291 2.417724 8.663085  0.586301 0.720607 0.370102  0.360657 0.225403 2 7 0.700000 18 0.300000
0  2.663817 2.148192 9.175047  0.442917 0.493174 0.748735  0.380737 0.232666 2 7 0.600000 18 0.400000
0  2.945802 2.278563 8.783201  0.770862 0.421022 0.478029  0.362793 0.231201 2 7 0.700000 18 0.300000
Komainu
0  3.147948 2.208252 8.121093  0.889515 0.449877 -0.079834  0.339600 0.237488 2 7 0.700000 18 0.300000
0  2.873291 2.417724 8.663085  0.586301 0.720607 0.370102  0.360657 0.225403 2 7 0.700000 18 0.300000
0  2.945802 2.278563 8.783201  0.770862 0.421022 0.478029  0.362793 0.231201 2 7 0.700000 18 0.300000
Komainu
0  3.147948 2.208252 8.121093  0.889515 0.449877 -0.079834  0.339600 0.237488 2 7 0.700000 18 0.300000
0  2.945802 2.278563 8.783201  0.770862 0.421022 0.478029  0.362793 0.231201 2 7 0.700000 18 0.300000
0  3.208740 2.118897 8.268312  0.955737 0.245182 0.162640  0.344360 0.241272 2 7 0.700000 18 0.300000
Komainu
0  3.176514 1.609131 7.821534  0.912208 0.108817 -0.395014  0.331238 0.260681 2 7 0.700000 18 0.300000
0  3.147948 2.208252 8.121093  0.889515 0.449877 -0.079834  0.339600 0.237488 2 7 0.700000 18 0.300000
0  3.208740 2.118897 8.268312  0.955737 0.245182 0.162640  0.344360 0.241272 2 7 0.700000 18 0.300000
Komainu
0  3.176514 1.609131 7.821534  0.912208 0.108817 -0.395014  0.331238 0.260681 2 7 0.700000 18 0.300000
0  3.208740 2.118897 8.268312  0.955737 0.245182 0.162640  0.344360 0.241272 2 7 0.700000 18 0.300000
0  3.270264 1.532226 8.012693  0.998029 0.030695 -0.054744  0.338745 0.262451 2 7 0.700000 18 0.300000
Komainu
0  3.270264 1.532226 8.012693  0.998029 0.030695 -0.054744  0.338745 0.262451 2 7 0.700000 18 0.300000
0  3.156006 0.819579 7.800294  0.858034 -0.208799 -0.469234  0.333435 0.288818 2 7 0.500000 18 0.500000
0  3.176514 1.609131 7.821534  0.912208 0.108817 -0.395014  0.331238 0.260681 2 7 0.700000 18 0.300000
Komainu
0  3.270264 1.532226 8.012693  0.998029 0.030695 -0.054744  0.338745 0.262451 2 7 0.700000 18 0.300000
0  3.248292 0.788817 7.959960  0.977096 -0.188295 -0.099140  0.340210 0.286987 2 7 0.500000 18 0.500000
0  3.156006 0.819579 7.800294  0.858034 -0.208799 -0.469234  0.333435 0.288818 2 7 0.500000 18 0.500000
Komainu
0  3.248292 0.788817 7.959960  0.977096 -0.188295 -0.099140  0.340210 0.286987 2 7 0.500000 18 0.500000
0  2.894532 -0.017580 8.064695  0.673087 -0.678295 -0.294739  0.352234 0.314819 2 7 0.500000 18 0.500000
0  3.156006 0.819579 7.800294  0.858034 -0.208799 -0.469234  0.333435 0.288818 2 7 0.500000 18 0.500000
Komainu
0  3.248292 0.788817 7.959960  0.977096 -0.188295 -0.099140  0.340210 0.286987 2 7 0.500000 18 0.500000
0  2.971437 0.013182 8.203856  0.842175 -0.538804 0.020770  0.355591 0.309815 2 7 0.500000 18 0.500000
0  2.894532 -0.017580 8.064695  0.673087 -0.678295 -0.294739  0.352234 0.314819 2 7 0.500000 18 0.500000
Komainu
0  2.971437 0.013182 8.203856  0.842175 -0.538804 0.020770  0.355591 0.309815 2 7 0.500000 18 0.500000
0  2.473389 -0.306153 8.594970  0.204777 -0.972665 0.109497  0.379028 0.324280 2 7 0.500000 18 0.500000
0  2.894532 -0.017580 8.064695  0.673087 -0.678295 -0.294739  0.352234 0.314819 2 7 0.500000 18 0.500000
Komainu
0  2.971437 0.013182 8.203856  0.842175 -0.538804 0.020770  0.355591 0.309815 2 7 0.500000 18 0.500000
0  2.601564 -0.259278 8.734131  0.497424 -0.791994 0.353997  0.378601 0.316956 2 7 0.500000 18 0.500000
0  2.473389 -0.306153 8.594970  0.204777 -0.972665 0.109497  0.379028 0.324280 2 7 0.500000 18 0.500000
Komainu
0  1.947510 -0.073974 9.102540  -0.248589 -0.853513 0.457951  0.401184 0.311462 2 7 0.500000 18 0.500000
0  2.473389 -0.306153 8.594970  0.204777 -0.972665 0.109497  0.379028 0.324280 2 7 0.500000 18 0.500000
0  2.601564 -0.259278 8.734131  0.497424 -0.791994 0.353997  0.378601 0.316956 2 7 0.500000 18 0.500000
Komainu
0  1.947510 -0.073974 9.102540  -0.248589 -0.853513 0.457951  0.401184 0.311462 2 7 0.500000 18 0.500000
0  2.601564 -0.259278 8.734131  0.497424 -0.791994 0.353997  0.378601 0.316956 2 7 0.500000 18 0.500000
0  2.139405 -0.058593 9.248292  0.095873 -0.706047 0.701645  0.398499 0.307434 2 7 0.500000 18 0.500000
Komainu
0  2.139405 -0.058593 9.248292  0.095873 -0.706047 0.701645  0.398499 0.307434 2 7 0.500000 18 0.500000
0  1.482423 0.562500 9.569822  -0.517087 -0.574397 0.634578  0.422241 0.284546 2 18 0.600000 7 0.400000
0  1.947510 -0.073974 9.102540  -0.248589 -0.853513 0.457951  0.401184 0.311462 2 7 0.500000 18 0.500000
Komainu
0  2.139405 -0.058593 9.248292  0.095873 -0.706047 0.701645  0.398499 0.307434 2 7 0.500000 18 0.500000
0  1.576173 0.596190 9.678223  -0.146188 -0.369788 0.917543  0.415833 0.280762 2 18 0.600000 7 0.400000
0  1.482423 0.562500 9.569822  -0.517087 -0.574397 0.634578  0.422241 0.284546 2 18 0.600000 7 0.400000
Komainu
0  1.482423 0.562500 9.569822  -0.517087 -0.574397 0.634578  0.422241 0.284546 2 18 0.600000 7 0.400000
0  1.576173 0.596190 9.678223  -0.146188 -0.369788 0.917543  0.415833 0.280762 2 18 0.600000 7 0.400000
0  1.114014 1.435545 9.766113  -0.281918 -0.191596 0.940113  0.434387 0.253906 2 7 0.500000 18 0.500000
Komainu
0  1.114014 1.435545 9.766113  -0.281918 -0.191596 0.940113  0.434387 0.253906 2 7 0.500000 18 0.500000
0  1.576173 0.596190 9.678223  -0.146188 -0.369788 0.917543  0.415833 0.280762 2 18 0.600000 7 0.400000
0  1.253175 1.404051 9.779299  0.081414 -0.016183 0.996549  0.425354 0.253723 2 7 0.500000 18 0.500000
Komainu
0  2.033937 1.360839 9.509034  0.532174 0.103879 0.840238  0.400330 0.252686 2 7 0.500000 18 0.500000
0  1.968018 0.797607 9.593262  0.440847 -0.077341 0.894244  0.405212 0.277954 2 7 0.500000 18 0.500000
0  2.211915 0.867186 9.429934  0.608594 0.025918 0.793058  0.399231 0.275879 2 7 0.500000 18 0.500000
Komainu
0  2.211915 0.867186 9.429934  0.608594 0.025918 0.793058  0.399231 0.275879 2 7 0.500000 18 0.500000
0  1.968018 0.797607 9.593262  0.440847 -0.077341 0.894244  0.405212 0.277954 2 7 0.500000 18 0.500000
0  2.317383 0.199950 9.317871  0.616556 -0.193631 0.763129  0.395813 0.297180 2 7 0.500000 18 0.500000
Komainu
0  1.968018 0.797607 9.593262  0.440847 -0.077341 0.894244  0.405212 0.277954 2 7 0.500000 18 0.500000
0  2.139405 -0.058593 9.248292  0.095873 -0.706047 0.701645  0.398499 0.307434 2 7 0.500000 18 0.500000
0  2.317383 0.199950 9.317871  0.616556 -0.193631 0.763129  0.395813 0.297180 2 7 0.500000 18 0.500000
Komainu
0  2.139405 -0.058593 9.248292  0.095873 -0.706047 0.701645  0.398499 0.307434 2 7 0.500000 18 0.500000
0  2.682129 0.048339 8.886474  0.779303 -0.174923 0.601738  0.379517 0.304565 2 7 0.500000 18 0.500000
0  2.317383 0.199950 9.317871  0.616556 -0.193631 0.763129  0.395813 0.297180 2 7 0.500000 18 0.500000
Komainu
0  2.139405 -0.058593 9.248292  0.095873 -0.706047 0.701645  0.398499 0.307434 2 7 0.500000 18 0.500000
0  2.601564 -0.259278 8.734131  0.497424 -0.791994 0.353997  0.378601 0.316956 2 7 0.500000 18 0.500000
0  2.682129 0.048339 8.886474  0.779303 -0.174923 0.601738  0.379517 0.304565 2 7 0.500000 18 0.500000
Komainu
0  2.601564 -0.259278 8.734131  0.497424 -0.791994 0.353997  0.378601 0.316956 2 7 0.500000 18 0.500000
0  2.970702 0.227784 8.506347  0.825182 -0.094219 0.556954  0.362061 0.300049 2 7 0.500000 18 0.500000
0  2.682129 0.048339 8.886474  0.779303 -0.174923 0.601738  0.379517 0.304565 2 7 0.500000 18 0.500000
Komainu
0  2.601564 -0.259278 8.734131  0.497424 -0.791994 0.353997  0.378601 0.316956 2 7 0.500000 18 0.500000
0  2.971437 0.013182 8.203856  0.842175 -0.538804 0.020770  0.355591 0.309815 2 7 0.500000 18 0.500000
0  2.970702 0.227784 8.506347  0.825182 -0.094219 0.556954  0.362061 0.300049 2 7 0.500000 18 0.500000
Komainu
0  2.971437 0.013182 8.203856  0.842175 -0.538804 0.020770  0.355591 0.309815 2 7 0.500000 18 0.500000
0  3.128175 0.845214 8.309324  0.795957 -0.074714 0.600725  0.351501 0.283203 2 7 0.500000 18 0.500000
0  2.970702 0.227784 8.506347  0.825182 -0.094219 0.556954  0.362061 0.300049 2 7 0.500000 18 0.500000
Komainu
0  2.971437 0.013182 8.203856  0.842175 -0.538804 0.020770  0.355591 0.309815 2 7 0.500000 18 0.500000
0  3.248292 0.788817 7.959960  0.977096 -0.188295 -0.099140  0.340210 0.286987 2 7 0.500000 18 0.500000
0  3.128175 0.845214 8.309324  0.795957 -0.074714 0.600725  0.351501 0.283203 2 7 0.500000 18 0.500000
Komainu
0  3.128175 0.845214 8.309324  0.795957 -0.074714 0.600725  0.351501 0.283203 2 7 0.500000 18 0.500000
0  3.248292 0.788817 7.959960  0.977096 -0.188295 -0.099140  0.340210 0.286987 2 7 0.500000 18 0.500000
0  3.270264 1.532226 8.012693  0.998029 0.030695 -0.054744  0.338745 0.262451 2 7 0.700000 18 0.300000
Komainu
0  3.128175 0.845214 8.309324  0.795957 -0.074714 0.600725  0.351501 0.283203 2 7 0.500000 18 0.500000
0  3.270264 1.532226 8.012693  0.998029 0.030695 -0.054744  0.338745 0.262451 2 7 0.700000 18 0.300000
0  3.170655 1.434813 8.364990  0.775531 -0.122073 0.619394  0.350220 0.262390 2 7 0.700000 18 0.300000
Komainu
0  3.170655 1.434813 8.364990  0.775531 -0.122073 0.619394  0.350220 0.262390 2 7 0.700000 18 0.300000
0  3.270264 1.532226 8.012693  0.998029 0.030695 -0.054744  0.338745 0.262451 2 7 0.700000 18 0.300000
0  3.208740 2.118897 8.268312  0.955737 0.245182 0.162640  0.344360 0.241272 2 7 0.700000 18 0.300000
Komainu
0  3.170655 1.434813 8.364990  0.775531 -0.122073 0.619394  0.350220 0.262390 2 7 0.700000 18 0.300000
0  3.208740 2.118897 8.268312  0.955737 0.245182 0.162640  0.344360 0.241272 2 7 0.700000 18 0.300000
0  3.111327 1.812744 8.521728  0.716603 -0.226809 0.659574  0.354309 0.248535 2 7 0.700000 18 0.300000
Komainu
0  3.111327 1.812744 8.521728  0.716603 -0.226809 0.659574  0.354309 0.248535 2 7 0.700000 18 0.300000
0  3.208740 2.118897 8.268312  0.955737 0.245182 0.162640  0.344360 0.241272 2 7 0.700000 18 0.300000
0  2.945802 2.278563 8.783201  0.770862 0.421022 0.478029  0.362793 0.231201 2 7 0.700000 18 0.300000
Komainu
0  3.111327 1.812744 8.521728  0.716603 -0.226809 0.659574  0.354309 0.248535 2 7 0.700000 18 0.300000
0  2.945802 2.278563 8.783201  0.770862 0.421022 0.478029  0.362793 0.231201 2 7 0.700000 18 0.300000
0  2.936280 1.984131 8.830076  0.768512 -0.350138 0.535531  0.366455 0.240601 2 7 0.700000 18 0.300000
Komainu
0  2.945802 2.278563 8.783201  0.770862 0.421022 0.478029  0.362793 0.231201 2 7 0.700000 18 0.300000
0  2.715087 1.894041 9.157470  0.873874 -0.276511 0.399858  0.380798 0.241455 2 7 0.600000 18 0.400000
0  2.936280 1.984131 8.830076  0.768512 -0.350138 0.535531  0.366455 0.240601 2 7 0.700000 18 0.300000
Komainu
0  2.715087 1.894041 9.157470  0.873874 -0.276511 0.399858  0.380798 0.241455 2 7 0.600000 18 0.400000
0  2.706297 1.768797 8.891601  0.763463 -0.550333 0.338020  0.376587 0.248108 2 7 0.600000 18 0.400000
0  2.936280 1.984131 8.830076  0.768512 -0.350138 0.535531  0.366455 0.240601 2 7 0.700000 18 0.300000
Komainu
0  2.715087 1.894041 9.157470  0.873874 -0.276511 0.399858  0.380798 0.241455 2 7 0.600000 18 0.400000
0  2.592774 1.623045 9.134767  0.942858 -0.309811 0.122620  0.385010 0.251282 2 7 0.600000 18 0.400000
0  2.706297 1.768797 8.891601  0.763463 -0.550333 0.338020  0.376587 0.248108 2 7 0.600000 18 0.400000
Komainu
0  2.936280 1.984131 8.830076  0.768512 -0.350138 0.535531  0.366455 0.240601 2 7 0.700000 18 0.300000
0  2.706297 1.768797 8.891601  0.763463 -0.550333 0.338020  0.376587 0.248108 2 7 0.600000 18 0.400000
0  2.881347 1.699950 8.610351  0.555829 -0.470390 0.685410  0.365906 0.252136 2 7 0.600000 18 0.400000
Komainu
0  2.881347 1.699950 8.610351  0.555829 -0.470390 0.685410  0.365906 0.252136 2 7 0.600000 18 0.400000
0  3.111327 1.812744 8.521728  0.716603 -0.226809 0.659574  0.354309 0.248535 2 7 0.700000 18 0.300000
0  2.936280 1.984131 8.830076  0.768512 -0.350138 0.535531  0.366455 0.240601 2 7 0.700000 18 0.300000
Komainu
0  2.977296 1.357911 8.455812  0.476393 -0.210762 0.853598  0.360169 0.264404 2 7 0.500000 18 0.500000
0  3.111327 1.812744 8.521728  0.716603 -0.226809 0.659574  0.354309 0.248535 2 7 0.700000 18 0.300000
0  2.881347 1.699950 8.610351  0.555829 -0.470390 0.685410  0.365906 0.252136 2 7 0.600000 18 0.400000
Komainu
0  2.977296 1.357911 8.455812  0.476393 -0.210762 0.853598  0.360169 0.264404 2 7 0.500000 18 0.500000
0  3.170655 1.434813 8.364990  0.775531 -0.122073 0.619394  0.350220 0.262390 2 7 0.700000 18 0.300000
0  3.111327 1.812744 8.521728  0.716603 -0.226809 0.659574  0.354309 0.248535 2 7 0.700000 18 0.300000
Komainu
0  3.128175 0.845214 8.309324  0.795957 -0.074714 0.600725  0.351501 0.283203 2 7 0.500000 18 0.500000
0  3.170655 1.434813 8.364990  0.775531 -0.122073 0.619394  0.350220 0.262390 2 7 0.700000 18 0.300000
0  2.977296 1.357911 8.455812  0.476393 -0.210762 0.853598  0.360169 0.264404 2 7 0.500000 18 0.500000
Komainu
0  3.128175 0.845214 8.309324  0.795957 -0.074714 0.600725  0.351501 0.283203 2 7 0.500000 18 0.500000
0  2.977296 1.357911 8.455812  0.476393 -0.210762 0.853598  0.360169 0.264404 2 7 0.500000 18 0.500000
0  2.947998 0.939696 8.425782  0.535247 0.001262 0.844695  0.361145 0.278870 2 7 0.500000 18 0.500000
Komainu
0  2.819823 0.566160 8.572267  0.666557 0.153728 0.729431  0.368957 0.291077 2 7 0.500000 18 0.500000
0  3.128175 0.845214 8.309324  0.795957 -0.074714 0.600725  0.351501 0.283203 2 7 0.500000 18 0.500000
0  2.947998 0.939696 8.425782  0.535247 0.001262 0.844695  0.361145 0.278870 2 7 0.500000 18 0.500000
Komainu
0  2.819823 0.566160 8.572267  0.666557 0.153728 0.729431  0.368957 0.291077 2 7 0.500000 18 0.500000
0  2.970702 0.227784 8.506347  0.825182 -0.094219 0.556954  0.362061 0.300049 2 7 0.500000 18 0.500000
0  3.128175 0.845214 8.309324  0.795957 -0.074714 0.600725  0.351501 0.283203 2 7 0.500000 18 0.500000
Komainu
0  2.682129 0.048339 8.886474  0.779303 -0.174923 0.601738  0.379517 0.304565 2 7 0.500000 18 0.500000
0  2.970702 0.227784 8.506347  0.825182 -0.094219 0.556954  0.362061 0.300049 2 7 0.500000 18 0.500000
0  2.819823 0.566160 8.572267  0.666557 0.153728 0.729431  0.368957 0.291077 2 7 0.500000 18 0.500000
Komainu
0  2.682129 0.048339 8.886474  0.779303 -0.174923 0.601738  0.379517 0.304565 2 7 0.500000 18 0.500000
0  2.819823 0.566160 8.572267  0.666557 0.153728 0.729431  0.368957 0.291077 2 7 0.500000 18 0.500000
0  2.610351 0.459228 8.849853  0.778914 0.151065 0.608664  0.381165 0.293640 2 7 0.500000 18 0.500000
Komainu
0  2.317383 0.199950 9.317871  0.616556 -0.193631 0.763129  0.395813 0.297180 2 7 0.500000 18 0.500000
0  2.682129 0.048339 8.886474  0.779303 -0.174923 0.601738  0.379517 0.304565 2 7 0.500000 18 0.500000
0  2.610351 0.459228 8.849853  0.778914 0.151065 0.608664  0.381165 0.293640 2 7 0.500000 18 0.500000
Komainu
0  2.317383 0.199950 9.317871  0.616556 -0.193631 0.763129  0.395813 0.297180 2 7 0.500000 18 0.500000
0  2.610351 0.459228 8.849853  0.778914 0.151065 0.608664  0.381165 0.293640 2 7 0.500000 18 0.500000
0  2.414064 0.585204 9.169188  0.755616 0.046471 0.653364  0.391968 0.287842 2 7 0.500000 18 0.500000
Komainu
0  2.211915 0.867186 9.429934  0.608594 0.025918 0.793058  0.399231 0.275879 2 7 0.500000 18 0.500000
0  2.317383 0.199950 9.317871  0.616556 -0.193631 0.763129  0.395813 0.297180 2 7 0.500000 18 0.500000
0  2.414064 0.585204 9.169188  0.755616 0.046471 0.653364  0.391968 0.287842 2 7 0.500000 18 0.500000
Komainu
0  2.945802 2.278563 8.783201  0.770862 0.421022 0.478029  0.362793 0.231201 2 7 0.700000 18 0.300000
0  2.663817 2.148192 9.175047  0.442917 0.493174 0.748735  0.380737 0.232666 2 7 0.600000 18 0.400000
0  2.715087 1.894041 9.157470  0.873874 -0.276511 0.399858  0.380798 0.241455 2 7 0.600000 18 0.400000
Komainu
0  2.663817 2.148192 9.175047  0.442917 0.493174 0.748735  0.380737 0.232666 2 7 0.600000 18 0.400000
0  2.581056 1.639158 9.352293  0.878005 -0.106311 0.466697  0.389343 0.249146 2 7 0.600000 18 0.400000
0  2.715087 1.894041 9.157470  0.873874 -0.276511 0.399858  0.380798 0.241455 2 7 0.600000 18 0.400000
Komainu
0  2.663817 2.148192 9.175047  0.442917 0.493174 0.748735  0.380737 0.232666 2 7 0.600000 18 0.400000
0  2.412597 1.717527 9.490722  0.371512 0.200375 0.906548  0.394531 0.245667 2 7 0.600000 18 0.400000
0  2.581056 1.639158 9.352293  0.878005 -0.106311 0.466697  0.389343 0.249146 2 7 0.600000 18 0.400000
Komainu
0  2.581056 1.639158 9.352293  0.878005 -0.106311 0.466697  0.389343 0.249146 2 7 0.600000 18 0.400000
0  2.412597 1.717527 9.490722  0.371512 0.200375 0.906548  0.394531 0.245667 2 7 0.600000 18 0.400000
0  2.353272 1.368162 9.523680  0.355417 -0.071899 0.931938  0.397034 0.257324 2 7 0.600000 18 0.400000
Komainu
0  2.118165 1.758543 9.473877  0.012081 0.331496 0.943379  0.397034 0.241211 2 7 0.600000 18 0.400000
0  2.353272 1.368162 9.523680  0.355417 -0.071899 0.931938  0.397034 0.257324 2 7 0.600000 18 0.400000
0  2.412597 1.717527 9.490722  0.371512 0.200375 0.906548  0.394531 0.245667 2 7 0.600000 18 0.400000
Komainu
0  2.118165 1.758543 9.473877  0.012081 0.331496 0.943379  0.397034 0.241211 2 7 0.600000 18 0.400000
0  2.033937 1.360839 9.509034  0.000003 -0.055967 0.998433  0.400330 0.252686 2 7 0.500000 18 0.500000
0  2.353272 1.368162 9.523680  0.355417 -0.071899 0.931938  0.397034 0.257324 2 7 0.600000 18 0.400000
Komainu
0  2.353272 1.368162 9.523680  0.355417 -0.071899 0.931938  0.397034 0.257324 2 7 0.600000 18 0.400000
0  2.033937 1.360839 9.509034  0.000003 -0.055967 0.998433  0.400330 0.252686 2 7 0.500000 18 0.500000
0  2.211915 0.867186 9.429934  0.178593 -0.369319 0.911980  0.399231 0.275879 2 7 0.500000 18 0.500000
Komainu
0  2.515869 2.326170 9.008787  0.060080 0.707621 0.704033  0.379150 0.222778 2 7 0.600000 18 0.400000
0  2.305665 2.108643 9.245361  0.064942 0.629584 0.774214  0.387146 0.229919 2 7 0.600000 18 0.400000
0  2.663817 2.148192 9.175047  0.442917 0.493174 0.748735  0.380737 0.232666 2 7 0.600000 18 0.400000
Komainu
0  2.305665 2.108643 9.245361  0.064942 0.629584 0.774214  0.387146 0.229919 2 7 0.600000 18 0.400000
0  2.412597 1.717527 9.490722  0.371512 0.200375 0.906548  0.394531 0.245667 2 7 0.600000 18 0.400000
0  2.663817 2.148192 9.175047  0.442917 0.493174 0.748735  0.380737 0.232666 2 7 0.600000 18 0.400000
Komainu
0  2.305665 2.108643 9.245361  0.064942 0.629584 0.774214  0.387146 0.229919 2 7 0.600000 18 0.400000
0  2.118165 1.758543 9.473877  0.012081 0.331496 0.943379  0.397034 0.241211 2 7 0.600000 18 0.400000
0  2.412597 1.717527 9.490722  0.371512 0.200375 0.906548  0.394531 0.245667 2 7 0.600000 18 0.400000
Komainu
0  2.592774 1.623045 9.134767  0.942858 -0.309811 0.122620  0.385010 0.251282 2 7 0.600000 18 0.400000
0  2.715087 1.894041 9.157470  0.873874 -0.276511 0.399858  0.380798 0.241455 2 7 0.600000 18 0.400000
0  2.581056 1.639158 9.352293  0.878005 -0.106311 0.466697  0.389343 0.249146 2 7 0.600000 18 0.400000
Komainu
0  2.592774 1.623045 9.134767  0.942858 -0.309811 0.122620  0.385010 0.251282 2 7 0.600000 18 0.400000
0  2.581056 1.639158 9.352293  0.878005 -0.106311 0.466697  0.389343 0.249146 2 7 0.600000 18 0.400000
0  2.542968 1.364502 9.364014  0.874726 -0.054206 0.481577  0.391846 0.258423 2 7 0.600000 18 0.400000
Komainu
0  2.581056 1.639158 9.352293  0.878005 -0.106311 0.466697  0.389343 0.249146 2 7 0.600000 18 0.400000
0  2.353272 1.368162 9.523680  0.355417 -0.071899 0.931938  0.397034 0.257324 2 7 0.600000 18 0.400000
0  2.542968 1.364502 9.364014  0.874726 -0.054206 0.481577  0.391846 0.258423 2 7 0.600000 18 0.400000
Komainu
0  2.542968 1.364502 9.364014  0.874726 -0.054206 0.481577  0.391846 0.258423 2 7 0.600000 18 0.400000
0  2.353272 1.368162 9.523680  0.355417 -0.071899 0.931938  0.397034 0.257324 2 7 0.600000 18 0.400000
0  2.425782 0.950682 9.403563  0.462587 -0.247149 0.851429  0.395386 0.272705 2 7 0.500000 18 0.500000
Komainu
0  2.353272 1.368162 9.523680  0.355417 -0.071899 0.931938  0.397034 0.257324 2 7 0.600000 18 0.400000
0  2.211915 0.867186 9.429934  0.178593 -0.369319 0.911980  0.399231 0.275879 2 7 0.500000 18 0.500000
0  2.425782 0.950682 9.403563  0.462587 -0.247149 0.851429  0.395386 0.272705 2 7 0.500000 18 0.500000
Komainu
0  2.425782 0.950682 9.403563  0.462587 -0.247149 0.851429  0.395386 0.272705 2 7 0.500000 18 0.500000
0  2.211915 0.867186 9.429934  0.178593 -0.369319 0.911980  0.399231 0.275879 2 7 0.500000 18 0.500000
0  2.414064 0.585204 9.169188  0.375587 -0.610350 0.697429  0.391968 0.287842 2 7 0.500000 18 0.500000
Komainu
0  2.425782 0.950682 9.403563  0.462587 -0.247149 0.851429  0.395386 0.272705 2 7 0.500000 18 0.500000
0  2.414064 0.585204 9.169188  0.375587 -0.610350 0.697429  0.391968 0.287842 2 7 0.500000 18 0.500000
0  2.578857 0.751464 9.220458  0.598569 -0.389173 0.700185  0.389343 0.280396 2 7 0.500000 18 0.500000
Komainu
0  2.414064 0.585204 9.169188  0.375587 -0.610350 0.697429  0.391968 0.287842 2 7 0.500000 18 0.500000
0  2.712159 0.632079 8.992678  0.759126 -0.387072 0.523358  0.381836 0.285278 2 7 0.500000 18 0.500000
0  2.578857 0.751464 9.220458  0.598569 -0.389173 0.700185  0.389343 0.280396 2 7 0.500000 18 0.500000
Komainu
0  2.712159 0.632079 8.992678  0.759126 -0.387072 0.523358  0.381836 0.285278 2 7 0.500000 18 0.500000
0  2.666748 0.949218 9.158201  0.813525 0.085859 0.575157  0.386475 0.273987 2 7 0.500000 18 0.500000
0  2.578857 0.751464 9.220458  0.598569 -0.389173 0.700185  0.389343 0.280396 2 7 0.500000 18 0.500000
Komainu
0  2.712159 0.632079 8.992678  0.759126 -0.387072 0.523358  0.381836 0.285278 2 7 0.500000 18 0.500000
0  2.793456 0.990234 8.986814  0.825125 -0.094174 0.557046  0.379639 0.273376 2 7 0.600000 18 0.400000
0  2.666748 0.949218 9.158201  0.813525 0.085859 0.575157  0.386475 0.273987 2 7 0.500000 18 0.500000
Komainu
0  2.602296 1.083984 9.141356  0.870460 0.310588 0.381884  0.387878 0.269043 2 7 0.500000 18 0.500000
0  2.666748 0.949218 9.158201  0.813525 0.085859 0.575157  0.386475 0.273987 2 7 0.500000 18 0.500000
0  2.793456 0.990234 8.986814  0.825125 -0.094174 0.557046  0.379639 0.273376 2 7 0.600000 18 0.400000
Komainu
0  2.602296 1.083984 9.141356  0.870460 0.310588 0.381884  0.387878 0.269043 2 7 0.500000 18 0.500000
0  2.574462 1.055418 9.261474  0.856254 0.075675 0.510982  0.390442 0.269714 2 7 0.500000 18 0.500000
0  2.666748 0.949218 9.158201  0.813525 0.085859 0.575157  0.386475 0.273987 2 7 0.500000 18 0.500000
Komainu
0  2.572998 1.335936 9.194822  0.987618 -0.017639 0.155885  0.388428 0.260315 2 7 0.500000 18 0.500000
0  2.574462 1.055418 9.261474  0.856254 0.075675 0.510982  0.390442 0.269714 2 7 0.500000 18 0.500000
0  2.602296 1.083984 9.141356  0.870460 0.310588 0.381884  0.387878 0.269043 2 7 0.500000 18 0.500000
Komainu
0  2.572998 1.335936 9.194822  0.987618 -0.017639 0.155885  0.388428 0.260315 2 7 0.500000 18 0.500000
0  2.542968 1.364502 9.364014  0.874726 -0.054206 0.481577  0.391846 0.258423 2 7 0.600000 18 0.400000
0  2.574462 1.055418 9.261474  0.856254 0.075675 0.510982  0.390442 0.269714 2 7 0.500000 18 0.500000
Komainu
0  2.592774 1.623045 9.134767  0.942858 -0.309811 0.122620  0.385010 0.251282 2 7 0.600000 18 0.400000
0  2.542968 1.364502 9.364014  0.874726 -0.054206 0.481577  0.391846 0.258423 2 7 0.600000 18 0.400000
0  2.572998 1.335936 9.194822  0.987618 -0.017639 0.155885  0.388428 0.260315 2 7 0.500000 18 0.500000
Komainu
0  2.542968 1.364502 9.364014  0.874726 -0.054206 0.481577  0.391846 0.258423 2 7 0.600000 18 0.400000
0  2.425782 0.950682 9.403563  0.462587 -0.247149 0.851429  0.395386 0.272705 2 7 0.500000 18 0.500000
0  2.574462 1.055418 9.261474  0.856254 0.075675 0.510982  0.390442 0.269714 2 7 0.500000 18 0.500000
Komainu
0  2.425782 0.950682 9.403563  0.462587 -0.247149 0.851429  0.395386 0.272705 2 7 0.500000 18 0.500000
0  2.666748 0.949218 9.158201  0.813525 0.085859 0.575157  0.386475 0.273987 2 7 0.500000 18 0.500000
0  2.574462 1.055418 9.261474  0.856254 0.075675 0.510982  0.390442 0.269714 2 7 0.500000 18 0.500000
Komainu
0  2.425782 0.950682 9.403563  0.462587 -0.247149 0.851429  0.395386 0.272705 2 7 0.500000 18 0.500000
0  2.578857 0.751464 9.220458  0.598569 -0.389173 0.700185  0.389343 0.280396 2 7 0.500000 18 0.500000
0  2.666748 0.949218 9.158201  0.813525 0.085859 0.575157  0.386475 0.273987 2 7 0.500000 18 0.500000
Komainu
0  2.414064 0.585204 9.169188  0.375587 -0.610350 0.697429  0.391968 0.287842 2 7 0.500000 18 0.500000
0  2.610351 0.459228 8.849853  0.597732 -0.670909 0.438859  0.381165 0.293640 2 7 0.500000 18 0.500000
0  2.712159 0.632079 8.992678  0.759126 -0.387072 0.523358  0.381836 0.285278 2 7 0.500000 18 0.500000
Komainu
0  2.610351 0.459228 8.849853  0.597732 -0.670909 0.438859  0.381165 0.293640 2 7 0.500000 18 0.500000
0  2.866698 0.717774 8.772216  0.886858 -0.323127 0.330259  0.373169 0.283569 2 7 0.500000 18 0.500000
0  2.712159 0.632079 8.992678  0.759126 -0.387072 0.523358  0.381836 0.285278 2 7 0.500000 18 0.500000
Komainu
0  2.866698 0.717774 8.772216  0.886858 -0.323127 0.330259  0.373169 0.283569 2 7 0.500000 18 0.500000
0  2.793456 0.990234 8.986814  0.825125 -0.094174 0.557046  0.379639 0.273376 2 7 0.600000 18 0.400000
0  2.712159 0.632079 8.992678  0.759126 -0.387072 0.523358  0.381836 0.285278 2 7 0.500000 18 0.500000
Komainu
0  2.955321 0.980712 8.660889  0.961717 -0.157531 0.224241  0.367981 0.275635 2 7 0.500000 18 0.500000
0  2.793456 0.990234 8.986814  0.825125 -0.094174 0.557046  0.379639 0.273376 2 7 0.600000 18 0.400000
0  2.866698 0.717774 8.772216  0.886858 -0.323127 0.330259  0.373169 0.283569 2 7 0.500000 18 0.500000
Komainu
0  2.987547 1.302246 8.671144  0.968572 0.024909 0.247483  0.366760 0.265442 2 7 0.600000 18 0.400000
0  2.793456 0.990234 8.986814  0.825125 -0.094174 0.557046  0.379639 0.273376 2 7 0.600000 18 0.400000
0  2.955321 0.980712 8.660889  0.961717 -0.157531 0.224241  0.367981 0.275635 2 7 0.500000 18 0.500000
Komainu
0  2.947998 0.939696 8.425782  0.979892 -0.199225 -0.011033  0.361145 0.278870 2 7 0.500000 18 0.500000
0  2.987547 1.302246 8.671144  0.968572 0.024909 0.247483  0.366760 0.265442 2 7 0.600000 18 0.400000
0  2.955321 0.980712 8.660889  0.961717 -0.157531 0.224241  0.367981 0.275635 2 7 0.500000 18 0.500000
Komainu
0  2.947998 0.939696 8.425782  0.979892 -0.199225 -0.011033  0.361145 0.278870 2 7 0.500000 18 0.500000
0  2.977296 1.357911 8.455812  0.995719 0.091889 -0.009988  0.360169 0.264404 2 7 0.500000 18 0.500000
0  2.987547 1.302246 8.671144  0.968572 0.024909 0.247483  0.366760 0.265442 2 7 0.600000 18 0.400000
Komainu
0  2.977296 1.357911 8.455812  0.995719 0.091889 -0.009988  0.360169 0.264404 2 7 0.500000 18 0.500000
0  2.914305 1.562256 8.779539  0.899062 0.230659 0.372134  0.370483 0.256897 2 7 0.600000 18 0.400000
0  2.987547 1.302246 8.671144  0.968572 0.024909 0.247483  0.366760 0.265442 2 7 0.600000 18 0.400000
Komainu
0  2.977296 1.357911 8.455812  0.995719 0.091889 -0.009988  0.360169 0.264404 2 7 0.500000 18 0.500000
0  2.881347 1.699950 8.610351  0.883518 0.434457 0.175052  0.365906 0.252136 2 7 0.600000 18 0.400000
0  2.914305 1.562256 8.779539  0.899062 0.230659 0.372134  0.370483 0.256897 2 7 0.600000 18 0.400000
Komainu
0  2.914305 1.562256 8.779539  0.899062 0.230659 0.372134  0.370483 0.256897 2 7 0.600000 18 0.400000
0  2.881347 1.699950 8.610351  0.883518 0.434457 0.175052  0.365906 0.252136 2 7 0.600000 18 0.400000
0  2.706297 1.768797 8.891601  0.623150 0.615153 0.482981  0.376587 0.248108 2 7 0.600000 18 0.400000
Komainu
0  2.914305 1.562256 8.779539  0.899062 0.230659 0.372134  0.370483 0.256897 2 7 0.600000 18 0.400000
0  2.706297 1.768797 8.891601  0.623150 0.615153 0.482981  0.376587 0.248108 2 7 0.600000 18 0.400000
0  2.776611 1.624512 8.995605  0.799270 0.285417 0.528871  0.378113 0.253601 2 7 0.600000 18 0.400000
Komainu
0  2.776611 1.624512 8.995605  0.799270 0.285417 0.528871  0.378113 0.253601 2 7 0.600000 18 0.400000
0  2.706297 1.768797 8.891601  0.623150 0.615153 0.482981  0.376587 0.248108 2 7 0.600000 18 0.400000
0  2.592774 1.623045 9.134767  0.304296 0.449348 0.839935  0.385010 0.251282 2 7 0.600000 18 0.400000
Komainu
0  2.776611 1.624512 8.995605  0.799270 0.285417 0.528871  0.378113 0.253601 2 7 0.600000 18 0.400000
0  2.592774 1.623045 9.134767  0.304296 0.449348 0.839935  0.385010 0.251282 2 7 0.600000 18 0.400000
0  2.671875 1.552734 9.131835  0.499813 0.349436 0.792515  0.383545 0.254456 2 7 0.600000 18 0.400000
Komainu
0  2.671875 1.552734 9.131835  0.499813 0.349436 0.792515  0.383545 0.254456 2 7 0.600000 18 0.400000
0  2.592774 1.623045 9.134767  0.304296 0.449348 0.839935  0.385010 0.251282 2 7 0.600000 18 0.400000
0  2.572998 1.335936 9.194822  0.011352 0.013466 0.999845  0.388428 0.260315 2 7 0.500000 18 0.500000
Komainu
0  2.671875 1.552734 9.131835  0.499813 0.349436 0.792515  0.383545 0.254456 2 7 0.600000 18 0.400000
0  2.572998 1.335936 9.194822  0.011352 0.013466 0.999845  0.388428 0.260315 2 7 0.500000 18 0.500000
0  2.668944 1.324950 9.197754  0.308454 0.051218 0.949859  0.385742 0.261353 2 7 0.600000 18 0.400000
Komainu
0  2.668944 1.324950 9.197754  0.308454 0.051218 0.949859  0.385742 0.261353 2 7 0.600000 18 0.400000
0  2.572998 1.335936 9.194822  0.011352 0.013466 0.999845  0.388428 0.260315 2 7 0.500000 18 0.500000
0  2.602296 1.083984 9.141356  0.040700 -0.503281 0.863164  0.387878 0.269043 2 7 0.500000 18 0.500000
Komainu
0  2.668944 1.324950 9.197754  0.308454 0.051218 0.949859  0.385742 0.261353 2 7 0.600000 18 0.400000
0  2.602296 1.083984 9.141356  0.040700 -0.503281 0.863164  0.387878 0.269043 2 7 0.500000 18 0.500000
0  2.707764 1.125000 9.161865  0.541596 -0.249191 0.802856  0.384705 0.267700 2 7 0.600000 18 0.400000
Komainu
0  2.793456 0.990234 8.986814  0.825125 -0.094174 0.557046  0.379639 0.273376 2 7 0.600000 18 0.400000
0  2.707764 1.125000 9.161865  0.541596 -0.249191 0.802856  0.384705 0.267700 2 7 0.600000 18 0.400000
0  2.602296 1.083984 9.141356  0.040700 -0.503281 0.863164  0.387878 0.269043 2 7 0.500000 18 0.500000
Komainu
0  2.793456 0.990234 8.986814  0.825125 -0.094174 0.557046  0.379639 0.273376 2 7 0.600000 18 0.400000
0  2.776611 1.624512 8.995605  0.799270 0.285417 0.528871  0.378113 0.253601 2 7 0.600000 18 0.400000
0  2.707764 1.125000 9.161865  0.541596 -0.249191 0.802856  0.384705 0.267700 2 7 0.600000 18 0.400000
Komainu
0  2.776611 1.624512 8.995605  0.799270 0.285417 0.528871  0.378113 0.253601 2 7 0.600000 18 0.400000
0  2.793456 0.990234 8.986814  0.825125 -0.094174 0.557046  0.379639 0.273376 2 7 0.600000 18 0.400000
0  2.914305 1.562256 8.779539  0.899062 0.230659 0.372134  0.370483 0.256897 2 7 0.600000 18 0.400000
Komainu
0  2.914305 1.562256 8.779539  0.899062 0.230659 0.372134  0.370483 0.256897 2 7 0.600000 18 0.400000
0  2.793456 0.990234 8.986814  0.825125 -0.094174 0.557046  0.379639 0.273376 2 7 0.600000 18 0.400000
0  2.987547 1.302246 8.671144  0.968572 0.024909 0.247483  0.366760 0.265442 2 7 0.600000 18 0.400000
Komainu
0  2.668944 1.324950 9.197754  0.308454 0.051218 0.949859  0.385742 0.261353 2 7 0.600000 18 0.400000
0  2.776611 1.624512 8.995605  0.799270 0.285417 0.528871  0.378113 0.253601 2 7 0.600000 18 0.400000
0  2.671875 1.552734 9.131835  0.499813 0.349436 0.792515  0.383545 0.254456 2 7 0.600000 18 0.400000
Komainu
0  2.668944 1.324950 9.197754  0.308454 0.051218 0.949859  0.385742 0.261353 2 7 0.600000 18 0.400000
0  2.707764 1.125000 9.161865  0.541596 -0.249191 0.802856  0.384705 0.267700 2 7 0.600000 18 0.400000
0  2.776611 1.624512 8.995605  0.799270 0.285417 0.528871  0.378113 0.253601 2 7 0.600000 18 0.400000
Komainu
0  2.866698 0.717774 8.772216  0.886858 -0.323127 0.330259  0.373169 0.283569 2 7 0.500000 18 0.500000
0  2.947998 0.939696 8.425782  0.979892 -0.199225 -0.011033  0.361145 0.278870 2 7 0.500000 18 0.500000
0  2.955321 0.980712 8.660889  0.961717 -0.157531 0.224241  0.367981 0.275635 2 7 0.500000 18 0.500000
Komainu
0  2.866698 0.717774 8.772216  0.886858 -0.323127 0.330259  0.373169 0.283569 2 7 0.500000 18 0.500000
0  2.819823 0.566160 8.572267  0.859446 -0.486749 0.156294  0.368957 0.291077 2 7 0.500000 18 0.500000
0  2.947998 0.939696 8.425782  0.979892 -0.199225 -0.011033  0.361145 0.278870 2 7 0.500000 18 0.500000
Komainu
0  2.610351 0.459228 8.849853  0.597732 -0.670909 0.438859  0.381165 0.293640 2 7 0.500000 18 0.500000
0  2.819823 0.566160 8.572267  0.859446 -0.486749 0.156294  0.368957 0.291077 2 7 0.500000 18 0.500000
0  2.866698 0.717774 8.772216  0.886858 -0.323127 0.330259  0.373169 0.283569 2 7 0.500000 18 0.500000
Komainu
0  3.722168 4.268610 5.561257  0.687949 0.712064 -0.140326  0.213623 0.149292 2 8 0.590000 7 0.410000
0  3.551513 4.358692 5.860101  0.546455 0.836701 0.036312  0.221924 0.143860 2 7 0.500000 8 0.500000
0  3.462158 4.373343 6.238773  0.458503 0.869636 0.183053  0.241760 0.148804 2 8 0.510000 7 0.490000
Komainu
0  4.080320 3.090100 5.119584  0.897582 0.065563 -0.435946  0.204285 0.209412 2 8 0.700000 7 0.300000
0  3.977783 3.506134 5.129838  0.856210 0.296154 -0.423317  0.201843 0.191223 2 8 0.700000 7 0.300000
0  4.182128 3.235123 5.397924  0.960558 0.152459 -0.232560  0.210754 0.202576 2 8 0.570000 7 0.430000
Komainu
0  4.182128 3.235123 5.397924  0.960558 0.152459 -0.232560  0.210754 0.202576 2 8 0.570000 7 0.430000
0  3.977783 3.506134 5.129838  0.856210 0.296154 -0.423317  0.201843 0.191223 2 8 0.700000 7 0.300000
0  4.088378 3.712681 5.520243  0.902831 0.357496 -0.238939  0.210266 0.183777 2 8 0.570000 7 0.430000
Komainu
0  4.088378 3.712681 5.520243  0.902831 0.357496 -0.238939  0.210266 0.183777 2 8 0.570000 7 0.430000
0  3.977783 3.506134 5.129838  0.856210 0.296154 -0.423317  0.201843 0.191223 2 8 0.700000 7 0.300000
0  3.859131 3.930225 5.286585  0.801729 0.466450 -0.373704  0.200867 0.171875 2 8 0.700000 7 0.300000
Komainu
0  3.949217 4.077435 5.774405  0.830020 0.557398 -0.019343  0.217835 0.166138 2 8 0.540000 7 0.460000
0  4.088378 3.712681 5.520243  0.902831 0.357496 -0.238939  0.210266 0.183777 2 8 0.570000 7 0.430000
0  3.859131 3.930225 5.286585  0.801729 0.466450 -0.373704  0.200867 0.171875 2 8 0.700000 7 0.300000
Komainu
0  3.949217 4.077435 5.774405  0.830020 0.557398 -0.019343  0.217835 0.166138 2 8 0.540000 7 0.460000
0  3.859131 3.930225 5.286585  0.801729 0.466450 -0.373704  0.200867 0.171875 2 8 0.700000 7 0.300000
0  3.722168 4.268610 5.561257  0.687949 0.712064 -0.140326  0.213623 0.149292 2 8 0.590000 7 0.410000
Komainu
0  3.722168 4.268610 5.561257  0.687949 0.712064 -0.140326  0.213623 0.149292 2 8 0.590000 7 0.410000
0  3.778562 4.207809 6.299568  0.705988 0.673910 0.217775  0.236450 0.162231 2 7 0.500000 8 0.500000
0  3.949217 4.077435 5.774405  0.830020 0.557398 -0.019343  0.217835 0.166138 2 8 0.540000 7 0.460000
Komainu
0  3.722168 4.268610 5.561257  0.687949 0.712064 -0.140326  0.213623 0.149292 2 8 0.590000 7 0.410000
0  3.462158 4.373343 6.238773  0.458503 0.869636 0.183053  0.241760 0.148804 2 8 0.510000 7 0.490000
0  3.778562 4.207809 6.299568  0.705988 0.673910 0.217775  0.236450 0.162231 2 7 0.500000 8 0.500000
Komainu
0  3.462158 4.373343 6.238773  0.458503 0.869636 0.183053  0.241760 0.148804 2 8 0.510000 7 0.490000
0  3.659912 4.041529 6.917739  0.634100 0.606185 0.480059  0.260254 0.166260 2 7 0.700000 8 0.300000
0  3.778562 4.207809 6.299568  0.705988 0.673910 0.217775  0.236450 0.162231 2 7 0.500000 8 0.500000
Komainu
0  3.462158 4.373343 6.238773  0.458503 0.869636 0.183053  0.241760 0.148804 2 8 0.510000 7 0.490000
0  3.380126 4.144068 6.910416  0.324779 0.780528 0.534129  0.267761 0.157165 2 7 0.700000 8 0.300000
0  3.659912 4.041529 6.917739  0.634100 0.606185 0.480059  0.260254 0.166260 2 7 0.700000 8 0.300000
Komainu
0  3.580809 3.406501 7.496355  0.633505 0.340644 0.694718  0.284180 0.190491 2 7 0.800000 8 0.200000
0  3.659912 4.041529 6.917739  0.634100 0.606185 0.480059  0.260254 0.166260 2 7 0.700000 8 0.300000
0  3.380126 4.144068 6.910416  0.324779 0.780528 0.534129  0.267761 0.157165 2 7 0.700000 8 0.300000
Komainu
0  3.580809 3.406501 7.496355  0.633505 0.340644 0.694718  0.284180 0.190491 2 7 0.800000 8 0.200000
0  3.380126 4.144068 6.910416  0.324779 0.780528 0.534129  0.267761 0.157165 2 7 0.700000 8 0.300000
0  3.412353 3.446053 7.547626  0.343438 0.412415 0.843779  0.291931 0.186462 2 7 0.800000 8 0.200000
Komainu
0  3.486326 2.614743 7.667746  0.420823 -0.064018 0.904881  0.296692 0.221191 2 7 0.800000 8 0.200000
0  3.580809 3.406501 7.496355  0.633505 0.340644 0.694718  0.284180 0.190491 2 7 0.800000 8 0.200000
0  3.412353 3.446053 7.547626  0.343438 0.412415 0.843779  0.291931 0.186462 2 7 0.800000 8 0.200000
Komainu
0  3.486326 2.614743 7.667746  0.420823 -0.064018 0.904881  0.296692 0.221191 2 7 0.800000 8 0.200000
0  3.667968 2.630857 7.575459  0.677805 -0.011673 0.735149  0.288452 0.221008 2 7 0.800000 8 0.200000
0  3.580809 3.406501 7.496355  0.633505 0.340644 0.694718  0.284180 0.190491 2 7 0.800000 8 0.200000
Komainu
0  3.667968 2.630857 7.575459  0.677805 -0.011673 0.735149  0.288452 0.221008 2 7 0.800000 8 0.200000
0  3.486326 2.614743 7.667746  0.420823 -0.064018 0.904881  0.296692 0.221191 2 7 0.800000 8 0.200000
0  3.632079 1.761460 7.313247  0.460443 -0.539005 0.705313  0.285522 0.254700 2 7 0.800000 8 0.200000
Komainu
0  3.667968 2.630857 7.575459  0.677805 -0.011673 0.735149  0.288452 0.221008 2 7 0.800000 8 0.200000
0  3.632079 1.761460 7.313247  0.460443 -0.539005 0.705313  0.285522 0.254700 2 7 0.800000 8 0.200000
0  3.777831 1.837633 7.269300  0.731462 -0.350823 0.584710  0.279297 0.249817 2 7 0.800000 8 0.200000
Komainu
0  3.632079 1.761460 7.313247  0.460443 -0.539005 0.705313  0.285522 0.254700 2 7 0.800000 8 0.200000
0  4.023924 1.452358 6.482677  0.767329 -0.587468 0.257076  0.252258 0.269226 2 7 0.600000 8 0.400000
0  3.777831 1.837633 7.269300  0.731462 -0.350823 0.584710  0.279297 0.249817 2 7 0.800000 8 0.200000
Komainu
0  3.777831 1.837633 7.269300  0.731462 -0.350823 0.584710  0.279297 0.249817 2 7 0.800000 8 0.200000
0  4.023924 1.452358 6.482677  0.767329 -0.587468 0.257076  0.252258 0.269226 2 7 0.600000 8 0.400000
0  4.105956 1.885963 6.352304  0.990107 0.026921 0.137710  0.246277 0.251526 2 7 0.600000 8 0.400000
Komainu
0  4.023924 1.452358 6.482677  0.767329 -0.587468 0.257076  0.252258 0.269226 2 7 0.600000 8 0.400000
0  4.203369 1.850800 5.638170  0.996921 0.011785 0.077525  0.217407 0.256531 2 7 0.500000 8 0.500000
0  4.105956 1.885963 6.352304  0.990107 0.026921 0.137710  0.246277 0.251526 2 7 0.600000 8 0.400000
Komainu
0  3.949217 4.077435 5.774405  0.830020 0.557398 -0.019343  0.217835 0.166138 2 8 0.540000 7 0.460000
0  3.778562 4.207809 6.299568  0.705988 0.673910 0.217775  0.236450 0.162231 2 7 0.500000 8 0.500000
0  3.935303 3.887730 6.321540  0.951221 0.114935 0.286300  0.236511 0.174255 2 7 0.500000 8 0.500000
Komainu
0  3.935303 3.887730 6.321540  0.951221 0.114935 0.286300  0.236511 0.174255 2 7 0.500000 8 0.500000
0  3.778562 4.207809 6.299568  0.705988 0.673910 0.217775  0.236450 0.162231 2 7 0.500000 8 0.500000
0  3.659912 4.041529 6.917739  0.634100 0.606185 0.480059  0.260254 0.166260 2 7 0.700000 8 0.300000
Komainu
0  3.935303 3.887730 6.321540  0.951221 0.114935 0.286300  0.236511 0.174255 2 7 0.500000 8 0.500000
0  3.659912 4.041529 6.917739  0.634100 0.606185 0.480059  0.260254 0.166260 2 7 0.700000 8 0.300000
0  3.852540 3.736840 6.740496  0.966672 0.139633 0.214589  0.254578 0.178772 2 7 0.600000 8 0.400000
Komainu
0  3.667968 2.630857 7.575459  0.677805 -0.011673 0.735149  0.288452 0.221008 2 7 0.800000 8 0.200000
0  4.038572 2.113753 6.807879  0.977533 0.038823 0.207177  0.263000 0.240173 2 7 0.600000 8 0.400000
0  3.945554 2.727537 7.108912  0.963962 0.104012 0.244863  0.271301 0.218384 2 7 0.600000 8 0.400000
Komainu
0  3.667968 2.630857 7.575459  0.677805 -0.011673 0.735149  0.288452 0.221008 2 7 0.800000 8 0.200000
0  3.777831 1.837633 7.269300  0.731462 -0.350823 0.584710  0.279297 0.249817 2 7 0.800000 8 0.200000
0  4.038572 2.113753 6.807879  0.977533 0.038823 0.207177  0.263000 0.240173 2 7 0.600000 8 0.400000
Komainu
0  3.777831 1.837633 7.269300  0.731462 -0.350823 0.584710  0.279297 0.249817 2 7 0.800000 8 0.200000
0  4.105956 1.885963 6.352304  0.990107 0.026921 0.137710  0.246277 0.251526 2 7 0.600000 8 0.400000
0  4.038572 2.113753 6.807879  0.977533 0.038823 0.207177  0.263000 0.240173 2 7 0.600000 8 0.400000
Komainu
0  3.974853 2.413315 6.210942  0.972726 0.229317 0.034896  0.241577 0.233093 2 8 0.600000 7 0.400000
0  4.038572 2.113753 6.807879  0.977533 0.038823 0.207177  0.263000 0.240173 2 7 0.600000 8 0.400000
0  4.105956 1.885963 6.352304  0.990107 0.026921 0.137710  0.246277 0.251526 2 7 0.600000 8 0.400000
Komainu
0  4.105956 1.885963 6.352304  0.990107 0.026921 0.137710  0.246277 0.251526 2 7 0.600000 8 0.400000
0  4.024659 2.395735 5.760483  0.949029 0.255203 0.184975  0.223938 0.235840 2 8 0.600000 7 0.400000
0  3.974853 2.413315 6.210942  0.972726 0.229317 0.034896  0.241577 0.233093 2 8 0.600000 7 0.400000
Komainu
0  3.826905 3.496605 6.509046  0.994633 -0.094344 0.042480  0.247681 0.187927 2 7 0.500000 8 0.500000
0  3.852540 3.314955 7.057641  0.958128 0.169013 0.231141  0.268127 0.195068 2 7 0.600000 8 0.400000
0  3.863526 3.175794 6.694356  0.995434 0.089779 -0.032420  0.256287 0.200378 2 7 0.500000 8 0.500000
Komainu
0  3.863526 3.175794 6.694356  0.995434 0.089779 -0.032420  0.256287 0.200378 2 7 0.500000 8 0.500000
0  3.852540 3.314955 7.057641  0.958128 0.169013 0.231141  0.268127 0.195068 2 7 0.600000 8 0.400000
0  3.945554 2.727537 7.108912  0.963962 0.104012 0.244863  0.271301 0.218384 2 7 0.600000 8 0.400000
Komainu
0  3.863526 3.175794 6.694356  0.995434 0.089779 -0.032420  0.256287 0.200378 2 7 0.500000 8 0.500000
0  3.945554 2.727537 7.108912  0.963962 0.104012 0.244863  0.271301 0.218384 2 7 0.600000 8 0.400000
0  3.930176 2.746578 6.635028  0.987017 0.158586 -0.025451  0.255859 0.217896 2 7 0.500000 8 0.500000
Komainu
0  4.038572 2.113753 6.807879  0.977533 0.038823 0.207177  0.263000 0.240173 2 7 0.600000 8 0.400000
0  3.930176 2.746578 6.635028  0.987017 0.158586 -0.025451  0.255859 0.217896 2 7 0.500000 8 0.500000
0  3.945554 2.727537 7.108912  0.963962 0.104012 0.244863  0.271301 0.218384 2 7 0.600000 8 0.400000
Komainu
0  4.038572 2.113753 6.807879  0.977533 0.038823 0.207177  0.263000 0.240173 2 7 0.600000 8 0.400000
0  3.974853 2.413315 6.210942  0.972726 0.229317 0.034896  0.241577 0.233093 2 8 0.600000 7 0.400000
0  3.930176 2.746578 6.635028  0.987017 0.158586 -0.025451  0.255859 0.217896 2 7 0.500000 8 0.500000
Komainu
0  4.076661 2.853517 6.568374  0.825150 -0.094189 0.557006  0.249146 0.213257 2 7 0.500000 8 0.500000
0  4.196045 2.596429 6.251225  0.891210 -0.330881 0.310261  0.238708 0.222290 2 7 0.500000 8 0.500000
0  4.205564 3.151624 5.891595  0.972865 0.191350 0.130070  0.224487 0.203613 2 7 0.500000 8 0.500000
Komainu
0  4.196045 2.596429 6.251225  0.891210 -0.330881 0.310261  0.238708 0.222290 2 7 0.500000 8 0.500000
0  4.252439 2.603752 5.867424  0.945044 -0.326168 -0.022521  0.225708 0.223145 2 7 0.500000 8 0.500000
0  4.205564 3.151624 5.891595  0.972865 0.191350 0.130070  0.224487 0.203613 2 7 0.500000 8 0.500000
Komainu
0  4.252439 2.603752 5.867424  0.945044 -0.326168 -0.022521  0.225708 0.223145 2 7 0.500000 8 0.500000
0  4.239257 2.830078 5.515848  0.971799 -0.117733 -0.204315  0.215698 0.217163 2 8 0.540000 7 0.460000
0  4.205564 3.151624 5.891595  0.972865 0.191350 0.130070  0.224487 0.203613 2 7 0.500000 8 0.500000
Komainu
0  4.239257 2.830078 5.515848  0.971799 -0.117733 -0.204315  0.215698 0.217163 2 8 0.540000 7 0.460000
0  4.182128 3.235123 5.397924  0.960558 0.152459 -0.232560  0.210754 0.202576 2 8 0.570000 7 0.430000
0  4.205564 3.151624 5.891595  0.972865 0.191350 0.130070  0.224487 0.203613 2 7 0.500000 8 0.500000
Komainu
0  4.182128 3.235123 5.397924  0.960558 0.152459 -0.232560  0.210754 0.202576 2 8 0.570000 7 0.430000
0  4.151367 3.499534 5.827872  0.952922 0.186890 0.238772  0.220520 0.190674 2 7 0.500000 8 0.500000
0  4.205564 3.151624 5.891595  0.972865 0.191350 0.130070  0.224487 0.203613 2 7 0.500000 8 0.500000
Komainu
0  4.182128 3.235123 5.397924  0.960558 0.152459 -0.232560  0.210754 0.202576 2 8 0.570000 7 0.430000
0  4.088378 3.712681 5.520243  0.902831 0.357496 -0.238939  0.210266 0.183777 2 8 0.570000 7 0.430000
0  4.151367 3.499534 5.827872  0.952922 0.186890 0.238772  0.220520 0.190674 2 7 0.500000 8 0.500000
Komainu
0  3.949217 4.077435 5.774405  0.830020 0.557398 -0.019343  0.217835 0.166138 2 8 0.540000 7 0.460000
0  4.151367 3.499534 5.827872  0.952922 0.186890 0.238772  0.220520 0.190674 2 7 0.500000 8 0.500000
0  4.088378 3.712681 5.520243  0.902831 0.357496 -0.238939  0.210266 0.183777 2 8 0.570000 7 0.430000
Komainu
0  3.949217 4.077435 5.774405  0.830020 0.557398 -0.019343  0.217835 0.166138 2 8 0.540000 7 0.460000
0  4.074461 3.713410 5.951655  0.930994 0.140552 0.336892  0.224182 0.179749 2 8 0.520000 7 0.480000
0  4.151367 3.499534 5.827872  0.952922 0.186890 0.238772  0.220520 0.190674 2 7 0.500000 8 0.500000
Komainu
0  3.949217 4.077435 5.774405  0.830020 0.557398 -0.019343  0.217835 0.166138 2 8 0.540000 7 0.460000
0  3.935303 3.887730 6.321540  0.951221 0.114935 0.286300  0.236511 0.174255 2 7 0.500000 8 0.500000
0  4.074461 3.713410 5.951655  0.930994 0.140552 0.336892  0.224182 0.179749 2 8 0.520000 7 0.480000
Komainu
0  3.935303 3.887730 6.321540  0.951221 0.114935 0.286300  0.236511 0.174255 2 7 0.500000 8 0.500000
0  4.045898 3.468772 5.975826  0.825225 0.002660 0.564797  0.226013 0.190186 2 7 0.500000 8 0.500000
0  4.074461 3.713410 5.951655  0.930994 0.140552 0.336892  0.224182 0.179749 2 8 0.520000 7 0.480000
Komainu
0  3.935303 3.887730 6.321540  0.951221 0.114935 0.286300  0.236511 0.174255 2 7 0.500000 8 0.500000
0  3.884766 3.590358 6.231450  0.927721 -0.201220 0.314396  0.234314 0.184448 2 7 0.500000 8 0.500000
0  4.045898 3.468772 5.975826  0.825225 0.002660 0.564797  0.226013 0.190186 2 7 0.500000 8 0.500000
Komainu
0  3.935303 3.887730 6.321540  0.951221 0.114935 0.286300  0.236511 0.174255 2 7 0.500000 8 0.500000
0  3.826905 3.496605 6.509046  0.994633 -0.094344 0.042480  0.247681 0.187927 2 7 0.500000 8 0.500000
0  3.884766 3.590358 6.231450  0.927721 -0.201220 0.314396  0.234314 0.184448 2 7 0.500000 8 0.500000
Komainu
0  3.935303 3.887730 6.321540  0.951221 0.114935 0.286300  0.236511 0.174255 2 7 0.500000 8 0.500000
0  3.852540 3.736840 6.740496  0.966672 0.139633 0.214589  0.254578 0.178772 2 7 0.600000 8 0.400000
0  3.826905 3.496605 6.509046  0.994633 -0.094344 0.042480  0.247681 0.187927 2 7 0.500000 8 0.500000
Komainu
0  3.826905 3.496605 6.509046  0.994633 -0.094344 0.042480  0.247681 0.187927 2 7 0.500000 8 0.500000
0  3.852540 3.736840 6.740496  0.966672 0.139633 0.214589  0.254578 0.178772 2 7 0.600000 8 0.400000
0  3.852540 3.314955 7.057641  0.958128 0.169013 0.231141  0.268127 0.195068 2 7 0.600000 8 0.400000
Komainu
0  3.852540 3.314955 7.057641  0.958128 0.169013 0.231141  0.268127 0.195068 2 7 0.600000 8 0.400000
0  3.852540 3.736840 6.740496  0.966672 0.139633 0.214589  0.254578 0.178772 2 7 0.600000 8 0.400000
0  3.659912 4.041529 6.917739  0.634100 0.606185 0.480059  0.260254 0.166260 2 7 0.700000 8 0.300000
Komainu
0  3.852540 3.314955 7.057641  0.958128 0.169013 0.231141  0.268127 0.195068 2 7 0.600000 8 0.400000
0  3.659912 4.041529 6.917739  0.634100 0.606185 0.480059  0.260254 0.166260 2 7 0.700000 8 0.300000
0  3.580809 3.406501 7.496355  0.633505 0.340644 0.694718  0.284180 0.190491 2 7 0.800000 8 0.200000
Komainu
0  3.580809 3.406501 7.496355  0.633505 0.340644 0.694718  0.284180 0.190491 2 7 0.800000 8 0.200000
0  3.945554 2.727537 7.108912  0.963962 0.104012 0.244863  0.271301 0.218384 2 7 0.600000 8 0.400000
0  3.852540 3.314955 7.057641  0.958128 0.169013 0.231141  0.268127 0.195068 2 7 0.600000 8 0.400000
Komainu
0  3.580809 3.406501 7.496355  0.633505 0.340644 0.694718  0.284180 0.190491 2 7 0.800000 8 0.200000
0  3.667968 2.630857 7.575459  0.677805 -0.011673 0.735149  0.288452 0.221008 2 7 0.800000 8 0.200000
0  3.945554 2.727537 7.108912  0.963962 0.104012 0.244863  0.271301 0.218384 2 7 0.600000 8 0.400000
Komainu
0  4.045898 3.468772 5.975826  0.825225 0.002660 0.564797  0.226013 0.190186 2 7 0.500000 8 0.500000
0  4.151367 3.499534 5.827872  0.952922 0.186890 0.238772  0.220520 0.190674 2 7 0.500000 8 0.500000
0  4.074461 3.713410 5.951655  0.930994 0.140552 0.336892  0.224182 0.179749 2 8 0.520000 7 0.480000
Komainu
0  4.045898 3.468772 5.975826  0.825225 0.002660 0.564797  0.226013 0.190186 2 7 0.500000 8 0.500000
0  4.205564 3.151624 5.891595  0.972865 0.191350 0.130070  0.224487 0.203613 2 7 0.500000 8 0.500000
0  4.151367 3.499534 5.827872  0.952922 0.186890 0.238772  0.220520 0.190674 2 7 0.500000 8 0.500000
Komainu
0  3.963866 3.443137 6.485607  0.606442 0.583077 0.540601  0.244446 0.192505 2 7 0.500000 8 0.500000
0  3.826905 3.496605 6.509046  0.386826 0.691416 0.610171  0.247681 0.187927 2 7 0.500000 8 0.500000
0  3.863526 3.175794 6.694356  0.432077 0.221447 0.874226  0.256287 0.200378 2 7 0.500000 8 0.500000
Komainu
0  3.884766 3.590358 6.231450  0.465645 0.874040 0.138670  0.234314 0.184448 2 7 0.500000 8 0.500000
0  3.826905 3.496605 6.509046  0.386826 0.691416 0.610171  0.247681 0.187927 2 7 0.500000 8 0.500000
0  3.963866 3.443137 6.485607  0.606442 0.583077 0.540601  0.244446 0.192505 2 7 0.500000 8 0.500000
Komainu
0  3.884766 3.590358 6.231450  0.465645 0.874040 0.138670  0.234314 0.184448 2 7 0.500000 8 0.500000
0  3.963866 3.443137 6.485607  0.606442 0.583077 0.540601  0.244446 0.192505 2 7 0.500000 8 0.500000
0  4.021728 3.522973 6.264408  0.665227 0.716512 0.209962  0.234436 0.189880 2 7 0.500000 8 0.500000
Komainu
0  4.045898 3.468772 5.975826  0.687568 0.686162 -0.237554  0.226013 0.190186 2 7 0.500000 8 0.500000
0  3.884766 3.590358 6.231450  0.465645 0.874040 0.138670  0.234314 0.184448 2 7 0.500000 8 0.500000
0  4.021728 3.522973 6.264408  0.665227 0.716512 0.209962  0.234436 0.189880 2 7 0.500000 8 0.500000
Komainu
0  4.045898 3.468772 5.975826  0.687568 0.686162 -0.237554  0.226013 0.190186 2 7 0.500000 8 0.500000
0  4.021728 3.522973 6.264408  0.665227 0.716512 0.209962  0.234436 0.189880 2 7 0.500000 8 0.500000
0  4.112549 3.421162 6.059325  0.875226 0.482915 0.027805  0.228394 0.193542 2 7 0.500000 8 0.500000
Komainu
0  4.205564 3.151624 5.891595  0.972865 0.191350 0.130070  0.224487 0.203613 2 7 0.500000 8 0.500000
0  4.045898 3.468772 5.975826  0.687568 0.686162 -0.237554  0.226013 0.190186 2 7 0.500000 8 0.500000
0  4.112549 3.421162 6.059325  0.875226 0.482915 0.027805  0.228394 0.193542 2 7 0.500000 8 0.500000
Komainu
0  4.205564 3.151624 5.891595  0.972865 0.191350 0.130070  0.224487 0.203613 2 7 0.500000 8 0.500000
0  4.112549 3.421162 6.059325  0.875226 0.482915 0.027805  0.228394 0.193542 2 7 0.500000 8 0.500000
0  4.006347 3.167737 6.620379  0.803110 0.227102 0.550853  0.250000 0.202026 2 7 0.500000 8 0.500000
Komainu
0  4.006347 3.167737 6.620379  0.803110 0.227102 0.550853  0.250000 0.202026 2 7 0.500000 8 0.500000
0  4.076661 2.853517 6.568374  0.825150 -0.094189 0.557006  0.249146 0.213257 2 7 0.500000 8 0.500000
0  4.205564 3.151624 5.891595  0.972865 0.191350 0.130070  0.224487 0.203613 2 7 0.500000 8 0.500000
Komainu
0  3.863526 3.175794 6.694356  0.432077 0.221447 0.874226  0.256287 0.200378 2 7 0.500000 8 0.500000
0  4.076661 2.853517 6.568374  0.825150 -0.094189 0.557006  0.249146 0.213257 2 7 0.500000 8 0.500000
0  4.006347 3.167737 6.620379  0.803110 0.227102 0.550853  0.250000 0.202026 2 7 0.500000 8 0.500000
Komainu
0  3.863526 3.175794 6.694356  0.432077 0.221447 0.874226  0.256287 0.200378 2 7 0.500000 8 0.500000
0  3.930176 2.746578 6.635028  0.513536 -0.346502 0.784995  0.255859 0.217896 2 7 0.500000 8 0.500000
0  4.076661 2.853517 6.568374  0.825150 -0.094189 0.557006  0.249146 0.213257 2 7 0.500000 8 0.500000
Komainu
0  3.930176 2.746578 6.635028  0.513536 -0.346502 0.784995  0.255859 0.217896 2 7 0.500000 8 0.500000
0  4.196045 2.596429 6.251225  0.891210 -0.330881 0.310261  0.238708 0.222290 2 7 0.500000 8 0.500000
0  4.076661 2.853517 6.568374  0.825150 -0.094189 0.557006  0.249146 0.213257 2 7 0.500000 8 0.500000
Komainu
0  3.930176 2.746578 6.635028  0.513536 -0.346502 0.784995  0.255859 0.217896 2 7 0.500000 8 0.500000
0  3.974853 2.413315 6.210942  0.602459 -0.713423 0.357870  0.241577 0.233093 2 8 0.600000 7 0.400000
0  4.196045 2.596429 6.251225  0.891210 -0.330881 0.310261  0.238708 0.222290 2 7 0.500000 8 0.500000
Komainu
0  3.974853 2.413315 6.210942  0.602459 -0.713423 0.357870  0.241577 0.233093 2 8 0.600000 7 0.400000
0  4.252439 2.603752 5.867424  0.945044 -0.326168 -0.022521  0.225708 0.223145 2 7 0.500000 8 0.500000
0  4.196045 2.596429 6.251225  0.891210 -0.330881 0.310261  0.238708 0.222290 2 7 0.500000 8 0.500000
Komainu
0  3.974853 2.413315 6.210942  0.602459 -0.713423 0.357870  0.241577 0.233093 2 8 0.600000 7 0.400000
0  4.024659 2.395735 5.760483  0.718435 -0.684280 -0.124947  0.223938 0.235840 2 8 0.600000 7 0.400000
0  4.252439 2.603752 5.867424  0.945044 -0.326168 -0.022521  0.225708 0.223145 2 7 0.500000 8 0.500000
Komainu
0  4.024659 2.395735 5.760483  0.718435 -0.684280 -0.124947  0.223938 0.235840 2 8 0.600000 7 0.400000
0  4.239257 2.830078 5.515848  0.971799 -0.117733 -0.204315  0.215698 0.217163 2 8 0.540000 7 0.460000
0  4.252439 2.603752 5.867424  0.945044 -0.326168 -0.022521  0.225708 0.223145 2 7 0.500000 8 0.500000
Komainu
0  4.024659 2.395735 5.760483  0.718435 -0.684280 -0.124947  0.223938 0.235840 2 8 0.600000 7 0.400000
0  4.083983 2.708491 5.308557  0.855769 -0.339266 -0.390587  0.210388 0.224976 2 8 0.700000 7 0.300000
0  4.239257 2.830078 5.515848  0.971799 -0.117733 -0.204315  0.215698 0.217163 2 8 0.540000 7 0.460000
Komainu
0  4.083983 2.708491 5.308557  0.855769 -0.339266 -0.390587  0.210388 0.224976 2 8 0.700000 7 0.300000
0  4.182128 3.235123 5.397924  0.960558 0.152459 -0.232560  0.210754 0.202576 2 8 0.570000 7 0.430000
0  4.239257 2.830078 5.515848  0.971799 -0.117733 -0.204315  0.215698 0.217163 2 8 0.540000 7 0.460000
Komainu
0  4.083983 2.708491 5.308557  0.855769 -0.339266 -0.390587  0.210388 0.224976 2 8 0.700000 7 0.300000
0  4.080320 3.090100 5.119584  0.897582 0.065563 -0.435946  0.204285 0.209412 2 8 0.700000 7 0.300000
0  4.182128 3.235123 5.397924  0.960558 0.152459 -0.232560  0.210754 0.202576 2 8 0.570000 7 0.430000
Komainu
0  4.006347 3.167737 6.620379  0.803110 0.227102 0.550853  0.250000 0.202026 2 7 0.500000 8 0.500000
0  4.112549 3.421162 6.059325  0.875226 0.482915 0.027805  0.228394 0.193542 2 7 0.500000 8 0.500000
0  4.021728 3.522973 6.264408  0.665227 0.716512 0.209962  0.234436 0.189880 2 7 0.500000 8 0.500000
Komainu
0  4.006347 3.167737 6.620379  0.803110 0.227102 0.550853  0.250000 0.202026 2 7 0.500000 8 0.500000
0  4.021728 3.522973 6.264408  0.665227 0.716512 0.209962  0.234436 0.189880 2 7 0.500000 8 0.500000
0  3.963866 3.443137 6.485607  0.606442 0.583077 0.540601  0.244446 0.192505 2 7 0.500000 8 0.500000
Komainu
0  3.963866 3.443137 6.485607  0.606442 0.583077 0.540601  0.244446 0.192505 2 7 0.500000 8 0.500000
0  3.863526 3.175794 6.694356  0.432077 0.221447 0.874226  0.256287 0.200378 2 7 0.500000 8 0.500000
0  4.006347 3.167737 6.620379  0.803110 0.227102 0.550853  0.250000 0.202026 2 7 0.500000 8 0.500000
Komainu
0  3.927978 2.023648 4.540944  0.942513 -0.193324 -0.272570  0.715072 0.178955 2 8 0.700000 7 0.300000
0  3.902343 1.398148 5.457255  0.960504 -0.265923 -0.081954  0.697067 0.211975 2 7 0.500000 8 0.500000
0  3.681153 0.578572 5.296128  0.911327 -0.321453 -0.257197  0.688033 0.194702 2 7 0.700000 8 0.300000
Komainu
0  3.495116 3.067399 3.210753  0.912648 -0.098043 -0.396814  0.720809 0.120728 2 8 0.500000 9 0.500000
0  3.811523 3.786651 4.305117  0.525028 0.525315 -0.669620  0.781722 0.163879 2 7 0.500000 8 0.500000
0  3.923583 2.926029 4.215015  0.924267 -0.012309 -0.381549  0.742843 0.164795 2 8 0.600000 7 0.400000
Komainu
0  3.923583 2.926029 4.215015  0.924267 -0.012309 -0.381549  0.742843 0.164795 2 8 0.600000 7 0.400000
0  3.695802 1.743850 4.009182  0.855398 -0.300747 -0.421717  0.696395 0.158814 2 8 0.700000 7 0.300000
0  3.495116 3.067399 3.210753  0.912648 -0.098043 -0.396814  0.720809 0.120728 2 8 0.500000 9 0.500000
Komainu
0  3.927978 2.023648 4.540944  0.942513 -0.193324 -0.272570  0.715072 0.178955 2 8 0.700000 7 0.300000
0  3.695802 1.743850 4.009182  0.855398 -0.300747 -0.421717  0.696395 0.158814 2 8 0.700000 7 0.300000
0  3.923583 2.926029 4.215015  0.924267 -0.012309 -0.381549  0.742843 0.164795 2 8 0.600000 7 0.400000
Komainu
0  3.927978 2.023648 4.540944  0.942513 -0.193324 -0.272570  0.715072 0.178955 2 8 0.700000 7 0.300000
0  3.681153 0.578572 5.296128  0.911327 -0.321453 -0.257197  0.688033 0.194702 2 7 0.700000 8 0.300000
0  3.695802 1.743850 4.009182  0.855398 -0.300747 -0.421717  0.696395 0.158814 2 8 0.700000 7 0.300000
Komainu
0  3.681153 0.578572 5.296128  0.911327 -0.321453 -0.257197  0.688033 0.194702 2 7 0.700000 8 0.300000
0  2.846193 1.217916 3.509598  0.361140 -0.659749 -0.659022  0.652084 0.148254 2 8 0.700000 9 0.300000
0  3.695802 1.743850 4.009182  0.855398 -0.300747 -0.421717  0.696395 0.158814 2 8 0.700000 7 0.300000
Komainu
0  3.681153 0.578572 5.296128  0.911327 -0.321453 -0.257197  0.688033 0.194702 2 7 0.700000 8 0.300000
0  2.835936 0.794601 4.115404  0.518306 -0.415088 -0.747704  0.650192 0.165405 3 8 0.600000 7 0.300000 18 0.100000
0  2.846193 1.217916 3.509598  0.361140 -0.659749 -0.659022  0.652084 0.148254 2 8 0.700000 9 0.300000
Komainu
0  2.835936 0.794601 4.115404  0.518306 -0.415088 -0.747704  0.650192 0.165405 3 8 0.600000 7 0.300000 18 0.100000
0  1.724121 1.326321 3.392403  -0.401649 -0.640566 -0.654487  0.590377 0.136536 2 8 0.700000 9 0.300000
0  2.846193 1.217916 3.509598  0.361140 -0.659749 -0.659022  0.652084 0.148254 2 8 0.700000 9 0.300000
Komainu
0  2.835936 0.794601 4.115404  0.518306 -0.415088 -0.747704  0.650192 0.165405 3 8 0.600000 7 0.300000 18 0.100000
0  1.596681 1.048827 3.864990  -0.004339 -0.242000 -0.970266  0.586776 0.151550 2 7 0.800000 18 0.200000
0  1.724121 1.326321 3.392403  -0.401649 -0.640566 -0.654487  0.590377 0.136536 2 8 0.700000 9 0.300000
Komainu
0  0.947022 2.917242 3.177792  -0.877276 -0.179278 -0.445248  0.519149 0.151245 2 8 0.500000 9 0.500000
0  1.724121 1.326321 3.392403  -0.401649 -0.640566 -0.654487  0.590377 0.136536 2 8 0.700000 9 0.300000
0  1.596681 1.048827 3.864990  -0.004339 -0.242000 -0.970266  0.586776 0.151550 2 7 0.800000 18 0.200000
Komainu
0  0.947022 2.917242 3.177792  -0.877276 -0.179278 -0.445248  0.519149 0.151245 2 8 0.500000 9 0.500000
0  1.757079 2.310756 2.600610  -0.378877 -0.623376 -0.683999  0.595687 0.111389 2 9 0.536082 8 0.463918
0  1.724121 1.326321 3.392403  -0.401649 -0.640566 -0.654487  0.590377 0.136536 2 8 0.700000 9 0.300000
Komainu
0  0.947022 2.917242 3.177792  -0.877276 -0.179278 -0.445248  0.519149 0.151245 2 8 0.500000 9 0.500000
0  1.010010 3.287871 2.765415  -0.908662 -0.230780 -0.347957  0.524032 0.120361 2 9 0.571429 8 0.428571
0  1.757079 2.310756 2.600610  -0.378877 -0.623376 -0.683999  0.595687 0.111389 2 9 0.536082 8 0.463918
Komainu
0  1.075929 3.479781 2.354496  -0.932835 -0.252387 -0.257137  0.527450 0.100586 2 9 0.750000 8 0.250000
0  1.757079 2.310756 2.600610  -0.378877 -0.623376 -0.683999  0.595687 0.111389 2 9 0.536082 8 0.463918
0  1.010010 3.287871 2.765415  -0.908662 -0.230780 -0.347957  0.524032 0.120361 2 9 0.571429 8 0.428571
Komainu
0  1.075929 3.479781 2.354496  -0.932835 -0.252387 -0.257137  0.527450 0.100586 2 9 0.750000 8 0.250000
0  1.778319 2.692371 2.218995  -0.409237 -0.769667 -0.490039  0.595077 0.096802 2 9 0.708333 8 0.291667
0  1.757079 2.310756 2.600610  -0.378877 -0.623376 -0.683999  0.595687 0.111389 2 9 0.536082 8 0.463918
Komainu
0  1.778319 2.692371 2.218995  -0.409237 -0.769667 -0.490039  0.595077 0.096802 2 9 0.708333 8 0.291667
0  1.075929 3.479781 2.354496  -0.932835 -0.252387 -0.257137  0.527450 0.100586 2 9 0.750000 8 0.250000
0  1.171142 3.856263 1.233096  -0.985736 -0.141643 -0.090892  0.533431 0.069458 2 9 0.800000 12 0.200000
Komainu
0  1.778319 2.692371 2.218995  -0.409237 -0.769667 -0.490039  0.595077 0.096802 2 9 0.708333 8 0.291667
0  1.171142 3.856263 1.233096  -0.985736 -0.141643 -0.090892  0.533431 0.069458 2 9 0.800000 12 0.200000
0  1.650879 3.093021 1.260198  -0.474055 -0.861288 -0.182906  0.591110 0.066589 2 9 0.800000 12 0.200000
Komainu
0  1.650879 3.093021 1.260198  -0.474055 -0.861288 -0.182906  0.591110 0.066589 2 9 0.800000 12 0.200000
0  1.171142 3.856263 1.233096  -0.985736 -0.141643 -0.090892  0.533431 0.069458 2 9 0.800000 12 0.200000
0  1.196909 3.922938 0.564117  -0.996353 -0.080622 -0.027936  0.528488 0.041687 1 12 1.000000
Komainu
0  1.650879 3.093021 1.260198  -0.474055 -0.861288 -0.182906  0.591110 0.066589 2 9 0.800000 12 0.200000
0  1.196909 3.922938 0.564117  -0.996353 -0.080622 -0.027936  0.528488 0.041687 1 12 1.000000
0  1.542480 3.142045 0.627342  -0.675593 -0.659547 0.329503  0.589889 0.045898 2 12 0.900000 9 0.100000
Komainu
0  1.217417 3.468832 0.000153  -0.922939 -0.095825 -0.372830  0.520675 0.006226 1 12 1.000000
0  1.542480 3.142045 0.627342  -0.675593 -0.659547 0.329503  0.589889 0.045898 2 12 0.900000 9 0.100000
0  1.196909 3.922938 0.564117  -0.996353 -0.080622 -0.027936  0.528488 0.041687 1 12 1.000000
Komainu
0  0.947022 2.917242 3.177792  -0.877276 -0.179278 -0.445248  0.519149 0.151245 2 8 0.500000 9 0.500000
0  1.596681 1.048827 3.864990  -0.004339 -0.242000 -0.970266  0.586776 0.151550 2 7 0.800000 18 0.200000
0  0.747804 3.007332 3.332430  -0.212130 -0.062281 -0.975255  0.510360 0.160645 2 7 0.500000 8 0.500000
Komainu
0  2.878418 3.142045 0.627342  0.676068 -0.687103 0.266125  0.658248 0.046143 2 12 0.900000 9 0.100000
0  1.337535 2.871180 0.276276  -0.646045 -0.688912 0.328672  0.591110 0.018433 1 12 1.000000
0  2.886606 2.871181 0.276276  0.584723 -0.774393 0.241689  0.658004 0.018433 1 12 1.000000
Komainu
0  2.878418 3.142045 0.627342  0.676068 -0.687103 0.266125  0.658248 0.046143 2 12 0.900000 9 0.100000
0  1.542480 3.142045 0.627342  -0.675593 -0.659547 0.329503  0.589889 0.045898 2 12 0.900000 9 0.100000
0  1.337535 2.871180 0.276276  -0.646045 -0.688912 0.328672  0.591110 0.018433 1 12 1.000000
Komainu
0  2.731200 3.093021 1.260198  0.525542 -0.826967 -0.199827  0.660079 0.066589 2 9 0.800000 12 0.200000
0  1.542480 3.142045 0.627342  -0.675593 -0.659547 0.329503  0.589889 0.045898 2 12 0.900000 9 0.100000
0  2.878418 3.142045 0.627342  0.676068 -0.687103 0.266125  0.658248 0.046143 2 12 0.900000 9 0.100000
Komainu
0  2.731200 3.093021 1.260198  0.525542 -0.826967 -0.199827  0.660079 0.066589 2 9 0.800000 12 0.200000
0  1.650879 3.093021 1.260198  -0.474055 -0.861288 -0.182906  0.591110 0.066589 2 9 0.800000 12 0.200000
0  1.542480 3.142045 0.627342  -0.675593 -0.659547 0.329503  0.589889 0.045898 2 12 0.900000 9 0.100000
Komainu
0  2.895263 2.752438 2.218989  0.499934 -0.707458 -0.499569  0.659835 0.097046 2 9 0.680000 8 0.320000
0  1.650879 3.093021 1.260198  -0.474055 -0.861288 -0.182906  0.591110 0.066589 2 9 0.800000 12 0.200000
0  2.731200 3.093021 1.260198  0.525542 -0.826967 -0.199827  0.660079 0.066589 2 9 0.800000 12 0.200000
Komainu
0  2.895263 2.752438 2.218989  0.499934 -0.707458 -0.499569  0.659835 0.097046 2 9 0.680000 8 0.320000
0  1.778319 2.692371 2.218995  -0.409237 -0.769667 -0.490039  0.595077 0.096802 2 9 0.708333 8 0.291667
0  1.650879 3.093021 1.260198  -0.474055 -0.861288 -0.182906  0.591110 0.066589 2 9 0.800000 12 0.200000
Komainu
0  2.875488 2.304168 2.646750  0.452472 -0.569688 -0.686094  0.660201 0.114258 2 9 0.520000 8 0.480000
0  1.778319 2.692371 2.218995  -0.409237 -0.769667 -0.490039  0.595077 0.096802 2 9 0.708333 8 0.291667
0  2.895263 2.752438 2.218989  0.499934 -0.707458 -0.499569  0.659835 0.097046 2 9 0.680000 8 0.320000
Komainu
0  2.875488 2.304168 2.646750  0.452472 -0.569688 -0.686094  0.660201 0.114258 2 9 0.520000 8 0.480000
0  1.757079 2.310756 2.600610  -0.378877 -0.623376 -0.683999  0.595687 0.111389 2 9 0.536082 8 0.463918
0  1.778319 2.692371 2.218995  -0.409237 -0.769667 -0.490039  0.595077 0.096802 2 9 0.708333 8 0.291667
Komainu
0  2.846193 1.217916 3.509598  0.361140 -0.659749 -0.659022  0.652084 0.148254 2 8 0.700000 9 0.300000
0  1.757079 2.310756 2.600610  -0.378877 -0.623376 -0.683999  0.595687 0.111389 2 9 0.536082 8 0.463918
0  2.875488 2.304168 2.646750  0.452472 -0.569688 -0.686094  0.660201 0.114258 2 9 0.520000 8 0.480000
Komainu
0  2.846193 1.217916 3.509598  0.361140 -0.659749 -0.659022  0.652084 0.148254 2 8 0.700000 9 0.300000
0  1.724121 1.326321 3.392403  -0.401649 -0.640566 -0.654487  0.590377 0.136536 2 8 0.700000 9 0.300000
0  1.757079 2.310756 2.600610  -0.378877 -0.623376 -0.683999  0.595687 0.111389 2 9 0.536082 8 0.463918
Komainu
0  3.176513 3.856263 1.233096  0.993319 -0.062246 -0.097176  0.751327 0.071167 2 9 0.800000 12 0.200000
0  2.731200 3.093021 1.260198  0.525542 -0.826967 -0.199827  0.660079 0.066589 2 9 0.800000 12 0.200000
0  2.878418 3.142045 0.627342  0.676068 -0.687103 0.266125  0.658248 0.046143 2 12 0.900000 9 0.100000
Komainu
0  3.176513 3.856263 1.233096  0.993319 -0.062246 -0.097176  0.751327 0.071167 2 9 0.800000 12 0.200000
0  2.895263 2.752438 2.218989  0.499934 -0.707458 -0.499569  0.659835 0.097046 2 9 0.680000 8 0.320000
0  2.731200 3.093021 1.260198  0.525542 -0.826967 -0.199827  0.660079 0.066589 2 9 0.800000 12 0.200000
Komainu
0  3.176513 3.856263 1.233096  0.993319 -0.062246 -0.097176  0.751327 0.071167 2 9 0.800000 12 0.200000
0  3.376463 3.488569 2.583759  0.964153 -0.127358 -0.232783  0.737594 0.099548 2 9 0.630000 8 0.370000
0  2.895263 2.752438 2.218989  0.499934 -0.707458 -0.499569  0.659835 0.097046 2 9 0.680000 8 0.320000
Komainu
0  2.875488 2.304168 2.646750  0.452472 -0.569688 -0.686094  0.660201 0.114258 2 9 0.520000 8 0.480000
0  2.895263 2.752438 2.218989  0.499934 -0.707458 -0.499569  0.659835 0.097046 2 9 0.680000 8 0.320000
0  3.376463 3.488569 2.583759  0.964153 -0.127358 -0.232783  0.737594 0.099548 2 9 0.630000 8 0.370000
Komainu
0  2.875488 2.304168 2.646750  0.452472 -0.569688 -0.686094  0.660201 0.114258 2 9 0.520000 8 0.480000
0  3.376463 3.488569 2.583759  0.964153 -0.127358 -0.232783  0.737594 0.099548 2 9 0.630000 8 0.370000
0  3.495116 3.067399 3.210753  0.912648 -0.098043 -0.396814  0.720809 0.120728 2 8 0.500000 9 0.500000
Komainu
0  3.695802 1.743850 4.009182  0.855398 -0.300747 -0.421717  0.696395 0.158814 2 8 0.700000 7 0.300000
0  2.875488 2.304168 2.646750  0.452472 -0.569688 -0.686094  0.660201 0.114258 2 9 0.520000 8 0.480000
0  3.495116 3.067399 3.210753  0.912648 -0.098043 -0.396814  0.720809 0.120728 2 8 0.500000 9 0.500000
Komainu
0  3.695802 1.743850 4.009182  0.855398 -0.300747 -0.421717  0.696395 0.158814 2 8 0.700000 7 0.300000
0  2.846193 1.217916 3.509598  0.361140 -0.659749 -0.659022  0.652084 0.148254 2 8 0.700000 9 0.300000
0  2.875488 2.304168 2.646750  0.452472 -0.569688 -0.686094  0.660201 0.114258 2 9 0.520000 8 0.480000
Komainu
0  1.217417 3.468832 0.000153  -0.922939 -0.095825 -0.372830  0.520675 0.006226 1 12 1.000000
0  1.337535 2.871180 0.276276  -0.646045 -0.688912 0.328672  0.591110 0.018433 1 12 1.000000
0  1.542480 3.142045 0.627342  -0.675593 -0.659547 0.329503  0.589889 0.045898 2 12 0.900000 9 0.100000
Komainu
0  1.217417 3.468832 0.000153  -0.922939 -0.095825 -0.372830  0.520675 0.006226 1 12 1.000000
0  1.352184 2.893152 0.000153  -0.500739 -0.631479 -0.592026  0.593795 0.006226 1 12 1.000000
0  1.337535 2.871180 0.276276  -0.646045 -0.688912 0.328672  0.591110 0.018433 1 12 1.000000
Komainu
0  2.886606 2.871181 0.276276  0.584723 -0.774393 0.241689  0.658004 0.018433 1 12 1.000000
0  1.337535 2.871180 0.276276  -0.646045 -0.688912 0.328672  0.591110 0.018433 1 12 1.000000
0  1.352184 2.893152 0.000153  -0.500739 -0.631479 -0.592026  0.593795 0.006226 1 12 1.000000
Komainu
0  2.886606 2.871181 0.276276  0.584723 -0.774393 0.241689  0.658004 0.018433 1 12 1.000000
0  1.352184 2.893152 0.000153  -0.500739 -0.631479 -0.592026  0.593795 0.006226 1 12 1.000000
0  2.893932 2.893152 0.000153  0.464973 -0.697579 -0.545145  0.656295 0.006226 1 12 1.000000
Komainu
0  2.886606 2.871181 0.276276  0.584723 -0.774393 0.241689  0.658004 0.018433 1 12 1.000000
0  2.893932 2.893152 0.000153  0.464973 -0.697579 -0.545145  0.656295 0.006226 1 12 1.000000
0  3.135629 3.468832 0.000153  0.891245 -0.166728 -0.421764  0.712631 0.006226 1 12 1.000000
Komainu
0  2.878418 3.142045 0.627342  0.676068 -0.687103 0.266125  0.658248 0.046143 2 12 0.900000 9 0.100000
0  2.886606 2.871181 0.276276  0.584723 -0.774393 0.241689  0.658004 0.018433 1 12 1.000000
0  3.135629 3.468832 0.000153  0.891245 -0.166728 -0.421764  0.712631 0.006226 1 12 1.000000
Komainu
0  2.878418 3.142045 0.627342  0.676068 -0.687103 0.266125  0.658248 0.046143 2 12 0.900000 9 0.100000
0  3.135629 3.468832 0.000153  0.891245 -0.166728 -0.421764  0.712631 0.006226 1 12 1.000000
0  3.141489 3.928066 0.513582  0.998126 -0.005193 -0.060978  0.714645 0.040833 1 12 1.000000
Komainu
0  3.176513 3.856263 1.233096  0.993319 -0.062246 -0.097176  0.751327 0.071167 2 9 0.800000 12 0.200000
0  2.878418 3.142045 0.627342  0.676068 -0.687103 0.266125  0.658248 0.046143 2 12 0.900000 9 0.100000
0  3.141489 3.928066 0.513582  0.998126 -0.005193 -0.060978  0.714645 0.040833 1 12 1.000000
Komainu
0  3.176513 3.856263 1.233096  0.993319 -0.062246 -0.097176  0.751327 0.071167 2 9 0.800000 12 0.200000
0  3.141489 3.928066 0.513582  0.998126 -0.005193 -0.060978  0.714645 0.040833 1 12 1.000000
0  2.797118 5.423790 0.422241  0.750505 0.553994 -0.360323  0.781051 0.045593 2 9 0.500000 12 0.500000
Komainu
0  3.176513 3.856263 1.233096  0.993319 -0.062246 -0.097176  0.751327 0.071167 2 9 0.800000 12 0.200000
0  2.797118 5.423790 0.422241  0.750505 0.553994 -0.360323  0.781051 0.045593 2 9 0.500000 12 0.500000
0  2.923094 5.537302 1.653537  0.648896 0.760158 -0.033078  0.781051 0.071960 2 9 0.800000 12 0.200000
Komainu
0  3.376463 3.488569 2.583759  0.964153 -0.127358 -0.232783  0.737594 0.099548 2 9 0.630000 8 0.370000
0  3.176513 3.856263 1.233096  0.993319 -0.062246 -0.097176  0.751327 0.071167 2 9 0.800000 12 0.200000
0  2.923094 5.537302 1.653537  0.648896 0.760158 -0.033078  0.781051 0.071960 2 9 0.800000 12 0.200000
Komainu
0  3.376463 3.488569 2.583759  0.964153 -0.127358 -0.232783  0.737594 0.099548 2 9 0.630000 8 0.370000
0  2.923094 5.537302 1.653537  0.648896 0.760158 -0.033078  0.781051 0.071960 2 9 0.800000 12 0.200000
0  3.071777 5.219396 2.949993  0.734270 0.678005 0.033998  0.781051 0.099487 2 9 0.600000 8 0.400000
Komainu
0  3.369140 4.280367 3.577719  0.929538 0.330701 -0.163085  0.785629 0.124573 2 8 0.500000 9 0.500000
0  3.376463 3.488569 2.583759  0.964153 -0.127358 -0.232783  0.737594 0.099548 2 9 0.630000 8 0.370000
0  3.071777 5.219396 2.949993  0.734270 0.678005 0.033998  0.781051 0.099487 2 9 0.600000 8 0.400000
Komainu
0  3.369140 4.280367 3.577719  0.929538 0.330701 -0.163085  0.785629 0.124573 2 8 0.500000 9 0.500000
0  3.071777 5.219396 2.949993  0.734270 0.678005 0.033998  0.781051 0.099487 2 9 0.600000 8 0.400000
0  2.828612 5.243533 4.101459  0.572325 0.812320 -0.112163  0.850448 0.132446 2 8 0.800000 7 0.200000
Komainu
0  3.369140 4.280367 3.577719  0.929538 0.330701 -0.163085  0.785629 0.124573 2 8 0.500000 9 0.500000
0  2.828612 5.243533 4.101459  0.572325 0.812320 -0.112163  0.850448 0.132446 2 8 0.800000 7 0.200000
0  3.580076 4.519839 4.579776  0.696778 0.683667 -0.217025  0.817489 0.169495 2 8 0.600000 7 0.400000
Komainu
0  3.580076 4.519839 4.579776  0.696778 0.683667 -0.217025  0.817489 0.169495 2 8 0.600000 7 0.400000
0  2.828612 5.243533 4.101459  0.572325 0.812320 -0.112163  0.850448 0.132446 2 8 0.800000 7 0.200000
0  3.134765 5.101392 5.135712  0.525555 0.834436 -0.165858  0.851730 0.185120 2 7 0.500000 8 0.500000
Komainu
0  3.369140 4.280367 3.577719  0.929538 0.330701 -0.163085  0.785629 0.124573 2 8 0.500000 9 0.500000
0  3.495116 3.067399 3.210753  0.912648 -0.098043 -0.396814  0.720809 0.120728 2 8 0.500000 9 0.500000
0  3.376463 3.488569 2.583759  0.964153 -0.127358 -0.232783  0.737594 0.099548 2 9 0.630000 8 0.370000
Komainu
0  3.495116 3.067399 3.210753  0.912648 -0.098043 -0.396814  0.720809 0.120728 2 8 0.500000 9 0.500000
0  3.369140 4.280367 3.577719  0.929538 0.330701 -0.163085  0.785629 0.124573 2 8 0.500000 9 0.500000
0  3.811523 3.786651 4.305117  0.525028 0.525315 -0.669620  0.781722 0.163879 2 7 0.500000 8 0.500000
Komainu
0  3.369140 4.280367 3.577719  0.929538 0.330701 -0.163085  0.785629 0.124573 2 8 0.500000 9 0.500000
0  3.580076 4.519839 4.579776  0.696778 0.683667 -0.217025  0.817489 0.169495 2 8 0.600000 7 0.400000
0  3.811523 3.786651 4.305117  0.525028 0.525315 -0.669620  0.781722 0.163879 2 7 0.500000 8 0.500000
Komainu
0  3.141489 3.928066 0.513582  0.998126 -0.005193 -0.060978  0.714645 0.040833 1 12 1.000000
0  2.797118 4.763824 -0.000417  0.588104 0.308302 -0.747719  0.777877 0.006226 2 12 0.800000 9 0.200000
0  2.797118 5.423790 0.422241  0.750505 0.553994 -0.360323  0.781051 0.045593 2 9 0.500000 12 0.500000
Komainu
0  3.141489 3.928066 0.513582  0.998126 -0.005193 -0.060978  0.714645 0.040833 1 12 1.000000
0  3.135629 3.468832 0.000153  0.891245 -0.166728 -0.421764  0.712631 0.006226 1 12 1.000000
0  2.797118 4.763824 -0.000417  0.588104 0.308302 -0.747719  0.777877 0.006226 2 12 0.800000 9 0.200000
Komainu
0  3.134765 5.101392 5.135712  0.525555 0.834436 -0.165858  0.851730 0.185120 2 7 0.500000 8 0.500000
0  2.019287 5.693958 5.086632  0.260984 0.956574 -0.129822  0.888107 0.188782 2 8 0.600000 7 0.400000
0  2.741453 5.436834 5.862300  0.427366 0.903644 0.028048  0.873336 0.207031 2 7 0.600000 8 0.400000
Komainu
0  3.134765 5.101392 5.135712  0.525555 0.834436 -0.165858  0.851730 0.185120 2 7 0.500000 8 0.500000
0  2.828612 5.243533 4.101459  0.572325 0.812320 -0.112163  0.850448 0.132446 2 8 0.800000 7 0.200000
0  2.019287 5.693958 5.086632  0.260984 0.956574 -0.129822  0.888107 0.188782 2 8 0.600000 7 0.400000
Komainu
0  2.019287 5.693958 5.086632  0.260984 0.956574 -0.129822  0.888107 0.188782 2 8 0.600000 7 0.400000
0  2.828612 5.243533 4.101459  0.572325 0.812320 -0.112163  0.850448 0.132446 2 8 0.800000 7 0.200000
0  0.909668 5.420787 3.949110  -0.587981 0.731180 -0.345910  0.887679 0.132446 2 8 0.800000 7 0.200000
Komainu
0  3.071777 5.219396 2.949993  0.734270 0.678005 0.033998  0.781051 0.099487 2 9 0.600000 8 0.400000
0  0.909668 5.420787 3.949110  -0.587981 0.731180 -0.345910  0.887679 0.132446 2 8 0.800000 7 0.200000
0  2.828612 5.243533 4.101459  0.572325 0.812320 -0.112163  0.850448 0.132446 2 8 0.800000 7 0.200000
Komainu
0  3.071777 5.219396 2.949993  0.734270 0.678005 0.033998  0.781051 0.099487 2 9 0.600000 8 0.400000
0  1.127195 5.358562 2.830602  -0.655253 0.754107 -0.044336  0.874984 0.100159 2 9 0.600000 8 0.400000
0  0.909668 5.420787 3.949110  -0.587981 0.731180 -0.345910  0.887679 0.132446 2 8 0.800000 7 0.200000
Komainu
0  1.127195 5.358562 2.830602  -0.655253 0.754107 -0.044336  0.874984 0.100159 2 9 0.600000 8 0.400000
0  3.071777 5.219396 2.949993  0.734270 0.678005 0.033998  0.781051 0.099487 2 9 0.600000 8 0.400000
0  2.923094 5.537302 1.653537  0.648896 0.760158 -0.033078  0.781051 0.071960 2 9 0.800000 12 0.200000
Komainu
0  1.127195 5.358562 2.830602  -0.655253 0.754107 -0.044336  0.874984 0.100159 2 9 0.600000 8 0.400000
0  2.923094 5.537302 1.653537  0.648896 0.760158 -0.033078  0.781051 0.071960 2 9 0.800000 12 0.200000
0  1.379882 5.540232 1.581024  -0.659802 0.750841 -0.029977  0.867843 0.071960 2 9 0.800000 12 0.200000
Komainu
0  1.379882 5.540232 1.581024  -0.659802 0.750841 -0.029977  0.867843 0.071960 2 9 0.800000 12 0.200000
0  2.923094 5.537302 1.653537  0.648896 0.760158 -0.033078  0.781051 0.071960 2 9 0.800000 12 0.200000
0  2.797118 5.423790 0.422241  0.750505 0.553994 -0.360323  0.781051 0.045593 2 9 0.500000 12 0.500000
Komainu
0  1.379882 5.540232 1.581024  -0.659802 0.750841 -0.029977  0.867843 0.071960 2 9 0.800000 12 0.200000
0  2.797118 5.423790 0.422241  0.750505 0.553994 -0.360323  0.781051 0.045593 2 9 0.500000 12 0.500000
0  1.439207 5.423790 0.422241  -0.784262 0.523935 -0.332304  0.866989 0.045593 2 9 0.500000 12 0.500000
Komainu
0  1.439207 5.423790 0.422241  -0.784262 0.523935 -0.332304  0.866989 0.045593 2 9 0.500000 12 0.500000
0  2.797118 5.423790 0.422241  0.750505 0.553994 -0.360323  0.781051 0.045593 2 9 0.500000 12 0.500000
0  2.797118 4.763824 -0.000417  0.588104 0.308302 -0.747719  0.777877 0.006226 2 12 0.800000 9 0.200000
Komainu
0  1.439207 5.423790 0.422241  -0.784262 0.523935 -0.332304  0.866989 0.045593 2 9 0.500000 12 0.500000
0  2.797118 4.763824 -0.000417  0.588104 0.308302 -0.747719  0.777877 0.006226 2 12 0.800000 9 0.200000
0  1.442870 4.763823 -0.000417  -0.629995 0.274365 -0.726519  0.871932 0.006226 2 12 0.800000 9 0.200000
Komainu
0  1.196909 3.922938 0.564117  -0.996353 -0.080622 -0.027936  0.949630 0.043579 1 12 1.000000
0  1.439207 5.423790 0.422241  -0.784262 0.523935 -0.332304  0.866989 0.045593 2 9 0.500000 12 0.500000
0  1.442870 4.763823 -0.000417  -0.629995 0.274365 -0.726519  0.871932 0.006226 2 12 0.800000 9 0.200000
Komainu
0  1.196909 3.922938 0.564117  -0.996353 -0.080622 -0.027936  0.949630 0.043579 1 12 1.000000
0  1.442870 4.763823 -0.000417  -0.629995 0.274365 -0.726519  0.871932 0.006226 2 12 0.800000 9 0.200000
0  1.217417 3.468832 0.000153  -0.922939 -0.095825 -0.372830  0.953842 0.006226 1 12 1.000000
Komainu
0  0.909668 5.420787 3.949110  -0.587981 0.731180 -0.345910  0.887679 0.132446 2 8 0.800000 7 0.200000
0  0.700193 5.703480 4.660344  -0.152043 0.877790 -0.454277  0.914962 0.179260 2 8 0.600000 7 0.400000
0  2.019287 5.693958 5.086632  0.260984 0.956574 -0.129822  0.888107 0.188782 2 8 0.600000 7 0.400000
Komainu
0  0.747804 3.007332 3.332430  -0.212130 -0.062281 -0.975255  0.974838 0.160645 2 7 0.500000 8 0.500000
0  0.700193 5.703480 4.660344  -0.152043 0.877790 -0.454277  0.914962 0.179260 2 8 0.600000 7 0.400000
0  0.909668 5.420787 3.949110  -0.587981 0.731180 -0.345910  0.887679 0.132446 2 8 0.800000 7 0.200000
Komainu
0  0.747804 3.007332 3.332430  -0.212130 -0.062281 -0.975255  0.974838 0.160645 2 7 0.500000 8 0.500000
0  0.909668 5.420787 3.949110  -0.587981 0.731180 -0.345910  0.887679 0.132446 2 8 0.800000 7 0.200000
0  0.947022 2.917242 3.177792  -0.877276 -0.179278 -0.445248  0.959579 0.151245 2 8 0.500000 9 0.500000
Komainu
0  1.010010 3.287871 2.765415  -0.908662 -0.230780 -0.347957  0.957076 0.120361 2 9 0.571429 8 0.428571
0  0.947022 2.917242 3.177792  -0.877276 -0.179278 -0.445248  0.959579 0.151245 2 8 0.500000 9 0.500000
0  0.909668 5.420787 3.949110  -0.587981 0.731180 -0.345910  0.887679 0.132446 2 8 0.800000 7 0.200000
Komainu
0  1.075929 3.479781 2.354496  -0.932835 -0.252387 -0.257137  0.954574 0.100586 2 9 0.750000 8 0.250000
0  1.010010 3.287871 2.765415  -0.908662 -0.230780 -0.347957  0.957076 0.120361 2 9 0.571429 8 0.428571
0  0.909668 5.420787 3.949110  -0.587981 0.731180 -0.345910  0.887679 0.132446 2 8 0.800000 7 0.200000
Komainu
0  1.075929 3.479781 2.354496  -0.932835 -0.252387 -0.257137  0.954574 0.100586 2 9 0.750000 8 0.250000
0  0.909668 5.420787 3.949110  -0.587981 0.731180 -0.345910  0.887679 0.132446 2 8 0.800000 7 0.200000
0  1.127195 5.358562 2.830602  -0.655253 0.754107 -0.044336  0.874984 0.100159 2 9 0.600000 8 0.400000
Komainu
0  1.075929 3.479781 2.354496  -0.932835 -0.252387 -0.257137  0.954574 0.100586 2 9 0.750000 8 0.250000
0  1.127195 5.358562 2.830602  -0.655253 0.754107 -0.044336  0.874984 0.100159 2 9 0.600000 8 0.400000
0  1.379882 5.540232 1.581024  -0.659802 0.750841 -0.029977  0.867843 0.071960 2 9 0.800000 12 0.200000
Komainu
0  1.075929 3.479781 2.354496  -0.932835 -0.252387 -0.257137  0.954574 0.100586 2 9 0.750000 8 0.250000
0  1.379882 5.540232 1.581024  -0.659802 0.750841 -0.029977  0.867843 0.071960 2 9 0.800000 12 0.200000
0  1.171142 3.856263 1.233096  -0.985736 -0.141643 -0.090892  0.945419 0.069336 2 9 0.800000 12 0.200000
Komainu
0  1.439207 5.423790 0.422241  -0.784262 0.523935 -0.332304  0.866989 0.045593 2 9 0.500000 12 0.500000
0  1.171142 3.856263 1.233096  -0.985736 -0.141643 -0.090892  0.945419 0.069336 2 9 0.800000 12 0.200000
0  1.379882 5.540232 1.581024  -0.659802 0.750841 -0.029977  0.867843 0.071960 2 9 0.800000 12 0.200000
Komainu
0  1.439207 5.423790 0.422241  -0.784262 0.523935 -0.332304  0.866989 0.045593 2 9 0.500000 12 0.500000
0  1.196909 3.922938 0.564117  -0.996353 -0.080622 -0.027936  0.949630 0.043579 1 12 1.000000
0  1.171142 3.856263 1.233096  -0.985736 -0.141643 -0.090892  0.945419 0.069336 2 9 0.800000 12 0.200000
Komainu
0  3.135629 3.468832 0.000153  0.891245 -0.166728 -0.421764  0.567428 0.429199 1 12 1.000000
0  1.442870 4.763823 -0.000417  -0.629995 0.274365 -0.726519  0.521102 0.465332 2 12 0.800000 9 0.200000
0  2.797118 4.763824 -0.000417  0.588104 0.308302 -0.747719  0.550704 0.465332 2 12 0.800000 9 0.200000
Komainu
0  3.135629 3.468832 0.000153  0.891245 -0.166728 -0.421764  0.567428 0.429199 1 12 1.000000
0  1.217417 3.468832 0.000153  -0.922939 -0.095825 -0.372830  0.505172 0.429199 1 12 1.000000
0  1.442870 4.763823 -0.000417  -0.629995 0.274365 -0.726519  0.521102 0.465332 2 12 0.800000 9 0.200000
Komainu
0  2.893932 2.893152 0.000153  0.464973 -0.697579 -0.545145  0.560592 0.400269 1 12 1.000000
0  1.217417 3.468832 0.000153  -0.922939 -0.095825 -0.372830  0.505172 0.429199 1 12 1.000000
0  3.135629 3.468832 0.000153  0.891245 -0.166728 -0.421764  0.567428 0.429199 1 12 1.000000
Komainu
0  2.893932 2.893152 0.000153  0.464973 -0.697579 -0.545145  0.560592 0.400269 1 12 1.000000
0  1.352184 2.893152 0.000153  -0.500739 -0.631479 -0.592026  0.512130 0.400269 1 12 1.000000
0  1.217417 3.468832 0.000153  -0.922939 -0.095825 -0.372830  0.505172 0.429199 1 12 1.000000
Komainu
0  2.327443 -5.730255 9.733665  -0.973245 -0.096823 -0.208373  0.387374 0.779053 1 22 1.000000
0  2.687110 -5.197931 9.545432  -0.589713 0.639564 0.493150  0.348617 0.779541 1 22 1.000000
0  2.552593 -5.128044 9.130883  -0.938442 0.305548 -0.161141  0.348617 0.756958 1 22 1.000000
Komainu
0  2.327443 -5.730255 9.733665  -0.973245 -0.096823 -0.208373  0.387374 0.779053 1 22 1.000000
0  2.545783 -5.439758 10.028099  -0.543909 0.822109 0.168227  0.372604 0.791382 1 22 1.000000
0  2.687110 -5.197931 9.545432  -0.589713 0.639564 0.493150  0.348617 0.779541 1 22 1.000000
Komainu
0  2.453689 -5.703950 10.751732  -0.963077 -0.103403 0.248577  0.399886 0.815491 1 22 1.000000
0  2.545783 -5.439758 10.028099  -0.543909 0.822109 0.168227  0.372604 0.791382 1 22 1.000000
0  2.327443 -5.730255 9.733665  -0.973245 -0.096823 -0.208373  0.387374 0.779053 1 22 1.000000
Komainu
0  2.453689 -5.703950 10.751732  -0.963077 -0.103403 0.248577  0.399886 0.815491 1 22 1.000000
0  2.590888 -5.507474 10.734155  -0.639142 0.768763 -0.022391  0.388107 0.818726 1 22 1.000000
0  2.545783 -5.439758 10.028099  -0.543909 0.822109 0.168227  0.372604 0.791382 1 22 1.000000
Komainu
0  2.675803 -5.473542 11.309105  -0.888171 -0.007217 0.459456  0.402023 0.848389 1 22 1.000000
0  2.590888 -5.507474 10.734155  -0.639142 0.768763 -0.022391  0.388107 0.818726 1 22 1.000000
0  2.453689 -5.703950 10.751732  -0.963077 -0.103403 0.248577  0.399886 0.815491 1 22 1.000000
Komainu
0  2.675803 -5.473542 11.309105  -0.888171 -0.007217 0.459456  0.402023 0.848389 1 22 1.000000
0  2.781817 -5.302227 11.193383  -0.719557 0.688760 -0.088586  0.389327 0.846130 1 22 1.000000
0  2.590888 -5.507474 10.734155  -0.639142 0.768763 -0.022391  0.388107 0.818726 1 22 1.000000
Komainu
0  2.675803 -5.473542 11.309105  -0.888171 -0.007217 0.459456  0.402023 0.848389 1 22 1.000000
0  3.066256 -4.916673 11.492942  -0.728339 0.679601 -0.087546  0.377242 0.868286 1 22 1.000000
0  2.781817 -5.302227 11.193383  -0.719557 0.688760 -0.088586  0.389327 0.846130 1 22 1.000000
Komainu
0  2.675803 -5.473542 11.309105  -0.888171 -0.007217 0.459456  0.402023 0.848389 1 22 1.000000
0  2.996485 -5.111523 11.782250  -0.771801 0.150591 0.617775  0.389022 0.874329 1 22 1.000000
0  3.066256 -4.916673 11.492942  -0.728339 0.679601 -0.087546  0.377242 0.868286 1 22 1.000000
Komainu
0  3.740191 -4.906320 12.036401  -0.226285 0.117403 0.966960  0.375167 0.899841 1 22 1.000000
0  2.996485 -5.111523 11.782250  -0.771801 0.150591 0.617775  0.389022 0.874329 1 22 1.000000
0  3.365647 -5.401038 11.843774  -0.405193 -0.324243 0.854801  0.397689 0.878357 1 22 1.000000
Komainu
0  3.020878 -5.804181 11.309105  -0.550324 -0.578392 0.602168  0.410262 0.848938 1 22 1.000000
0  3.365647 -5.401038 11.843774  -0.405193 -0.324243 0.854801  0.397689 0.878357 1 22 1.000000
0  2.996485 -5.111523 11.782250  -0.771801 0.150591 0.617775  0.389022 0.874329 1 22 1.000000
Komainu
0  3.020878 -5.804181 11.309105  -0.550324 -0.578392 0.602168  0.410262 0.848938 1 22 1.000000
0  2.996485 -5.111523 11.782250  -0.771801 0.150591 0.617775  0.389022 0.874329 1 22 1.000000
0  2.675803 -5.473542 11.309105  -0.888171 -0.007217 0.459456  0.402023 0.848389 1 22 1.000000
Komainu
0  2.675803 -5.473542 11.309105  -0.888171 -0.007217 0.459456  0.402023 0.848389 1 22 1.000000
0  2.802193 -6.015858 10.767113  -0.616760 -0.734329 0.283493  0.408370 0.816589 1 22 1.000000
0  3.020878 -5.804181 11.309105  -0.550324 -0.578392 0.602168  0.410262 0.848938 1 22 1.000000
Komainu
0  2.675803 -5.473542 11.309105  -0.888171 -0.007217 0.459456  0.402023 0.848389 1 22 1.000000
0  2.453689 -5.703950 10.751732  -0.963077 -0.103403 0.248577  0.399886 0.815491 1 22 1.000000
0  2.802193 -6.015858 10.767113  -0.616760 -0.734329 0.283493  0.408370 0.816589 1 22 1.000000
Komainu
0  3.117433 -6.298302 9.504416  -0.536964 -0.707067 -0.460137  0.394637 0.772217 1 22 1.000000
0  2.802193 -6.015858 10.767113  -0.616760 -0.734329 0.283493  0.408370 0.816589 1 22 1.000000
0  2.453689 -5.703950 10.751732  -0.963077 -0.103403 0.248577  0.399886 0.815491 1 22 1.000000
Komainu
0  3.117433 -6.298302 9.504416  -0.536964 -0.707067 -0.460137  0.394637 0.772217 1 22 1.000000
0  2.453689 -5.703950 10.751732  -0.963077 -0.103403 0.248577  0.399886 0.815491 1 22 1.000000
0  2.327443 -5.730255 9.733665  -0.973245 -0.096823 -0.208373  0.387374 0.779053 1 22 1.000000
Komainu
0  3.117433 -6.298302 9.504416  -0.536964 -0.707067 -0.460137  0.394637 0.772217 1 22 1.000000
0  2.327443 -5.730255 9.733665  -0.973245 -0.096823 -0.208373  0.387374 0.779053 1 22 1.000000
0  2.653939 -5.176392 8.976341  -0.613446 -0.276361 -0.739803  0.349532 0.748901 1 22 1.000000
Komainu
0  2.327443 -5.730255 9.733665  -0.973245 -0.096823 -0.208373  0.387374 0.779053 1 22 1.000000
0  2.552593 -5.128044 9.130883  -0.938442 0.305548 -0.161141  0.348617 0.756958 1 22 1.000000
0  2.653939 -5.176392 8.976341  -0.613446 -0.276361 -0.739803  0.349532 0.748901 1 22 1.000000
Komainu
0  2.653939 -5.176392 8.976341  -0.613446 -0.276361 -0.739803  0.349532 0.748901 1 22 1.000000
0  2.552593 -5.128044 9.130883  -0.938442 0.305548 -0.161141  0.348617 0.756958 1 22 1.000000
0  3.123964 -3.838053 8.839379  -0.877509 0.455555 -0.149825  0.297714 0.758362 1 22 1.000000
Komainu
0  3.123964 -3.838053 8.839379  -0.877509 0.455555 -0.149825  0.297714 0.758362 1 22 1.000000
0  2.552593 -5.128044 9.130883  -0.938442 0.305548 -0.161141  0.348617 0.756958 1 22 1.000000
0  2.687110 -5.197931 9.545432  -0.589713 0.639564 0.493150  0.348617 0.779541 1 22 1.000000
Komainu
0  3.123964 -3.838053 8.839379  -0.877509 0.455555 -0.149825  0.297714 0.758362 1 22 1.000000
0  2.687110 -5.197931 9.545432  -0.589713 0.639564 0.493150  0.348617 0.779541 1 22 1.000000
0  3.168439 -4.022386 9.297875  -0.746467 0.340890 0.571473  0.305953 0.779175 1 22 1.000000
Komainu
0  3.862731 -2.615726 9.223901  -0.772615 0.627435 -0.096912  0.251144 0.792908 1 22 1.000000
0  3.123964 -3.838053 8.839379  -0.877509 0.455555 -0.149825  0.297714 0.758362 1 22 1.000000
0  3.168439 -4.022386 9.297875  -0.746467 0.340890 0.571473  0.305953 0.779175 1 22 1.000000
Komainu
0  3.862731 -2.615726 9.223901  -0.772615 0.627435 -0.096912  0.251144 0.792908 1 22 1.000000
0  3.168439 -4.022386 9.297875  -0.746467 0.340890 0.571473  0.305953 0.779175 1 22 1.000000
0  3.749269 -2.961234 9.634055  -0.864734 0.246633 0.437501  0.270492 0.805786 1 22 1.000000
Komainu
0  3.862731 -2.615726 9.223901  -0.772615 0.627435 -0.096912  0.251144 0.792908 1 22 1.000000
0  3.749269 -2.961234 9.634055  -0.864734 0.246633 0.437501  0.270492 0.805786 1 22 1.000000
0  4.168172 -2.523272 10.395041  -0.933676 0.221074 0.281735  0.259200 0.848938 1 22 1.000000
Komainu
0  3.862731 -2.615726 9.223901  -0.772615 0.627435 -0.096912  0.251144 0.792908 1 22 1.000000
0  4.168172 -2.523272 10.395041  -0.933676 0.221074 0.281735  0.259200 0.848938 1 22 1.000000
0  4.442106 -1.973696 10.198754  -0.688983 0.722870 0.052554  0.233077 0.848938 1 22 1.000000
Komainu
0  4.684281 -1.992110 11.410178  -0.675396 0.704833 0.216912  0.245956 0.903198 1 22 1.000000
0  4.442106 -1.973696 10.198754  -0.688983 0.722870 0.052554  0.233077 0.848938 1 22 1.000000
0  4.168172 -2.523272 10.395041  -0.933676 0.221074 0.281735  0.259200 0.848938 1 22 1.000000
Komainu
0  4.684281 -1.992110 11.410178  -0.675396 0.704833 0.216912  0.245956 0.903198 1 22 1.000000
0  4.693870 -1.860353 10.106468  -0.065706 0.966812 -0.246894  0.223739 0.848938 1 22 1.000000
0  4.442106 -1.973696 10.198754  -0.688983 0.722870 0.052554  0.233077 0.848938 1 22 1.000000
Komainu
0  4.783996 -2.613164 12.801782  -0.121064 0.736661 0.665338  0.282943 0.950684 1 22 1.000000
0  4.955844 -1.869791 11.424095  -0.005787 0.968449 0.249146  0.237960 0.907715 1 22 1.000000
0  4.684281 -1.992110 11.410178  -0.675396 0.704833 0.216912  0.245956 0.903198 1 22 1.000000
Komainu
0  4.684281 -1.992110 11.410178  -0.675396 0.704833 0.216912  0.245956 0.903198 1 22 1.000000
0  4.955844 -1.869791 11.424095  -0.005787 0.968449 0.249146  0.237960 0.907715 1 22 1.000000
0  4.693870 -1.860353 10.106468  -0.065706 0.966812 -0.246894  0.223739 0.848938 1 22 1.000000
Komainu
0  5.882679 -2.414045 9.890405  0.426430 0.821498 -0.378548  0.200179 0.848938 1 22 1.000000
0  4.693870 -1.860353 10.106468  -0.065706 0.966812 -0.246894  0.223739 0.848938 1 22 1.000000
0  4.955844 -1.869791 11.424095  -0.005787 0.968449 0.249146  0.237960 0.907715 1 22 1.000000
Komainu
0  5.882679 -2.414045 9.890405  0.426430 0.821498 -0.378548  0.200179 0.848938 1 22 1.000000
0  4.955844 -1.869791 11.424095  -0.005787 0.968449 0.249146  0.237960 0.907715 1 22 1.000000
0  6.145206 -2.418605 11.384543  0.519331 0.830748 0.200383  0.216781 0.916504 1 22 1.000000
Komainu
0  6.145206 -2.418605 11.384543  0.519331 0.830748 0.200383  0.216781 0.916504 1 22 1.000000
0  4.955844 -1.869791 11.424095  -0.005787 0.968449 0.249146  0.237960 0.907715 1 22 1.000000
0  4.783996 -2.613164 12.801782  -0.121064 0.736661 0.665338  0.282943 0.950684 1 22 1.000000
Komainu
0  6.145206 -2.418605 11.384543  0.519331 0.830748 0.200383  0.216781 0.916504 1 22 1.000000
0  4.783996 -2.613164 12.801782  -0.121064 0.736661 0.665338  0.282943 0.950684 1 22 1.000000
0  5.971119 -3.178862 12.817895  0.476452 0.540925 0.693104  0.268844 0.970093 1 22 1.000000
Komainu
0  2.653939 -5.176392 8.976341  -0.613446 -0.276361 -0.739803  0.349532 0.748901 1 22 1.000000
0  3.123964 -3.838053 8.839379  -0.877509 0.455555 -0.149825  0.297714 0.758362 1 22 1.000000
0  3.268422 -3.822701 8.635034  -0.488583 0.274399 -0.828246  0.293868 0.750122 1 22 1.000000
Komainu
0  3.268422 -3.822701 8.635034  -0.488583 0.274399 -0.828246  0.293868 0.750122 1 22 1.000000
0  3.123964 -3.838053 8.839379  -0.877509 0.455555 -0.149825  0.297714 0.758362 1 22 1.000000
0  3.862731 -2.615726 9.223901  -0.772615 0.627435 -0.096912  0.251144 0.792908 1 22 1.000000
Komainu
0  3.268422 -3.822701 8.635034  -0.488583 0.274399 -0.828246  0.293868 0.750122 1 22 1.000000
0  3.862731 -2.615726 9.223901  -0.772615 0.627435 -0.096912  0.251144 0.792908 1 22 1.000000
0  4.061152 -2.560316 9.032738  -0.267731 0.703010 -0.658860  0.242233 0.787537 1 22 1.000000
Komainu
0  4.442106 -1.973696 10.198754  -0.688983 0.722870 0.052554  0.233077 0.848938 1 22 1.000000
0  4.061152 -2.560316 9.032738  -0.267731 0.703010 -0.658860  0.242233 0.787537 1 22 1.000000
0  3.862731 -2.615726 9.223901  -0.772615 0.627435 -0.096912  0.251144 0.792908 1 22 1.000000
Komainu
0  4.442106 -1.973696 10.198754  -0.688983 0.722870 0.052554  0.233077 0.848938 1 22 1.000000
0  4.693870 -1.860353 10.106468  -0.065706 0.966812 -0.246894  0.223739 0.848938 1 22 1.000000
0  4.061152 -2.560316 9.032738  -0.267731 0.703010 -0.658860  0.242233 0.787537 1 22 1.000000
Komainu
0  4.061152 -2.560316 9.032738  -0.267731 0.703010 -0.658860  0.242233 0.787537 1 22 1.000000
0  4.693870 -1.860353 10.106468  -0.065706 0.966812 -0.246894  0.223739 0.848938 1 22 1.000000
0  5.882679 -2.414045 9.890405  0.426430 0.821498 -0.378548  0.200179 0.848938 1 22 1.000000
Komainu
0  4.061152 -2.560316 9.032738  -0.267731 0.703010 -0.658860  0.242233 0.787537 1 22 1.000000
0  5.882679 -2.414045 9.890405  0.426430 0.821498 -0.378548  0.200179 0.848938 1 22 1.000000
0  5.251949 -3.093467 8.834984  0.203511 0.505342 -0.838578  0.221908 0.772705 1 22 1.000000
Komainu
0  4.061152 -2.560316 9.032738  -0.267731 0.703010 -0.658860  0.242233 0.787537 1 22 1.000000
0  5.251949 -3.093467 8.834984  0.203511 0.505342 -0.838578  0.221908 0.772705 1 22 1.000000
0  4.453314 -4.405290 8.400659  -0.056668 0.050503 -0.997115  0.279037 0.730164 1 22 1.000000
Komainu
0  4.061152 -2.560316 9.032738  -0.267731 0.703010 -0.658860  0.242233 0.787537 1 22 1.000000
0  4.453314 -4.405290 8.400659  -0.056668 0.050503 -0.997115  0.279037 0.730164 1 22 1.000000
0  3.268422 -3.822701 8.635034  -0.488583 0.274399 -0.828246  0.293868 0.750122 1 22 1.000000
Komainu
0  3.829345 -5.831418 8.755883  -0.242614 -0.457860 -0.855280  0.352096 0.729492 1 22 1.000000
0  3.268422 -3.822701 8.635034  -0.488583 0.274399 -0.828246  0.293868 0.750122 1 22 1.000000
0  4.453314 -4.405290 8.400659  -0.056668 0.050503 -0.997115  0.279037 0.730164 1 22 1.000000
Komainu
0  3.829345 -5.831418 8.755883  -0.242614 -0.457860 -0.855280  0.352096 0.729492 1 22 1.000000
0  2.653939 -5.176392 8.976341  -0.613446 -0.276361 -0.739803  0.349532 0.748901 1 22 1.000000
0  3.268422 -3.822701 8.635034  -0.488583 0.274399 -0.828246  0.293868 0.750122 1 22 1.000000
Komainu
0  3.312682 -4.815581 11.261498  -0.684519 0.660602 -0.308285  0.362777 0.861389 1 22 1.000000
0  3.162157 -5.086368 11.030051  -0.565577 0.775635 -0.280199  0.368698 0.843872 1 22 1.000000
0  2.781817 -5.302227 11.193383  -0.719557 0.688760 -0.088586  0.389327 0.846130 1 22 1.000000
Komainu
0  3.162157 -5.086368 11.030051  -0.565577 0.775635 -0.280199  0.368698 0.843872 1 22 1.000000
0  2.590888 -5.507474 10.734155  -0.639142 0.768763 -0.022391  0.388107 0.818726 1 22 1.000000
0  2.781817 -5.302227 11.193383  -0.719557 0.688760 -0.088586  0.389327 0.846130 1 22 1.000000
Komainu
0  3.162157 -5.086368 11.030051  -0.565577 0.775635 -0.280199  0.368698 0.843872 1 22 1.000000
0  3.070168 -5.241465 10.611107  -0.395538 0.908391 -0.135557  0.365829 0.823486 1 22 1.000000
0  2.590888 -5.507474 10.734155  -0.639142 0.768763 -0.022391  0.388107 0.818726 1 22 1.000000
Komainu
0  3.070168 -5.241465 10.611107  -0.395538 0.908391 -0.135557  0.365829 0.823486 1 22 1.000000
0  2.545783 -5.439758 10.028099  -0.543909 0.822109 0.168227  0.372604 0.791382 1 22 1.000000
0  2.590888 -5.507474 10.734155  -0.639142 0.768763 -0.022391  0.388107 0.818726 1 22 1.000000
Komainu
0  3.070168 -5.241465 10.611107  -0.395538 0.908391 -0.135557  0.365829 0.823486 1 22 1.000000
0  3.644092 -5.293672 10.048607  -0.283130 0.848630 0.446838  0.344467 0.805908 1 22 1.000000
0  2.545783 -5.439758 10.028099  -0.543909 0.822109 0.168227  0.372604 0.791382 1 22 1.000000
Komainu
0  3.644092 -5.293672 10.048607  -0.283130 0.848630 0.446838  0.344467 0.805908 1 22 1.000000
0  2.687110 -5.197931 9.545432  -0.589713 0.639564 0.493150  0.348617 0.779541 1 22 1.000000
0  2.545783 -5.439758 10.028099  -0.543909 0.822109 0.168227  0.372604 0.791382 1 22 1.000000
Komainu
0  3.959140 -4.665996 9.850121  -0.526486 0.197732 0.826870  0.317001 0.805542 1 22 1.000000
0  2.687110 -5.197931 9.545432  -0.589713 0.639564 0.493150  0.348617 0.779541 1 22 1.000000
0  3.644092 -5.293672 10.048607  -0.283130 0.848630 0.446838  0.344467 0.805908 1 22 1.000000
Komainu
0  3.959140 -4.665996 9.850121  -0.526486 0.197732 0.826870  0.317001 0.805542 1 22 1.000000
0  3.168439 -4.022386 9.297875  -0.746467 0.340890 0.571473  0.305953 0.779175 1 22 1.000000
0  2.687110 -5.197931 9.545432  -0.589713 0.639564 0.493150  0.348617 0.779541 1 22 1.000000
Komainu
0  3.953155 -3.646445 9.984887  -0.770238 -0.004351 0.637741  0.292709 0.820679 1 22 1.000000
0  3.168439 -4.022386 9.297875  -0.746467 0.340890 0.571473  0.305953 0.779175 1 22 1.000000
0  3.959140 -4.665996 9.850121  -0.526486 0.197732 0.826870  0.317001 0.805542 1 22 1.000000
Komainu
0  3.953155 -3.646445 9.984887  -0.770238 -0.004351 0.637741  0.292709 0.820679 1 22 1.000000
0  3.749269 -2.961234 9.634055  -0.864734 0.246633 0.437501  0.270492 0.805786 1 22 1.000000
0  3.168439 -4.022386 9.297875  -0.746467 0.340890 0.571473  0.305953 0.779175 1 22 1.000000
Komainu
0  4.277296 -3.250865 10.510034  -0.932672 -0.064065 0.354992  0.282943 0.848938 1 22 1.000000
0  3.749269 -2.961234 9.634055  -0.864734 0.246633 0.437501  0.270492 0.805786 1 22 1.000000
0  3.953155 -3.646445 9.984887  -0.770238 -0.004351 0.637741  0.292709 0.820679 1 22 1.000000
Komainu
0  4.277296 -3.250865 10.510034  -0.932672 -0.064065 0.354992  0.282943 0.848938 1 22 1.000000
0  4.168172 -2.523272 10.395041  -0.933676 0.221074 0.281735  0.259200 0.848938 1 22 1.000000
0  3.749269 -2.961234 9.634055  -0.864734 0.246633 0.437501  0.270492 0.805786 1 22 1.000000
Komainu
0  4.277296 -3.250865 10.510034  -0.932672 -0.064065 0.354992  0.282943 0.848938 1 22 1.000000
0  4.367436 -2.571455 11.358911  -0.970477 0.213518 0.112181  0.268844 0.893066 1 22 1.000000
0  4.168172 -2.523272 10.395041  -0.933676 0.221074 0.281735  0.259200 0.848938 1 22 1.000000
Komainu
0  4.684281 -1.992110 11.410178  -0.675396 0.704833 0.216912  0.245956 0.903198 1 22 1.000000
0  4.168172 -2.523272 10.395041  -0.933676 0.221074 0.281735  0.259200 0.848938 1 22 1.000000
0  4.367436 -2.571455 11.358911  -0.970477 0.213518 0.112181  0.268844 0.893066 1 22 1.000000
Komainu
0  4.526164 -2.678027 12.650168  -0.722445 0.604876 0.334961  0.287521 0.942993 1 22 1.000000
0  4.684281 -1.992110 11.410178  -0.675396 0.704833 0.216912  0.245956 0.903198 1 22 1.000000
0  4.367436 -2.571455 11.358911  -0.970477 0.213518 0.112181  0.268844 0.893066 1 22 1.000000
Komainu
0  4.783996 -2.613164 12.801782  -0.121064 0.736661 0.665338  0.282943 0.950684 1 22 1.000000
0  4.684281 -1.992110 11.410178  -0.675396 0.704833 0.216912  0.245956 0.903198 1 22 1.000000
0  4.526164 -2.678027 12.650168  -0.722445 0.604876 0.334961  0.287521 0.942993 1 22 1.000000
Komainu
0  4.261440 -3.739229 13.409690  -0.288561 0.425455 0.857742  0.344467 0.966431 1 22 1.000000
0  4.783996 -2.613164 12.801782  -0.121064 0.736661 0.665338  0.282943 0.950684 1 22 1.000000
0  4.526164 -2.678027 12.650168  -0.722445 0.604876 0.334961  0.287521 0.942993 1 22 1.000000
Komainu
0  5.971119 -3.178862 12.817895  0.476452 0.540925 0.693104  0.268844 0.970093 1 22 1.000000
0  4.783996 -2.613164 12.801782  -0.121064 0.736661 0.665338  0.282943 0.950684 1 22 1.000000
0  4.261440 -3.739229 13.409690  -0.288561 0.425455 0.857742  0.344467 0.966431 1 22 1.000000
Komainu
0  4.526164 -2.678027 12.650168  -0.722445 0.604876 0.334961  0.287521 0.942993 1 22 1.000000
0  4.367436 -2.571455 11.358911  -0.970477 0.213518 0.112181  0.268844 0.893066 1 22 1.000000
0  4.285951 -3.025058 12.228293  -0.952263 0.299289 -0.060172  0.297958 0.924927 1 22 1.000000
Komainu
0  4.040212 -3.739661 13.174583  -0.772631 0.511534 0.375998  0.344467 0.957642 1 22 1.000000
0  4.526164 -2.678027 12.650168  -0.722445 0.604876 0.334961  0.287521 0.942993 1 22 1.000000
0  4.285951 -3.025058 12.228293  -0.952263 0.299289 -0.060172  0.297958 0.924927 1 22 1.000000
Komainu
0  4.261440 -3.739229 13.409690  -0.288561 0.425455 0.857742  0.344467 0.966431 1 22 1.000000
0  4.526164 -2.678027 12.650168  -0.722445 0.604876 0.334961  0.287521 0.942993 1 22 1.000000
0  4.040212 -3.739661 13.174583  -0.772631 0.511534 0.375998  0.344467 0.957642 1 22 1.000000
Komainu
0  3.506893 -5.118987 13.569359  -0.450074 0.133630 0.882936  0.405929 0.950684 1 22 1.000000
0  4.261440 -3.739229 13.409690  -0.288561 0.425455 0.857742  0.344467 0.966431 1 22 1.000000
0  4.040212 -3.739661 13.174583  -0.772631 0.511534 0.375998  0.344467 0.957642 1 22 1.000000
Komainu
0  3.506893 -5.118987 13.569359  -0.450074 0.133630 0.882936  0.405929 0.950684 1 22 1.000000
0  4.040212 -3.739661 13.174583  -0.772631 0.511534 0.375998  0.344467 0.957642 1 22 1.000000
0  3.345790 -4.983798 13.329124  -0.803263 0.441010 0.400349  0.401351 0.942993 1 22 1.000000
Komainu
0  2.743384 -6.209967 13.052270  -0.626061 -0.200385 0.753587  0.450912 0.907715 1 22 1.000000
0  3.506893 -5.118987 13.569359  -0.450074 0.133630 0.882936  0.405929 0.950684 1 22 1.000000
0  3.345790 -4.983798 13.329124  -0.803263 0.441010 0.400349  0.401351 0.942993 1 22 1.000000
Komainu
0  2.743384 -6.209967 13.052270  -0.626061 -0.200385 0.753587  0.450912 0.907715 1 22 1.000000
0  3.345790 -4.983798 13.329124  -0.803263 0.441010 0.400349  0.401351 0.942993 1 22 1.000000
0  2.642602 -5.972477 12.861839  -0.863900 0.314383 0.393498  0.442916 0.903198 1 22 1.000000
Komainu
0  2.060185 -7.053557 11.787377  -0.752550 -0.374402 0.541748  0.471786 0.848938 1 22 1.000000
0  2.743384 -6.209967 13.052270  -0.626061 -0.200385 0.753587  0.450912 0.907715 1 22 1.000000
0  2.642602 -5.972477 12.861839  -0.863900 0.314383 0.393498  0.442916 0.903198 1 22 1.000000
Komainu
0  2.060185 -7.053557 11.787377  -0.752550 -0.374402 0.541748  0.471786 0.848938 1 22 1.000000
0  2.642602 -5.972477 12.861839  -0.863900 0.314383 0.393498  0.442916 0.903198 1 22 1.000000
0  1.960789 -6.745353 11.687036  -0.920736 0.237037 0.309934  0.463119 0.848511 1 22 1.000000
Komainu
0  1.592965 -7.488287 10.671386  -0.788152 -0.374570 0.488378  0.468002 0.784180 2 22 0.700000 20 0.300000
0  2.060185 -7.053557 11.787377  -0.752550 -0.374402 0.541748  0.471786 0.848938 1 22 1.000000
0  1.960789 -6.745353 11.687036  -0.920736 0.237037 0.309934  0.463119 0.848511 1 22 1.000000
Komainu
0  1.592965 -7.488287 10.671386  -0.788152 -0.374570 0.488378  0.468002 0.784180 2 22 0.700000 20 0.300000
0  1.960789 -6.745353 11.687036  -0.920736 0.237037 0.309934  0.463119 0.848511 1 22 1.000000
0  1.676464 -6.986553 10.715330  -0.914514 0.309334 0.260724  0.458175 0.784607 2 22 0.700000 20 0.300000
Komainu
0  1.434064 -7.729251 10.405519  -0.125187 -0.303935 0.944432  0.463851 0.756775 2 20 0.800000 22 0.200000
0  1.592965 -7.488287 10.671386  -0.788152 -0.374570 0.488378  0.468002 0.784180 2 22 0.700000 20 0.300000
0  1.676464 -6.986553 10.715330  -0.914514 0.309334 0.260724  0.458175 0.784607 2 22 0.700000 20 0.300000
Komainu
0  1.434064 -7.729251 10.405519  -0.125187 -0.303935 0.944432  0.463851 0.756775 2 20 0.800000 22 0.200000
0  1.676464 -6.986553 10.715330  -0.914514 0.309334 0.260724  0.458175 0.784607 2 22 0.700000 20 0.300000
0  1.557130 -7.073556 10.450917  -0.179756 0.111891 0.977327  0.453903 0.760742 1 20 1.000000
Komainu
0  1.557130 -7.073556 10.450917  -0.179756 0.111891 0.977327  0.453903 0.760742 1 20 1.000000
0  1.676464 -6.986553 10.715330  -0.914514 0.309334 0.260724  0.458175 0.784607 2 22 0.700000 20 0.300000
0  1.955557 -6.286363 10.305906  -0.020396 0.773780 0.633126  0.421920 0.775452 2 20 0.800000 22 0.200000
Komainu
0  1.676464 -6.986553 10.715330  -0.914514 0.309334 0.260724  0.458175 0.784607 2 22 0.700000 20 0.300000
0  2.032441 -6.272402 10.701416  -0.629441 0.776459 -0.030252  0.429183 0.803772 2 22 0.700000 20 0.300000
0  1.955557 -6.286363 10.305906  -0.020396 0.773780 0.633126  0.421920 0.775452 2 20 0.800000 22 0.200000
Komainu
0  2.032441 -6.272402 10.701416  -0.629441 0.776459 -0.030252  0.429183 0.803772 2 22 0.700000 20 0.300000
0  3.117433 -6.298302 9.504416  0.152772 0.987812 0.029813  0.394637 0.772217 1 22 1.000000
0  1.955557 -6.286363 10.305906  -0.020396 0.773780 0.633126  0.421920 0.775452 2 20 0.800000 22 0.200000
Komainu
0  2.032441 -6.272402 10.701416  -0.629441 0.776459 -0.030252  0.429183 0.803772 2 22 0.700000 20 0.300000
0  2.802193 -6.015858 10.767113  -0.250966 0.944763 -0.210804  0.408370 0.816589 1 22 1.000000
0  3.117433 -6.298302 9.504416  0.152772 0.987812 0.029813  0.394637 0.772217 1 22 1.000000
Komainu
0  3.020878 -5.804181 11.309105  -0.353684 0.900362 -0.253486  0.410262 0.848938 1 22 1.000000
0  2.802193 -6.015858 10.767113  -0.250966 0.944763 -0.210804  0.408370 0.816589 1 22 1.000000
0  2.032441 -6.272402 10.701416  -0.629441 0.776459 -0.030252  0.429183 0.803772 2 22 0.700000 20 0.300000
Komainu
0  3.228526 -6.280499 9.372068  0.669965 0.639548 0.376995  0.400009 0.767273 2 20 0.800000 22 0.200000
0  1.955557 -6.286363 10.305906  -0.020396 0.773780 0.633126  0.421920 0.775452 2 20 0.800000 22 0.200000
0  3.117433 -6.298302 9.504416  0.152772 0.987812 0.029813  0.394637 0.772217 1 22 1.000000
Komainu
0  1.676464 -6.986553 10.715330  -0.914514 0.309334 0.260724  0.458175 0.784607 2 22 0.700000 20 0.300000
0  2.323624 -6.003744 11.474633  -0.662658 0.747563 -0.045090  0.434371 0.848511 1 22 1.000000
0  2.032441 -6.272402 10.701416  -0.629441 0.776459 -0.030252  0.429183 0.803772 2 22 0.700000 20 0.300000
Komainu
0  1.676464 -6.986553 10.715330  -0.914514 0.309334 0.260724  0.458175 0.784607 2 22 0.700000 20 0.300000
0  1.960789 -6.745353 11.687036  -0.920736 0.237037 0.309934  0.463119 0.848511 1 22 1.000000
0  2.323624 -6.003744 11.474633  -0.662658 0.747563 -0.045090  0.434371 0.848511 1 22 1.000000
Komainu
0  1.960789 -6.745353 11.687036  -0.920736 0.237037 0.309934  0.463119 0.848511 1 22 1.000000
0  2.778613 -5.576115 12.347678  -0.719559 0.688757 -0.088588  0.423202 0.892517 1 22 1.000000
0  2.323624 -6.003744 11.474633  -0.662658 0.747563 -0.045090  0.434371 0.848511 1 22 1.000000
Komainu
0  1.960789 -6.745353 11.687036  -0.920736 0.237037 0.309934  0.463119 0.848511 1 22 1.000000
0  2.642602 -5.972477 12.861839  -0.863900 0.314383 0.393498  0.442916 0.903198 1 22 1.000000
0  2.778613 -5.576115 12.347678  -0.719559 0.688757 -0.088588  0.423202 0.892517 1 22 1.000000
Komainu
0  2.642602 -5.972477 12.861839  -0.863900 0.314383 0.393498  0.442916 0.903198 1 22 1.000000
0  3.338368 -4.856715 12.795188  -0.820618 0.550234 -0.154363  0.392013 0.927795 1 22 1.000000
0  2.778613 -5.576115 12.347678  -0.719559 0.688757 -0.088588  0.423202 0.892517 1 22 1.000000
Komainu
0  2.642602 -5.972477 12.861839  -0.863900 0.314383 0.393498  0.442916 0.903198 1 22 1.000000
0  3.345790 -4.983798 13.329124  -0.803263 0.441010 0.400349  0.401351 0.942993 1 22 1.000000
0  3.338368 -4.856715 12.795188  -0.820618 0.550234 -0.154363  0.392013 0.927795 1 22 1.000000
Komainu
0  3.345790 -4.983798 13.329124  -0.803263 0.441010 0.400349  0.401351 0.942993 1 22 1.000000
0  3.905238 -3.901776 12.586449  -0.898913 0.408734 -0.157772  0.344467 0.939636 1 22 1.000000
0  3.338368 -4.856715 12.795188  -0.820618 0.550234 -0.154363  0.392013 0.927795 1 22 1.000000
Komainu
0  3.345790 -4.983798 13.329124  -0.803263 0.441010 0.400349  0.401351 0.942993 1 22 1.000000
0  4.040212 -3.739661 13.174583  -0.772631 0.511534 0.375998  0.344467 0.957642 1 22 1.000000
0  3.905238 -3.901776 12.586449  -0.898913 0.408734 -0.157772  0.344467 0.939636 1 22 1.000000
Komainu
0  4.040212 -3.739661 13.174583  -0.772631 0.511534 0.375998  0.344467 0.957642 1 22 1.000000
0  4.285951 -3.025058 12.228293  -0.952263 0.299289 -0.060172  0.297958 0.924927 1 22 1.000000
0  3.905238 -3.901776 12.586449  -0.898913 0.408734 -0.157772  0.344467 0.939636 1 22 1.000000
Komainu
0  3.020878 -5.804181 11.309105  -0.353684 0.900362 -0.253486  0.410262 0.848938 1 22 1.000000
0  2.032441 -6.272402 10.701416  -0.629441 0.776459 -0.030252  0.429183 0.803772 2 22 0.700000 20 0.300000
0  2.323624 -6.003744 11.474633  -0.662658 0.747563 -0.045090  0.434371 0.848511 1 22 1.000000
Komainu
0  3.365647 -5.401038 11.843774  -0.510813 0.785124 -0.350214  0.397689 0.878357 1 22 1.000000
0  3.020878 -5.804181 11.309105  -0.353684 0.900362 -0.253486  0.410262 0.848938 1 22 1.000000
0  2.323624 -6.003744 11.474633  -0.662658 0.747563 -0.045090  0.434371 0.848511 1 22 1.000000
Komainu
0  3.365647 -5.401038 11.843774  -0.510813 0.785124 -0.350214  0.397689 0.878357 1 22 1.000000
0  2.323624 -6.003744 11.474633  -0.662658 0.747563 -0.045090  0.434371 0.848511 1 22 1.000000
0  2.778613 -5.576115 12.347678  -0.719559 0.688757 -0.088588  0.423202 0.892517 1 22 1.000000
Komainu
0  2.778613 -5.576115 12.347678  -0.719559 0.688757 -0.088588  0.423202 0.892517 1 22 1.000000
0  3.740191 -4.906320 12.036401  -0.726944 0.536724 -0.428344  0.375167 0.899841 1 22 1.000000
0  3.365647 -5.401038 11.843774  -0.510813 0.785124 -0.350214  0.397689 0.878357 1 22 1.000000
Komainu
0  2.778613 -5.576115 12.347678  -0.719559 0.688757 -0.088588  0.423202 0.892517 1 22 1.000000
0  3.338368 -4.856715 12.795188  -0.820618 0.550234 -0.154363  0.392013 0.927795 1 22 1.000000
0  3.740191 -4.906320 12.036401  -0.726944 0.536724 -0.428344  0.375167 0.899841 1 22 1.000000
Komainu
0  3.338368 -4.856715 12.795188  -0.820618 0.550234 -0.154363  0.392013 0.927795 1 22 1.000000
0  4.079161 -4.291563 11.878196  -0.859528 0.311474 -0.405211  0.344467 0.907715 1 22 1.000000
0  3.740191 -4.906320 12.036401  -0.726944 0.536724 -0.428344  0.375167 0.899841 1 22 1.000000
Komainu
0  3.338368 -4.856715 12.795188  -0.820618 0.550234 -0.154363  0.392013 0.927795 1 22 1.000000
0  3.905238 -3.901776 12.586449  -0.898913 0.408734 -0.157772  0.344467 0.939636 1 22 1.000000
0  4.079161 -4.291563 11.878196  -0.859528 0.311474 -0.405211  0.344467 0.907715 1 22 1.000000
Komainu
0  4.334529 -3.769229 11.644553  -0.960999 0.127000 -0.245665  0.313705 0.899841 1 22 1.000000
0  4.079161 -4.291563 11.878196  -0.859528 0.311474 -0.405211  0.344467 0.907715 1 22 1.000000
0  3.905238 -3.901776 12.586449  -0.898913 0.408734 -0.157772  0.344467 0.939636 1 22 1.000000
Komainu
0  4.334529 -3.769229 11.644553  -0.960999 0.127000 -0.245665  0.313705 0.899841 1 22 1.000000
0  3.905238 -3.901776 12.586449  -0.898913 0.408734 -0.157772  0.344467 0.939636 1 22 1.000000
0  4.285951 -3.025058 12.228293  -0.952263 0.299289 -0.060172  0.297958 0.924927 1 22 1.000000
Komainu
0  4.285951 -3.025058 12.228293  -0.952263 0.299289 -0.060172  0.297958 0.924927 1 22 1.000000
0  4.404771 -3.377315 11.149436  -0.997839 -0.052667 0.039281  0.291183 0.878357 1 22 1.000000
0  4.334529 -3.769229 11.644553  -0.960999 0.127000 -0.245665  0.313705 0.899841 1 22 1.000000
Komainu
0  4.285951 -3.025058 12.228293  -0.952263 0.299289 -0.060172  0.297958 0.924927 1 22 1.000000
0  4.367436 -2.571455 11.358911  -0.970477 0.213518 0.112181  0.268844 0.893066 1 22 1.000000
0  4.404771 -3.377315 11.149436  -0.997839 -0.052667 0.039281  0.291183 0.878357 1 22 1.000000
Komainu
0  4.277296 -3.250865 10.510034  -0.932672 -0.064065 0.354992  0.282943 0.848938 1 22 1.000000
0  4.404771 -3.377315 11.149436  -0.997839 -0.052667 0.039281  0.291183 0.878357 1 22 1.000000
0  4.367436 -2.571455 11.358911  -0.970477 0.213518 0.112181  0.268844 0.893066 1 22 1.000000
Komainu
0  3.658984 -4.185501 11.082053  -0.998906 0.000900 0.046757  0.328231 0.860901 1 22 1.000000
0  3.620383 -3.881846 11.071799  -0.945882 0.236816 0.221867  0.318527 0.862732 1 22 1.000000
0  3.457834 -4.031291 10.707053  -0.842387 0.485385 0.234062  0.321517 0.843872 1 22 1.000000
Komainu
0  3.527221 -4.462358 11.246849  -0.899442 0.333747 -0.282165  0.344467 0.865662 1 22 1.000000
0  3.312682 -4.815581 11.261498  -0.684519 0.660602 -0.308285  0.362777 0.861389 1 22 1.000000
0  3.242611 -4.732523 11.698754  -0.797365 0.601101 -0.053723  0.366622 0.878113 1 22 1.000000
Komainu
0  3.527221 -4.462358 11.246849  -0.899442 0.333747 -0.282165  0.344467 0.865662 1 22 1.000000
0  3.242611 -4.732523 11.698754  -0.797365 0.601101 -0.053723  0.366622 0.878113 1 22 1.000000
0  3.501592 -4.257074 11.546411  -0.898798 0.433989 -0.061764  0.344467 0.883362 1 22 1.000000
Komainu
0  3.658984 -4.185501 11.082053  -0.998906 0.000900 0.046757  0.328231 0.860901 1 22 1.000000
0  3.527221 -4.462358 11.246849  -0.899442 0.333747 -0.282165  0.344467 0.865662 1 22 1.000000
0  3.501592 -4.257074 11.546411  -0.898798 0.433989 -0.061764  0.344467 0.883362 1 22 1.000000
Komainu
0  3.658984 -4.185501 11.082053  -0.998906 0.000900 0.046757  0.328231 0.860901 1 22 1.000000
0  3.501592 -4.257074 11.546411  -0.898798 0.433989 -0.061764  0.344467 0.883362 1 22 1.000000
0  3.625183 -3.976659 11.320091  -0.959421 0.281478 0.016794  0.325546 0.874146 1 22 1.000000
Komainu
0  3.658984 -4.185501 11.082053  -0.998906 0.000900 0.046757  0.328231 0.860901 1 22 1.000000
0  3.625183 -3.976659 11.320091  -0.959421 0.281478 0.016794  0.325546 0.874146 1 22 1.000000
0  3.620383 -3.881846 11.071799  -0.945882 0.236816 0.221867  0.318527 0.862732 1 22 1.000000
Komainu
0  3.620383 -3.881846 11.071799  -0.945882 0.236816 0.221867  0.318527 0.862732 1 22 1.000000
0  3.625183 -3.976659 11.320091  -0.959421 0.281478 0.016794  0.325546 0.874146 1 22 1.000000
0  3.804553 -3.739451 11.534690  -0.563191 0.637847 0.525326  0.318649 0.889099 1 22 1.000000
Komainu
0  3.586795 -4.179666 11.732444  -0.579618 0.534133 0.615423  0.344467 0.895264 1 22 1.000000
0  3.804553 -3.739451 11.534690  -0.563191 0.637847 0.525326  0.318649 0.889099 1 22 1.000000
0  3.625183 -3.976659 11.320091  -0.959421 0.281478 0.016794  0.325546 0.874146 1 22 1.000000
Komainu
0  3.586795 -4.179666 11.732444  -0.579618 0.534133 0.615423  0.344467 0.895264 1 22 1.000000
0  3.625183 -3.976659 11.320091  -0.959421 0.281478 0.016794  0.325546 0.874146 1 22 1.000000
0  3.501592 -4.257074 11.546411  -0.898798 0.433989 -0.061764  0.344467 0.883362 1 22 1.000000
Komainu
0  3.290101 -4.711840 11.912621  -0.634989 0.395998 0.663306  0.370834 0.890320 1 22 1.000000
0  3.586795 -4.179666 11.732444  -0.579618 0.534133 0.615423  0.344467 0.895264 1 22 1.000000
0  3.501592 -4.257074 11.546411  -0.898798 0.433989 -0.061764  0.344467 0.883362 1 22 1.000000
Komainu
0  3.290101 -4.711840 11.912621  -0.634989 0.395998 0.663306  0.370834 0.890320 1 22 1.000000
0  3.501592 -4.257074 11.546411  -0.898798 0.433989 -0.061764  0.344467 0.883362 1 22 1.000000
0  3.242611 -4.732523 11.698754  -0.797365 0.601101 -0.053723  0.366622 0.878113 1 22 1.000000
Komainu
0  3.265870 -4.184342 10.066184  -0.791922 0.329536 -0.514068  0.319442 0.814270 1 22 1.000000
0  3.959140 -4.665996 9.850121  -0.310221 0.063346 -0.948552  0.317001 0.805542 1 22 1.000000
0  3.644092 -5.293672 10.048607  -0.528516 -0.350891 -0.773011  0.344467 0.805908 1 22 1.000000
Komainu
0  3.568467 -3.602730 10.221457  -0.722032 0.609816 -0.326795  0.300521 0.826965 1 22 1.000000
0  3.959140 -4.665996 9.850121  -0.310221 0.063346 -0.948552  0.317001 0.805542 1 22 1.000000
0  3.265870 -4.184342 10.066184  -0.791922 0.329536 -0.514068  0.319442 0.814270 1 22 1.000000
Komainu
0  3.265870 -4.184342 10.066184  -0.791922 0.329536 -0.514068  0.319442 0.814270 1 22 1.000000
0  3.457834 -4.031291 10.707053  -0.842387 0.485385 0.234062  0.321517 0.843872 1 22 1.000000
0  3.568467 -3.602730 10.221457  -0.722032 0.609816 -0.326795  0.300521 0.826965 1 22 1.000000
Komainu
0  3.568467 -3.602730 10.221457  -0.722032 0.609816 -0.326795  0.300521 0.826965 1 22 1.000000
0  3.457834 -4.031291 10.707053  -0.842387 0.485385 0.234062  0.321517 0.843872 1 22 1.000000
0  3.788176 -3.341068 10.641137  -0.687097 0.720529 0.093464  0.294601 0.849060 1 22 1.000000
Komainu
0  3.788176 -3.341068 10.641137  -0.687097 0.720529 0.093464  0.294601 0.849060 1 22 1.000000
0  3.457834 -4.031291 10.707053  -0.842387 0.485385 0.234062  0.321517 0.843872 1 22 1.000000
0  3.620383 -3.881846 11.071799  -0.945882 0.236816 0.221867  0.318527 0.862732 1 22 1.000000
Komainu
0  3.788176 -3.341068 10.641137  -0.687097 0.720529 0.093464  0.294601 0.849060 1 22 1.000000
0  3.620383 -3.881846 11.071799  -0.945882 0.236816 0.221867  0.318527 0.862732 1 22 1.000000
0  3.856521 -3.483261 11.178002  -0.554865 0.751629 0.356620  0.303146 0.873108 1 22 1.000000
Komainu
0  3.620383 -3.881846 11.071799  -0.945882 0.236816 0.221867  0.318527 0.862732 1 22 1.000000
0  3.804553 -3.739451 11.534690  -0.563191 0.637847 0.525326  0.318649 0.889099 1 22 1.000000
0  3.856521 -3.483261 11.178002  -0.554865 0.751629 0.356620  0.303146 0.873108 1 22 1.000000
Komainu
0  4.404771 -3.377315 11.149436  -0.124991 0.896033 0.426030  0.291183 0.878357 1 22 1.000000
0  3.856521 -3.483261 11.178002  -0.554865 0.751629 0.356620  0.303146 0.873108 1 22 1.000000
0  3.804553 -3.739451 11.534690  -0.563191 0.637847 0.525326  0.318649 0.889099 1 22 1.000000
Komainu
0  4.404771 -3.377315 11.149436  -0.124991 0.896033 0.426030  0.291183 0.878357 1 22 1.000000
0  3.804553 -3.739451 11.534690  -0.563191 0.637847 0.525326  0.318649 0.889099 1 22 1.000000
0  4.334529 -3.769229 11.644553  -0.130494 0.647814 0.750539  0.313705 0.899841 1 22 1.000000
Komainu
0  4.079161 -4.291563 11.878196  -0.151325 0.410998 0.898989  0.344467 0.907715 1 22 1.000000
0  4.334529 -3.769229 11.644553  -0.130494 0.647814 0.750539  0.313705 0.899841 1 22 1.000000
0  3.804553 -3.739451 11.534690  -0.563191 0.637847 0.525326  0.318649 0.889099 1 22 1.000000
Komainu
0  4.079161 -4.291563 11.878196  -0.151325 0.410998 0.898989  0.344467 0.907715 1 22 1.000000
0  3.804553 -3.739451 11.534690  -0.563191 0.637847 0.525326  0.318649 0.889099 1 22 1.000000
0  3.586795 -4.179666 11.732444  -0.579618 0.534133 0.615423  0.344467 0.895264 1 22 1.000000
Komainu
0  3.740191 -4.906320 12.036401  -0.226285 0.117403 0.966960  0.375167 0.899841 1 22 1.000000
0  4.079161 -4.291563 11.878196  -0.151325 0.410998 0.898989  0.344467 0.907715 1 22 1.000000
0  3.586795 -4.179666 11.732444  -0.579618 0.534133 0.615423  0.344467 0.895264 1 22 1.000000
Komainu
0  3.740191 -4.906320 12.036401  -0.226285 0.117403 0.966960  0.375167 0.899841 1 22 1.000000
0  3.586795 -4.179666 11.732444  -0.579618 0.534133 0.615423  0.344467 0.895264 1 22 1.000000
0  3.290101 -4.711840 11.912621  -0.634989 0.395998 0.663306  0.370834 0.890320 1 22 1.000000
Komainu
0  3.740191 -4.906320 12.036401  -0.226285 0.117403 0.966960  0.375167 0.899841 1 22 1.000000
0  3.290101 -4.711840 11.912621  -0.634989 0.395998 0.663306  0.370834 0.890320 1 22 1.000000
0  2.996485 -5.111523 11.782250  -0.771801 0.150591 0.617775  0.389022 0.874329 1 22 1.000000
Komainu
0  3.242611 -4.732523 11.698754  -0.797365 0.601101 -0.053723  0.366622 0.878113 1 22 1.000000
0  2.996485 -5.111523 11.782250  -0.771801 0.150591 0.617775  0.389022 0.874329 1 22 1.000000
0  3.290101 -4.711840 11.912621  -0.634989 0.395998 0.663306  0.370834 0.890320 1 22 1.000000
Komainu
0  3.242611 -4.732523 11.698754  -0.797365 0.601101 -0.053723  0.366622 0.878113 1 22 1.000000
0  3.066256 -4.916673 11.492942  -0.728339 0.679601 -0.087546  0.377242 0.868286 1 22 1.000000
0  2.996485 -5.111523 11.782250  -0.771801 0.150591 0.617775  0.389022 0.874329 1 22 1.000000
Komainu
0  3.312682 -4.815581 11.261498  -0.684519 0.660602 -0.308285  0.362777 0.861389 1 22 1.000000
0  3.066256 -4.916673 11.492942  -0.728339 0.679601 -0.087546  0.377242 0.868286 1 22 1.000000
0  3.242611 -4.732523 11.698754  -0.797365 0.601101 -0.053723  0.366622 0.878113 1 22 1.000000
Komainu
0  3.312682 -4.815581 11.261498  -0.684519 0.660602 -0.308285  0.362777 0.861389 1 22 1.000000
0  2.781817 -5.302227 11.193383  -0.719557 0.688760 -0.088586  0.389327 0.846130 1 22 1.000000
0  3.066256 -4.916673 11.492942  -0.728339 0.679601 -0.087546  0.377242 0.868286 1 22 1.000000
Komainu
0  3.568467 -3.602730 10.221457  -0.722032 0.609816 -0.326795  0.300521 0.826965 1 22 1.000000
0  3.953155 -3.646445 9.984887  -0.284556 0.587082 -0.757867  0.292709 0.820679 1 22 1.000000
0  3.959140 -4.665996 9.850121  -0.310221 0.063346 -0.948552  0.317001 0.805542 1 22 1.000000
Komainu
0  3.788176 -3.341068 10.641137  -0.687097 0.720529 0.093464  0.294601 0.849060 1 22 1.000000
0  3.953155 -3.646445 9.984887  -0.284556 0.587082 -0.757867  0.292709 0.820679 1 22 1.000000
0  3.568467 -3.602730 10.221457  -0.722032 0.609816 -0.326795  0.300521 0.826965 1 22 1.000000
Komainu
0  3.788176 -3.341068 10.641137  -0.687097 0.720529 0.093464  0.294601 0.849060 1 22 1.000000
0  4.277296 -3.250865 10.510034  -0.204611 0.971978 -0.115728  0.282943 0.848938 1 22 1.000000
0  3.953155 -3.646445 9.984887  -0.284556 0.587082 -0.757867  0.292709 0.820679 1 22 1.000000
Komainu
0  4.404771 -3.377315 11.149436  -0.124991 0.896033 0.426030  0.291183 0.878357 1 22 1.000000
0  4.277296 -3.250865 10.510034  -0.204611 0.971978 -0.115728  0.282943 0.848938 1 22 1.000000
0  3.788176 -3.341068 10.641137  -0.687097 0.720529 0.093464  0.294601 0.849060 1 22 1.000000
Komainu
0  4.404771 -3.377315 11.149436  -0.124991 0.896033 0.426030  0.291183 0.878357 1 22 1.000000
0  3.788176 -3.341068 10.641137  -0.687097 0.720529 0.093464  0.294601 0.849060 1 22 1.000000
0  3.856521 -3.483261 11.178002  -0.554865 0.751629 0.356620  0.303146 0.873108 1 22 1.000000
Komainu
0  3.644092 -5.293672 10.048607  -0.528516 -0.350891 -0.773011  0.344467 0.805908 1 22 1.000000
0  2.909029 -5.018921 10.704857  -0.996438 -0.080156 0.026183  0.362411 0.827515 1 22 1.000000
0  2.989591 -4.775187 10.200218  -0.913032 0.091596 -0.397470  0.343978 0.812744 1 22 1.000000
Komainu
0  3.644092 -5.293672 10.048607  -0.528516 -0.350891 -0.773011  0.344467 0.805908 1 22 1.000000
0  3.070168 -5.241465 10.611107  -0.734028 -0.675357 -0.071387  0.365829 0.823486 1 22 1.000000
0  2.909029 -5.018921 10.704857  -0.996438 -0.080156 0.026183  0.362411 0.827515 1 22 1.000000
Komainu
0  3.265870 -4.184342 10.066184  -0.791922 0.329536 -0.514068  0.319442 0.814270 1 22 1.000000
0  3.644092 -5.293672 10.048607  -0.528516 -0.350891 -0.773011  0.344467 0.805908 1 22 1.000000
0  2.989591 -4.775187 10.200218  -0.913032 0.091596 -0.397470  0.343978 0.812744 1 22 1.000000
Komainu
0  2.989591 -4.775187 10.200218  -0.913032 0.091596 -0.397470  0.343978 0.812744 1 22 1.000000
0  3.457834 -4.031291 10.707053  -0.842387 0.485385 0.234062  0.321517 0.843872 1 22 1.000000
0  3.265870 -4.184342 10.066184  -0.791922 0.329536 -0.514068  0.319442 0.814270 1 22 1.000000
Komainu
0  2.909029 -5.018921 10.704857  -0.996438 -0.080156 0.026183  0.362411 0.827515 1 22 1.000000
0  3.457834 -4.031291 10.707053  -0.842387 0.485385 0.234062  0.321517 0.843872 1 22 1.000000
0  2.989591 -4.775187 10.200218  -0.913032 0.091596 -0.397470  0.343978 0.812744 1 22 1.000000
Komainu
0  2.999605 -4.931898 11.025659  -0.906492 0.107468 0.408316  0.364974 0.843140 1 22 1.000000
0  3.457834 -4.031291 10.707053  -0.842387 0.485385 0.234062  0.321517 0.843872 1 22 1.000000
0  2.909029 -5.018921 10.704857  -0.996438 -0.080156 0.026183  0.362411 0.827515 1 22 1.000000
Komainu
0  3.070168 -5.241465 10.611107  -0.734028 -0.675357 -0.071387  0.365829 0.823486 1 22 1.000000
0  2.999605 -4.931898 11.025659  -0.906492 0.107468 0.408316  0.364974 0.843140 1 22 1.000000
0  2.909029 -5.018921 10.704857  -0.996438 -0.080156 0.026183  0.362411 0.827515 1 22 1.000000
Komainu
0  3.070168 -5.241465 10.611107  -0.734028 -0.675357 -0.071387  0.365829 0.823486 1 22 1.000000
0  3.162157 -5.086368 11.030051  -0.575425 -0.546487 0.608472  0.368698 0.843872 1 22 1.000000
0  2.999605 -4.931898 11.025659  -0.906492 0.107468 0.408316  0.364974 0.843140 1 22 1.000000
Komainu
0  2.999605 -4.931898 11.025659  -0.906492 0.107468 0.408316  0.364974 0.843140 1 22 1.000000
0  3.162157 -5.086368 11.030051  -0.575425 -0.546487 0.608472  0.368698 0.843872 1 22 1.000000
0  3.312682 -4.815581 11.261498  -0.328351 -0.134842 0.934881  0.362777 0.861389 1 22 1.000000
Komainu
0  2.999605 -4.931898 11.025659  -0.906492 0.107468 0.408316  0.364974 0.843140 1 22 1.000000
0  3.312682 -4.815581 11.261498  -0.328351 -0.134842 0.934881  0.362777 0.861389 1 22 1.000000
0  3.165778 -4.712322 11.220482  -0.600800 0.102910 0.792747  0.359786 0.858460 1 22 1.000000
Komainu
0  3.312682 -4.815581 11.261498  -0.328351 -0.134842 0.934881  0.362777 0.861389 1 22 1.000000
0  3.344632 -4.415393 11.207297  -0.416536 0.462227 0.782843  0.344528 0.861939 1 22 1.000000
0  3.165778 -4.712322 11.220482  -0.600800 0.102910 0.792747  0.359786 0.858460 1 22 1.000000
Komainu
0  3.344632 -4.415393 11.207297  -0.416536 0.462227 0.782843  0.344528 0.861939 1 22 1.000000
0  2.999605 -4.931898 11.025659  -0.906492 0.107468 0.408316  0.364974 0.843140 1 22 1.000000
0  3.165778 -4.712322 11.220482  -0.600800 0.102910 0.792747  0.359786 0.858460 1 22 1.000000
Komainu
0  3.344632 -4.415393 11.207297  -0.416536 0.462227 0.782843  0.344528 0.861939 1 22 1.000000
0  3.454948 -4.179626 11.068871  -0.508847 0.721767 0.469176  0.331100 0.858154 1 22 1.000000
0  2.999605 -4.931898 11.025659  -0.906492 0.107468 0.408316  0.364974 0.843140 1 22 1.000000
Komainu
0  3.457834 -4.031291 10.707053  -0.842387 0.485385 0.234062  0.321517 0.843872 1 22 1.000000
0  2.999605 -4.931898 11.025659  -0.906492 0.107468 0.408316  0.364974 0.843140 1 22 1.000000
0  3.454948 -4.179626 11.068871  -0.508847 0.721767 0.469176  0.331100 0.858154 1 22 1.000000
Komainu
0  3.457834 -4.031291 10.707053  -0.842387 0.485385 0.234062  0.321517 0.843872 1 22 1.000000
0  3.454948 -4.179626 11.068871  -0.508847 0.721767 0.469176  0.331100 0.858154 1 22 1.000000
0  3.658984 -4.185501 11.082053  -0.022211 0.761912 0.647300  0.328231 0.860901 1 22 1.000000
Komainu
0  3.658984 -4.185501 11.082053  -0.022211 0.761912 0.647300  0.328231 0.860901 1 22 1.000000
0  3.454948 -4.179626 11.068871  -0.508847 0.721767 0.469176  0.331100 0.858154 1 22 1.000000
0  3.344632 -4.415393 11.207297  -0.416536 0.462227 0.782843  0.344528 0.861939 1 22 1.000000
Komainu
0  3.658984 -4.185501 11.082053  -0.022211 0.761912 0.647300  0.328231 0.860901 1 22 1.000000
0  3.344632 -4.415393 11.207297  -0.416536 0.462227 0.782843  0.344528 0.861939 1 22 1.000000
0  3.527221 -4.462358 11.246849  -0.109136 0.341946 0.933361  0.344467 0.865662 1 22 1.000000
Komainu
0  3.312682 -4.815581 11.261498  -0.328351 -0.134842 0.934881  0.362777 0.861389 1 22 1.000000
0  3.527221 -4.462358 11.246849  -0.109136 0.341946 0.933361  0.344467 0.865662 1 22 1.000000
0  3.344632 -4.415393 11.207297  -0.416536 0.462227 0.782843  0.344528 0.861939 1 22 1.000000
Komainu
0  5.828620 -5.313269 11.515649  0.859621 -0.304914 0.409975  0.151473 0.682617 1 22 1.000000
0  5.516452 -5.032820 11.761010  0.593047 0.010334 0.805101  0.151473 0.695068 1 22 1.000000
0  5.139763 -5.619591 11.926538  0.385807 -0.265422 0.883574  0.182174 0.687195 1 22 1.000000
Komainu
0  6.040624 -4.918226 11.297387  0.952630 -0.169225 0.252703  0.125656 0.676453 1 22 1.000000
0  5.516452 -5.032820 11.761010  0.593047 0.010334 0.805101  0.151473 0.695068 1 22 1.000000
0  5.828620 -5.313269 11.515649  0.859621 -0.304914 0.409975  0.151473 0.682617 1 22 1.000000
Komainu
0  6.040624 -4.918226 11.297387  0.952630 -0.169225 0.252703  0.125656 0.676453 1 22 1.000000
0  5.766462 -4.555043 11.495873  0.778874 0.226777 0.584746  0.120712 0.687195 1 22 1.000000
0  5.516452 -5.032820 11.761010  0.593047 0.010334 0.805101  0.151473 0.695068 1 22 1.000000
Komainu
0  6.085827 -4.707417 10.917993  0.998547 -0.052698 -0.011284  0.110153 0.660461 1 22 1.000000
0  5.766462 -4.555043 11.495873  0.778874 0.226777 0.584746  0.120712 0.687195 1 22 1.000000
0  6.040624 -4.918226 11.297387  0.952630 -0.169225 0.252703  0.125656 0.676453 1 22 1.000000
Komainu
0  6.085827 -4.707417 10.917993  0.998547 -0.052698 -0.011284  0.110153 0.660461 1 22 1.000000
0  5.867922 -4.207852 10.997093  0.904815 0.399120 0.148367  0.098190 0.665710 1 22 1.000000
0  5.766462 -4.555043 11.495873  0.778874 0.226777 0.584746  0.120712 0.687195 1 22 1.000000
Komainu
0  5.860519 -5.161943 11.087913  0.696208 -0.672033 -0.252321  0.132552 0.661499 1 22 1.000000
0  6.040624 -4.918226 11.297387  0.952630 -0.169225 0.252703  0.125656 0.676453 1 22 1.000000
0  5.828620 -5.313269 11.515649  0.859621 -0.304914 0.409975  0.151473 0.682617 1 22 1.000000
Komainu
0  6.040624 -4.918226 11.297387  0.952630 -0.169225 0.252703  0.125656 0.676453 1 22 1.000000
0  5.860519 -5.161943 11.087913  0.696208 -0.672033 -0.252321  0.132552 0.661499 1 22 1.000000
0  5.850208 -5.098481 10.813988  0.734982 -0.671480 -0.094421  0.125533 0.650085 1 22 1.000000
Komainu
0  6.040624 -4.918226 11.297387  0.952630 -0.169225 0.252703  0.125656 0.676453 1 22 1.000000
0  5.850208 -5.098481 10.813988  0.734982 -0.671480 -0.094421  0.125533 0.650085 1 22 1.000000
0  6.085827 -4.707417 10.917993  0.998547 -0.052698 -0.011284  0.110153 0.660461 1 22 1.000000
Komainu
0  6.007104 -4.648439 10.356956  0.953888 -0.145111 -0.262755  0.101669 0.636414 1 22 1.000000
0  6.085827 -4.707417 10.917993  0.998547 -0.052698 -0.011284  0.110153 0.660461 1 22 1.000000
0  5.850208 -5.098481 10.813988  0.734982 -0.671480 -0.094421  0.125533 0.650085 1 22 1.000000
Komainu
0  6.007104 -4.648439 10.356956  0.953888 -0.145111 -0.262755  0.101669 0.636414 1 22 1.000000
0  5.867922 -4.207852 10.997093  0.904815 0.399120 0.148367  0.098190 0.665710 1 22 1.000000
0  6.085827 -4.707417 10.917993  0.998547 -0.052698 -0.011284  0.110153 0.660461 1 22 1.000000
Komainu
0  6.007104 -4.648439 10.356956  0.953888 -0.145111 -0.262755  0.101669 0.636414 1 22 1.000000
0  5.775105 -4.142336 10.340843  0.840649 0.386416 -0.379463  0.089950 0.636352 1 22 1.000000
0  5.867922 -4.207852 10.997093  0.904815 0.399120 0.148367  0.098190 0.665710 1 22 1.000000
Komainu
0  5.739985 -5.409412 11.324486  0.759144 -0.571381 -0.311808  0.151473 0.670715 1 22 1.000000
0  5.828620 -5.313269 11.515649  0.859621 -0.304914 0.409975  0.151473 0.682617 1 22 1.000000
0  5.533945 -5.827544 11.700950  0.742232 -0.486019 0.461386  0.177841 0.677673 1 22 1.000000
Komainu
0  5.860519 -5.161943 11.087913  0.696208 -0.672033 -0.252321  0.132552 0.661499 1 22 1.000000
0  5.828620 -5.313269 11.515649  0.859621 -0.304914 0.409975  0.151473 0.682617 1 22 1.000000
0  5.739985 -5.409412 11.324486  0.759144 -0.571381 -0.311808  0.151473 0.670715 1 22 1.000000
Komainu
0  5.581597 -5.229701 10.871118  0.503076 -0.850377 -0.154185  0.135238 0.648254 1 22 1.000000
0  5.860519 -5.161943 11.087913  0.696208 -0.672033 -0.252321  0.132552 0.661499 1 22 1.000000
0  5.739985 -5.409412 11.324486  0.759144 -0.571381 -0.311808  0.151473 0.670715 1 22 1.000000
Komainu
0  5.581597 -5.229701 10.871118  0.503076 -0.850377 -0.154185  0.135238 0.648254 1 22 1.000000
0  5.850208 -5.098481 10.813988  0.734982 -0.671480 -0.094421  0.125533 0.650085 1 22 1.000000
0  5.860519 -5.161943 11.087913  0.696208 -0.672033 -0.252321  0.132552 0.661499 1 22 1.000000
Komainu
0  5.581597 -5.229701 10.871118  0.503076 -0.850377 -0.154185  0.135238 0.648254 1 22 1.000000
0  5.680618 -5.304488 10.433129  0.884592 -0.463847 -0.048402  0.128524 0.631226 1 22 1.000000
0  5.850208 -5.098481 10.813988  0.734982 -0.671480 -0.094421  0.125533 0.650085 1 22 1.000000
Komainu
0  6.007104 -4.648439 10.356956  0.953888 -0.145111 -0.262755  0.101669 0.636414 1 22 1.000000
0  5.850208 -5.098481 10.813988  0.734982 -0.671480 -0.094421  0.125533 0.650085 1 22 1.000000
0  5.680618 -5.304488 10.433129  0.884592 -0.463847 -0.048402  0.128524 0.631226 1 22 1.000000
Komainu
0  5.778829 -4.974401 9.918968  0.834991 -0.156442 -0.527557  0.107528 0.614319 1 22 1.000000
0  6.007104 -4.648439 10.356956  0.953888 -0.145111 -0.262755  0.101669 0.636414 1 22 1.000000
0  5.680618 -5.304488 10.433129  0.884592 -0.463847 -0.048402  0.128524 0.631226 1 22 1.000000
Komainu
0  5.778829 -4.974401 9.918968  0.834991 -0.156442 -0.527557  0.107528 0.614319 1 22 1.000000
0  5.775105 -4.142336 10.340843  0.840649 0.386416 -0.379463  0.089950 0.636352 1 22 1.000000
0  6.007104 -4.648439 10.356956  0.953888 -0.145111 -0.262755  0.101669 0.636414 1 22 1.000000
Komainu
0  5.778829 -4.974401 9.918968  0.834991 -0.156442 -0.527557  0.107528 0.614319 1 22 1.000000
0  5.475718 -4.619489 9.792260  0.553888 0.184008 -0.812003  0.099716 0.608032 1 22 1.000000
0  5.775105 -4.142336 10.340843  0.840649 0.386416 -0.379463  0.089950 0.636352 1 22 1.000000
Komainu
0  5.475250 -5.558870 9.762962  0.670837 -0.451522 -0.588307  0.126449 0.601624 1 22 1.000000
0  5.475718 -4.619489 9.792260  0.553888 0.184008 -0.812003  0.099716 0.608032 1 22 1.000000
0  5.778829 -4.974401 9.918968  0.834991 -0.156442 -0.527557  0.107528 0.614319 1 22 1.000000
Komainu
0  5.475250 -5.558870 9.762962  0.670837 -0.451522 -0.588307  0.126449 0.601624 1 22 1.000000
0  5.128252 -5.406014 9.645776  0.249086 -0.258914 -0.933231  0.124008 0.592896 1 22 1.000000
0  5.475718 -4.619489 9.792260  0.553888 0.184008 -0.812003  0.099716 0.608032 1 22 1.000000
Komainu
0  4.880632 -5.880104 9.888938  0.018272 -0.765523 -0.643149  0.151473 0.593262 1 22 1.000000
0  5.128252 -5.406014 9.645776  0.249086 -0.258914 -0.933231  0.124008 0.592896 1 22 1.000000
0  5.475250 -5.558870 9.762962  0.670837 -0.451522 -0.588307  0.126449 0.601624 1 22 1.000000
Komainu
0  4.880632 -5.880104 9.888938  0.018272 -0.765523 -0.643149  0.151473 0.593262 1 22 1.000000
0  5.475250 -5.558870 9.762962  0.670837 -0.451522 -0.588307  0.126449 0.601624 1 22 1.000000
0  5.225263 -5.954573 9.994409  0.511042 -0.760632 -0.400344  0.150985 0.600098 1 22 1.000000
Komainu
0  5.152873 -6.134626 10.476341  0.447489 -0.887881 -0.106873  0.169418 0.614868 1 22 1.000000
0  4.880632 -5.880104 9.888938  0.018272 -0.765523 -0.643149  0.151473 0.593262 1 22 1.000000
0  5.225263 -5.954573 9.994409  0.511042 -0.760632 -0.400344  0.150985 0.600098 1 22 1.000000
Komainu
0  5.152873 -6.134626 10.476341  0.447489 -0.887881 -0.106873  0.169418 0.614868 1 22 1.000000
0  5.225263 -5.954573 9.994409  0.511042 -0.760632 -0.400344  0.150985 0.600098 1 22 1.000000
0  5.680618 -5.304488 10.433129  0.884592 -0.463847 -0.048402  0.128524 0.631226 1 22 1.000000
Komainu
0  5.239714 -6.074870 10.805930  0.591644 -0.798945 0.107908  0.171981 0.630493 1 22 1.000000
0  5.152873 -6.134626 10.476341  0.447489 -0.887881 -0.106873  0.169418 0.614868 1 22 1.000000
0  5.680618 -5.304488 10.433129  0.884592 -0.463847 -0.048402  0.128524 0.631226 1 22 1.000000
Komainu
0  5.680618 -5.304488 10.433129  0.884592 -0.463847 -0.048402  0.128524 0.631226 1 22 1.000000
0  5.686885 -5.386283 10.813988  0.980573 -0.107410 0.164135  0.138107 0.645569 1 22 1.000000
0  5.239714 -6.074870 10.805930  0.591644 -0.798945 0.107908  0.171981 0.630493 1 22 1.000000
Komainu
0  5.239714 -6.074870 10.805930  0.591644 -0.798945 0.107908  0.171981 0.630493 1 22 1.000000
0  5.686885 -5.386283 10.813988  0.980573 -0.107410 0.164135  0.138107 0.645569 1 22 1.000000
0  5.578558 -5.601506 10.975121  0.771043 -0.217518 0.598480  0.151534 0.649292 1 22 1.000000
Komainu
0  5.225263 -5.954573 9.994409  0.511042 -0.760632 -0.400344  0.150985 0.600098 1 22 1.000000
0  5.475250 -5.558870 9.762962  0.670837 -0.451522 -0.588307  0.126449 0.601624 1 22 1.000000
0  5.680618 -5.304488 10.433129  0.884592 -0.463847 -0.048402  0.128524 0.631226 1 22 1.000000
Komainu
0  5.475250 -5.558870 9.762962  0.670837 -0.451522 -0.588307  0.126449 0.601624 1 22 1.000000
0  5.778829 -4.974401 9.918968  0.834991 -0.156442 -0.527557  0.107528 0.614319 1 22 1.000000
0  5.680618 -5.304488 10.433129  0.884592 -0.463847 -0.048402  0.128524 0.631226 1 22 1.000000
Komainu
0  5.680618 -5.304488 10.433129  0.884592 -0.463847 -0.048402  0.128524 0.631226 1 22 1.000000
0  5.581597 -5.229701 10.871118  0.807273 0.390298 0.442694  0.135238 0.648254 1 22 1.000000
0  5.686885 -5.386283 10.813988  0.980573 -0.107410 0.164135  0.138107 0.645569 1 22 1.000000
Komainu
0  5.239714 -6.074870 10.805930  0.591644 -0.798945 0.107908  0.171981 0.630493 1 22 1.000000
0  5.578558 -5.601506 10.975121  0.771043 -0.217518 0.598480  0.151534 0.649292 1 22 1.000000
0  5.402152 -5.882558 10.992698  0.532785 -0.609807 0.586750  0.166793 0.645874 1 22 1.000000
Komainu
0  5.581597 -5.229701 10.871118  0.807273 0.390298 0.442694  0.135238 0.648254 1 22 1.000000
0  5.578558 -5.601506 10.975121  0.771043 -0.217518 0.598480  0.151534 0.649292 1 22 1.000000
0  5.686885 -5.386283 10.813988  0.980573 -0.107410 0.164135  0.138107 0.645569 1 22 1.000000
Komainu
0  5.581597 -5.229701 10.871118  0.807273 0.390298 0.442694  0.135238 0.648254 1 22 1.000000
0  5.452651 -5.487431 11.055686  0.543084 0.002376 0.839675  0.151473 0.653015 1 22 1.000000
0  5.578558 -5.601506 10.975121  0.771043 -0.217518 0.598480  0.151534 0.649292 1 22 1.000000
Komainu
0  5.578558 -5.601506 10.975121  0.771043 -0.217518 0.598480  0.151534 0.649292 1 22 1.000000
0  5.452651 -5.487431 11.055686  0.543084 0.002376 0.839675  0.151473 0.653015 1 22 1.000000
0  5.238997 -5.829875 11.073266  0.239050 -0.493580 0.836202  0.169784 0.648743 1 22 1.000000
Komainu
0  5.578558 -5.601506 10.975121  0.771043 -0.217518 0.598480  0.151534 0.649292 1 22 1.000000
0  5.238997 -5.829875 11.073266  0.239050 -0.493580 0.836202  0.169784 0.648743 1 22 1.000000
0  5.402152 -5.882558 10.992698  0.532785 -0.609807 0.586750  0.166793 0.645874 1 22 1.000000
Komainu
0  5.402152 -5.882558 10.992698  0.532785 -0.609807 0.586750  0.166793 0.645874 1 22 1.000000
0  5.238997 -5.829875 11.073266  0.239050 -0.493580 0.836202  0.169784 0.648743 1 22 1.000000
0  5.012728 -6.035753 10.859399  -0.024682 -0.888013 0.459156  0.175704 0.631226 1 22 1.000000
Komainu
0  5.402152 -5.882558 10.992698  0.532785 -0.609807 0.586750  0.166793 0.645874 1 22 1.000000
0  5.012728 -6.035753 10.859399  -0.024682 -0.888013 0.459156  0.175704 0.631226 1 22 1.000000
0  5.239714 -6.074870 10.805930  0.591644 -0.798945 0.107908  0.171981 0.630493 1 22 1.000000
Komainu
0  5.239714 -6.074870 10.805930  0.591644 -0.798945 0.107908  0.171981 0.630493 1 22 1.000000
0  5.012728 -6.035753 10.859399  -0.024682 -0.888013 0.459156  0.175704 0.631226 1 22 1.000000
0  4.861045 -6.109295 10.450706  -0.091534 -0.992294 -0.083509  0.172836 0.610840 1 22 1.000000
Komainu
0  5.239714 -6.074870 10.805930  0.591644 -0.798945 0.107908  0.171981 0.630493 1 22 1.000000
0  4.861045 -6.109295 10.450706  -0.091534 -0.992294 -0.083509  0.172836 0.610840 1 22 1.000000
0  5.152873 -6.134626 10.476341  0.447489 -0.887881 -0.106873  0.169418 0.614868 1 22 1.000000
Komainu
0  5.152873 -6.134626 10.476341  0.447489 -0.887881 -0.106873  0.169418 0.614868 1 22 1.000000
0  4.861045 -6.109295 10.450706  -0.091534 -0.992294 -0.083509  0.172836 0.610840 1 22 1.000000
0  4.880632 -5.880104 9.888938  0.018272 -0.765523 -0.643149  0.151473 0.593262 1 22 1.000000
Komainu
0  5.387857 -5.319593 9.016625  0.882430 -0.470334 0.010111  0.112960 0.566528 1 22 1.000000
0  5.128252 -5.406014 9.645776  0.847426 -0.416312 0.329476  0.124008 0.592896 1 22 1.000000
0  4.880632 -5.880104 9.888938  0.965853 -0.199464 0.165354  0.151473 0.593262 1 22 1.000000
Komainu
0  5.387857 -5.319593 9.016625  0.882430 -0.470334 0.010111  0.112960 0.566528 1 22 1.000000
0  4.880632 -5.880104 9.888938  0.965853 -0.199464 0.165354  0.151473 0.593262 1 22 1.000000
0  4.951948 -6.150860 9.363059  0.895692 -0.444346 -0.017094  0.155624 0.566895 1 22 1.000000
Komainu
0  4.951948 -6.150860 9.363059  0.895692 -0.444346 -0.017094  0.155624 0.566895 1 22 1.000000
0  5.356819 -5.036570 8.586692  0.705682 -0.413449 -0.575389  0.104720 0.545715 1 22 1.000000
0  5.387857 -5.319593 9.016625  0.882430 -0.470334 0.010111  0.112960 0.566528 1 22 1.000000
Komainu
0  4.951948 -6.150860 9.363059  0.895692 -0.444346 -0.017094  0.155624 0.566895 1 22 1.000000
0  4.813763 -6.113519 8.940452  0.561405 -0.645941 -0.517286  0.155624 0.544312 1 22 1.000000
0  5.356819 -5.036570 8.586692  0.705682 -0.413449 -0.575389  0.104720 0.545715 1 22 1.000000
Komainu
0  4.579972 -6.690039 9.676538  0.356448 -0.863618 -0.356523  0.194381 0.566406 1 22 1.000000
0  4.813763 -6.113519 8.940452  0.561405 -0.645941 -0.517286  0.155624 0.544312 1 22 1.000000
0  4.951948 -6.150860 9.363059  0.895692 -0.444346 -0.017094  0.155624 0.566895 1 22 1.000000
Komainu
0  4.579972 -6.690039 9.676538  0.356448 -0.863618 -0.356523  0.194381 0.566406 1 22 1.000000
0  4.951948 -6.150860 9.363059  0.895692 -0.444346 -0.017094  0.155624 0.566895 1 22 1.000000
0  4.805086 -6.438872 9.790061  0.916551 -0.395474 -0.059448  0.179611 0.578735 1 22 1.000000
Komainu
0  4.805086 -6.438872 9.790061  0.916551 -0.395474 -0.059448  0.179611 0.578735 1 22 1.000000
0  4.701787 -6.784865 10.544456  0.426811 -0.904216 -0.015024  0.206893 0.602844 1 22 1.000000
0  4.579972 -6.690039 9.676538  0.356448 -0.863618 -0.356523  0.194381 0.566406 1 22 1.000000
Komainu
0  4.805086 -6.438872 9.790061  0.916551 -0.395474 -0.059448  0.179611 0.578735 1 22 1.000000
0  4.840669 -6.576383 10.510766  0.921321 -0.345522 -0.178274  0.195114 0.606079 1 22 1.000000
0  4.701787 -6.784865 10.544456  0.426811 -0.904216 -0.015024  0.206893 0.602844 1 22 1.000000
Komainu
0  5.024893 -6.421799 10.980248  0.884440 -0.369113 -0.285520  0.196334 0.633484 1 22 1.000000
0  4.701787 -6.784865 10.544456  0.426811 -0.904216 -0.015024  0.206893 0.602844 1 22 1.000000
0  4.840669 -6.576383 10.510766  0.921321 -0.345522 -0.178274  0.195114 0.606079 1 22 1.000000
Komainu
0  4.840669 -6.576383 10.510766  0.921321 -0.345522 -0.178274  0.195114 0.606079 1 22 1.000000
0  5.012728 -6.035753 10.859399  0.896122 -0.155349 -0.415730  0.175704 0.631226 1 22 1.000000
0  5.024893 -6.421799 10.980248  0.884440 -0.369113 -0.285520  0.196334 0.633484 1 22 1.000000
Komainu
0  5.238997 -5.829875 11.073266  0.773002 -0.383595 -0.505295  0.169784 0.648743 1 22 1.000000
0  5.024893 -6.421799 10.980248  0.884440 -0.369113 -0.285520  0.196334 0.633484 1 22 1.000000
0  5.012728 -6.035753 10.859399  0.896122 -0.155349 -0.415730  0.175704 0.631226 1 22 1.000000
Komainu
0  5.238997 -5.829875 11.073266  0.773002 -0.383595 -0.505295  0.169784 0.648743 1 22 1.000000
0  5.306851 -6.116723 11.405786  0.837597 -0.447655 -0.313107  0.184249 0.655640 1 22 1.000000
0  5.024893 -6.421799 10.980248  0.884440 -0.369113 -0.285520  0.196334 0.633484 1 22 1.000000
Komainu
0  5.238997 -5.829875 11.073266  0.773002 -0.383595 -0.505295  0.169784 0.648743 1 22 1.000000
0  5.483485 -5.871626 11.480493  0.802419 -0.508651 -0.312088  0.173629 0.665466 1 22 1.000000
0  5.306851 -6.116723 11.405786  0.837597 -0.447655 -0.313107  0.184249 0.655640 1 22 1.000000
Komainu
0  5.236777 -6.252866 11.562524  0.575240 -0.728272 0.372450  0.196029 0.661682 1 22 1.000000
0  5.306851 -6.116723 11.405786  0.837597 -0.447655 -0.313107  0.184249 0.655640 1 22 1.000000
0  5.483485 -5.871626 11.480493  0.802419 -0.508651 -0.312088  0.173629 0.665466 1 22 1.000000
Komainu
0  5.236777 -6.252866 11.562524  0.575240 -0.728272 0.372450  0.196029 0.661682 1 22 1.000000
0  5.483485 -5.871626 11.480493  0.802419 -0.508651 -0.312088  0.173629 0.665466 1 22 1.000000
0  5.533945 -5.827544 11.700950  0.742232 -0.486019 0.461386  0.177841 0.677673 1 22 1.000000
Komainu
0  5.739985 -5.409412 11.324486  0.759144 -0.571381 -0.311808  0.151473 0.670715 1 22 1.000000
0  5.533945 -5.827544 11.700950  0.742232 -0.486019 0.461386  0.177841 0.677673 1 22 1.000000
0  5.483485 -5.871626 11.480493  0.802419 -0.508651 -0.312088  0.173629 0.665466 1 22 1.000000
Komainu
0  5.483485 -5.871626 11.480493  0.802419 -0.508651 -0.312088  0.173629 0.665466 1 22 1.000000
0  5.452651 -5.487431 11.055686  0.634300 -0.595246 -0.493301  0.151473 0.653015 1 22 1.000000
0  5.739985 -5.409412 11.324486  0.759144 -0.571381 -0.311808  0.151473 0.670715 1 22 1.000000
Komainu
0  5.581597 -5.229701 10.871118  0.503076 -0.850377 -0.154185  0.135238 0.648254 1 22 1.000000
0  5.739985 -5.409412 11.324486  0.759144 -0.571381 -0.311808  0.151473 0.670715 1 22 1.000000
0  5.452651 -5.487431 11.055686  0.634300 -0.595246 -0.493301  0.151473 0.653015 1 22 1.000000
Komainu
0  5.483485 -5.871626 11.480493  0.802419 -0.508651 -0.312088  0.173629 0.665466 1 22 1.000000
0  5.238997 -5.829875 11.073266  0.773002 -0.383595 -0.505295  0.169784 0.648743 1 22 1.000000
0  5.452651 -5.487431 11.055686  0.634300 -0.595246 -0.493301  0.151473 0.653015 1 22 1.000000
Komainu
0  5.024893 -6.421799 10.980248  0.884440 -0.369113 -0.285520  0.196334 0.633484 1 22 1.000000
0  4.916860 -6.611015 11.084984  0.480150 -0.856102 0.191168  0.209030 0.635742 1 22 1.000000
0  4.701787 -6.784865 10.544456  0.426811 -0.904216 -0.015024  0.206893 0.602844 1 22 1.000000
Komainu
0  5.306851 -6.116723 11.405786  0.837597 -0.447655 -0.313107  0.184249 0.655640 1 22 1.000000
0  4.916860 -6.611015 11.084984  0.480150 -0.856102 0.191168  0.209030 0.635742 1 22 1.000000
0  5.024893 -6.421799 10.980248  0.884440 -0.369113 -0.285520  0.196334 0.633484 1 22 1.000000
Komainu
0  5.306851 -6.116723 11.405786  0.837597 -0.447655 -0.313107  0.184249 0.655640 1 22 1.000000
0  5.236777 -6.252866 11.562524  0.575240 -0.728272 0.372450  0.196029 0.661682 1 22 1.000000
0  4.916860 -6.611015 11.084984  0.480150 -0.856102 0.191168  0.209030 0.635742 1 22 1.000000
Komainu
0  4.880632 -5.880104 9.888938  0.965853 -0.199464 0.165354  0.151473 0.593262 1 22 1.000000
0  4.805086 -6.438872 9.790061  0.916551 -0.395474 -0.059448  0.179611 0.578735 1 22 1.000000
0  4.951948 -6.150860 9.363059  0.895692 -0.444346 -0.017094  0.155624 0.566895 1 22 1.000000
Komainu
0  4.805086 -6.438872 9.790061  0.916551 -0.395474 -0.059448  0.179611 0.578735 1 22 1.000000
0  4.880632 -5.880104 9.888938  0.965853 -0.199464 0.165354  0.151473 0.593262 1 22 1.000000
0  4.861045 -6.109295 10.450706  0.977748 -0.087171 -0.190816  0.172836 0.610840 1 22 1.000000
Komainu
0  4.805086 -6.438872 9.790061  0.916551 -0.395474 -0.059448  0.179611 0.578735 1 22 1.000000
0  4.861045 -6.109295 10.450706  0.977748 -0.087171 -0.190816  0.172836 0.610840 1 22 1.000000
0  4.840669 -6.576383 10.510766  0.921321 -0.345522 -0.178274  0.195114 0.606079 1 22 1.000000
Komainu
0  4.840669 -6.576383 10.510766  0.921321 -0.345522 -0.178274  0.195114 0.606079 1 22 1.000000
0  4.861045 -6.109295 10.450706  0.977748 -0.087171 -0.190816  0.172836 0.610840 1 22 1.000000
0  5.012728 -6.035753 10.859399  0.896122 -0.155349 -0.415730  0.175704 0.631226 1 22 1.000000
Komainu
0  5.966545 -4.283252 9.346214  0.832136 -0.553555 0.033558  0.077499 0.593140 1 22 1.000000
0  5.475718 -4.619489 9.792260  0.722844 -0.624296 0.296228  0.099716 0.608032 1 22 1.000000
0  5.128252 -5.406014 9.645776  0.847426 -0.416312 0.329476  0.124008 0.592896 1 22 1.000000
Komainu
0  5.966545 -4.283252 9.346214  0.832136 -0.553555 0.033558  0.077499 0.593140 1 22 1.000000
0  5.128252 -5.406014 9.645776  0.847426 -0.416312 0.329476  0.124008 0.592896 1 22 1.000000
0  5.387857 -5.319593 9.016625  0.882430 -0.470334 0.010111  0.112960 0.566528 1 22 1.000000
Komainu
0  5.387857 -5.319593 9.016625  0.882430 -0.470334 0.010111  0.112960 0.566528 1 22 1.000000
0  6.092220 -3.838259 8.963891  0.849891 -0.253187 -0.462149  0.058151 0.580261 1 22 1.000000
0  5.966545 -4.283252 9.346214  0.832136 -0.553555 0.033558  0.077499 0.593140 1 22 1.000000
Komainu
0  5.387857 -5.319593 9.016625  0.882430 -0.470334 0.010111  0.112960 0.566528 1 22 1.000000
0  5.356819 -5.036570 8.586692  0.705682 -0.413449 -0.575389  0.104720 0.545715 1 22 1.000000
0  6.092220 -3.838259 8.963891  0.849891 -0.253187 -0.462149  0.058151 0.580261 1 22 1.000000
Komainu
0  5.190484 -4.871786 8.407250  0.293932 -0.165976 -0.941305  0.100875 0.537476 1 22 1.000000
0  6.092220 -3.838259 8.963891  0.849891 -0.253187 -0.462149  0.058151 0.580261 1 22 1.000000
0  5.356819 -5.036570 8.586692  0.705682 -0.413449 -0.575389  0.104720 0.545715 1 22 1.000000
Komainu
0  4.813763 -6.113519 8.940452  0.561405 -0.645941 -0.517286  0.155624 0.544312 1 22 1.000000
0  5.190484 -4.871786 8.407250  0.293932 -0.165976 -0.941305  0.100875 0.537476 1 22 1.000000
0  5.356819 -5.036570 8.586692  0.705682 -0.413449 -0.575389  0.104720 0.545715 1 22 1.000000
Komainu
0  4.813763 -6.113519 8.940452  0.561405 -0.645941 -0.517286  0.155624 0.544312 1 22 1.000000
0  4.514380 -6.085029 8.781518  0.047398 -0.658498 -0.751088  0.156539 0.536255 1 22 1.000000
0  5.190484 -4.871786 8.407250  0.293932 -0.165976 -0.941305  0.100875 0.537476 1 22 1.000000
Komainu
0  4.579972 -6.690039 9.676538  0.356448 -0.863618 -0.356523  0.194381 0.566406 1 22 1.000000
0  4.514380 -6.085029 8.781518  0.047398 -0.658498 -0.751088  0.156539 0.536255 1 22 1.000000
0  4.813763 -6.113519 8.940452  0.561405 -0.645941 -0.517286  0.155624 0.544312 1 22 1.000000
Komainu
0  4.070896 -6.654735 9.664308  -0.188240 -0.839591 -0.509561  0.201644 0.559570 2 22 0.900000 20 0.100000
0  4.514380 -6.085029 8.781518  0.047398 -0.658498 -0.751088  0.156539 0.536255 1 22 1.000000
0  4.579972 -6.690039 9.676538  0.356448 -0.863618 -0.356523  0.194381 0.566406 1 22 1.000000
Komainu
0  4.701787 -6.784865 10.544456  0.426811 -0.904216 -0.015024  0.206893 0.602844 1 22 1.000000
0  4.070896 -6.654735 9.664308  -0.188240 -0.839591 -0.509561  0.201644 0.559570 2 22 0.900000 20 0.100000
0  4.579972 -6.690039 9.676538  0.356448 -0.863618 -0.356523  0.194381 0.566406 1 22 1.000000
Komainu
0  4.701787 -6.784865 10.544456  0.426811 -0.904216 -0.015024  0.206893 0.602844 1 22 1.000000
0  4.201735 -6.726489 10.654319  -0.074522 -0.988619 0.130689  0.215377 0.603943 1 22 1.000000
0  4.070896 -6.654735 9.664308  -0.188240 -0.839591 -0.509561  0.201644 0.559570 2 22 0.900000 20 0.100000
Komainu
0  4.201735 -6.726489 10.654319  -0.074522 -0.988619 0.130689  0.215377 0.603943 1 22 1.000000
0  4.701787 -6.784865 10.544456  0.426811 -0.904216 -0.015024  0.206893 0.602844 1 22 1.000000
0  4.916860 -6.611015 11.084984  0.480150 -0.856102 0.191168  0.209030 0.635742 1 22 1.000000
Komainu
0  4.201735 -6.726489 10.654319  -0.074522 -0.988619 0.130689  0.215377 0.603943 1 22 1.000000
0  4.916860 -6.611015 11.084984  0.480150 -0.856102 0.191168  0.209030 0.635742 1 22 1.000000
0  4.417114 -6.544105 11.188256  -0.024763 -0.887906 0.459358  0.217269 0.636352 1 22 1.000000
Komainu
0  5.236777 -6.252866 11.562524  0.575240 -0.728272 0.372450  0.196029 0.661682 1 22 1.000000
0  4.417114 -6.544105 11.188256  -0.024763 -0.887906 0.459358  0.217269 0.636352 1 22 1.000000
0  4.916860 -6.611015 11.084984  0.480150 -0.856102 0.191168  0.209030 0.635742 1 22 1.000000
Komainu
0  5.236777 -6.252866 11.562524  0.575240 -0.728272 0.372450  0.196029 0.661682 1 22 1.000000
0  4.759186 -6.153182 11.722190  0.122223 -0.654743 0.745904  0.204696 0.665710 1 22 1.000000
0  4.417114 -6.544105 11.188256  -0.024763 -0.887906 0.459358  0.217269 0.636352 1 22 1.000000
Komainu
0  5.139763 -5.619591 11.926538  0.385807 -0.265422 0.883574  0.182174 0.687195 1 22 1.000000
0  4.759186 -6.153182 11.722190  0.122223 -0.654743 0.745904  0.204696 0.665710 1 22 1.000000
0  5.236777 -6.252866 11.562524  0.575240 -0.728272 0.372450  0.196029 0.661682 1 22 1.000000
Komainu
0  5.139763 -5.619591 11.926538  0.385807 -0.265422 0.883574  0.182174 0.687195 1 22 1.000000
0  5.236777 -6.252866 11.562524  0.575240 -0.728272 0.372450  0.196029 0.661682 1 22 1.000000
0  5.533945 -5.827544 11.700950  0.742232 -0.486019 0.461386  0.177841 0.677673 1 22 1.000000
Komainu
0  5.828620 -5.313269 11.515649  0.859621 -0.304914 0.409975  0.151473 0.682617 1 22 1.000000
0  5.139763 -5.619591 11.926538  0.385807 -0.265422 0.883574  0.182174 0.687195 1 22 1.000000
0  5.533945 -5.827544 11.700950  0.742232 -0.486019 0.461386  0.177841 0.677673 1 22 1.000000
Komainu
0  4.070896 -6.654735 9.664308  -0.188240 -0.839591 -0.509561  0.201644 0.559570 2 22 0.900000 20 0.100000
0  3.117433 -6.298302 9.504416  -0.536964 -0.707067 -0.460137  0.194625 0.546692 1 22 1.000000
0  2.653939 -5.176392 8.976341  -0.613446 -0.276361 -0.739803  0.167953 0.513855 1 22 1.000000
Komainu
0  4.070896 -6.654735 9.664308  -0.188240 -0.839591 -0.509561  0.201644 0.559570 2 22 0.900000 20 0.100000
0  2.653939 -5.176392 8.976341  -0.613446 -0.276361 -0.739803  0.167953 0.513855 1 22 1.000000
0  3.829345 -5.831418 8.755883  -0.242614 -0.457860 -0.855280  0.159103 0.516846 1 22 1.000000
Komainu
0  4.070896 -6.654735 9.664308  -0.188240 -0.839591 -0.509561  0.201644 0.559570 2 22 0.900000 20 0.100000
0  3.829345 -5.831418 8.755883  -0.242614 -0.457860 -0.855280  0.159103 0.516846 1 22 1.000000
0  4.514380 -6.085029 8.781518  0.047398 -0.658498 -0.751088  0.156539 0.536255 1 22 1.000000
Komainu
0  3.829345 -5.831418 8.755883  -0.242614 -0.457860 -0.855280  0.159103 0.516846 1 22 1.000000
0  5.190484 -4.871786 8.407250  0.293932 -0.165976 -0.941305  0.100875 0.537476 1 22 1.000000
0  4.514380 -6.085029 8.781518  0.047398 -0.658498 -0.751088  0.156539 0.536255 1 22 1.000000
Komainu
0  3.829345 -5.831418 8.755883  -0.242614 -0.457860 -0.855280  0.159103 0.516846 1 22 1.000000
0  4.453314 -4.405290 8.400659  -0.056668 0.050503 -0.997115  0.086044 0.517517 1 22 1.000000
0  5.190484 -4.871786 8.407250  0.293932 -0.165976 -0.941305  0.100875 0.537476 1 22 1.000000
Komainu
0  5.190484 -4.871786 8.407250  0.293932 -0.165976 -0.941305  0.100875 0.537476 1 22 1.000000
0  5.984683 -3.596381 8.824730  0.561213 0.211295 -0.800246  0.050399 0.574890 1 22 1.000000
0  6.092220 -3.838259 8.963891  0.849891 -0.253187 -0.462149  0.058151 0.580261 1 22 1.000000
Komainu
0  4.453314 -4.405290 8.400659  -0.056668 0.050503 -0.997115  0.086044 0.517517 1 22 1.000000
0  5.984683 -3.596381 8.824730  0.561213 0.211295 -0.800246  0.050399 0.574890 1 22 1.000000
0  5.190484 -4.871786 8.407250  0.293932 -0.165976 -0.941305  0.100875 0.537476 1 22 1.000000
Komainu
0  4.453314 -4.405290 8.400659  -0.056668 0.050503 -0.997115  0.086044 0.517517 1 22 1.000000
0  5.251949 -3.093467 8.834984  0.203511 0.505342 -0.838578  0.028915 0.560059 1 22 1.000000
0  5.984683 -3.596381 8.824730  0.561213 0.211295 -0.800246  0.050399 0.574890 1 22 1.000000
Komainu
0  5.882679 -2.414045 9.890405  0.426430 0.821498 -0.378548  0.007186 0.636352 1 22 1.000000
0  5.984683 -3.596381 8.824730  0.561213 0.211295 -0.800246  0.050399 0.574890 1 22 1.000000
0  5.251949 -3.093467 8.834984  0.203511 0.505342 -0.838578  0.028915 0.560059 1 22 1.000000
Komainu
0  5.966545 -4.283252 9.346214  0.832136 -0.553555 0.033558  0.077499 0.593140 1 22 1.000000
0  5.775105 -4.142336 10.340843  0.581779 -0.813002 0.023698  0.089950 0.636352 1 22 1.000000
0  5.475718 -4.619489 9.792260  0.722844 -0.624296 0.296228  0.099716 0.608032 1 22 1.000000
Komainu
0  5.966545 -4.283252 9.346214  0.832136 -0.553555 0.033558  0.077499 0.593140 1 22 1.000000
0  6.402130 -3.712025 10.145288  0.750423 -0.655444 -0.085198  0.066207 0.636352 1 22 1.000000
0  5.775105 -4.142336 10.340843  0.581779 -0.813002 0.023698  0.089950 0.636352 1 22 1.000000
Komainu
0  6.092220 -3.838259 8.963891  0.849891 -0.253187 -0.462149  0.058151 0.580261 1 22 1.000000
0  6.402130 -3.712025 10.145288  0.750423 -0.655444 -0.085198  0.066207 0.636352 1 22 1.000000
0  5.966545 -4.283252 9.346214  0.832136 -0.553555 0.033558  0.077499 0.593140 1 22 1.000000
Komainu
0  6.092220 -3.838259 8.963891  0.849891 -0.253187 -0.462149  0.058151 0.580261 1 22 1.000000
0  6.677749 -3.150444 9.952661  0.937988 -0.180910 -0.295720  0.040084 0.636352 1 22 1.000000
0  6.402130 -3.712025 10.145288  0.750423 -0.655444 -0.085198  0.066207 0.636352 1 22 1.000000
Komainu
0  5.984683 -3.596381 8.824730  0.561213 0.211295 -0.800246  0.050399 0.574890 1 22 1.000000
0  6.677749 -3.150444 9.952661  0.937988 -0.180910 -0.295720  0.040084 0.636352 1 22 1.000000
0  6.092220 -3.838259 8.963891  0.849891 -0.253187 -0.462149  0.058151 0.580261 1 22 1.000000
Komainu
0  5.984683 -3.596381 8.824730  0.561213 0.211295 -0.800246  0.050399 0.574890 1 22 1.000000
0  6.619666 -2.882171 9.902123  0.778491 0.475530 -0.409662  0.030746 0.636352 1 22 1.000000
0  6.677749 -3.150444 9.952661  0.937988 -0.180910 -0.295720  0.040084 0.636352 1 22 1.000000
Komainu
0  5.882679 -2.414045 9.890405  0.426430 0.821498 -0.378548  0.007186 0.636352 1 22 1.000000
0  6.619666 -2.882171 9.902123  0.778491 0.475530 -0.409662  0.030746 0.636352 1 22 1.000000
0  5.984683 -3.596381 8.824730  0.561213 0.211295 -0.800246  0.050399 0.574890 1 22 1.000000
Komainu
0  6.619666 -2.882171 9.902123  0.778491 0.475530 -0.409662  0.030746 0.636352 1 22 1.000000
0  5.882679 -2.414045 9.890405  0.426430 0.821498 -0.378548  0.007186 0.636352 1 22 1.000000
0  6.145206 -2.418605 11.384543  0.519331 0.830748 0.200383  0.023788 0.703919 1 22 1.000000
Komainu
0  6.619666 -2.882171 9.902123  0.778491 0.475530 -0.409662  0.030746 0.636352 1 22 1.000000
0  6.145206 -2.418605 11.384543  0.519331 0.830748 0.200383  0.023788 0.703919 1 22 1.000000
0  6.874174 -2.946146 11.204370  0.875086 0.472754 0.103578  0.044967 0.695068 1 22 1.000000
Komainu
0  6.874174 -2.946146 11.204370  0.875086 0.472754 0.103578  0.044967 0.695068 1 22 1.000000
0  6.145206 -2.418605 11.384543  0.519331 0.830748 0.200383  0.023788 0.703919 1 22 1.000000
0  5.971119 -3.178862 12.817895  0.476452 0.540925 0.693104  0.075851 0.757507 1 22 1.000000
Komainu
0  6.874174 -2.946146 11.204370  0.875086 0.472754 0.103578  0.044967 0.695068 1 22 1.000000
0  5.971119 -3.178862 12.817895  0.476452 0.540925 0.693104  0.075851 0.757507 1 22 1.000000
0  6.702138 -3.691142 12.397484  0.848886 0.183611 0.495661  0.089950 0.738037 1 22 1.000000
Komainu
0  6.702138 -3.691142 12.397484  0.848886 0.183611 0.495661  0.089950 0.738037 1 22 1.000000
0  5.971119 -3.178862 12.817895  0.476452 0.540925 0.693104  0.075851 0.757507 1 22 1.000000
0  5.443578 -4.346231 13.503440  0.316222 0.160901 0.934941  0.150253 0.780273 1 22 1.000000
Komainu
0  6.702138 -3.691142 12.397484  0.848886 0.183611 0.495661  0.089950 0.738037 1 22 1.000000
0  5.443578 -4.346231 13.503440  0.316222 0.160901 0.934941  0.150253 0.780273 1 22 1.000000
0  6.174048 -4.863395 13.025168  0.733175 -0.136706 0.666157  0.151473 0.753784 1 22 1.000000
Komainu
0  6.174048 -4.863395 13.025168  0.733175 -0.136706 0.666157  0.151473 0.753784 1 22 1.000000
0  5.443578 -4.346231 13.503440  0.316222 0.160901 0.934941  0.150253 0.780273 1 22 1.000000
0  4.678252 -5.792343 13.670432  0.097572 -0.204972 0.973892  0.225326 0.759827 1 22 1.000000
Komainu
0  6.174048 -4.863395 13.025168  0.733175 -0.136706 0.666157  0.151473 0.753784 1 22 1.000000
0  4.678252 -5.792343 13.670432  0.097572 -0.204972 0.973892  0.225326 0.759827 1 22 1.000000
0  5.436574 -6.109268 13.299828  0.573564 -0.438555 0.691877  0.212936 0.738037 1 22 1.000000
Komainu
0  5.436574 -6.109268 13.299828  0.573564 -0.438555 0.691877  0.212936 0.738037 1 22 1.000000
0  4.678252 -5.792343 13.670432  0.097572 -0.204972 0.973892  0.225326 0.759827 1 22 1.000000
0  3.903817 -6.971420 13.095482  -0.146039 -0.584037 0.798482  0.275619 0.705689 1 22 1.000000
Komainu
0  5.436574 -6.109268 13.299828  0.573564 -0.438555 0.691877  0.212936 0.738037 1 22 1.000000
0  3.903817 -6.971420 13.095482  -0.146039 -0.584037 0.798482  0.275619 0.705689 1 22 1.000000
0  4.670128 -7.226288 12.827415  0.369126 -0.740649 0.561414  0.257919 0.695068 1 22 1.000000
Komainu
0  4.670128 -7.226288 12.827415  0.369126 -0.740649 0.561414  0.257919 0.695068 1 22 1.000000
0  3.903817 -6.971420 13.095482  -0.146039 -0.584037 0.798482  0.275619 0.705689 1 22 1.000000
0  3.201127 -7.900164 11.780051  -0.264454 -0.804612 0.531661  0.298812 0.636352 1 22 1.000000
Komainu
0  5.516452 -5.032820 11.761010  0.502284 -0.560699 -0.658276  0.151473 0.695068 1 22 1.000000
0  5.583496 -5.961026 12.516137  0.766461 -0.460844 -0.447392  0.199020 0.715149 1 22 1.000000
0  5.139763 -5.619591 11.926538  0.622782 -0.350678 -0.699405  0.182174 0.687195 1 22 1.000000
Komainu
0  5.516452 -5.032820 11.761010  0.502284 -0.560699 -0.658276  0.151473 0.695068 1 22 1.000000
0  6.146452 -5.034983 12.245141  0.711064 -0.563731 -0.420232  0.151473 0.717896 1 22 1.000000
0  5.583496 -5.961026 12.516137  0.766461 -0.460844 -0.447392  0.199020 0.715149 1 22 1.000000
Komainu
0  6.146452 -5.034983 12.245141  0.711064 -0.563731 -0.420232  0.151473 0.717896 1 22 1.000000
0  5.516452 -5.032820 11.761010  0.502284 -0.560699 -0.658276  0.151473 0.695068 1 22 1.000000
0  5.766462 -4.555043 11.495873  0.480861 -0.690627 -0.540191  0.120712 0.687195 1 22 1.000000
Komainu
0  6.146452 -5.034983 12.245141  0.711064 -0.563731 -0.420232  0.151473 0.717896 1 22 1.000000
0  5.766462 -4.555043 11.495873  0.480861 -0.690627 -0.540191  0.120712 0.687195 1 22 1.000000
0  6.510970 -4.281368 11.810813  0.710418 -0.604075 -0.361108  0.109298 0.707031 1 22 1.000000
Komainu
0  5.867922 -4.207852 10.997093  0.487321 -0.815335 -0.312645  0.098190 0.665710 1 22 1.000000
0  6.510970 -4.281368 11.810813  0.710418 -0.604075 -0.361108  0.109298 0.707031 1 22 1.000000
0  5.766462 -4.555043 11.495873  0.480861 -0.690627 -0.540191  0.120712 0.687195 1 22 1.000000
Komainu
0  5.867922 -4.207852 10.997093  0.487321 -0.815335 -0.312645  0.098190 0.665710 1 22 1.000000
0  6.593589 -3.820640 11.091575  0.704617 -0.659610 -0.261593  0.081161 0.675110 1 22 1.000000
0  6.510970 -4.281368 11.810813  0.710418 -0.604075 -0.361108  0.109298 0.707031 1 22 1.000000
Komainu
0  6.593589 -3.820640 11.091575  0.704617 -0.659610 -0.261593  0.081161 0.675110 1 22 1.000000
0  5.867922 -4.207852 10.997093  0.487321 -0.815335 -0.312645  0.098190 0.665710 1 22 1.000000
0  5.775105 -4.142336 10.340843  0.581779 -0.813002 0.023698  0.089950 0.636352 1 22 1.000000
Komainu
0  6.593589 -3.820640 11.091575  0.704617 -0.659610 -0.261593  0.081161 0.675110 1 22 1.000000
0  5.775105 -4.142336 10.340843  0.581779 -0.813002 0.023698  0.089950 0.636352 1 22 1.000000
0  6.402130 -3.712025 10.145288  0.750423 -0.655444 -0.085198  0.066207 0.636352 1 22 1.000000
Komainu
0  6.402130 -3.712025 10.145288  0.750423 -0.655444 -0.085198  0.066207 0.636352 1 22 1.000000
0  6.910770 -3.235400 11.144309  0.978470 -0.180633 -0.099841  0.052963 0.690552 1 22 1.000000
0  6.593589 -3.820640 11.091575  0.704617 -0.659610 -0.261593  0.081161 0.675110 1 22 1.000000
Komainu
0  6.402130 -3.712025 10.145288  0.750423 -0.655444 -0.085198  0.066207 0.636352 1 22 1.000000
0  6.677749 -3.150444 9.952661  0.937988 -0.180910 -0.295720  0.040084 0.636352 1 22 1.000000
0  6.910770 -3.235400 11.144309  0.978470 -0.180633 -0.099841  0.052963 0.690552 1 22 1.000000
Komainu
0  6.619666 -2.882171 9.902123  0.778491 0.475530 -0.409662  0.030746 0.636352 1 22 1.000000
0  6.910770 -3.235400 11.144309  0.978470 -0.180633 -0.099841  0.052963 0.690552 1 22 1.000000
0  6.677749 -3.150444 9.952661  0.937988 -0.180910 -0.295720  0.040084 0.636352 1 22 1.000000
Komainu
0  6.619666 -2.882171 9.902123  0.778491 0.475530 -0.409662  0.030746 0.636352 1 22 1.000000
0  6.874174 -2.946146 11.204370  0.875086 0.472754 0.103578  0.044967 0.695068 1 22 1.000000
0  6.910770 -3.235400 11.144309  0.978470 -0.180633 -0.099841  0.052963 0.690552 1 22 1.000000
Komainu
0  6.910770 -3.235400 11.144309  0.978470 -0.180633 -0.099841  0.052963 0.690552 1 22 1.000000
0  6.874174 -2.946146 11.204370  0.875086 0.472754 0.103578  0.044967 0.695068 1 22 1.000000
0  6.702138 -3.691142 12.397484  0.848886 0.183611 0.495661  0.089950 0.738037 1 22 1.000000
Komainu
0  6.910770 -3.235400 11.144309  0.978470 -0.180633 -0.099841  0.052963 0.690552 1 22 1.000000
0  6.702138 -3.691142 12.397484  0.848886 0.183611 0.495661  0.089950 0.738037 1 22 1.000000
0  6.752500 -3.925583 12.182885  0.957430 -0.278534 0.075807  0.094528 0.730347 1 22 1.000000
Komainu
0  6.752500 -3.925583 12.182885  0.957430 -0.278534 0.075807  0.094528 0.730347 1 22 1.000000
0  6.702138 -3.691142 12.397484  0.848886 0.183611 0.495661  0.089950 0.738037 1 22 1.000000
0  6.174048 -4.863395 13.025168  0.733175 -0.136706 0.666157  0.151473 0.753784 1 22 1.000000
Komainu
0  6.752500 -3.925583 12.182885  0.957430 -0.278534 0.075807  0.094528 0.730347 1 22 1.000000
0  6.174048 -4.863395 13.025168  0.733175 -0.136706 0.666157  0.151473 0.753784 1 22 1.000000
0  6.269398 -4.970729 12.748313  0.895644 -0.420146 0.145941  0.151473 0.744995 1 22 1.000000
Komainu
0  6.269398 -4.970729 12.748313  0.895644 -0.420146 0.145941  0.151473 0.744995 1 22 1.000000
0  6.174048 -4.863395 13.025168  0.733175 -0.136706 0.666157  0.151473 0.753784 1 22 1.000000
0  5.436574 -6.109268 13.299828  0.573564 -0.438555 0.691877  0.212936 0.738037 1 22 1.000000
Komainu
0  6.269398 -4.970729 12.748313  0.895644 -0.420146 0.145941  0.151473 0.744995 1 22 1.000000
0  5.436574 -6.109268 13.299828  0.573564 -0.438555 0.691877  0.212936 0.738037 1 22 1.000000
0  5.587951 -6.111507 13.019309  0.830975 -0.540954 0.129808  0.208358 0.730347 1 22 1.000000
Komainu
0  4.272217 -7.939878 11.473166  0.735313 -0.676917 -0.033152  0.270126 0.635864 1 22 1.000000
0  4.274239 -7.416333 10.507835  0.947825 -0.158057 -0.276849  0.236190 0.591125 1 22 1.000000
0  4.594177 -7.177838 11.241722  0.918889 -0.150731 -0.364587  0.241378 0.635864 1 22 1.000000
Komainu
0  5.015602 -6.746750 12.076682  0.867213 -0.272205 -0.416948  0.230209 0.679871 1 22 1.000000
0  4.272217 -7.939878 11.473166  0.735313 -0.676917 -0.033152  0.270126 0.635864 1 22 1.000000
0  4.594177 -7.177838 11.241722  0.918889 -0.150731 -0.364587  0.241378 0.635864 1 22 1.000000
Komainu
0  5.015602 -6.746750 12.076682  0.867213 -0.272205 -0.416948  0.230209 0.679871 1 22 1.000000
0  4.879378 -7.142102 12.590843  0.775547 -0.626642 0.076464  0.249923 0.690552 1 22 1.000000
0  4.272217 -7.939878 11.473166  0.735313 -0.676917 -0.033152  0.270126 0.635864 1 22 1.000000
Komainu
0  5.583496 -5.961026 12.516137  0.766461 -0.460844 -0.447392  0.199020 0.715149 1 22 1.000000
0  4.879378 -7.142102 12.590843  0.775547 -0.626642 0.076464  0.249923 0.690552 1 22 1.000000
0  5.015602 -6.746750 12.076682  0.867213 -0.272205 -0.416948  0.230209 0.679871 1 22 1.000000
Komainu
0  5.583496 -5.961026 12.516137  0.766461 -0.460844 -0.447392  0.199020 0.715149 1 22 1.000000
0  5.587951 -6.111507 13.019309  0.830975 -0.540954 0.129808  0.208358 0.730347 1 22 1.000000
0  4.879378 -7.142102 12.590843  0.775547 -0.626642 0.076464  0.249923 0.690552 1 22 1.000000
Komainu
0  6.146452 -5.034983 12.245141  0.711064 -0.563731 -0.420232  0.151473 0.717896 1 22 1.000000
0  5.587951 -6.111507 13.019309  0.830975 -0.540954 0.129808  0.208358 0.730347 1 22 1.000000
0  5.583496 -5.961026 12.516137  0.766461 -0.460844 -0.447392  0.199020 0.715149 1 22 1.000000
Komainu
0  6.146452 -5.034983 12.245141  0.711064 -0.563731 -0.420232  0.151473 0.717896 1 22 1.000000
0  6.269398 -4.970729 12.748313  0.895644 -0.420146 0.145941  0.151473 0.744995 1 22 1.000000
0  5.587951 -6.111507 13.019309  0.830975 -0.540954 0.129808  0.208358 0.730347 1 22 1.000000
Komainu
0  6.510970 -4.281368 11.810813  0.710418 -0.604075 -0.361108  0.109298 0.707031 1 22 1.000000
0  6.269398 -4.970729 12.748313  0.895644 -0.420146 0.145941  0.151473 0.744995 1 22 1.000000
0  6.146452 -5.034983 12.245141  0.711064 -0.563731 -0.420232  0.151473 0.717896 1 22 1.000000
Komainu
0  6.510970 -4.281368 11.810813  0.710418 -0.604075 -0.361108  0.109298 0.707031 1 22 1.000000
0  6.752500 -3.925583 12.182885  0.957430 -0.278534 0.075807  0.094528 0.730347 1 22 1.000000
0  6.269398 -4.970729 12.748313  0.895644 -0.420146 0.145941  0.151473 0.744995 1 22 1.000000
Komainu
0  6.593589 -3.820640 11.091575  0.704617 -0.659610 -0.261593  0.081161 0.675110 1 22 1.000000
0  6.752500 -3.925583 12.182885  0.957430 -0.278534 0.075807  0.094528 0.730347 1 22 1.000000
0  6.510970 -4.281368 11.810813  0.710418 -0.604075 -0.361108  0.109298 0.707031 1 22 1.000000
Komainu
0  6.593589 -3.820640 11.091575  0.704617 -0.659610 -0.261593  0.081161 0.675110 1 22 1.000000
0  6.910770 -3.235400 11.144309  0.978470 -0.180633 -0.099841  0.052963 0.690552 1 22 1.000000
0  6.752500 -3.925583 12.182885  0.957430 -0.278534 0.075807  0.094528 0.730347 1 22 1.000000
Komainu
0  5.587951 -6.111507 13.019309  0.830975 -0.540954 0.129808  0.208358 0.730347 1 22 1.000000
0  5.436574 -6.109268 13.299828  0.573564 -0.438555 0.691877  0.212936 0.738037 1 22 1.000000
0  4.670128 -7.226288 12.827415  0.369126 -0.740649 0.561414  0.257919 0.695068 1 22 1.000000
Komainu
0  5.587951 -6.111507 13.019309  0.830975 -0.540954 0.129808  0.208358 0.730347 1 22 1.000000
0  4.670128 -7.226288 12.827415  0.369126 -0.740649 0.561414  0.257919 0.695068 1 22 1.000000
0  4.879378 -7.142102 12.590843  0.775547 -0.626642 0.076464  0.249923 0.690552 1 22 1.000000
Komainu
0  4.879378 -7.142102 12.590843  0.775547 -0.626642 0.076464  0.249923 0.690552 1 22 1.000000
0  4.670128 -7.226288 12.827415  0.369126 -0.740649 0.561414  0.257919 0.695068 1 22 1.000000
0  4.028162 -8.052113 11.617454  0.256431 -0.913842 0.314859  0.278793 0.636352 1 22 1.000000
Komainu
0  4.879378 -7.142102 12.590843  0.775547 -0.626642 0.076464  0.249923 0.690552 1 22 1.000000
0  4.028162 -8.052113 11.617454  0.256431 -0.913842 0.314859  0.278793 0.636352 1 22 1.000000
0  4.272217 -7.939878 11.473166  0.735313 -0.676917 -0.033152  0.270126 0.635864 1 22 1.000000
Komainu
0  4.272217 -7.939878 11.473166  0.735313 -0.676917 -0.033152  0.270126 0.635864 1 22 1.000000
0  4.028162 -8.052113 11.617454  0.256431 -0.913842 0.314859  0.278793 0.636352 1 22 1.000000
0  3.486373 -8.387748 10.343262  0.308548 -0.947072 0.088613  0.275009 0.571533 2 22 0.700000 20 0.300000
Komainu
0  4.272217 -7.939878 11.473166  0.735313 -0.676917 -0.033152  0.270126 0.635864 1 22 1.000000
0  3.486373 -8.387748 10.343262  0.308548 -0.947072 0.088613  0.275009 0.571533 2 22 0.700000 20 0.300000
0  3.829897 -8.194376 10.201174  0.765468 -0.620119 -0.171786  0.265182 0.571960 2 22 0.700000 20 0.300000
Komainu
0  4.272217 -7.939878 11.473166  0.735313 -0.676917 -0.033152  0.270126 0.635864 1 22 1.000000
0  3.829897 -8.194376 10.201174  0.765468 -0.620119 -0.171786  0.265182 0.571960 2 22 0.700000 20 0.300000
0  4.274239 -7.416333 10.507835  0.947825 -0.158057 -0.276849  0.236190 0.591125 1 22 1.000000
Komainu
0  3.829897 -8.194376 10.201174  0.765468 -0.620119 -0.171786  0.265182 0.571960 2 22 0.700000 20 0.300000
0  4.076737 -7.497075 9.812987  0.938663 -0.194106 -0.285016  0.226486 0.561157 2 22 0.700000 20 0.300000
0  4.274239 -7.416333 10.507835  0.947825 -0.158057 -0.276849  0.236190 0.591125 1 22 1.000000
Komainu
0  4.670128 -7.226288 12.827415  0.369126 -0.740649 0.561414  0.257919 0.695068 1 22 1.000000
0  3.201127 -7.900164 11.780051  -0.264454 -0.804612 0.531661  0.298812 0.636352 1 22 1.000000
0  4.028162 -8.052113 11.617454  0.256431 -0.913842 0.314859  0.278793 0.636352 1 22 1.000000
Komainu
0  4.028162 -8.052113 11.617454  0.256431 -0.913842 0.314859  0.278793 0.636352 1 22 1.000000
0  3.201127 -7.900164 11.780051  -0.264454 -0.804612 0.531661  0.298812 0.636352 1 22 1.000000
0  2.795662 -8.378958 10.584227  -0.216172 -0.897730 0.383863  0.295028 0.571533 2 22 0.700000 20 0.300000
Komainu
0  4.028162 -8.052113 11.617454  0.256431 -0.913842 0.314859  0.278793 0.636352 1 22 1.000000
0  2.795662 -8.378958 10.584227  -0.216172 -0.897730 0.383863  0.295028 0.571533 2 22 0.700000 20 0.300000
0  3.486373 -8.387748 10.343262  0.308548 -0.947072 0.088613  0.275009 0.571533 2 22 0.700000 20 0.300000
Komainu
0  3.486373 -8.387748 10.343262  0.308548 -0.947072 0.088613  0.275009 0.571533 2 22 0.700000 20 0.300000
0  2.795662 -8.378958 10.584227  -0.216172 -0.897730 0.383863  0.295028 0.571533 2 22 0.700000 20 0.300000
0  2.420656 -8.621162 9.717762  0.197087 -0.764228 0.614095  0.290939 0.532410 1 20 1.000000
Komainu
0  3.486373 -8.387748 10.343262  0.308548 -0.947072 0.088613  0.275009 0.571533 2 22 0.700000 20 0.300000
0  2.420656 -8.621162 9.717762  0.197087 -0.764228 0.614095  0.290939 0.532410 1 20 1.000000
0  3.003664 -8.580147 8.946522  0.565694 -0.797487 0.209775  0.263595 0.505798 1 20 1.000000
Komainu
0  3.829897 -8.194376 10.201174  0.765468 -0.620119 -0.171786  0.265182 0.571960 2 22 0.700000 20 0.300000
0  3.486373 -8.387748 10.343262  0.308548 -0.947072 0.088613  0.275009 0.571533 2 22 0.700000 20 0.300000
0  3.003664 -8.580147 8.946522  0.565694 -0.797487 0.209775  0.263595 0.505798 1 20 1.000000
Komainu
0  3.829897 -8.194376 10.201174  0.765468 -0.620119 -0.171786  0.265182 0.571960 2 22 0.700000 20 0.300000
0  3.003664 -8.580147 8.946522  0.565694 -0.797487 0.209775  0.263595 0.505798 1 20 1.000000
0  3.322267 -8.201486 8.609607  0.853481 -0.521037 0.009516  0.252792 0.506042 1 20 1.000000
Komainu
0  3.514162 -7.644114 8.337147  0.972639 -0.230962 0.025082  0.229904 0.504578 1 20 1.000000
0  3.829897 -8.194376 10.201174  0.765468 -0.620119 -0.171786  0.265182 0.571960 2 22 0.700000 20 0.300000
0  3.322267 -8.201486 8.609607  0.853481 -0.521037 0.009516  0.252792 0.506042 1 20 1.000000
Komainu
0  3.514162 -7.644114 8.337147  0.972639 -0.230962 0.025082  0.229904 0.504578 1 20 1.000000
0  4.076737 -7.497075 9.812987  0.938663 -0.194106 -0.285016  0.226486 0.561157 2 22 0.700000 20 0.300000
0  3.829897 -8.194376 10.201174  0.765468 -0.620119 -0.171786  0.265182 0.571960 2 22 0.700000 20 0.300000
Komainu
0  3.514162 -7.644114 8.337147  0.972639 -0.230962 0.025082  0.229904 0.504578 1 20 1.000000
0  4.070896 -6.654735 9.664308  0.865729 0.369941 -0.337129  0.201644 0.559570 2 22 0.900000 20 0.100000
0  4.076737 -7.497075 9.812987  0.938663 -0.194106 -0.285016  0.226486 0.561157 2 22 0.700000 20 0.300000
Komainu
0  4.076737 -7.497075 9.812987  0.938663 -0.194106 -0.285016  0.226486 0.561157 2 22 0.700000 20 0.300000
0  4.070896 -6.654735 9.664308  0.865729 0.369941 -0.337129  0.201644 0.559570 2 22 0.900000 20 0.100000
0  4.201735 -6.726489 10.654319  0.940168 0.124447 -0.317170  0.215377 0.603943 1 22 1.000000
Komainu
0  4.076737 -7.497075 9.812987  0.938663 -0.194106 -0.285016  0.226486 0.561157 2 22 0.700000 20 0.300000
0  4.201735 -6.726489 10.654319  0.940168 0.124447 -0.317170  0.215377 0.603943 1 22 1.000000
0  4.274239 -7.416333 10.507835  0.947825 -0.158057 -0.276849  0.236190 0.591125 1 22 1.000000
Komainu
0  4.417114 -6.544105 11.188256  0.858981 0.156901 -0.487375  0.217269 0.636352 1 22 1.000000
0  4.274239 -7.416333 10.507835  0.947825 -0.158057 -0.276849  0.236190 0.591125 1 22 1.000000
0  4.201735 -6.726489 10.654319  0.940168 0.124447 -0.317170  0.215377 0.603943 1 22 1.000000
Komainu
0  4.417114 -6.544105 11.188256  0.858981 0.156901 -0.487375  0.217269 0.636352 1 22 1.000000
0  4.594177 -7.177838 11.241722  0.918889 -0.150731 -0.364587  0.241378 0.635864 1 22 1.000000
0  4.274239 -7.416333 10.507835  0.947825 -0.158057 -0.276849  0.236190 0.591125 1 22 1.000000
Komainu
0  4.594177 -7.177838 11.241722  0.918889 -0.150731 -0.364587  0.241378 0.635864 1 22 1.000000
0  4.417114 -6.544105 11.188256  0.858981 0.156901 -0.487375  0.217269 0.636352 1 22 1.000000
0  4.759186 -6.153182 11.722190  0.782019 -0.026898 -0.622674  0.204696 0.665710 1 22 1.000000
Komainu
0  4.594177 -7.177838 11.241722  0.918889 -0.150731 -0.364587  0.241378 0.635864 1 22 1.000000
0  4.759186 -6.153182 11.722190  0.782019 -0.026898 -0.622674  0.204696 0.665710 1 22 1.000000
0  5.015602 -6.746750 12.076682  0.867213 -0.272205 -0.416948  0.230209 0.679871 1 22 1.000000
Komainu
0  5.139763 -5.619591 11.926538  0.622782 -0.350678 -0.699405  0.182174 0.687195 1 22 1.000000
0  5.015602 -6.746750 12.076682  0.867213 -0.272205 -0.416948  0.230209 0.679871 1 22 1.000000
0  4.759186 -6.153182 11.722190  0.782019 -0.026898 -0.622674  0.204696 0.665710 1 22 1.000000
Komainu
0  5.139763 -5.619591 11.926538  0.622782 -0.350678 -0.699405  0.182174 0.687195 1 22 1.000000
0  5.583496 -5.961026 12.516137  0.766461 -0.460844 -0.447392  0.199020 0.715149 1 22 1.000000
0  5.015602 -6.746750 12.076682  0.867213 -0.272205 -0.416948  0.230209 0.679871 1 22 1.000000
Komainu
0  3.514162 -7.644114 8.337147  0.972639 -0.230962 0.025082  0.229904 0.504578 1 20 1.000000
0  3.509035 -6.974679 8.710680  0.969061 0.111473 -0.220217  0.215316 0.505371 1 20 1.000000
0  4.070896 -6.654735 9.664308  0.865729 0.369941 -0.337129  0.201644 0.559570 2 22 0.900000 20 0.100000
Komainu
0  3.429199 -6.453196 8.864490  0.924384 0.380332 -0.029363  0.195480 0.506226 1 20 1.000000
0  4.070896 -6.654735 9.664308  0.865729 0.369941 -0.337129  0.201644 0.559570 2 22 0.900000 20 0.100000
0  3.509035 -6.974679 8.710680  0.969061 0.111473 -0.220217  0.215316 0.505371 1 20 1.000000
Komainu
0  3.429199 -6.453196 8.864490  0.924384 0.380332 -0.029363  0.195480 0.506226 1 20 1.000000
0  3.117433 -6.298302 9.504416  0.152772 0.987812 0.029813  0.194625 0.546692 1 22 1.000000
0  4.070896 -6.654735 9.664308  0.865729 0.369941 -0.337129  0.201644 0.559570 2 22 0.900000 20 0.100000
Komainu
0  3.429199 -6.453196 8.864490  0.924384 0.380332 -0.029363  0.195480 0.506226 1 20 1.000000
0  3.228526 -6.280499 9.372068  0.669965 0.639548 0.376995  0.191207 0.507446 2 20 0.800000 22 0.200000
0  3.117433 -6.298302 9.504416  0.152772 0.987812 0.029813  0.194625 0.546692 1 22 1.000000
Komainu
0  -1.930664 -9.605537 8.086659  -0.894083 -0.062327 0.443544  0.811340 0.958252 1 20 1.000000
0  -2.101319 -9.659739 7.196766  -0.988558 0.073825 0.131541  0.820068 0.907776 1 20 1.000000
0  -2.074949 -9.798165 7.113270  -0.998029 0.030686 -0.054742  0.815430 0.900757 1 20 1.000000
Komainu
0  -0.213865 -10.647774 7.317615  0.366434 -0.927743 0.070853  0.710388 0.906555 1 20 1.000000
0  -0.800536 -10.645578 6.874500  -0.128970 -0.991632 0.005704  0.744751 0.876892 1 20 1.000000
0  -0.420409 -10.652901 6.592518  0.264767 -0.937899 -0.224154  0.724365 0.862976 1 20 1.000000
Komainu
0  -0.213865 -10.647774 7.317615  0.366434 -0.927743 0.070853  0.710388 0.906555 1 20 1.000000
0  -0.613036 -10.619211 7.356432  -0.110323 -0.985871 0.126043  0.736328 0.909363 1 20 1.000000
0  -0.800536 -10.645578 6.874500  -0.128970 -0.991632 0.005704  0.744751 0.876892 1 20 1.000000
Komainu
0  -0.356686 -10.555490 7.943835  0.271187 -0.910073 0.313409  0.716553 0.942749 1 20 1.000000
0  -0.613036 -10.619211 7.356432  -0.110323 -0.985871 0.126043  0.736328 0.909363 1 20 1.000000
0  -0.213865 -10.647774 7.317615  0.366434 -0.927743 0.070853  0.710388 0.906555 1 20 1.000000
Komainu
0  -0.613036 -10.619211 7.356432  -0.110323 -0.985871 0.126043  0.736328 0.909363 1 20 1.000000
0  -0.356686 -10.555490 7.943835  0.271187 -0.910073 0.313409  0.716553 0.942749 1 20 1.000000
0  -0.860593 -10.448556 7.849353  -0.274456 -0.959897 -0.057189  0.747559 0.938110 1 20 1.000000
Komainu
0  -0.356686 -10.555490 7.943835  0.271187 -0.910073 0.313409  0.716553 0.942749 1 20 1.000000
0  -0.793942 -10.398018 8.370105  0.052848 -0.776725 0.627619  0.741394 0.968018 1 20 1.000000
0  -0.860593 -10.448556 7.849353  -0.274456 -0.959897 -0.057189  0.747559 0.938110 1 20 1.000000
Komainu
0  -0.860593 -10.448556 7.849353  -0.274456 -0.959897 -0.057189  0.747559 0.938110 1 20 1.000000
0  -0.793942 -10.398018 8.370105  0.052848 -0.776725 0.627619  0.741394 0.968018 1 20 1.000000
0  -1.525633 -10.176096 8.329821  -0.460187 -0.691580 0.556727  0.778809 0.967285 1 20 1.000000
Komainu
0  -1.456055 -9.710274 8.544420  -0.448775 -0.304950 0.840004  0.784668 0.990356 1 20 1.000000
0  -1.525633 -10.176096 8.329821  -0.460187 -0.691580 0.556727  0.778809 0.967285 1 20 1.000000
0  -0.793942 -10.398018 8.370105  0.052848 -0.776725 0.627619  0.741394 0.968018 1 20 1.000000
Komainu
0  -1.930664 -9.605537 8.086659  -0.894083 -0.062327 0.443544  0.811340 0.958252 1 20 1.000000
0  -1.525633 -10.176096 8.329821  -0.460187 -0.691580 0.556727  0.778809 0.967285 1 20 1.000000
0  -1.456055 -9.710274 8.544420  -0.448775 -0.304950 0.840004  0.784668 0.990356 1 20 1.000000
Komainu
0  -1.930664 -9.605537 8.086659  -0.894083 -0.062327 0.443544  0.811340 0.958252 1 20 1.000000
0  -2.030272 -9.976143 7.907214  -0.855240 -0.425531 0.295785  0.804138 0.944641 1 20 1.000000
0  -1.525633 -10.176096 8.329821  -0.460187 -0.691580 0.556727  0.778809 0.967285 1 20 1.000000
Komainu
0  -1.930664 -9.605537 8.086659  -0.894083 -0.062327 0.443544  0.811340 0.958252 1 20 1.000000
0  -2.074949 -9.798165 7.113270  -0.998029 0.030686 -0.054742  0.815430 0.900757 1 20 1.000000
0  -2.030272 -9.976143 7.907214  -0.855240 -0.425531 0.295785  0.804138 0.944641 1 20 1.000000
Komainu
0  -2.074949 -9.798165 7.113270  -0.998029 0.030686 -0.054742  0.815430 0.900757 1 20 1.000000
0  -2.099120 -10.105782 7.154286  -0.854463 -0.518191 0.037035  0.806274 0.901001 1 20 1.000000
0  -2.030272 -9.976143 7.907214  -0.855240 -0.425531 0.295785  0.804138 0.944641 1 20 1.000000
Komainu
0  -2.099120 -10.105782 7.154286  -0.854463 -0.518191 0.037035  0.806274 0.901001 1 20 1.000000
0  -2.074949 -9.798165 7.113270  -0.998029 0.030686 -0.054742  0.815430 0.900757 1 20 1.000000
0  -1.886716 -10.190010 6.632067  -0.713739 -0.430431 -0.552545  0.798950 0.871582 1 20 1.000000
Komainu
0  -2.099120 -10.105782 7.154286  -0.854463 -0.518191 0.037035  0.806274 0.901001 1 20 1.000000
0  -1.886716 -10.190010 6.632067  -0.713739 -0.430431 -0.552545  0.798950 0.871582 1 20 1.000000
0  -1.898434 -10.296946 6.766833  -0.664551 -0.730116 -0.159070  0.795227 0.879333 1 20 1.000000
Komainu
0  -1.886716 -10.190010 6.632067  -0.713739 -0.430431 -0.552545  0.798950 0.871582 1 20 1.000000
0  -1.469968 -10.542306 6.792468  -0.418498 -0.902756 -0.099453  0.772583 0.872192 1 20 1.000000
0  -1.898434 -10.296946 6.766833  -0.664551 -0.730116 -0.159070  0.795227 0.879333 1 20 1.000000
Komainu
0  -1.499998 -10.438302 7.149891  -0.370668 -0.746489 0.552593  0.776977 0.895325 1 20 1.000000
0  -1.898434 -10.296946 6.766833  -0.664551 -0.730116 -0.159070  0.795227 0.879333 1 20 1.000000
0  -1.469968 -10.542306 6.792468  -0.418498 -0.902756 -0.099453  0.772583 0.872192 1 20 1.000000
Komainu
0  -1.377685 -10.495431 7.218006  -0.676055 -0.687124 0.266101  0.767456 0.901428 1 20 1.000000
0  -1.499998 -10.438302 7.149891  -0.370668 -0.746489 0.552593  0.776977 0.895325 1 20 1.000000
0  -1.469968 -10.542306 6.792468  -0.418498 -0.902756 -0.099453  0.772583 0.872192 1 20 1.000000
Komainu
0  -1.457518 -10.189278 7.234118  -0.175274 -0.624540 0.761071  0.776672 0.901062 1 20 1.000000
0  -1.499998 -10.438302 7.149891  -0.370668 -0.746489 0.552593  0.776977 0.895325 1 20 1.000000
0  -1.377685 -10.495431 7.218006  -0.676055 -0.687124 0.266101  0.767456 0.901428 1 20 1.000000
Komainu
0  -1.497802 -10.400217 7.477284  -0.754477 -0.615686 0.227363  0.771851 0.916199 1 20 1.000000
0  -1.457518 -10.189278 7.234118  -0.175274 -0.624540 0.761071  0.776672 0.901062 1 20 1.000000
0  -1.377685 -10.495431 7.218006  -0.676055 -0.687124 0.266101  0.767456 0.901428 1 20 1.000000
Komainu
0  -1.335202 -10.441233 6.610095  -0.330316 -0.943798 0.011698  0.769531 0.862488 1 20 1.000000
0  -0.420409 -10.652901 6.592518  0.264767 -0.937899 -0.224154  0.724365 0.862976 1 20 1.000000
0  -0.800536 -10.645578 6.874500  -0.128970 -0.991632 0.005704  0.744751 0.876892 1 20 1.000000
Komainu
0  -0.003661 -10.436106 7.173327  0.772952 -0.632038 -0.055425  0.690369 0.904297 1 20 1.000000
0  -0.356686 -10.555490 7.943835  0.271187 -0.910073 0.313409  0.716553 0.942749 1 20 1.000000
0  -0.213865 -10.647774 7.317615  0.366434 -0.927743 0.070853  0.710388 0.906555 1 20 1.000000
Komainu
0  -0.356686 -10.555490 7.943835  0.271187 -0.910073 0.313409  0.716553 0.942749 1 20 1.000000
0  -0.003661 -10.436106 7.173327  0.772952 -0.632038 -0.055425  0.690369 0.904297 1 20 1.000000
0  -0.077635 -10.202463 8.066883  0.564099 -0.572697 0.594820  0.698425 0.961182 1 20 1.000000
Komainu
0  -0.356686 -10.555490 7.943835  0.271187 -0.910073 0.313409  0.716553 0.942749 1 20 1.000000
0  -0.077635 -10.202463 8.066883  0.564099 -0.572697 0.594820  0.698425 0.961182 1 20 1.000000
0  -0.793942 -10.398018 8.370105  0.052848 -0.776725 0.627619  0.741394 0.968018 1 20 1.000000
Komainu
0  -0.793942 -10.398018 8.370105  0.052848 -0.776725 0.627619  0.741394 0.968018 1 20 1.000000
0  -0.077635 -10.202463 8.066883  0.564099 -0.572697 0.594820  0.698425 0.961182 1 20 1.000000
0  -0.749267 -9.911691 8.589830  0.146692 -0.417802 0.896618  0.742371 0.990356 1 20 1.000000
Komainu
0  -1.456055 -9.710274 8.544420  -0.448775 -0.304950 0.840004  0.784668 0.990356 1 20 1.000000
0  -0.793942 -10.398018 8.370105  0.052848 -0.776725 0.627619  0.741394 0.968018 1 20 1.000000
0  -0.749267 -9.911691 8.589830  0.146692 -0.417802 0.896618  0.742371 0.990356 1 20 1.000000
Komainu
0  -1.449461 -10.286691 7.920399  -0.177707 -0.956135 -0.232864  0.774475 0.943237 1 20 1.000000
0  -2.030272 -9.976143 7.907214  -0.855240 -0.425531 0.295785  0.804138 0.944641 1 20 1.000000
0  -1.706542 -10.229562 7.539540  0.025813 -0.995567 0.090443  0.789917 0.921997 1 20 1.000000
Komainu
0  -2.030272 -9.976143 7.907214  -0.855240 -0.425531 0.295785  0.804138 0.944641 1 20 1.000000
0  -1.634764 -10.285227 7.301502  0.056891 -0.864901 0.498709  0.784363 0.900696 1 20 1.000000
0  -1.706542 -10.229562 7.539540  0.025813 -0.995567 0.090443  0.789917 0.921997 1 20 1.000000
Komainu
0  -2.030272 -9.976143 7.907214  -0.855240 -0.425531 0.295785  0.804138 0.944641 1 20 1.000000
0  -2.099120 -10.105782 7.154286  -0.854463 -0.518191 0.037035  0.806274 0.901001 1 20 1.000000
0  -1.634764 -10.285227 7.301502  0.056891 -0.864901 0.498709  0.784363 0.900696 1 20 1.000000
Komainu
0  -1.449461 -10.286691 7.920399  -0.177707 -0.956135 -0.232864  0.774475 0.943237 1 20 1.000000
0  -1.525633 -10.176096 8.329821  -0.460187 -0.691580 0.556727  0.778809 0.967285 1 20 1.000000
0  -2.030272 -9.976143 7.907214  -0.855240 -0.425531 0.295785  0.804138 0.944641 1 20 1.000000
Komainu
0  -0.860593 -10.448556 7.849353  -0.274456 -0.959897 -0.057189  0.747559 0.938110 1 20 1.000000
0  -1.525633 -10.176096 8.329821  -0.460187 -0.691580 0.556727  0.778809 0.967285 1 20 1.000000
0  -1.449461 -10.286691 7.920399  -0.177707 -0.956135 -0.232864  0.774475 0.943237 1 20 1.000000
Komainu
0  -1.449461 -10.286691 7.920399  -0.177707 -0.956135 -0.232864  0.774475 0.943237 1 20 1.000000
0  -1.355711 -10.196604 7.800282  0.068742 -0.792070 -0.606548  0.770508 0.935242 1 20 1.000000
0  -0.860593 -10.448556 7.849353  -0.274456 -0.959897 -0.057189  0.747559 0.938110 1 20 1.000000
Komainu
0  -1.355711 -10.196604 7.800282  0.068742 -0.792070 -0.606548  0.770508 0.935242 1 20 1.000000
0  -1.449461 -10.286691 7.920399  -0.177707 -0.956135 -0.232864  0.774475 0.943237 1 20 1.000000
0  -1.706542 -10.229562 7.539540  0.025813 -0.995567 0.090443  0.789917 0.921997 1 20 1.000000
Komainu
0  -1.355711 -10.196604 7.800282  0.068742 -0.792070 -0.606548  0.770508 0.935242 1 20 1.000000
0  -1.706542 -10.229562 7.539540  0.025813 -0.995567 0.090443  0.789917 0.921997 1 20 1.000000
0  -1.533691 -10.096992 7.481676  0.548282 -0.836094 -0.018280  0.781555 0.919617 1 20 1.000000
Komainu
0  -1.706542 -10.229562 7.539540  0.025813 -0.995567 0.090443  0.789917 0.921997 1 20 1.000000
0  -1.457518 -10.189278 7.234118  -0.175274 -0.624540 0.761071  0.776672 0.901062 1 20 1.000000
0  -1.533691 -10.096992 7.481676  0.548282 -0.836094 -0.018280  0.781555 0.919617 1 20 1.000000
Komainu
0  -1.706542 -10.229562 7.539540  0.025813 -0.995567 0.090443  0.789917 0.921997 1 20 1.000000
0  -1.634764 -10.285227 7.301502  0.056891 -0.864901 0.498709  0.784363 0.900696 1 20 1.000000
0  -1.457518 -10.189278 7.234118  -0.175274 -0.624540 0.761071  0.776672 0.901062 1 20 1.000000
Komainu
0  -1.499998 -10.438302 7.149891  -0.370668 -0.746489 0.552593  0.776977 0.895325 1 20 1.000000
0  -1.457518 -10.189278 7.234118  -0.175274 -0.624540 0.761071  0.776672 0.901062 1 20 1.000000
0  -1.634764 -10.285227 7.301502  0.056891 -0.864901 0.498709  0.784363 0.900696 1 20 1.000000
Komainu
0  -2.099120 -10.105782 7.154286  -0.854463 -0.518191 0.037035  0.806274 0.901001 1 20 1.000000
0  -1.499998 -10.438302 7.149891  -0.370668 -0.746489 0.552593  0.776977 0.895325 1 20 1.000000
0  -1.634764 -10.285227 7.301502  0.056891 -0.864901 0.498709  0.784363 0.900696 1 20 1.000000
Komainu
0  -2.099120 -10.105782 7.154286  -0.854463 -0.518191 0.037035  0.806274 0.901001 1 20 1.000000
0  -1.898434 -10.296946 6.766833  -0.664551 -0.730116 -0.159070  0.795227 0.879333 1 20 1.000000
0  -1.499998 -10.438302 7.149891  -0.370668 -0.746489 0.552593  0.776977 0.895325 1 20 1.000000
Komainu
0  -1.377685 -10.495431 7.218006  -0.676055 -0.687124 0.266101  0.767456 0.901428 1 20 1.000000
0  -0.883300 -10.689522 7.371813  -0.172503 -0.956764 0.234191  0.743652 0.909058 1 20 1.000000
0  -1.497802 -10.400217 7.477284  -0.754477 -0.615686 0.227363  0.771851 0.916199 1 20 1.000000
Komainu
0  -1.497802 -10.400217 7.477284  -0.754477 -0.615686 0.227363  0.771851 0.916199 1 20 1.000000
0  -0.883300 -10.689522 7.371813  -0.172503 -0.956764 0.234191  0.743652 0.909058 1 20 1.000000
0  -1.337402 -10.422921 7.671375  -0.617059 -0.608051 0.499512  0.764160 0.926941 1 20 1.000000
Komainu
0  -1.337402 -10.422921 7.671375  -0.617059 -0.608051 0.499512  0.764160 0.926941 1 20 1.000000
0  -0.883300 -10.689522 7.371813  -0.172503 -0.956764 0.234191  0.743652 0.909058 1 20 1.000000
0  -1.103758 -10.534248 7.678698  -0.159641 -0.796901 0.582634  0.753357 0.926880 1 20 1.000000
Komainu
0  -1.497802 -10.400217 7.477284  -0.754477 -0.615686 0.227363  0.771851 0.916199 1 20 1.000000
0  -1.533691 -10.096992 7.481676  -0.942712 -0.206390 0.262100  0.781555 0.919617 1 20 1.000000
0  -1.457518 -10.189278 7.234118  -0.175274 -0.624540 0.761071  0.776672 0.901062 1 20 1.000000
Komainu
0  -1.533691 -10.096992 7.481676  -0.942712 -0.206390 0.262100  0.781555 0.919617 1 20 1.000000
0  -1.497802 -10.400217 7.477284  -0.754477 -0.615686 0.227363  0.771851 0.916199 1 20 1.000000
0  -1.337402 -10.422921 7.671375  -0.617059 -0.608051 0.499512  0.764160 0.926941 1 20 1.000000
Komainu
0  -1.355711 -10.196604 7.800282  -0.526319 -0.472295 0.707054  0.770508 0.935242 1 20 1.000000
0  -1.533691 -10.096992 7.481676  -0.942712 -0.206390 0.262100  0.781555 0.919617 1 20 1.000000
0  -1.337402 -10.422921 7.671375  -0.617059 -0.608051 0.499512  0.764160 0.926941 1 20 1.000000
Komainu
0  -1.337402 -10.422921 7.671375  -0.617059 -0.608051 0.499512  0.764160 0.926941 1 20 1.000000
0  -1.103758 -10.534248 7.678698  -0.159641 -0.796901 0.582634  0.753357 0.926880 1 20 1.000000
0  -1.355711 -10.196604 7.800282  -0.526319 -0.472295 0.707054  0.770508 0.935242 1 20 1.000000
Komainu
0  -1.355711 -10.196604 7.800282  -0.526319 -0.472295 0.707054  0.770508 0.935242 1 20 1.000000
0  -1.103758 -10.534248 7.678698  -0.159641 -0.796901 0.582634  0.753357 0.926880 1 20 1.000000
0  -0.860593 -10.448556 7.849353  -0.146513 -0.784832 0.602139  0.747559 0.938110 1 20 1.000000
Komainu
0  -1.103758 -10.534248 7.678698  -0.159641 -0.796901 0.582634  0.753357 0.926880 1 20 1.000000
0  -0.613036 -10.619211 7.356432  0.175128 -0.936715 0.303143  0.736328 0.909363 1 20 1.000000
0  -0.860593 -10.448556 7.849353  -0.146513 -0.784832 0.602139  0.747559 0.938110 1 20 1.000000
Komainu
0  -1.103758 -10.534248 7.678698  -0.159641 -0.796901 0.582634  0.753357 0.926880 1 20 1.000000
0  -0.883300 -10.689522 7.371813  -0.172503 -0.956764 0.234191  0.743652 0.909058 1 20 1.000000
0  -0.613036 -10.619211 7.356432  0.175128 -0.936715 0.303143  0.736328 0.909363 1 20 1.000000
Komainu
0  -1.074460 -10.695381 7.085436  -0.211854 -0.977116 -0.019043  0.752197 0.887817 1 20 1.000000
0  -0.613036 -10.619211 7.356432  0.175128 -0.936715 0.303143  0.736328 0.909363 1 20 1.000000
0  -0.883300 -10.689522 7.371813  -0.172503 -0.956764 0.234191  0.743652 0.909058 1 20 1.000000
Komainu
0  -1.377685 -10.495431 7.218006  -0.676055 -0.687124 0.266101  0.767456 0.901428 1 20 1.000000
0  -1.074460 -10.695381 7.085436  -0.211854 -0.977116 -0.019043  0.752197 0.887817 1 20 1.000000
0  -0.883300 -10.689522 7.371813  -0.172503 -0.956764 0.234191  0.743652 0.909058 1 20 1.000000
Komainu
0  -1.469968 -10.542306 6.792468  -0.418498 -0.902756 -0.099453  0.772583 0.872192 1 20 1.000000
0  -1.074460 -10.695381 7.085436  -0.211854 -0.977116 -0.019043  0.752197 0.887817 1 20 1.000000
0  -1.377685 -10.495431 7.218006  -0.676055 -0.687124 0.266101  0.767456 0.901428 1 20 1.000000
Komainu
0  -1.469968 -10.542306 6.792468  -0.418498 -0.902756 -0.099453  0.772583 0.872192 1 20 1.000000
0  -0.800536 -10.645578 6.874500  0.055420 -0.966532 -0.250488  0.744751 0.876892 1 20 1.000000
0  -1.074460 -10.695381 7.085436  -0.211854 -0.977116 -0.019043  0.752197 0.887817 1 20 1.000000
Komainu
0  -1.469968 -10.542306 6.792468  -0.418498 -0.902756 -0.099453  0.772583 0.872192 1 20 1.000000
0  -1.335202 -10.441233 6.610095  -0.222957 -0.812812 -0.538170  0.769531 0.862488 1 20 1.000000
0  -0.800536 -10.645578 6.874500  0.055420 -0.966532 -0.250488  0.744751 0.876892 1 20 1.000000
Komainu
0  -1.886716 -10.190010 6.632067  -0.713739 -0.430431 -0.552545  0.798950 0.871582 1 20 1.000000
0  -1.335202 -10.441233 6.610095  -0.222957 -0.812812 -0.538170  0.769531 0.862488 1 20 1.000000
0  -1.469968 -10.542306 6.792468  -0.418498 -0.902756 -0.099453  0.772583 0.872192 1 20 1.000000
Komainu
0  -1.074460 -10.695381 7.085436  -0.211854 -0.977116 -0.019043  0.752197 0.887817 1 20 1.000000
0  -0.800536 -10.645578 6.874500  0.055420 -0.966532 -0.250488  0.744751 0.876892 1 20 1.000000
0  -0.613036 -10.619211 7.356432  0.175128 -0.936715 0.303143  0.736328 0.909363 1 20 1.000000
Komainu
0  -2.742920 -9.336006 7.951893  -0.185170 -0.927763 0.323989  0.856628 0.944946 1 20 1.000000
0  -2.946532 -9.223215 7.497792  -0.526881 -0.555312 -0.643447  0.868774 0.919861 1 20 1.000000
0  -2.750975 -9.407052 7.622301  -0.161739 -0.932894 -0.321791  0.856506 0.925781 1 20 1.000000
Komainu
0  -2.742920 -9.336006 7.951893  -0.185170 -0.927763 0.323989  0.856628 0.944946 1 20 1.000000
0  -3.164795 -9.038644 7.622301  -0.617522 -0.786533 -0.005668  0.880737 0.928223 1 20 1.000000
0  -2.946532 -9.223215 7.497792  -0.526881 -0.555312 -0.643447  0.868774 0.919861 1 20 1.000000
Komainu
0  -3.164795 -9.038644 7.622301  -0.617522 -0.786533 -0.005668  0.880737 0.928223 1 20 1.000000
0  -2.971436 -9.068673 7.465563  -0.497739 -0.256652 -0.828484  0.873230 0.918091 1 20 1.000000
0  -2.946532 -9.223215 7.497792  -0.526881 -0.555312 -0.643447  0.868774 0.919861 1 20 1.000000
Komainu
0  -2.597167 -9.158760 7.346178  -0.182210 -0.581514 -0.792869  0.856628 0.912170 1 20 1.000000
0  -2.946532 -9.223215 7.497792  -0.526881 -0.555312 -0.643447  0.868774 0.919861 1 20 1.000000
0  -2.971436 -9.068673 7.465563  -0.497739 -0.256652 -0.828484  0.873230 0.918091 1 20 1.000000
Komainu
0  -2.597167 -9.158760 7.346178  -0.182210 -0.581514 -0.792869  0.856628 0.912170 1 20 1.000000
0  -2.750975 -9.407052 7.622301  -0.161739 -0.932894 -0.321791  0.856506 0.925781 1 20 1.000000
0  -2.946532 -9.223215 7.497792  -0.526881 -0.555312 -0.643447  0.868774 0.919861 1 20 1.000000
Komainu
0  -2.597167 -9.158760 7.346178  -0.182210 -0.581514 -0.792869  0.856628 0.912170 1 20 1.000000
0  -2.390624 -9.312571 7.520495  0.161466 -0.975082 -0.152130  0.844788 0.921021 1 20 1.000000
0  -2.750975 -9.407052 7.622301  -0.161739 -0.932894 -0.321791  0.856506 0.925781 1 20 1.000000
Komainu
0  -2.390624 -9.312571 7.520495  0.161466 -0.975082 -0.152130  0.844788 0.921021 1 20 1.000000
0  -2.742920 -9.336006 7.951893  -0.185170 -0.927763 0.323989  0.856628 0.944946 1 20 1.000000
0  -2.750975 -9.407052 7.622301  -0.161739 -0.932894 -0.321791  0.856506 0.925781 1 20 1.000000
Komainu
0  -2.742920 -9.336006 7.951893  -0.185170 -0.927763 0.323989  0.856628 0.944946 1 20 1.000000
0  -2.390624 -9.312571 7.520495  0.161466 -0.975082 -0.152130  0.844788 0.921021 1 20 1.000000
0  -2.383301 -9.284739 7.996569  0.089232 -0.933960 0.346058  0.843750 0.948303 1 20 1.000000
Komainu
0  -2.742920 -9.336006 7.951893  -0.185170 -0.927763 0.323989  0.856628 0.944946 1 20 1.000000
0  -2.383301 -9.284739 7.996569  0.089232 -0.933960 0.346058  0.843750 0.948303 1 20 1.000000
0  -2.658692 -9.044502 8.328357  -0.188568 -0.665562 0.722128  0.858581 0.969238 1 20 1.000000
Komainu
0  -2.914304 -9.151437 8.142321  -0.454150 -0.672843 0.583978  0.866943 0.956970 1 20 1.000000
0  -2.742920 -9.336006 7.951893  -0.185170 -0.927763 0.323989  0.856628 0.944946 1 20 1.000000
0  -2.658692 -9.044502 8.328357  -0.188568 -0.665562 0.722128  0.858581 0.969238 1 20 1.000000
Komainu
0  -2.894531 -8.830635 8.282946  -0.594404 0.023199 0.803832  0.882629 0.968567 1 20 1.000000
0  -2.914304 -9.151437 8.142321  -0.454150 -0.672843 0.583978  0.866943 0.956970 1 20 1.000000
0  -2.658692 -9.044502 8.328357  -0.188568 -0.665562 0.722128  0.858581 0.969238 1 20 1.000000
Komainu
0  -2.894531 -8.830635 8.282946  -0.594404 0.023199 0.803832  0.882629 0.968567 1 20 1.000000
0  -3.161132 -8.952952 8.098377  -0.706975 -0.276496 0.650951  0.880859 0.955872 1 20 1.000000
0  -2.914304 -9.151437 8.142321  -0.454150 -0.672843 0.583978  0.866943 0.956970 1 20 1.000000
Komainu
0  -3.128174 -8.595528 7.924059  -0.746717 0.527447 0.405232  0.896301 0.951477 1 20 1.000000
0  -3.161132 -8.952952 8.098377  -0.706975 -0.276496 0.650951  0.880859 0.955872 1 20 1.000000
0  -2.894531 -8.830635 8.282946  -0.594404 0.023199 0.803832  0.882629 0.968567 1 20 1.000000
Komainu
0  -3.128174 -8.595528 7.924059  -0.746717 0.527447 0.405232  0.896301 0.951477 1 20 1.000000
0  -3.312742 -8.826241 7.859607  -0.943378 -0.113961 0.311530  0.890076 0.943115 1 20 1.000000
0  -3.161132 -8.952952 8.098377  -0.706975 -0.276496 0.650951  0.880859 0.955872 1 20 1.000000
Komainu
0  -3.167723 -8.566234 7.434801  -0.803597 0.579842 -0.134224  0.903015 0.923889 1 20 1.000000
0  -3.312742 -8.826241 7.859607  -0.943378 -0.113961 0.311530  0.890076 0.943115 1 20 1.000000
0  -3.128174 -8.595528 7.924059  -0.746717 0.527447 0.405232  0.896301 0.951477 1 20 1.000000
Komainu
0  -3.167723 -8.566234 7.434801  -0.803597 0.579842 -0.134224  0.903015 0.923889 1 20 1.000000
0  -3.358886 -8.799874 7.517565  -0.998445 -0.051981 -0.020153  0.893494 0.923889 1 20 1.000000
0  -3.312742 -8.826241 7.859607  -0.943378 -0.113961 0.311530  0.890076 0.943115 1 20 1.000000
Komainu
0  -3.044677 -8.700996 7.001208  -0.719853 0.407406 -0.561990  0.895996 0.893555 1 20 1.000000
0  -3.358886 -8.799874 7.517565  -0.998445 -0.051981 -0.020153  0.893494 0.923889 1 20 1.000000
0  -3.167723 -8.566234 7.434801  -0.803597 0.579842 -0.134224  0.903015 0.923889 1 20 1.000000
Komainu
0  -3.044677 -8.700996 7.001208  -0.719853 0.407406 -0.561990  0.895996 0.893555 1 20 1.000000
0  -3.274657 -8.998363 7.094226  -0.943529 -0.154543 -0.293034  0.885986 0.902649 1 20 1.000000
0  -3.358886 -8.799874 7.517565  -0.998445 -0.051981 -0.020153  0.893494 0.923889 1 20 1.000000
Komainu
0  -3.044677 -8.700996 7.001208  -0.719853 0.407406 -0.561990  0.895996 0.893555 1 20 1.000000
0  -2.927489 -9.249582 6.588123  -0.856984 -0.239313 -0.456407  0.867310 0.870789 1 20 1.000000
0  -3.274657 -8.998363 7.094226  -0.943529 -0.154543 -0.293034  0.885986 0.902649 1 20 1.000000
Komainu
0  -3.274657 -8.998363 7.094226  -0.943529 -0.154543 -0.293034  0.885986 0.902649 1 20 1.000000
0  -2.927489 -9.249582 6.588123  -0.856984 -0.239313 -0.456407  0.867310 0.870789 1 20 1.000000
0  -2.863037 -9.458323 6.941883  -0.600339 -0.781549 0.169633  0.860413 0.890991 1 20 1.000000
Komainu
0  -2.719481 -9.429024 7.141101  -0.276131 -0.717834 0.639113  0.853821 0.902588 1 20 1.000000
0  -2.279297 -9.496407 7.214343  -0.304753 -0.693520 0.652806  0.830627 0.906067 1 20 1.000000
0  -2.493164 -9.338937 7.313952  -0.342122 -0.571615 0.745794  0.846863 0.909119 1 20 1.000000
Komainu
0  -2.719481 -9.429024 7.141101  -0.276131 -0.717834 0.639113  0.853821 0.902588 1 20 1.000000
0  -2.493164 -9.338937 7.313952  -0.342122 -0.571615 0.745794  0.846863 0.909119 1 20 1.000000
0  -2.597167 -9.158760 7.346178  -0.150420 -0.629015 0.762702  0.856628 0.912170 1 20 1.000000
Komainu
0  -3.087890 -9.138252 7.372545  -0.402281 -0.829830 0.386719  0.877319 0.913269 1 20 1.000000
0  -2.719481 -9.429024 7.141101  -0.276131 -0.717834 0.639113  0.853821 0.902588 1 20 1.000000
0  -2.597167 -9.158760 7.346178  -0.150420 -0.629015 0.762702  0.856628 0.912170 1 20 1.000000
Komainu
0  -2.863037 -9.458323 6.941883  -0.600339 -0.781549 0.169633  0.860413 0.890991 1 20 1.000000
0  -2.719481 -9.429024 7.141101  -0.276131 -0.717834 0.639113  0.853821 0.902588 1 20 1.000000
0  -3.087890 -9.138252 7.372545  -0.402281 -0.829830 0.386719  0.877319 0.913269 1 20 1.000000
Komainu
0  -3.274657 -8.998363 7.094226  -0.943529 -0.154543 -0.293034  0.885986 0.902649 1 20 1.000000
0  -2.863037 -9.458323 6.941883  -0.600339 -0.781549 0.169633  0.860413 0.890991 1 20 1.000000
0  -3.087890 -9.138252 7.372545  -0.402281 -0.829830 0.386719  0.877319 0.913269 1 20 1.000000
Komainu
0  -3.274657 -8.998363 7.094226  -0.943529 -0.154543 -0.293034  0.885986 0.902649 1 20 1.000000
0  -3.087890 -9.138252 7.372545  -0.402281 -0.829830 0.386719  0.877319 0.913269 1 20 1.000000
0  -3.358886 -8.799874 7.517565  -0.998445 -0.051981 -0.020153  0.893494 0.923889 1 20 1.000000
Komainu
0  -3.358886 -8.799874 7.517565  -0.998445 -0.051981 -0.020153  0.893494 0.923889 1 20 1.000000
0  -3.087890 -9.138252 7.372545  -0.402281 -0.829830 0.386719  0.877319 0.913269 1 20 1.000000
0  -3.164795 -9.038644 7.622301  -0.617522 -0.786533 -0.005668  0.880737 0.928223 1 20 1.000000
Komainu
0  -3.358886 -8.799874 7.517565  -0.998445 -0.051981 -0.020153  0.893494 0.923889 1 20 1.000000
0  -3.164795 -9.038644 7.622301  -0.617522 -0.786533 -0.005668  0.880737 0.928223 1 20 1.000000
0  -3.312742 -8.826241 7.859607  -0.943378 -0.113961 0.311530  0.890076 0.943115 1 20 1.000000
Komainu
0  -2.742920 -9.336006 7.951893  -0.185170 -0.927763 0.323989  0.856628 0.944946 1 20 1.000000
0  -3.312742 -8.826241 7.859607  -0.943378 -0.113961 0.311530  0.890076 0.943115 1 20 1.000000
0  -3.164795 -9.038644 7.622301  -0.617522 -0.786533 -0.005668  0.880737 0.928223 1 20 1.000000
Komainu
0  -2.742920 -9.336006 7.951893  -0.185170 -0.927763 0.323989  0.856628 0.944946 1 20 1.000000
0  -3.161132 -8.952952 8.098377  -0.706975 -0.276496 0.650951  0.880859 0.955872 1 20 1.000000
0  -3.312742 -8.826241 7.859607  -0.943378 -0.113961 0.311530  0.890076 0.943115 1 20 1.000000
Komainu
0  -2.742920 -9.336006 7.951893  -0.185170 -0.927763 0.323989  0.856628 0.944946 1 20 1.000000
0  -2.914304 -9.151437 8.142321  -0.454150 -0.672843 0.583978  0.866943 0.956970 1 20 1.000000
0  -3.161132 -8.952952 8.098377  -0.706975 -0.276496 0.650951  0.880859 0.955872 1 20 1.000000
Komainu
0  -3.164795 -9.038644 7.622301  -0.617522 -0.786533 -0.005668  0.880737 0.928223 1 20 1.000000
0  -3.087890 -9.138252 7.372545  -0.402281 -0.829830 0.386719  0.877319 0.913269 1 20 1.000000
0  -2.971436 -9.068673 7.465563  0.100726 -0.851323 0.514882  0.873230 0.918091 1 20 1.000000
Komainu
0  -2.597167 -9.158760 7.346178  -0.150420 -0.629015 0.762702  0.856628 0.912170 1 20 1.000000
0  -2.971436 -9.068673 7.465563  0.100726 -0.851323 0.514882  0.873230 0.918091 1 20 1.000000
0  -3.087890 -9.138252 7.372545  -0.402281 -0.829830 0.386719  0.877319 0.913269 1 20 1.000000
Komainu
0  -2.927489 -9.249582 6.588123  -0.856984 -0.239313 -0.456407  0.867310 0.870789 1 20 1.000000
0  -3.044677 -8.700996 7.001208  -0.719853 0.407406 -0.561990  0.895996 0.893555 1 20 1.000000
0  -2.841062 -9.130198 6.490710  -0.584828 0.263015 -0.767333  0.869141 0.865356 1 20 1.000000
Komainu
0  -2.382569 -9.716133 6.189684  -0.384471 -0.065034 -0.920843  0.837830 0.848389 1 20 1.000000
0  -2.927489 -9.249582 6.588123  -0.856984 -0.239313 -0.456407  0.867310 0.870789 1 20 1.000000
0  -2.841062 -9.130198 6.490710  -0.584828 0.263015 -0.767333  0.869141 0.865356 1 20 1.000000
Komainu
0  -2.318114 -9.612129 6.241686  0.014956 0.393803 -0.919073  0.838318 0.840332 1 20 1.000000
0  -2.382569 -9.716133 6.189684  -0.384471 -0.065034 -0.920843  0.837830 0.848389 1 20 1.000000
0  -2.841062 -9.130198 6.490710  -0.584828 0.263015 -0.767333  0.869141 0.865356 1 20 1.000000
Komainu
0  -1.642819 -10.016427 6.107656  0.089515 0.197275 -0.976253  0.803650 0.825500 1 20 1.000000
0  -2.382569 -9.716133 6.189684  -0.384471 -0.065034 -0.920843  0.837830 0.848389 1 20 1.000000
0  -2.318114 -9.612129 6.241686  0.014956 0.393803 -0.919073  0.838318 0.840332 1 20 1.000000
Komainu
0  -2.318114 -9.612129 6.241686  0.014956 0.393803 -0.919073  0.838318 0.840332 1 20 1.000000
0  -2.841062 -9.130198 6.490710  -0.584828 0.263015 -0.767333  0.869141 0.865356 1 20 1.000000
0  -2.790527 -9.005685 6.558093  -0.252009 0.532756 -0.807875  0.870972 0.859924 1 20 1.000000
Komainu
0  -2.841062 -9.130198 6.490710  -0.584828 0.263015 -0.767333  0.869141 0.865356 1 20 1.000000
0  -3.044677 -8.700996 7.001208  -0.719853 0.407406 -0.561990  0.895996 0.893555 1 20 1.000000
0  -2.790527 -9.005685 6.558093  -0.252009 0.532756 -0.807875  0.870972 0.859924 1 20 1.000000
Komainu
0  -1.069333 -10.419258 6.167712  0.125931 -0.424376 -0.896686  0.762024 0.834229 1 20 1.000000
0  -0.928708 -10.195869 6.194079  0.281435 -0.035088 -0.958938  0.761352 0.826050 1 20 1.000000
0  -0.280516 -10.368723 6.511950  0.688746 -0.205954 -0.695134  0.712585 0.848877 1 20 1.000000
Komainu
0  -0.928708 -10.195869 6.194079  0.281435 -0.035088 -0.958938  0.761352 0.826050 1 20 1.000000
0  -1.069333 -10.419258 6.167712  0.125931 -0.424376 -0.896686  0.762024 0.834229 1 20 1.000000
0  -1.733642 -10.148994 6.074694  -0.193517 -0.307451 -0.931679  0.801880 0.835144 1 20 1.000000
Komainu
0  -0.928708 -10.195869 6.194079  0.281435 -0.035088 -0.958938  0.761352 0.826050 1 20 1.000000
0  -1.733642 -10.148994 6.074694  -0.193517 -0.307451 -0.931679  0.801880 0.835144 1 20 1.000000
0  -1.642819 -10.016427 6.107656  0.089515 0.197275 -0.976253  0.803650 0.825500 1 20 1.000000
Komainu
0  -1.642819 -10.016427 6.107656  0.089515 0.197275 -0.976253  0.803650 0.825500 1 20 1.000000
0  -1.733642 -10.148994 6.074694  -0.193517 -0.307451 -0.931679  0.801880 0.835144 1 20 1.000000
0  -2.382569 -9.716133 6.189684  -0.384471 -0.065034 -0.920843  0.837830 0.848389 1 20 1.000000
Komainu
0  -1.733642 -10.148994 6.074694  -0.193517 -0.307451 -0.931679  0.801880 0.835144 1 20 1.000000
0  -2.459471 -9.787179 6.369861  -0.678964 -0.644778 -0.351096  0.837341 0.856445 1 20 1.000000
0  -2.382569 -9.716133 6.189684  -0.384471 -0.065034 -0.920843  0.837830 0.848389 1 20 1.000000
Komainu
0  -2.382569 -9.716133 6.189684  -0.384471 -0.065034 -0.920843  0.837830 0.848389 1 20 1.000000
0  -2.459471 -9.787179 6.369861  -0.678964 -0.644778 -0.351096  0.837341 0.856445 1 20 1.000000
0  -2.927489 -9.249582 6.588123  -0.856984 -0.239313 -0.456407  0.867310 0.870789 1 20 1.000000
Komainu
0  -2.516600 -9.773262 6.681141  -0.569699 -0.800535 0.185972  0.834656 0.876831 1 20 1.000000
0  -2.927489 -9.249582 6.588123  -0.856984 -0.239313 -0.456407  0.867310 0.870789 1 20 1.000000
0  -2.459471 -9.787179 6.369861  -0.678964 -0.644778 -0.351096  0.837341 0.856445 1 20 1.000000
Komainu
0  -2.516600 -9.773262 6.681141  -0.569699 -0.800535 0.185972  0.834656 0.876831 1 20 1.000000
0  -2.863037 -9.458323 6.941883  -0.600339 -0.781549 0.169633  0.860413 0.890991 1 20 1.000000
0  -2.927489 -9.249582 6.588123  -0.856984 -0.239313 -0.456407  0.867310 0.870789 1 20 1.000000
Komainu
0  -2.516600 -9.773262 6.681141  -0.569699 -0.800535 0.185972  0.834656 0.876831 1 20 1.000000
0  -2.719481 -9.429024 7.141101  -0.276131 -0.717834 0.639113  0.853821 0.902588 1 20 1.000000
0  -2.863037 -9.458323 6.941883  -0.600339 -0.781549 0.169633  0.860413 0.890991 1 20 1.000000
Komainu
0  -2.516600 -9.773262 6.681141  -0.569699 -0.800535 0.185972  0.834656 0.876831 1 20 1.000000
0  -2.419187 -9.583566 7.043688  -0.383572 -0.735920 0.557938  0.832825 0.898254 1 20 1.000000
0  -2.719481 -9.429024 7.141101  -0.276131 -0.717834 0.639113  0.853821 0.902588 1 20 1.000000
Komainu
0  -2.719481 -9.429024 7.141101  -0.276131 -0.717834 0.639113  0.853821 0.902588 1 20 1.000000
0  -2.419187 -9.583566 7.043688  -0.383572 -0.735920 0.557938  0.832825 0.898254 1 20 1.000000
0  -2.279297 -9.496407 7.214343  -0.304753 -0.693520 0.652806  0.830627 0.906067 1 20 1.000000
Komainu
0  -2.101319 -9.659739 7.196766  -0.466976 -0.548782 0.693377  0.820068 0.907776 1 20 1.000000
0  -2.279297 -9.496407 7.214343  -0.304753 -0.693520 0.652806  0.830627 0.906067 1 20 1.000000
0  -2.419187 -9.583566 7.043688  -0.383572 -0.735920 0.557938  0.832825 0.898254 1 20 1.000000
Komainu
0  -2.101319 -9.659739 7.196766  -0.466976 -0.548782 0.693377  0.820068 0.907776 1 20 1.000000
0  -2.419187 -9.583566 7.043688  -0.383572 -0.735920 0.557938  0.832825 0.898254 1 20 1.000000
0  -2.074949 -9.798165 7.113270  -0.483892 -0.652649 0.583008  0.815430 0.900757 1 20 1.000000
Komainu
0  -2.516600 -9.773262 6.681141  -0.569699 -0.800535 0.185972  0.834656 0.876831 1 20 1.000000
0  -2.074949 -9.798165 7.113270  -0.483892 -0.652649 0.583008  0.815430 0.900757 1 20 1.000000
0  -2.419187 -9.583566 7.043688  -0.383572 -0.735920 0.557938  0.832825 0.898254 1 20 1.000000
Komainu
0  -2.516600 -9.773262 6.681141  -0.569699 -0.800535 0.185972  0.834656 0.876831 1 20 1.000000
0  -1.886716 -10.190010 6.632067  -0.507193 -0.847337 0.157401  0.798950 0.871582 1 20 1.000000
0  -2.074949 -9.798165 7.113270  -0.483892 -0.652649 0.583008  0.815430 0.900757 1 20 1.000000
Komainu
0  -2.459471 -9.787179 6.369861  -0.678964 -0.644778 -0.351096  0.837341 0.856445 1 20 1.000000
0  -1.886716 -10.190010 6.632067  -0.507193 -0.847337 0.157401  0.798950 0.871582 1 20 1.000000
0  -2.516600 -9.773262 6.681141  -0.569699 -0.800535 0.185972  0.834656 0.876831 1 20 1.000000
Komainu
0  -2.459471 -9.787179 6.369861  -0.678964 -0.644778 -0.351096  0.837341 0.856445 1 20 1.000000
0  -1.787107 -10.243479 6.276843  -0.476246 -0.827074 -0.298559  0.800049 0.844727 1 20 1.000000
0  -1.886716 -10.190010 6.632067  -0.507193 -0.847337 0.157401  0.798950 0.871582 1 20 1.000000
Komainu
0  -1.733642 -10.148994 6.074694  -0.193517 -0.307451 -0.931679  0.801880 0.835144 1 20 1.000000
0  -1.787107 -10.243479 6.276843  -0.476246 -0.827074 -0.298559  0.800049 0.844727 1 20 1.000000
0  -2.459471 -9.787179 6.369861  -0.678964 -0.644778 -0.351096  0.837341 0.856445 1 20 1.000000
Komainu
0  -1.194577 -10.538643 6.275379  -0.209415 -0.911995 -0.352720  0.762756 0.842346 1 20 1.000000
0  -1.787107 -10.243479 6.276843  -0.476246 -0.827074 -0.298559  0.800049 0.844727 1 20 1.000000
0  -1.733642 -10.148994 6.074694  -0.193517 -0.307451 -0.931679  0.801880 0.835144 1 20 1.000000
Komainu
0  -1.194577 -10.538643 6.275379  -0.209415 -0.911995 -0.352720  0.762756 0.842346 1 20 1.000000
0  -1.733642 -10.148994 6.074694  -0.193517 -0.307451 -0.931679  0.801880 0.835144 1 20 1.000000
0  -1.069333 -10.419258 6.167712  0.125931 -0.424376 -0.896686  0.762024 0.834229 1 20 1.000000
Komainu
0  -1.194577 -10.538643 6.275379  -0.209415 -0.911995 -0.352720  0.762756 0.842346 1 20 1.000000
0  -1.069333 -10.419258 6.167712  0.125931 -0.424376 -0.896686  0.762024 0.834229 1 20 1.000000
0  -0.331786 -10.558419 6.515613  0.594094 -0.528106 -0.606759  0.718445 0.855896 1 20 1.000000
Komainu
0  -1.069333 -10.419258 6.167712  0.125931 -0.424376 -0.896686  0.762024 0.834229 1 20 1.000000
0  -0.280516 -10.368723 6.511950  0.688746 -0.205954 -0.695134  0.712585 0.848877 1 20 1.000000
0  -0.331786 -10.558419 6.515613  0.594094 -0.528106 -0.606759  0.718445 0.855896 1 20 1.000000
Komainu
0  -0.280516 -10.368723 6.511950  0.688746 -0.205954 -0.695134  0.712585 0.848877 1 20 1.000000
0  -0.003661 -10.436106 7.173327  0.772952 -0.632038 -0.055425  0.690369 0.904297 1 20 1.000000
0  -0.331786 -10.558419 6.515613  0.594094 -0.528106 -0.606759  0.718445 0.855896 1 20 1.000000
Komainu
0  -0.331786 -10.558419 6.515613  0.594094 -0.528106 -0.606759  0.718445 0.855896 1 20 1.000000
0  -0.003661 -10.436106 7.173327  0.772952 -0.632038 -0.055425  0.690369 0.904297 1 20 1.000000
0  -0.420409 -10.652901 6.592518  0.264767 -0.937899 -0.224154  0.724365 0.862976 1 20 1.000000
Komainu
0  -0.003661 -10.436106 7.173327  0.772952 -0.632038 -0.055425  0.690369 0.904297 1 20 1.000000
0  -0.213865 -10.647774 7.317615  0.366434 -0.927743 0.070853  0.710388 0.906555 1 20 1.000000
0  -0.420409 -10.652901 6.592518  0.264767 -0.937899 -0.224154  0.724365 0.862976 1 20 1.000000
Komainu
0  -1.787107 -10.243479 6.276843  -0.476246 -0.827074 -0.298559  0.800049 0.844727 1 20 1.000000
0  -1.335202 -10.441233 6.610095  -0.330316 -0.943798 0.011698  0.769531 0.862488 1 20 1.000000
0  -1.886716 -10.190010 6.632067  -0.507193 -0.847337 0.157401  0.798950 0.871582 1 20 1.000000
Komainu
0  -1.787107 -10.243479 6.276843  -0.476246 -0.827074 -0.298559  0.800049 0.844727 1 20 1.000000
0  -1.194577 -10.538643 6.275379  -0.209415 -0.911995 -0.352720  0.762756 0.842346 1 20 1.000000
0  -1.335202 -10.441233 6.610095  -0.330316 -0.943798 0.011698  0.769531 0.862488 1 20 1.000000
Komainu
0  -1.335202 -10.441233 6.610095  -0.330316 -0.943798 0.011698  0.769531 0.862488 1 20 1.000000
0  -1.194577 -10.538643 6.275379  -0.209415 -0.911995 -0.352720  0.762756 0.842346 1 20 1.000000
0  -0.420409 -10.652901 6.592518  0.264767 -0.937899 -0.224154  0.724365 0.862976 1 20 1.000000
Komainu
0  -1.194577 -10.538643 6.275379  -0.209415 -0.911995 -0.352720  0.762756 0.842346 1 20 1.000000
0  -0.331786 -10.558419 6.515613  0.594094 -0.528106 -0.606759  0.718445 0.855896 1 20 1.000000
0  -0.420409 -10.652901 6.592518  0.264767 -0.937899 -0.224154  0.724365 0.862976 1 20 1.000000
Komainu
0  1.355714 -10.196604 7.800282  0.329927 -0.686544 0.647924  0.770508 0.935242 1 20 1.000000
0  0.860597 -10.448556 7.849353  0.146513 -0.784832 0.602140  0.747559 0.938110 1 20 1.000000
0  1.103762 -10.534248 7.678698  0.159638 -0.796907 0.582627  0.753357 0.926880 1 20 1.000000
Komainu
0  1.103762 -10.534248 7.678698  0.159638 -0.796907 0.582627  0.753357 0.926880 1 20 1.000000
0  0.860597 -10.448556 7.849353  0.146513 -0.784832 0.602140  0.747559 0.938110 1 20 1.000000
0  0.613040 -10.619211 7.356432  -0.175128 -0.936715 0.303143  0.736328 0.909363 1 20 1.000000
Komainu
0  1.449464 -10.286691 7.920399  0.177689 -0.956140 -0.232860  0.774475 0.943237 1 20 1.000000
0  0.860597 -10.448556 7.849353  0.274456 -0.959897 -0.057189  0.747559 0.938110 1 20 1.000000
0  1.355714 -10.196604 7.800282  0.329927 -0.686544 0.647924  0.770508 0.935242 1 20 1.000000
Komainu
0  1.706546 -10.229562 7.539540  -0.025814 -0.995567 0.090447  0.789917 0.921997 1 20 1.000000
0  1.449464 -10.286691 7.920399  0.177689 -0.956140 -0.232860  0.774475 0.943237 1 20 1.000000
0  1.355714 -10.196604 7.800282  0.329927 -0.686544 0.647924  0.770508 0.935242 1 20 1.000000
Komainu
0  0.613040 -10.619211 7.356432  -0.175128 -0.936715 0.303143  0.736328 0.909363 1 20 1.000000
0  1.074464 -10.695381 7.085436  0.211852 -0.977116 -0.019043  0.752197 0.887817 1 20 1.000000
0  0.883304 -10.689522 7.371813  0.172503 -0.956762 0.234199  0.743652 0.909058 1 20 1.000000
Komainu
0  1.103762 -10.534248 7.678698  0.159638 -0.796907 0.582627  0.753357 0.926880 1 20 1.000000
0  0.613040 -10.619211 7.356432  -0.175128 -0.936715 0.303143  0.736328 0.909363 1 20 1.000000
0  0.883304 -10.689522 7.371813  0.172503 -0.956762 0.234199  0.743652 0.909058 1 20 1.000000
Komainu
0  1.337405 -10.422921 7.671375  0.617063 -0.608042 0.499517  0.764160 0.926941 1 20 1.000000
0  1.103762 -10.534248 7.678698  0.159638 -0.796907 0.582627  0.753357 0.926880 1 20 1.000000
0  0.883304 -10.689522 7.371813  0.172503 -0.956762 0.234199  0.743652 0.909058 1 20 1.000000
Komainu
0  1.337405 -10.422921 7.671375  0.617063 -0.608042 0.499517  0.764160 0.926941 1 20 1.000000
0  1.355714 -10.196604 7.800282  0.329927 -0.686544 0.647924  0.770508 0.935242 1 20 1.000000
0  1.103762 -10.534248 7.678698  0.159638 -0.796907 0.582627  0.753357 0.926880 1 20 1.000000
Komainu
0  1.355714 -10.196604 7.800282  0.329927 -0.686544 0.647924  0.770508 0.935242 1 20 1.000000
0  1.337405 -10.422921 7.671375  0.617063 -0.608042 0.499517  0.764160 0.926941 1 20 1.000000
0  1.533695 -10.096992 7.481676  0.881358 -0.365759 0.299046  0.781555 0.919617 1 20 1.000000
Komainu
0  1.706546 -10.229562 7.539540  -0.025814 -0.995567 0.090447  0.789917 0.921997 1 20 1.000000
0  1.355714 -10.196604 7.800282  0.329927 -0.686544 0.647924  0.770508 0.935242 1 20 1.000000
0  1.533695 -10.096992 7.481676  0.881358 -0.365759 0.299046  0.781555 0.919617 1 20 1.000000
Komainu
0  1.457522 -10.189278 7.234118  0.175273 -0.624539 0.761072  0.776672 0.901062 1 20 1.000000
0  1.706546 -10.229562 7.539540  -0.025814 -0.995567 0.090447  0.789917 0.921997 1 20 1.000000
0  1.533695 -10.096992 7.481676  0.881358 -0.365759 0.299046  0.781555 0.919617 1 20 1.000000
Komainu
0  1.457522 -10.189278 7.234118  0.175273 -0.624539 0.761072  0.776672 0.901062 1 20 1.000000
0  1.533695 -10.096992 7.481676  0.881358 -0.365759 0.299046  0.781555 0.919617 1 20 1.000000
0  1.497806 -10.400217 7.477284  0.754477 -0.615687 0.227365  0.771851 0.916199 1 20 1.000000
Komainu
0  1.457522 -10.189278 7.234118  0.175273 -0.624539 0.761072  0.776672 0.901062 1 20 1.000000
0  1.497806 -10.400217 7.477284  0.754477 -0.615687 0.227365  0.771851 0.916199 1 20 1.000000
0  1.377689 -10.495431 7.218006  0.676060 -0.687123 0.266092  0.767456 0.901428 1 20 1.000000
Komainu
0  0.883304 -10.689522 7.371813  0.172503 -0.956762 0.234199  0.743652 0.909058 1 20 1.000000
0  1.377689 -10.495431 7.218006  0.676060 -0.687123 0.266092  0.767456 0.901428 1 20 1.000000
0  1.497806 -10.400217 7.477284  0.754477 -0.615687 0.227365  0.771851 0.916199 1 20 1.000000
Komainu
0  0.883304 -10.689522 7.371813  0.172503 -0.956762 0.234199  0.743652 0.909058 1 20 1.000000
0  1.074464 -10.695381 7.085436  0.211852 -0.977116 -0.019043  0.752197 0.887817 1 20 1.000000
0  1.377689 -10.495431 7.218006  0.676060 -0.687123 0.266092  0.767456 0.901428 1 20 1.000000
Komainu
0  1.497806 -10.400217 7.477284  0.754477 -0.615687 0.227365  0.771851 0.916199 1 20 1.000000
0  1.337405 -10.422921 7.671375  0.617063 -0.608042 0.499517  0.764160 0.926941 1 20 1.000000
0  0.883304 -10.689522 7.371813  0.172503 -0.956762 0.234199  0.743652 0.909058 1 20 1.000000
Komainu
0  1.533695 -10.096992 7.481676  0.881358 -0.365759 0.299046  0.781555 0.919617 1 20 1.000000
0  1.337405 -10.422921 7.671375  0.617063 -0.608042 0.499517  0.764160 0.926941 1 20 1.000000
0  1.497806 -10.400217 7.477284  0.754477 -0.615687 0.227365  0.771851 0.916199 1 20 1.000000
Komainu
0  0.613040 -10.619211 7.356432  -0.175128 -0.936715 0.303143  0.736328 0.909363 1 20 1.000000
0  0.800540 -10.645578 6.874500  -0.055420 -0.966533 -0.250485  0.744751 0.876892 1 20 1.000000
0  1.074464 -10.695381 7.085436  0.211852 -0.977116 -0.019043  0.752197 0.887817 1 20 1.000000
Komainu
0  0.800540 -10.645578 6.874500  -0.055420 -0.966533 -0.250485  0.744751 0.876892 1 20 1.000000
0  1.469972 -10.542306 6.792468  0.418479 -0.902766 -0.099446  0.772583 0.872192 1 20 1.000000
0  1.074464 -10.695381 7.085436  0.211852 -0.977116 -0.019043  0.752197 0.887817 1 20 1.000000
Komainu
0  1.469972 -10.542306 6.792468  0.418479 -0.902766 -0.099446  0.772583 0.872192 1 20 1.000000
0  1.377689 -10.495431 7.218006  0.676060 -0.687123 0.266092  0.767456 0.901428 1 20 1.000000
0  1.074464 -10.695381 7.085436  0.211852 -0.977116 -0.019043  0.752197 0.887817 1 20 1.000000
Komainu
0  1.377689 -10.495431 7.218006  0.676060 -0.687123 0.266092  0.767456 0.901428 1 20 1.000000
0  1.469972 -10.542306 6.792468  0.418479 -0.902766 -0.099446  0.772583 0.872192 1 20 1.000000
0  1.500002 -10.438302 7.149891  0.370667 -0.746494 0.552587  0.776977 0.895325 1 20 1.000000
Komainu
0  1.457522 -10.189278 7.234118  0.175273 -0.624539 0.761072  0.776672 0.901062 1 20 1.000000
0  1.377689 -10.495431 7.218006  0.676060 -0.687123 0.266092  0.767456 0.901428 1 20 1.000000
0  1.500002 -10.438302 7.149891  0.370667 -0.746494 0.552587  0.776977 0.895325 1 20 1.000000
Komainu
0  1.500002 -10.438302 7.149891  0.370667 -0.746494 0.552587  0.776977 0.895325 1 20 1.000000
0  1.634768 -10.285227 7.301502  -0.056892 -0.864901 0.498709  0.784363 0.900696 1 20 1.000000
0  1.457522 -10.189278 7.234118  0.175273 -0.624539 0.761072  0.776672 0.901062 1 20 1.000000
Komainu
0  1.457522 -10.189278 7.234118  0.175273 -0.624539 0.761072  0.776672 0.901062 1 20 1.000000
0  1.634768 -10.285227 7.301502  -0.056892 -0.864901 0.498709  0.784363 0.900696 1 20 1.000000
0  1.706546 -10.229562 7.539540  -0.025814 -0.995567 0.090447  0.789917 0.921997 1 20 1.000000
Komainu
0  1.634768 -10.285227 7.301502  -0.056892 -0.864901 0.498709  0.784363 0.900696 1 20 1.000000
0  2.030275 -9.976143 7.907214  0.855567 -0.425222 0.295280  0.804138 0.944641 1 20 1.000000
0  1.706546 -10.229562 7.539540  -0.025814 -0.995567 0.090447  0.789917 0.921997 1 20 1.000000
Komainu
0  2.030275 -9.976143 7.907214  0.855567 -0.425222 0.295280  0.804138 0.944641 1 20 1.000000
0  1.449464 -10.286691 7.920399  0.177689 -0.956140 -0.232860  0.774475 0.943237 1 20 1.000000
0  1.706546 -10.229562 7.539540  -0.025814 -0.995567 0.090447  0.789917 0.921997 1 20 1.000000
Komainu
0  2.030275 -9.976143 7.907214  0.855567 -0.425222 0.295280  0.804138 0.944641 1 20 1.000000
0  1.525637 -10.176096 8.329821  0.460192 -0.691578 0.556725  0.778809 0.967285 1 20 1.000000
0  1.449464 -10.286691 7.920399  0.177689 -0.956140 -0.232860  0.774475 0.943237 1 20 1.000000
Komainu
0  1.525637 -10.176096 8.329821  0.460192 -0.691578 0.556725  0.778809 0.967285 1 20 1.000000
0  0.860597 -10.448556 7.849353  0.274456 -0.959897 -0.057189  0.747559 0.938110 1 20 1.000000
0  1.449464 -10.286691 7.920399  0.177689 -0.956140 -0.232860  0.774475 0.943237 1 20 1.000000
Komainu
0  1.525637 -10.176096 8.329821  0.460192 -0.691578 0.556725  0.778809 0.967285 1 20 1.000000
0  0.793946 -10.398018 8.370105  -0.052848 -0.776725 0.627619  0.741394 0.968018 1 20 1.000000
0  0.860597 -10.448556 7.849353  0.274456 -0.959897 -0.057189  0.747559 0.938110 1 20 1.000000
Komainu
0  0.356690 -10.555490 7.943835  -0.271178 -0.910074 0.313412  0.716553 0.942749 1 20 1.000000
0  0.860597 -10.448556 7.849353  0.274456 -0.959897 -0.057189  0.747559 0.938110 1 20 1.000000
0  0.793946 -10.398018 8.370105  -0.052848 -0.776725 0.627619  0.741394 0.968018 1 20 1.000000
Komainu
0  0.356690 -10.555490 7.943835  -0.271178 -0.910074 0.313412  0.716553 0.942749 1 20 1.000000
0  0.793946 -10.398018 8.370105  -0.052848 -0.776725 0.627619  0.741394 0.968018 1 20 1.000000
0  0.077639 -10.202463 8.066883  -0.564105 -0.572692 0.594819  0.698425 0.961182 1 20 1.000000
Komainu
0  0.356690 -10.555490 7.943835  -0.271178 -0.910074 0.313412  0.716553 0.942749 1 20 1.000000
0  0.077639 -10.202463 8.066883  -0.564105 -0.572692 0.594819  0.698425 0.961182 1 20 1.000000
0  0.003665 -10.436106 7.173327  -0.772952 -0.632038 -0.055425  0.690369 0.904297 1 20 1.000000
Komainu
0  0.003665 -10.436106 7.173327  -0.772952 -0.632038 -0.055425  0.690369 0.904297 1 20 1.000000
0  0.213869 -10.647774 7.317615  -0.366432 -0.927743 0.070855  0.710388 0.906555 1 20 1.000000
0  0.356690 -10.555490 7.943835  -0.271178 -0.910074 0.313412  0.716553 0.942749 1 20 1.000000
Komainu
0  0.003665 -10.436106 7.173327  -0.772952 -0.632038 -0.055425  0.690369 0.904297 1 20 1.000000
0  0.420413 -10.652901 6.592518  -0.264768 -0.937900 -0.224147  0.724365 0.862976 1 20 1.000000
0  0.213869 -10.647774 7.317615  -0.366432 -0.927743 0.070855  0.710388 0.906555 1 20 1.000000
Komainu
0  0.800540 -10.645578 6.874500  0.128950 -0.991635 0.005700  0.744751 0.876892 1 20 1.000000
0  0.213869 -10.647774 7.317615  -0.366432 -0.927743 0.070855  0.710388 0.906555 1 20 1.000000
0  0.420413 -10.652901 6.592518  -0.264768 -0.937900 -0.224147  0.724365 0.862976 1 20 1.000000
Komainu
0  0.613040 -10.619211 7.356432  0.110323 -0.985871 0.126044  0.736328 0.909363 1 20 1.000000
0  0.860597 -10.448556 7.849353  0.274456 -0.959897 -0.057189  0.747559 0.938110 1 20 1.000000
0  0.356690 -10.555490 7.943835  -0.271178 -0.910074 0.313412  0.716553 0.942749 1 20 1.000000
Komainu
0  0.356690 -10.555490 7.943835  -0.271178 -0.910074 0.313412  0.716553 0.942749 1 20 1.000000
0  0.213869 -10.647774 7.317615  -0.366432 -0.927743 0.070855  0.710388 0.906555 1 20 1.000000
0  0.613040 -10.619211 7.356432  0.110323 -0.985871 0.126044  0.736328 0.909363 1 20 1.000000
Komainu
0  0.800540 -10.645578 6.874500  0.128950 -0.991635 0.005700  0.744751 0.876892 1 20 1.000000
0  0.613040 -10.619211 7.356432  0.110323 -0.985871 0.126044  0.736328 0.909363 1 20 1.000000
0  0.213869 -10.647774 7.317615  -0.366432 -0.927743 0.070855  0.710388 0.906555 1 20 1.000000
Komainu
0  1.634768 -10.285227 7.301502  -0.056892 -0.864901 0.498709  0.784363 0.900696 1 20 1.000000
0  2.099123 -10.105782 7.154286  0.854467 -0.518182 0.037052  0.806274 0.901001 1 20 1.000000
0  2.030275 -9.976143 7.907214  0.855567 -0.425222 0.295280  0.804138 0.944641 1 20 1.000000
Komainu
0  1.500002 -10.438302 7.149891  0.370667 -0.746494 0.552587  0.776977 0.895325 1 20 1.000000
0  2.099123 -10.105782 7.154286  0.854467 -0.518182 0.037052  0.806274 0.901001 1 20 1.000000
0  1.634768 -10.285227 7.301502  -0.056892 -0.864901 0.498709  0.784363 0.900696 1 20 1.000000
Komainu
0  1.500002 -10.438302 7.149891  0.370667 -0.746494 0.552587  0.776977 0.895325 1 20 1.000000
0  1.898438 -10.296946 6.766833  0.664552 -0.730115 -0.159070  0.795227 0.879333 1 20 1.000000
0  2.099123 -10.105782 7.154286  0.854467 -0.518182 0.037052  0.806274 0.901001 1 20 1.000000
Komainu
0  1.500002 -10.438302 7.149891  0.370667 -0.746494 0.552587  0.776977 0.895325 1 20 1.000000
0  1.469972 -10.542306 6.792468  0.418479 -0.902766 -0.099446  0.772583 0.872192 1 20 1.000000
0  1.898438 -10.296946 6.766833  0.664552 -0.730115 -0.159070  0.795227 0.879333 1 20 1.000000
Komainu
0  1.469972 -10.542306 6.792468  0.418479 -0.902766 -0.099446  0.772583 0.872192 1 20 1.000000
0  1.886720 -10.190010 6.632067  0.713740 -0.430430 -0.552545  0.798950 0.871582 1 20 1.000000
0  1.898438 -10.296946 6.766833  0.664552 -0.730115 -0.159070  0.795227 0.879333 1 20 1.000000
Komainu
0  1.469972 -10.542306 6.792468  0.418479 -0.902766 -0.099446  0.772583 0.872192 1 20 1.000000
0  1.335206 -10.441233 6.610095  0.222957 -0.812813 -0.538168  0.769531 0.862488 1 20 1.000000
0  1.886720 -10.190010 6.632067  0.713740 -0.430430 -0.552545  0.798950 0.871582 1 20 1.000000
Komainu
0  0.800540 -10.645578 6.874500  -0.055420 -0.966533 -0.250485  0.744751 0.876892 1 20 1.000000
0  1.335206 -10.441233 6.610095  0.222957 -0.812813 -0.538168  0.769531 0.862488 1 20 1.000000
0  1.469972 -10.542306 6.792468  0.418479 -0.902766 -0.099446  0.772583 0.872192 1 20 1.000000
Komainu
0  1.886720 -10.190010 6.632067  0.713740 -0.430430 -0.552545  0.798950 0.871582 1 20 1.000000
0  2.099123 -10.105782 7.154286  0.854467 -0.518182 0.037052  0.806274 0.901001 1 20 1.000000
0  1.898438 -10.296946 6.766833  0.664552 -0.730115 -0.159070  0.795227 0.879333 1 20 1.000000
Komainu
0  1.886720 -10.190010 6.632067  0.713740 -0.430430 -0.552545  0.798950 0.871582 1 20 1.000000
0  2.074951 -9.798165 7.113270  0.998029 0.030692 -0.054739  0.815430 0.900757 1 20 1.000000
0  2.099123 -10.105782 7.154286  0.854467 -0.518182 0.037052  0.806274 0.901001 1 20 1.000000
Komainu
0  2.074951 -9.798165 7.113270  0.998029 0.030692 -0.054739  0.815430 0.900757 1 20 1.000000
0  2.030275 -9.976143 7.907214  0.855567 -0.425222 0.295280  0.804138 0.944641 1 20 1.000000
0  2.099123 -10.105782 7.154286  0.854467 -0.518182 0.037052  0.806274 0.901001 1 20 1.000000
Komainu
0  2.074951 -9.798165 7.113270  0.998029 0.030692 -0.054739  0.815430 0.900757 1 20 1.000000
0  1.930666 -9.605537 8.086659  0.894083 -0.062325 0.443544  0.811340 0.958252 1 20 1.000000
0  2.030275 -9.976143 7.907214  0.855567 -0.425222 0.295280  0.804138 0.944641 1 20 1.000000
Komainu
0  1.525637 -10.176096 8.329821  0.460192 -0.691578 0.556725  0.778809 0.967285 1 20 1.000000
0  2.030275 -9.976143 7.907214  0.855567 -0.425222 0.295280  0.804138 0.944641 1 20 1.000000
0  1.930666 -9.605537 8.086659  0.894083 -0.062325 0.443544  0.811340 0.958252 1 20 1.000000
Komainu
0  1.525637 -10.176096 8.329821  0.460192 -0.691578 0.556725  0.778809 0.967285 1 20 1.000000
0  1.930666 -9.605537 8.086659  0.894083 -0.062325 0.443544  0.811340 0.958252 1 20 1.000000
0  1.456057 -9.710274 8.544420  0.448773 -0.304949 0.840006  0.784668 0.990356 1 20 1.000000
Komainu
0  0.793946 -10.398018 8.370105  -0.052848 -0.776725 0.627619  0.741394 0.968018 1 20 1.000000
0  1.525637 -10.176096 8.329821  0.460192 -0.691578 0.556725  0.778809 0.967285 1 20 1.000000
0  1.456057 -9.710274 8.544420  0.448773 -0.304949 0.840006  0.784668 0.990356 1 20 1.000000
Komainu
0  0.793946 -10.398018 8.370105  -0.052848 -0.776725 0.627619  0.741394 0.968018 1 20 1.000000
0  1.456057 -9.710274 8.544420  0.448773 -0.304949 0.840006  0.784668 0.990356 1 20 1.000000
0  0.749269 -9.911691 8.589830  -0.146694 -0.417795 0.896621  0.742371 0.990356 1 20 1.000000
Komainu
0  0.793946 -10.398018 8.370105  -0.052848 -0.776725 0.627619  0.741394 0.968018 1 20 1.000000
0  0.749269 -9.911691 8.589830  -0.146694 -0.417795 0.896621  0.742371 0.990356 1 20 1.000000
0  0.077639 -10.202463 8.066883  -0.564105 -0.572692 0.594819  0.698425 0.961182 1 20 1.000000
Komainu
0  2.074951 -9.798165 7.113270  0.998029 0.030692 -0.054739  0.815430 0.900757 1 20 1.000000
0  2.101321 -9.659739 7.196766  0.988560 0.073777 0.131551  0.820068 0.907776 1 20 1.000000
0  1.930666 -9.605537 8.086659  0.894083 -0.062325 0.443544  0.811340 0.958252 1 20 1.000000
Komainu
0  0.420413 -10.652901 6.592518  -0.264768 -0.937900 -0.224147  0.724365 0.862976 1 20 1.000000
0  1.335206 -10.441233 6.610095  0.330316 -0.943798 0.011698  0.769531 0.862488 1 20 1.000000
0  0.800540 -10.645578 6.874500  0.128950 -0.991635 0.005700  0.744751 0.876892 1 20 1.000000
Komainu
0  0.420413 -10.652901 6.592518  -0.264768 -0.937900 -0.224147  0.724365 0.862976 1 20 1.000000
0  1.194581 -10.538643 6.275379  0.209417 -0.911992 -0.352725  0.762756 0.842346 1 20 1.000000
0  1.335206 -10.441233 6.610095  0.330316 -0.943798 0.011698  0.769531 0.862488 1 20 1.000000
Komainu
0  1.335206 -10.441233 6.610095  0.330316 -0.943798 0.011698  0.769531 0.862488 1 20 1.000000
0  1.194581 -10.538643 6.275379  0.209417 -0.911992 -0.352725  0.762756 0.842346 1 20 1.000000
0  1.787111 -10.243479 6.276843  0.476251 -0.827071 -0.298561  0.800049 0.844727 1 20 1.000000
Komainu
0  1.733645 -10.148994 6.074694  0.193517 -0.307449 -0.931679  0.801880 0.835144 1 20 1.000000
0  1.787111 -10.243479 6.276843  0.476251 -0.827071 -0.298561  0.800049 0.844727 1 20 1.000000
0  1.194581 -10.538643 6.275379  0.209417 -0.911992 -0.352725  0.762756 0.842346 1 20 1.000000
Komainu
0  2.459473 -9.787179 6.369861  0.678962 -0.644805 -0.351052  0.837341 0.856445 1 20 1.000000
0  1.787111 -10.243479 6.276843  0.476251 -0.827071 -0.298561  0.800049 0.844727 1 20 1.000000
0  1.733645 -10.148994 6.074694  0.193517 -0.307449 -0.931679  0.801880 0.835144 1 20 1.000000
Komainu
0  2.459473 -9.787179 6.369861  0.678962 -0.644805 -0.351052  0.837341 0.856445 1 20 1.000000
0  1.733645 -10.148994 6.074694  0.193517 -0.307449 -0.931679  0.801880 0.835144 1 20 1.000000
0  2.382571 -9.716133 6.189684  0.384478 -0.065029 -0.920841  0.837830 0.848389 1 20 1.000000
Komainu
0  2.927491 -9.249582 6.588123  0.856984 -0.239312 -0.456408  0.867310 0.870789 1 20 1.000000
0  2.459473 -9.787179 6.369861  0.678962 -0.644805 -0.351052  0.837341 0.856445 1 20 1.000000
0  2.382571 -9.716133 6.189684  0.384478 -0.065029 -0.920841  0.837830 0.848389 1 20 1.000000
Komainu
0  2.927491 -9.249582 6.588123  0.856984 -0.239312 -0.456408  0.867310 0.870789 1 20 1.000000
0  2.382571 -9.716133 6.189684  0.384478 -0.065029 -0.920841  0.837830 0.848389 1 20 1.000000
0  2.841064 -9.130198 6.490710  0.584784 0.263048 -0.767355  0.869141 0.865356 1 20 1.000000
Komainu
0  2.927491 -9.249582 6.588123  0.856984 -0.239312 -0.456408  0.867310 0.870789 1 20 1.000000
0  2.841064 -9.130198 6.490710  0.584784 0.263048 -0.767355  0.869141 0.865356 1 20 1.000000
0  3.044680 -8.700996 7.001208  0.719849 0.407411 -0.561991  0.895996 0.893555 1 20 1.000000
Komainu
0  2.841064 -9.130198 6.490710  0.584784 0.263048 -0.767355  0.869141 0.865356 1 20 1.000000
0  2.790529 -9.005685 6.558093  0.252008 0.532766 -0.807869  0.870972 0.859924 1 20 1.000000
0  3.044680 -8.700996 7.001208  0.719849 0.407411 -0.561991  0.895996 0.893555 1 20 1.000000
Komainu
0  2.841064 -9.130198 6.490710  0.584784 0.263048 -0.767355  0.869141 0.865356 1 20 1.000000
0  2.318116 -9.612129 6.241686  -0.014956 0.393803 -0.919073  0.838318 0.840332 1 20 1.000000
0  2.790529 -9.005685 6.558093  0.252008 0.532766 -0.807869  0.870972 0.859924 1 20 1.000000
Komainu
0  2.841064 -9.130198 6.490710  0.584784 0.263048 -0.767355  0.869141 0.865356 1 20 1.000000
0  2.382571 -9.716133 6.189684  0.384478 -0.065029 -0.920841  0.837830 0.848389 1 20 1.000000
0  2.318116 -9.612129 6.241686  -0.014956 0.393803 -0.919073  0.838318 0.840332 1 20 1.000000
Komainu
0  2.382571 -9.716133 6.189684  0.384478 -0.065029 -0.920841  0.837830 0.848389 1 20 1.000000
0  1.642823 -10.016427 6.107656  -0.089559 0.197299 -0.976244  0.803650 0.825500 1 20 1.000000
0  2.318116 -9.612129 6.241686  -0.014956 0.393803 -0.919073  0.838318 0.840332 1 20 1.000000
Komainu
0  2.382571 -9.716133 6.189684  0.384478 -0.065029 -0.920841  0.837830 0.848389 1 20 1.000000
0  1.733645 -10.148994 6.074694  0.193517 -0.307449 -0.931679  0.801880 0.835144 1 20 1.000000
0  1.642823 -10.016427 6.107656  -0.089559 0.197299 -0.976244  0.803650 0.825500 1 20 1.000000
Komainu
0  1.733645 -10.148994 6.074694  0.193517 -0.307449 -0.931679  0.801880 0.835144 1 20 1.000000
0  0.928712 -10.195869 6.194079  -0.281431 -0.035090 -0.958940  0.761352 0.826050 1 20 1.000000
0  1.642823 -10.016427 6.107656  -0.089559 0.197299 -0.976244  0.803650 0.825500 1 20 1.000000
Komainu
0  1.733645 -10.148994 6.074694  0.193517 -0.307449 -0.931679  0.801880 0.835144 1 20 1.000000
0  1.069337 -10.419258 6.167712  -0.125935 -0.424378 -0.896685  0.762024 0.834229 1 20 1.000000
0  0.928712 -10.195869 6.194079  -0.281431 -0.035090 -0.958940  0.761352 0.826050 1 20 1.000000
Komainu
0  0.280520 -10.368723 6.511950  -0.688712 -0.205699 -0.695244  0.712585 0.848877 1 20 1.000000
0  0.928712 -10.195869 6.194079  -0.281431 -0.035090 -0.958940  0.761352 0.826050 1 20 1.000000
0  1.069337 -10.419258 6.167712  -0.125935 -0.424378 -0.896685  0.762024 0.834229 1 20 1.000000
Komainu
0  0.280520 -10.368723 6.511950  -0.688712 -0.205699 -0.695244  0.712585 0.848877 1 20 1.000000
0  1.069337 -10.419258 6.167712  -0.125935 -0.424378 -0.896685  0.762024 0.834229 1 20 1.000000
0  0.331790 -10.558419 6.515613  -0.594095 -0.528109 -0.606756  0.718445 0.855896 1 20 1.000000
Komainu
0  0.280520 -10.368723 6.511950  -0.688712 -0.205699 -0.695244  0.712585 0.848877 1 20 1.000000
0  0.331790 -10.558419 6.515613  -0.594095 -0.528109 -0.606756  0.718445 0.855896 1 20 1.000000
0  0.003665 -10.436106 7.173327  -0.772952 -0.632038 -0.055425  0.690369 0.904297 1 20 1.000000
Komainu
0  0.331790 -10.558419 6.515613  -0.594095 -0.528109 -0.606756  0.718445 0.855896 1 20 1.000000
0  0.420413 -10.652901 6.592518  -0.264768 -0.937900 -0.224147  0.724365 0.862976 1 20 1.000000
0  0.003665 -10.436106 7.173327  -0.772952 -0.632038 -0.055425  0.690369 0.904297 1 20 1.000000
Komainu
0  0.331790 -10.558419 6.515613  -0.594095 -0.528109 -0.606756  0.718445 0.855896 1 20 1.000000
0  1.194581 -10.538643 6.275379  0.209417 -0.911992 -0.352725  0.762756 0.842346 1 20 1.000000
0  0.420413 -10.652901 6.592518  -0.264768 -0.937900 -0.224147  0.724365 0.862976 1 20 1.000000
Komainu
0  0.331790 -10.558419 6.515613  -0.594095 -0.528109 -0.606756  0.718445 0.855896 1 20 1.000000
0  1.069337 -10.419258 6.167712  -0.125935 -0.424378 -0.896685  0.762024 0.834229 1 20 1.000000
0  1.194581 -10.538643 6.275379  0.209417 -0.911992 -0.352725  0.762756 0.842346 1 20 1.000000
Komainu
0  1.733645 -10.148994 6.074694  0.193517 -0.307449 -0.931679  0.801880 0.835144 1 20 1.000000
0  1.194581 -10.538643 6.275379  0.209417 -0.911992 -0.352725  0.762756 0.842346 1 20 1.000000
0  1.069337 -10.419258 6.167712  -0.125935 -0.424378 -0.896685  0.762024 0.834229 1 20 1.000000
Komainu
0  3.312745 -8.826240 7.859607  0.943371 -0.114032 0.311525  0.890076 0.943115 1 20 1.000000
0  3.167725 -8.566232 7.434801  0.803597 0.579841 -0.134226  0.903015 0.923889 1 20 1.000000
0  3.128176 -8.595528 7.924059  0.746715 0.527450 0.405233  0.896301 0.951477 1 20 1.000000
Komainu
0  3.312745 -8.826240 7.859607  0.943371 -0.114032 0.311525  0.890076 0.943115 1 20 1.000000
0  3.358888 -8.799872 7.517565  0.998445 -0.051979 -0.020149  0.893494 0.923889 1 20 1.000000
0  3.167725 -8.566232 7.434801  0.803597 0.579841 -0.134226  0.903015 0.923889 1 20 1.000000
Komainu
0  3.358888 -8.799872 7.517565  0.998445 -0.051979 -0.020149  0.893494 0.923889 1 20 1.000000
0  3.044680 -8.700996 7.001208  0.719849 0.407411 -0.561991  0.895996 0.893555 1 20 1.000000
0  3.167725 -8.566232 7.434801  0.803597 0.579841 -0.134226  0.903015 0.923889 1 20 1.000000
Komainu
0  3.358888 -8.799872 7.517565  0.998445 -0.051979 -0.020149  0.893494 0.923889 1 20 1.000000
0  3.274660 -8.998361 7.094226  0.943569 -0.154508 -0.292923  0.885986 0.902649 1 20 1.000000
0  3.044680 -8.700996 7.001208  0.719849 0.407411 -0.561991  0.895996 0.893555 1 20 1.000000
Komainu
0  3.044680 -8.700996 7.001208  0.719849 0.407411 -0.561991  0.895996 0.893555 1 20 1.000000
0  3.274660 -8.998361 7.094226  0.943569 -0.154508 -0.292923  0.885986 0.902649 1 20 1.000000
0  2.927491 -9.249582 6.588123  0.856984 -0.239312 -0.456408  0.867310 0.870789 1 20 1.000000
Komainu
0  1.335206 -10.441233 6.610095  0.330316 -0.943798 0.011698  0.769531 0.862488 1 20 1.000000
0  1.787111 -10.243479 6.276843  0.476251 -0.827071 -0.298561  0.800049 0.844727 1 20 1.000000
0  1.886720 -10.190010 6.632067  0.507185 -0.847342 0.157401  0.798950 0.871582 1 20 1.000000
Komainu
0  1.886720 -10.190010 6.632067  0.507185 -0.847342 0.157401  0.798950 0.871582 1 20 1.000000
0  1.787111 -10.243479 6.276843  0.476251 -0.827071 -0.298561  0.800049 0.844727 1 20 1.000000
0  2.459473 -9.787179 6.369861  0.678962 -0.644805 -0.351052  0.837341 0.856445 1 20 1.000000
Komainu
0  1.886720 -10.190010 6.632067  0.507185 -0.847342 0.157401  0.798950 0.871582 1 20 1.000000
0  2.459473 -9.787179 6.369861  0.678962 -0.644805 -0.351052  0.837341 0.856445 1 20 1.000000
0  2.516603 -9.773262 6.681141  0.569704 -0.800531 0.185977  0.834656 0.876831 1 20 1.000000
Komainu
0  2.927491 -9.249582 6.588123  0.856984 -0.239312 -0.456408  0.867310 0.870789 1 20 1.000000
0  2.516603 -9.773262 6.681141  0.569704 -0.800531 0.185977  0.834656 0.876831 1 20 1.000000
0  2.459473 -9.787179 6.369861  0.678962 -0.644805 -0.351052  0.837341 0.856445 1 20 1.000000
Komainu
0  2.927491 -9.249582 6.588123  0.856984 -0.239312 -0.456408  0.867310 0.870789 1 20 1.000000
0  2.863039 -9.458323 6.941883  0.600336 -0.781552 0.169631  0.860413 0.890991 1 20 1.000000
0  2.516603 -9.773262 6.681141  0.569704 -0.800531 0.185977  0.834656 0.876831 1 20 1.000000
Komainu
0  2.863039 -9.458323 6.941883  0.600336 -0.781552 0.169631  0.860413 0.890991 1 20 1.000000
0  2.927491 -9.249582 6.588123  0.856984 -0.239312 -0.456408  0.867310 0.870789 1 20 1.000000
0  3.274660 -8.998361 7.094226  0.943569 -0.154508 -0.292923  0.885986 0.902649 1 20 1.000000
Komainu
0  2.863039 -9.458323 6.941883  0.600336 -0.781552 0.169631  0.860413 0.890991 1 20 1.000000
0  3.274660 -8.998361 7.094226  0.943569 -0.154508 -0.292923  0.885986 0.902649 1 20 1.000000
0  3.087893 -9.138252 7.372545  0.402283 -0.829830 0.386717  0.877319 0.913269 1 20 1.000000
Komainu
0  3.274660 -8.998361 7.094226  0.943569 -0.154508 -0.292923  0.885986 0.902649 1 20 1.000000
0  3.358888 -8.799872 7.517565  0.998445 -0.051979 -0.020149  0.893494 0.923889 1 20 1.000000
0  3.087893 -9.138252 7.372545  0.402283 -0.829830 0.386717  0.877319 0.913269 1 20 1.000000
Komainu
0  3.164798 -9.038642 7.622301  0.617495 -0.786554 -0.005690  0.880737 0.928223 1 20 1.000000
0  3.087893 -9.138252 7.372545  0.402283 -0.829830 0.386717  0.877319 0.913269 1 20 1.000000
0  3.358888 -8.799872 7.517565  0.998445 -0.051979 -0.020149  0.893494 0.923889 1 20 1.000000
Komainu
0  3.164798 -9.038642 7.622301  0.617495 -0.786554 -0.005690  0.880737 0.928223 1 20 1.000000
0  3.358888 -8.799872 7.517565  0.998445 -0.051979 -0.020149  0.893494 0.923889 1 20 1.000000
0  3.312745 -8.826240 7.859607  0.943371 -0.114032 0.311525  0.890076 0.943115 1 20 1.000000
Komainu
0  3.161134 -8.952950 8.098377  0.706940 -0.276485 0.650993  0.880859 0.955872 1 20 1.000000
0  3.164798 -9.038642 7.622301  0.617495 -0.786554 -0.005690  0.880737 0.928223 1 20 1.000000
0  3.312745 -8.826240 7.859607  0.943371 -0.114032 0.311525  0.890076 0.943115 1 20 1.000000
Komainu
0  3.161134 -8.952950 8.098377  0.706940 -0.276485 0.650993  0.880859 0.955872 1 20 1.000000
0  3.312745 -8.826240 7.859607  0.943371 -0.114032 0.311525  0.890076 0.943115 1 20 1.000000
0  3.128176 -8.595528 7.924059  0.746715 0.527450 0.405233  0.896301 0.951477 1 20 1.000000
Komainu
0  3.161134 -8.952950 8.098377  0.706940 -0.276485 0.650993  0.880859 0.955872 1 20 1.000000
0  3.128176 -8.595528 7.924059  0.746715 0.527450 0.405233  0.896301 0.951477 1 20 1.000000
0  2.894533 -8.830635 8.282946  0.594416 0.023194 0.803823  0.882629 0.968567 1 20 1.000000
Komainu
0  2.914306 -9.151437 8.142321  0.454153 -0.672845 0.583974  0.866943 0.956970 1 20 1.000000
0  3.161134 -8.952950 8.098377  0.706940 -0.276485 0.650993  0.880859 0.955872 1 20 1.000000
0  2.894533 -8.830635 8.282946  0.594416 0.023194 0.803823  0.882629 0.968567 1 20 1.000000
Komainu
0  2.914306 -9.151437 8.142321  0.454153 -0.672845 0.583974  0.866943 0.956970 1 20 1.000000
0  2.894533 -8.830635 8.282946  0.594416 0.023194 0.803823  0.882629 0.968567 1 20 1.000000
0  2.658695 -9.044502 8.328357  0.188574 -0.665564 0.722125  0.858581 0.969238 1 20 1.000000
Komainu
0  2.914306 -9.151437 8.142321  0.454153 -0.672845 0.583974  0.866943 0.956970 1 20 1.000000
0  2.658695 -9.044502 8.328357  0.188574 -0.665564 0.722125  0.858581 0.969238 1 20 1.000000
0  2.742923 -9.336006 7.951893  0.185213 -0.927755 0.323985  0.856628 0.944946 1 20 1.000000
Komainu
0  2.742923 -9.336006 7.951893  0.185213 -0.927755 0.323985  0.856628 0.944946 1 20 1.000000
0  2.658695 -9.044502 8.328357  0.188574 -0.665564 0.722125  0.858581 0.969238 1 20 1.000000
0  2.383303 -9.284739 7.996569  -0.089236 -0.933959 0.346060  0.843750 0.948303 1 20 1.000000
Komainu
0  2.742923 -9.336006 7.951893  0.185213 -0.927755 0.323985  0.856628 0.944946 1 20 1.000000
0  2.383303 -9.284739 7.996569  -0.089236 -0.933959 0.346060  0.843750 0.948303 1 20 1.000000
0  2.390626 -9.312571 7.520495  -0.161481 -0.975079 -0.152133  0.844788 0.921021 1 20 1.000000
Komainu
0  2.863039 -9.458323 6.941883  0.600336 -0.781552 0.169631  0.860413 0.890991 1 20 1.000000
0  3.087893 -9.138252 7.372545  0.402283 -0.829830 0.386717  0.877319 0.913269 1 20 1.000000
0  2.719483 -9.429024 7.141101  0.276122 -0.717838 0.639113  0.853821 0.902588 1 20 1.000000
Komainu
0  2.719483 -9.429024 7.141101  0.276122 -0.717838 0.639113  0.853821 0.902588 1 20 1.000000
0  2.516603 -9.773262 6.681141  0.569704 -0.800531 0.185977  0.834656 0.876831 1 20 1.000000
0  2.863039 -9.458323 6.941883  0.600336 -0.781552 0.169631  0.860413 0.890991 1 20 1.000000
Komainu
0  3.164798 -9.038642 7.622301  0.617495 -0.786554 -0.005690  0.880737 0.928223 1 20 1.000000
0  2.971438 -9.068673 7.465563  -0.100724 -0.851321 0.514886  0.873230 0.918091 1 20 1.000000
0  3.087893 -9.138252 7.372545  0.402283 -0.829830 0.386717  0.877319 0.913269 1 20 1.000000
Komainu
0  2.597170 -9.158760 7.346178  0.150450 -0.629020 0.762692  0.856628 0.912170 1 20 1.000000
0  3.087893 -9.138252 7.372545  0.402283 -0.829830 0.386717  0.877319 0.913269 1 20 1.000000
0  2.971438 -9.068673 7.465563  -0.100724 -0.851321 0.514886  0.873230 0.918091 1 20 1.000000
Komainu
0  3.087893 -9.138252 7.372545  0.402283 -0.829830 0.386717  0.877319 0.913269 1 20 1.000000
0  2.597170 -9.158760 7.346178  0.150450 -0.629020 0.762692  0.856628 0.912170 1 20 1.000000
0  2.719483 -9.429024 7.141101  0.276122 -0.717838 0.639113  0.853821 0.902588 1 20 1.000000
Komainu
0  2.719483 -9.429024 7.141101  0.276122 -0.717838 0.639113  0.853821 0.902588 1 20 1.000000
0  2.597170 -9.158760 7.346178  0.150450 -0.629020 0.762692  0.856628 0.912170 1 20 1.000000
0  2.493166 -9.338937 7.313952  0.342093 -0.571657 0.745776  0.846863 0.909119 1 20 1.000000
Komainu
0  2.719483 -9.429024 7.141101  0.276122 -0.717838 0.639113  0.853821 0.902588 1 20 1.000000
0  2.493166 -9.338937 7.313952  0.342093 -0.571657 0.745776  0.846863 0.909119 1 20 1.000000
0  2.279299 -9.496407 7.214343  0.304753 -0.693520 0.652806  0.830627 0.906067 1 20 1.000000
Komainu
0  2.719483 -9.429024 7.141101  0.276122 -0.717838 0.639113  0.853821 0.902588 1 20 1.000000
0  2.279299 -9.496407 7.214343  0.304753 -0.693520 0.652806  0.830627 0.906067 1 20 1.000000
0  2.419189 -9.583566 7.043688  0.383529 -0.735934 0.557949  0.832825 0.898254 1 20 1.000000
Komainu
0  2.719483 -9.429024 7.141101  0.276122 -0.717838 0.639113  0.853821 0.902588 1 20 1.000000
0  2.419189 -9.583566 7.043688  0.383529 -0.735934 0.557949  0.832825 0.898254 1 20 1.000000
0  2.516603 -9.773262 6.681141  0.569704 -0.800531 0.185977  0.834656 0.876831 1 20 1.000000
Komainu
0  2.074951 -9.798165 7.113270  0.483889 -0.652650 0.583009  0.815430 0.900757 1 20 1.000000
0  2.516603 -9.773262 6.681141  0.569704 -0.800531 0.185977  0.834656 0.876831 1 20 1.000000
0  2.419189 -9.583566 7.043688  0.383529 -0.735934 0.557949  0.832825 0.898254 1 20 1.000000
Komainu
0  2.074951 -9.798165 7.113270  0.483889 -0.652650 0.583009  0.815430 0.900757 1 20 1.000000
0  1.886720 -10.190010 6.632067  0.507185 -0.847342 0.157401  0.798950 0.871582 1 20 1.000000
0  2.516603 -9.773262 6.681141  0.569704 -0.800531 0.185977  0.834656 0.876831 1 20 1.000000
Komainu
0  2.419189 -9.583566 7.043688  0.383529 -0.735934 0.557949  0.832825 0.898254 1 20 1.000000
0  2.101321 -9.659739 7.196766  0.466973 -0.548858 0.693319  0.820068 0.907776 1 20 1.000000
0  2.074951 -9.798165 7.113270  0.483889 -0.652650 0.583009  0.815430 0.900757 1 20 1.000000
Komainu
0  2.419189 -9.583566 7.043688  0.383529 -0.735934 0.557949  0.832825 0.898254 1 20 1.000000
0  2.279299 -9.496407 7.214343  0.304753 -0.693520 0.652806  0.830627 0.906067 1 20 1.000000
0  2.101321 -9.659739 7.196766  0.466973 -0.548858 0.693319  0.820068 0.907776 1 20 1.000000
Komainu
0  2.390626 -9.312571 7.520495  -0.161481 -0.975079 -0.152133  0.844788 0.921021 1 20 1.000000
0  2.750978 -9.407052 7.622301  0.161740 -0.932894 -0.321791  0.856506 0.925781 1 20 1.000000
0  2.742923 -9.336006 7.951893  0.185213 -0.927755 0.323985  0.856628 0.944946 1 20 1.000000
Komainu
0  2.597170 -9.158760 7.346178  0.182310 -0.581456 -0.792888  0.856628 0.912170 1 20 1.000000
0  2.750978 -9.407052 7.622301  0.161740 -0.932894 -0.321791  0.856506 0.925781 1 20 1.000000
0  2.390626 -9.312571 7.520495  -0.161481 -0.975079 -0.152133  0.844788 0.921021 1 20 1.000000
Komainu
0  2.597170 -9.158760 7.346178  0.182310 -0.581456 -0.792888  0.856628 0.912170 1 20 1.000000
0  2.946535 -9.223215 7.497792  0.526884 -0.555310 -0.643447  0.868774 0.919861 1 20 1.000000
0  2.750978 -9.407052 7.622301  0.161740 -0.932894 -0.321791  0.856506 0.925781 1 20 1.000000
Komainu
0  2.597170 -9.158760 7.346178  0.182310 -0.581456 -0.792888  0.856628 0.912170 1 20 1.000000
0  2.971438 -9.068673 7.465563  0.497745 -0.256652 -0.828480  0.873230 0.918091 1 20 1.000000
0  2.946535 -9.223215 7.497792  0.526884 -0.555310 -0.643447  0.868774 0.919861 1 20 1.000000
Komainu
0  3.164798 -9.038642 7.622301  0.617495 -0.786554 -0.005690  0.880737 0.928223 1 20 1.000000
0  2.946535 -9.223215 7.497792  0.526884 -0.555310 -0.643447  0.868774 0.919861 1 20 1.000000
0  2.971438 -9.068673 7.465563  0.497745 -0.256652 -0.828480  0.873230 0.918091 1 20 1.000000
Komainu
0  2.946535 -9.223215 7.497792  0.526884 -0.555310 -0.643447  0.868774 0.919861 1 20 1.000000
0  3.164798 -9.038642 7.622301  0.617495 -0.786554 -0.005690  0.880737 0.928223 1 20 1.000000
0  2.742923 -9.336006 7.951893  0.185213 -0.927755 0.323985  0.856628 0.944946 1 20 1.000000
Komainu
0  3.161134 -8.952950 8.098377  0.706940 -0.276485 0.650993  0.880859 0.955872 1 20 1.000000
0  2.742923 -9.336006 7.951893  0.185213 -0.927755 0.323985  0.856628 0.944946 1 20 1.000000
0  3.164798 -9.038642 7.622301  0.617495 -0.786554 -0.005690  0.880737 0.928223 1 20 1.000000
Komainu
0  3.161134 -8.952950 8.098377  0.706940 -0.276485 0.650993  0.880859 0.955872 1 20 1.000000
0  2.914306 -9.151437 8.142321  0.454153 -0.672845 0.583974  0.866943 0.956970 1 20 1.000000
0  2.742923 -9.336006 7.951893  0.185213 -0.927755 0.323985  0.856628 0.944946 1 20 1.000000
Komainu
0  2.946535 -9.223215 7.497792  0.526884 -0.555310 -0.643447  0.868774 0.919861 1 20 1.000000
0  2.742923 -9.336006 7.951893  0.185213 -0.927755 0.323985  0.856628 0.944946 1 20 1.000000
0  2.750978 -9.407052 7.622301  0.161740 -0.932894 -0.321791  0.856506 0.925781 1 20 1.000000
Komainu
0  -1.844236 -9.931467 5.859363  -0.393928 -0.904169 -0.165224  0.204224 0.430359 1 20 1.000000
0  -1.814941 -9.951975 5.898915  -0.380546 -0.916906 -0.120286  0.206665 0.432190 1 20 1.000000
0  -2.016356 -9.853830 5.917956  -0.507110 -0.855164 -0.107395  0.194702 0.433960 1 20 1.000000
Komainu
0  -1.814941 -9.951975 5.898915  -0.380546 -0.916906 -0.120286  0.206665 0.432190 1 20 1.000000
0  -1.814941 -9.960762 5.980212  -0.401005 -0.915344 -0.036612  0.206482 0.435974 1 20 1.000000
0  -2.016356 -9.853830 5.917956  -0.507110 -0.855164 -0.107395  0.194702 0.433960 1 20 1.000000
Komainu
0  -2.016356 -9.853830 5.917956  -0.507110 -0.855164 -0.107395  0.194702 0.433960 1 20 1.000000
0  -1.814941 -9.960762 5.980212  -0.401005 -0.915344 -0.036612  0.206482 0.435974 1 20 1.000000
0  -1.948240 -9.897774 6.051990  -0.472059 -0.880453 0.044312  0.199890 0.440002 1 20 1.000000
Komainu
0  -1.814941 -9.960762 5.980212  -0.401005 -0.915344 -0.036612  0.206482 0.435974 1 20 1.000000
0  -1.807615 -9.918282 6.343493  -0.414058 -0.858822 0.301632  0.207886 0.453003 1 20 1.000000
0  -1.948240 -9.897774 6.051990  -0.472059 -0.880453 0.044312  0.199890 0.440002 1 20 1.000000
Komainu
0  -1.814941 -9.960762 5.980212  -0.401005 -0.915344 -0.036612  0.206482 0.435974 1 20 1.000000
0  -1.346188 -10.136544 6.166248  -0.281365 -0.956052 0.082455  0.234009 0.441223 1 20 1.000000
0  -1.807615 -9.918282 6.343493  -0.414058 -0.858822 0.301632  0.207886 0.453003 1 20 1.000000
Komainu
0  -1.814941 -9.951975 5.898915  -0.380546 -0.916906 -0.120286  0.206665 0.432190 1 20 1.000000
0  -1.346188 -10.136544 6.166248  -0.281365 -0.956052 0.082455  0.234009 0.441223 1 20 1.000000
0  -1.814941 -9.960762 5.980212  -0.401005 -0.915344 -0.036612  0.206482 0.435974 1 20 1.000000
Komainu
0  -1.814941 -9.951975 5.898915  -0.380546 -0.916906 -0.120286  0.206665 0.432190 1 20 1.000000
0  -1.357909 -10.100655 5.882067  -0.222406 -0.963773 -0.147232  0.231445 0.427368 1 20 1.000000
0  -1.346188 -10.136544 6.166248  -0.281365 -0.956052 0.082455  0.234009 0.441223 1 20 1.000000
Komainu
0  -1.844236 -9.931467 5.859363  -0.393928 -0.904169 -0.165224  0.204224 0.430359 1 20 1.000000
0  -1.357909 -10.100655 5.882067  -0.222406 -0.963773 -0.147232  0.231445 0.427368 1 20 1.000000
0  -1.814941 -9.951975 5.898915  -0.380546 -0.916906 -0.120286  0.206665 0.432190 1 20 1.000000
Komainu
0  -1.844236 -9.931467 5.859363  -0.393928 -0.904169 -0.165224  0.204224 0.430359 1 20 1.000000
0  -1.469236 -10.036935 5.698962  -0.258056 -0.935846 -0.239998  0.222534 0.418091 1 20 1.000000
0  -1.357909 -10.100655 5.882067  -0.222406 -0.963773 -0.147232  0.231445 0.427368 1 20 1.000000
Komainu
0  -2.016356 -9.853830 5.917956  -0.507110 -0.855164 -0.107395  0.194702 0.433960 1 20 1.000000
0  -1.948240 -9.897774 6.051990  -0.472059 -0.880453 0.044312  0.199890 0.440002 1 20 1.000000
0  -2.046386 -9.837717 6.046131  -0.535936 -0.841971 0.062105  0.193237 0.440125 1 20 1.000000
Komainu
0  -1.948240 -9.897774 6.051990  -0.472059 -0.880453 0.044312  0.199890 0.440002 1 20 1.000000
0  -2.143067 -9.727119 6.340563  -0.557420 -0.769338 0.312092  0.187256 0.454285 1 20 1.000000
0  -2.046386 -9.837717 6.046131  -0.535936 -0.841971 0.062105  0.193237 0.440125 1 20 1.000000
Komainu
0  -1.948240 -9.897774 6.051990  -0.472059 -0.880453 0.044312  0.199890 0.440002 1 20 1.000000
0  -1.807615 -9.918282 6.343493  -0.414058 -0.858822 0.301632  0.207886 0.453003 1 20 1.000000
0  -2.143067 -9.727119 6.340563  -0.557420 -0.769338 0.312092  0.187256 0.454285 1 20 1.000000
Komainu
0  -1.807615 -9.918282 6.343493  -0.414058 -0.858822 0.301632  0.207886 0.453003 1 20 1.000000
0  -2.212646 -9.505929 6.576406  -0.521108 -0.806931 -0.278044  0.179565 0.467163 1 20 1.000000
0  -2.143067 -9.727119 6.340563  -0.557420 -0.769338 0.312092  0.187256 0.454285 1 20 1.000000
Komainu
0  -1.807615 -9.918282 6.343493  -0.414058 -0.858822 0.301632  0.207886 0.453003 1 20 1.000000
0  -1.758545 -9.815010 6.568347  -0.499825 -0.822110 -0.272599  0.209534 0.463989 1 20 1.000000
0  -2.212646 -9.505929 6.576406  -0.521108 -0.806931 -0.278044  0.179565 0.467163 1 20 1.000000
Komainu
0  -1.346188 -10.136544 6.166248  -0.281365 -0.956052 0.082455  0.234009 0.441223 1 20 1.000000
0  -1.758545 -9.815010 6.568347  -0.499825 -0.822110 -0.272599  0.209534 0.463989 1 20 1.000000
0  -1.807615 -9.918282 6.343493  -0.414058 -0.858822 0.301632  0.207886 0.453003 1 20 1.000000
Komainu
0  -1.346188 -10.136544 6.166248  -0.281365 -0.956052 0.082455  0.234009 0.441223 1 20 1.000000
0  -1.047361 -10.178292 6.316395  -0.556885 -0.814840 -0.160982  0.249268 0.445312 1 20 1.000000
0  -1.758545 -9.815010 6.568347  -0.499825 -0.822110 -0.272599  0.209534 0.463989 1 20 1.000000
Komainu
0  -1.357909 -10.100655 5.882067  -0.222406 -0.963773 -0.147232  0.231445 0.427368 1 20 1.000000
0  -1.047361 -10.178292 6.316395  -0.556885 -0.814840 -0.160982  0.249268 0.445312 1 20 1.000000
0  -1.346188 -10.136544 6.166248  -0.281365 -0.956052 0.082455  0.234009 0.441223 1 20 1.000000
Komainu
0  -1.357909 -10.100655 5.882067  -0.222406 -0.963773 -0.147232  0.231445 0.427368 1 20 1.000000
0  -1.036375 -10.145334 5.887926  -0.644975 -0.761799 -0.060575  0.249268 0.424500 1 20 1.000000
0  -1.047361 -10.178292 6.316395  -0.556885 -0.814840 -0.160982  0.249268 0.445312 1 20 1.000000
Komainu
0  -1.469236 -10.036935 5.698962  -0.258056 -0.935846 -0.239998  0.222534 0.418091 1 20 1.000000
0  -1.036375 -10.145334 5.887926  -0.644975 -0.761799 -0.060575  0.249268 0.424500 1 20 1.000000
0  -1.357909 -10.100655 5.882067  -0.222406 -0.963773 -0.147232  0.231445 0.427368 1 20 1.000000
Komainu
0  -1.469236 -10.036935 5.698962  -0.258056 -0.935846 -0.239998  0.222534 0.418091 1 20 1.000000
0  -1.113280 -10.061106 5.572986  -0.653370 -0.756818 0.018278  0.242004 0.406616 1 20 1.000000
0  -1.036375 -10.145334 5.887926  -0.644975 -0.761799 -0.060575  0.249268 0.424500 1 20 1.000000
Komainu
0  -1.603270 -9.960030 5.597889  -0.318255 -0.886134 -0.336868  0.214355 0.413879 1 20 1.000000
0  -1.113280 -10.061106 5.572986  -0.653370 -0.756818 0.018278  0.242004 0.406616 1 20 1.000000
0  -1.469236 -10.036935 5.698962  -0.258056 -0.935846 -0.239998  0.222534 0.418091 1 20 1.000000
Komainu
0  -1.603270 -9.960030 5.597889  -0.318255 -0.886134 -0.336868  0.214355 0.413879 1 20 1.000000
0  -1.261228 -9.965889 5.374500  -0.594007 -0.800457 0.080153  0.227966 0.397949 1 20 1.000000
0  -1.113280 -10.061106 5.572986  -0.653370 -0.756818 0.018278  0.242004 0.406616 1 20 1.000000
Komainu
0  -1.593017 -9.757881 5.247792  -0.500944 -0.860598 0.091793  0.208801 0.392883 1 20 1.000000
0  -1.261228 -9.965889 5.374500  -0.594007 -0.800457 0.080153  0.227966 0.397949 1 20 1.000000
0  -1.603270 -9.960030 5.597889  -0.318255 -0.886134 -0.336868  0.214355 0.413879 1 20 1.000000
Komainu
0  -1.593017 -9.757881 5.247792  -0.500944 -0.860598 0.091793  0.208801 0.392883 1 20 1.000000
0  -1.603270 -9.960030 5.597889  -0.318255 -0.886134 -0.336868  0.214355 0.413879 1 20 1.000000
0  -1.754150 -9.853098 5.488026  -0.412374 -0.806234 -0.424187  0.204407 0.408752 1 20 1.000000
Komainu
0  -2.083739 -9.664865 5.520984  -0.521857 -0.738200 -0.427465  0.183838 0.413025 1 20 1.000000
0  -1.593017 -9.757881 5.247792  -0.500944 -0.860598 0.091793  0.208801 0.392883 1 20 1.000000
0  -1.754150 -9.853098 5.488026  -0.412374 -0.806234 -0.424187  0.204407 0.408752 1 20 1.000000
Komainu
0  -1.945312 -9.869211 5.794176  -0.464987 -0.851081 -0.243819  0.197327 0.428223 1 20 1.000000
0  -2.083739 -9.664865 5.520984  -0.521857 -0.738200 -0.427465  0.183838 0.413025 1 20 1.000000
0  -1.754150 -9.853098 5.488026  -0.412374 -0.806234 -0.424187  0.204407 0.408752 1 20 1.000000
Komainu
0  -1.945312 -9.869211 5.794176  -0.464987 -0.851081 -0.243819  0.197327 0.428223 1 20 1.000000
0  -1.754150 -9.853098 5.488026  -0.412374 -0.806234 -0.424187  0.204407 0.408752 1 20 1.000000
0  -1.603270 -9.960030 5.597889  -0.318255 -0.886134 -0.336868  0.214355 0.413879 1 20 1.000000
Komainu
0  -1.945312 -9.869211 5.794176  -0.464987 -0.851081 -0.243819  0.197327 0.428223 1 20 1.000000
0  -1.603270 -9.960030 5.597889  -0.318255 -0.886134 -0.336868  0.214355 0.413879 1 20 1.000000
0  -1.899902 -9.897774 5.823474  -0.414330 -0.887050 -0.203649  0.200439 0.429199 1 20 1.000000
Komainu
0  -2.143067 -9.727119 6.340563  -0.557420 -0.769338 0.312092  0.187256 0.454285 1 20 1.000000
0  -2.212646 -9.505929 6.576406  -0.521108 -0.806931 -0.278044  0.179565 0.467163 1 20 1.000000
0  -2.619872 -9.185862 6.396960  -0.500403 -0.842755 -0.198398  0.148682 0.459351 1 20 1.000000
Komainu
0  -2.083739 -9.664865 5.520984  -0.521857 -0.738200 -0.427465  0.183838 0.413025 1 20 1.000000
0  -2.099120 -9.497871 5.320299  -0.472032 -0.880463 0.044389  0.181885 0.399231 1 20 1.000000
0  -1.593017 -9.757881 5.247792  -0.500944 -0.860598 0.091793  0.208801 0.392883 1 20 1.000000
Komainu
0  -2.391356 -9.565254 6.232899  -0.702027 -0.693913 0.160132  0.172485 0.451294 1 20 1.000000
0  -2.619872 -9.185862 6.396960  -0.500403 -0.842755 -0.198398  0.148682 0.459351 1 20 1.000000
0  -2.693114 -9.096504 6.172107  -0.487247 -0.871486 -0.055691  0.141113 0.447876 1 20 1.000000
Komainu
0  -2.143067 -9.727119 6.340563  -0.557420 -0.769338 0.312092  0.187256 0.454285 1 20 1.000000
0  -2.619872 -9.185862 6.396960  -0.500403 -0.842755 -0.198398  0.148682 0.459351 1 20 1.000000
0  -2.391356 -9.565254 6.232899  -0.702027 -0.693913 0.160132  0.172485 0.451294 1 20 1.000000
Komainu
0  -2.126219 -9.785715 6.016833  -0.589643 -0.807664 0.000690  0.189575 0.438782 1 20 1.000000
0  -2.143067 -9.727119 6.340563  -0.557420 -0.769338 0.312092  0.187256 0.454285 1 20 1.000000
0  -2.391356 -9.565254 6.232899  -0.702027 -0.693913 0.160132  0.172485 0.451294 1 20 1.000000
Komainu
0  -2.126219 -9.785715 6.016833  -0.589643 -0.807664 0.000690  0.189575 0.438782 1 20 1.000000
0  -2.046386 -9.837717 6.046131  -0.535936 -0.841971 0.062105  0.193237 0.440125 1 20 1.000000
0  -2.143067 -9.727119 6.340563  -0.557420 -0.769338 0.312092  0.187256 0.454285 1 20 1.000000
Komainu
0  -1.603270 -9.960030 5.597889  -0.318255 -0.886134 -0.336868  0.214355 0.413879 1 20 1.000000
0  -1.469236 -10.036935 5.698962  -0.258056 -0.935846 -0.239998  0.222534 0.418091 1 20 1.000000
0  -1.844236 -9.931467 5.859363  -0.393928 -0.904169 -0.165224  0.204224 0.430359 1 20 1.000000
Komainu
0  -1.603270 -9.960030 5.597889  -0.318255 -0.886134 -0.336868  0.214355 0.413879 1 20 1.000000
0  -1.844236 -9.931467 5.859363  -0.393928 -0.904169 -0.165224  0.204224 0.430359 1 20 1.000000
0  -1.899902 -9.897774 5.823474  -0.414330 -0.887050 -0.203649  0.200439 0.429199 1 20 1.000000
Komainu
0  -1.844236 -9.931467 5.859363  -0.393928 -0.904169 -0.165224  0.204224 0.430359 1 20 1.000000
0  -2.016356 -9.853830 5.917956  -0.507110 -0.855164 -0.107395  0.194702 0.433960 1 20 1.000000
0  -1.899902 -9.897774 5.823474  -0.414330 -0.887050 -0.203649  0.200439 0.429199 1 20 1.000000
Komainu
0  -1.945312 -9.869211 5.794176  -0.464987 -0.851081 -0.243819  0.197327 0.428223 1 20 1.000000
0  -1.899902 -9.897774 5.823474  -0.414330 -0.887050 -0.203649  0.200439 0.429199 1 20 1.000000
0  -2.016356 -9.853830 5.917956  -0.507110 -0.855164 -0.107395  0.194702 0.433960 1 20 1.000000
Komainu
0  -2.039062 -9.812082 5.794911  -0.531109 -0.806859 -0.258655  0.192627 0.427979 1 20 1.000000
0  -1.945312 -9.869211 5.794176  -0.464987 -0.851081 -0.243819  0.197327 0.428223 1 20 1.000000
0  -2.016356 -9.853830 5.917956  -0.507110 -0.855164 -0.107395  0.194702 0.433960 1 20 1.000000
Komainu
0  -1.945312 -9.869211 5.794176  -0.464987 -0.851081 -0.243819  0.197327 0.428223 1 20 1.000000
0  -2.039062 -9.812082 5.794911  -0.531109 -0.806859 -0.258655  0.192627 0.427979 1 20 1.000000
0  -2.083739 -9.664865 5.520984  -0.521857 -0.738200 -0.427465  0.183838 0.413025 1 20 1.000000
Komainu
0  -2.039062 -9.812082 5.794911  -0.531109 -0.806859 -0.258655  0.192627 0.427979 1 20 1.000000
0  -2.328367 -9.538887 5.653551  -0.658602 -0.692444 -0.294559  0.170776 0.421448 1 20 1.000000
0  -2.083739 -9.664865 5.520984  -0.521857 -0.738200 -0.427465  0.183838 0.413025 1 20 1.000000
Komainu
0  -2.328367 -9.538887 5.653551  -0.658602 -0.692444 -0.294559  0.170776 0.421448 1 20 1.000000
0  -2.099120 -9.497871 5.320299  -0.472032 -0.880463 0.044389  0.181885 0.399231 1 20 1.000000
0  -2.083739 -9.664865 5.520984  -0.521857 -0.738200 -0.427465  0.183838 0.413025 1 20 1.000000
Komainu
0  -2.328367 -9.538887 5.653551  -0.658602 -0.692444 -0.294559  0.170776 0.421448 1 20 1.000000
0  -2.458739 -9.321360 5.484363  -0.548236 -0.836121 -0.018384  0.155335 0.413086 1 20 1.000000
0  -2.099120 -9.497871 5.320299  -0.472032 -0.880463 0.044389  0.181885 0.399231 1 20 1.000000
Komainu
0  -2.457275 -9.459785 5.856432  -0.758773 -0.636377 -0.138883  0.164734 0.430847 1 20 1.000000
0  -2.458739 -9.321360 5.484363  -0.548236 -0.836121 -0.018384  0.155335 0.413086 1 20 1.000000
0  -2.328367 -9.538887 5.653551  -0.658602 -0.692444 -0.294559  0.170776 0.421448 1 20 1.000000
Komainu
0  -2.457275 -9.459785 5.856432  -0.758773 -0.636377 -0.138883  0.164734 0.430847 1 20 1.000000
0  -2.652097 -9.153633 5.828601  -0.553205 -0.833011 0.007603  0.146667 0.428833 1 20 1.000000
0  -2.458739 -9.321360 5.484363  -0.548236 -0.836121 -0.018384  0.155335 0.413086 1 20 1.000000
Komainu
0  -2.457275 -9.459785 5.856432  -0.758773 -0.636377 -0.138883  0.164734 0.430847 1 20 1.000000
0  -2.693114 -9.096504 6.172107  -0.487247 -0.871486 -0.055691  0.141113 0.447876 1 20 1.000000
0  -2.652097 -9.153633 5.828601  -0.553205 -0.833011 0.007603  0.146667 0.428833 1 20 1.000000
Komainu
0  -2.457275 -9.459785 5.856432  -0.758773 -0.636377 -0.138883  0.164734 0.430847 1 20 1.000000
0  -2.481442 -9.470772 6.059313  -0.773205 -0.633542 -0.027898  0.164490 0.441528 1 20 1.000000
0  -2.693114 -9.096504 6.172107  -0.487247 -0.871486 -0.055691  0.141113 0.447876 1 20 1.000000
Komainu
0  -2.391356 -9.565254 6.232899  -0.702027 -0.693913 0.160132  0.172485 0.451294 1 20 1.000000
0  -2.693114 -9.096504 6.172107  -0.487247 -0.871486 -0.055691  0.141113 0.447876 1 20 1.000000
0  -2.481442 -9.470772 6.059313  -0.773205 -0.633542 -0.027898  0.164490 0.441528 1 20 1.000000
Komainu
0  -2.165039 -9.754953 5.961168  -0.623708 -0.777695 -0.078605  0.187561 0.436218 1 20 1.000000
0  -2.391356 -9.565254 6.232899  -0.702027 -0.693913 0.160132  0.172485 0.451294 1 20 1.000000
0  -2.481442 -9.470772 6.059313  -0.773205 -0.633542 -0.027898  0.164490 0.441528 1 20 1.000000
Komainu
0  -2.165039 -9.754953 5.961168  -0.623708 -0.777695 -0.078605  0.187561 0.436218 1 20 1.000000
0  -2.126219 -9.785715 6.016833  -0.589643 -0.807664 0.000690  0.189575 0.438782 1 20 1.000000
0  -2.391356 -9.565254 6.232899  -0.702027 -0.693913 0.160132  0.172485 0.451294 1 20 1.000000
Komainu
0  -2.016356 -9.853830 5.917956  -0.507110 -0.855164 -0.107395  0.194702 0.433960 1 20 1.000000
0  -2.126219 -9.785715 6.016833  -0.589643 -0.807664 0.000690  0.189575 0.438782 1 20 1.000000
0  -2.165039 -9.754953 5.961168  -0.623708 -0.777695 -0.078605  0.187561 0.436218 1 20 1.000000
Komainu
0  -2.016356 -9.853830 5.917956  -0.507110 -0.855164 -0.107395  0.194702 0.433960 1 20 1.000000
0  -2.046386 -9.837717 6.046131  -0.535936 -0.841971 0.062105  0.193237 0.440125 1 20 1.000000
0  -2.126219 -9.785715 6.016833  -0.589643 -0.807664 0.000690  0.189575 0.438782 1 20 1.000000
Komainu
0  -2.016356 -9.853830 5.917956  -0.507110 -0.855164 -0.107395  0.194702 0.433960 1 20 1.000000
0  -2.117429 -9.768135 5.832996  -0.588319 -0.782941 -0.202199  0.188415 0.430481 1 20 1.000000
0  -2.039062 -9.812082 5.794911  -0.531109 -0.806859 -0.258655  0.192627 0.427979 1 20 1.000000
Komainu
0  -2.039062 -9.812082 5.794911  -0.531109 -0.806859 -0.258655  0.192627 0.427979 1 20 1.000000
0  -2.117429 -9.768135 5.832996  -0.588319 -0.782941 -0.202199  0.188415 0.430481 1 20 1.000000
0  -2.328367 -9.538887 5.653551  -0.658602 -0.692444 -0.294559  0.170776 0.421448 1 20 1.000000
Komainu
0  -2.117429 -9.768135 5.832996  -0.588319 -0.782941 -0.202199  0.188415 0.430481 1 20 1.000000
0  -2.457275 -9.459785 5.856432  -0.758773 -0.636377 -0.138883  0.164734 0.430847 1 20 1.000000
0  -2.328367 -9.538887 5.653551  -0.658602 -0.692444 -0.294559  0.170776 0.421448 1 20 1.000000
Komainu
0  -2.117429 -9.768135 5.832996  -0.588319 -0.782941 -0.202199  0.188415 0.430481 1 20 1.000000
0  -2.159912 -9.749826 5.893053  -0.624456 -0.769459 -0.134116  0.187195 0.433105 1 20 1.000000
0  -2.457275 -9.459785 5.856432  -0.758773 -0.636377 -0.138883  0.164734 0.430847 1 20 1.000000
Komainu
0  -2.159912 -9.749826 5.893053  -0.624456 -0.769459 -0.134116  0.187195 0.433105 1 20 1.000000
0  -2.481442 -9.470772 6.059313  -0.773205 -0.633542 -0.027898  0.164490 0.441528 1 20 1.000000
0  -2.457275 -9.459785 5.856432  -0.758773 -0.636377 -0.138883  0.164734 0.430847 1 20 1.000000
Komainu
0  -2.159912 -9.749826 5.893053  -0.624456 -0.769459 -0.134116  0.187195 0.433105 1 20 1.000000
0  -2.165039 -9.754953 5.961168  -0.623708 -0.777695 -0.078605  0.187561 0.436218 1 20 1.000000
0  -2.481442 -9.470772 6.059313  -0.773205 -0.633542 -0.027898  0.164490 0.441528 1 20 1.000000
Komainu
0  -2.016356 -9.853830 5.917956  -0.507110 -0.855164 -0.107395  0.194702 0.433960 1 20 1.000000
0  -2.165039 -9.754953 5.961168  -0.623708 -0.777695 -0.078605  0.187561 0.436218 1 20 1.000000
0  -2.159912 -9.749826 5.893053  -0.624456 -0.769459 -0.134116  0.187195 0.433105 1 20 1.000000
Komainu
0  -2.016356 -9.853830 5.917956  -0.507110 -0.855164 -0.107395  0.194702 0.433960 1 20 1.000000
0  -2.159912 -9.749826 5.893053  -0.624456 -0.769459 -0.134116  0.187195 0.433105 1 20 1.000000
0  -2.117429 -9.768135 5.832996  -0.588319 -0.782941 -0.202199  0.188415 0.430481 1 20 1.000000
Komainu
0  1.844240 -9.931467 5.859363  0.393934 -0.904174 -0.165182  0.204224 0.430359 1 20 1.000000
0  1.469240 -10.036935 5.698962  0.258046 -0.935850 -0.239994  0.222534 0.418091 1 20 1.000000
0  1.603274 -9.960030 5.597889  0.318232 -0.886106 -0.336964  0.214355 0.413879 1 20 1.000000
Komainu
0  1.844240 -9.931467 5.859363  0.393934 -0.904174 -0.165182  0.204224 0.430359 1 20 1.000000
0  1.603274 -9.960030 5.597889  0.318232 -0.886106 -0.336964  0.214355 0.413879 1 20 1.000000
0  1.899905 -9.897774 5.823474  0.414405 -0.887031 -0.203579  0.200439 0.429199 1 20 1.000000
Komainu
0  1.357913 -10.100655 5.882067  0.222406 -0.963773 -0.147230  0.231445 0.427368 1 20 1.000000
0  1.469240 -10.036935 5.698962  0.258046 -0.935850 -0.239994  0.222534 0.418091 1 20 1.000000
0  1.844240 -9.931467 5.859363  0.393934 -0.904174 -0.165182  0.204224 0.430359 1 20 1.000000
Komainu
0  2.619874 -9.185862 6.396960  0.500393 -0.842761 -0.198397  0.148682 0.459351 1 20 1.000000
0  2.143070 -9.727119 6.340563  0.557419 -0.769340 0.312092  0.187256 0.454285 1 20 1.000000
0  2.391358 -9.565254 6.232899  0.702027 -0.693913 0.160133  0.172485 0.451294 1 20 1.000000
Komainu
0  2.619874 -9.185862 6.396960  0.500393 -0.842761 -0.198397  0.148682 0.459351 1 20 1.000000
0  2.212648 -9.505929 6.576406  0.521114 -0.806928 -0.278043  0.179565 0.467163 1 20 1.000000
0  2.143070 -9.727119 6.340563  0.557419 -0.769340 0.312092  0.187256 0.454285 1 20 1.000000
Komainu
0  2.212648 -9.505929 6.576406  0.521114 -0.806928 -0.278043  0.179565 0.467163 1 20 1.000000
0  1.807618 -9.918282 6.343493  0.414057 -0.858822 0.301631  0.207886 0.453003 1 20 1.000000
0  2.143070 -9.727119 6.340563  0.557419 -0.769340 0.312092  0.187256 0.454285 1 20 1.000000
Komainu
0  2.212648 -9.505929 6.576406  0.521114 -0.806928 -0.278043  0.179565 0.467163 1 20 1.000000
0  1.758547 -9.815010 6.568347  0.499829 -0.822108 -0.272599  0.209534 0.463989 1 20 1.000000
0  1.807618 -9.918282 6.343493  0.414057 -0.858822 0.301631  0.207886 0.453003 1 20 1.000000
Komainu
0  1.758547 -9.815010 6.568347  0.499829 -0.822108 -0.272599  0.209534 0.463989 1 20 1.000000
0  1.346192 -10.136544 6.166248  0.281365 -0.956052 0.082455  0.234009 0.441223 1 20 1.000000
0  1.807618 -9.918282 6.343493  0.414057 -0.858822 0.301631  0.207886 0.453003 1 20 1.000000
Komainu
0  1.758547 -9.815010 6.568347  0.499829 -0.822108 -0.272599  0.209534 0.463989 1 20 1.000000
0  1.047365 -10.178292 6.316395  0.556882 -0.814840 -0.160991  0.249268 0.445312 1 20 1.000000
0  1.346192 -10.136544 6.166248  0.281365 -0.956052 0.082455  0.234009 0.441223 1 20 1.000000
Komainu
0  1.047365 -10.178292 6.316395  0.556882 -0.814840 -0.160991  0.249268 0.445312 1 20 1.000000
0  1.357913 -10.100655 5.882067  0.222406 -0.963773 -0.147230  0.231445 0.427368 1 20 1.000000
0  1.346192 -10.136544 6.166248  0.281365 -0.956052 0.082455  0.234009 0.441223 1 20 1.000000
Komainu
0  1.047365 -10.178292 6.316395  0.556882 -0.814840 -0.160991  0.249268 0.445312 1 20 1.000000
0  1.036379 -10.145334 5.887926  0.644970 -0.761803 -0.060572  0.249268 0.424500 1 20 1.000000
0  1.357913 -10.100655 5.882067  0.222406 -0.963773 -0.147230  0.231445 0.427368 1 20 1.000000
Komainu
0  1.036379 -10.145334 5.887926  0.644970 -0.761803 -0.060572  0.249268 0.424500 1 20 1.000000
0  1.469240 -10.036935 5.698962  0.258046 -0.935850 -0.239994  0.222534 0.418091 1 20 1.000000
0  1.357913 -10.100655 5.882067  0.222406 -0.963773 -0.147230  0.231445 0.427368 1 20 1.000000
Komainu
0  1.036379 -10.145334 5.887926  0.644970 -0.761803 -0.060572  0.249268 0.424500 1 20 1.000000
0  1.113284 -10.061106 5.572986  0.653361 -0.756826 0.018291  0.242004 0.406616 1 20 1.000000
0  1.469240 -10.036935 5.698962  0.258046 -0.935850 -0.239994  0.222534 0.418091 1 20 1.000000
Komainu
0  1.113284 -10.061106 5.572986  0.653361 -0.756826 0.018291  0.242004 0.406616 1 20 1.000000
0  1.603274 -9.960030 5.597889  0.318232 -0.886106 -0.336964  0.214355 0.413879 1 20 1.000000
0  1.469240 -10.036935 5.698962  0.258046 -0.935850 -0.239994  0.222534 0.418091 1 20 1.000000
Komainu
0  1.113284 -10.061106 5.572986  0.653361 -0.756826 0.018291  0.242004 0.406616 1 20 1.000000
0  1.261232 -9.965889 5.374500  0.594012 -0.800454 0.080144  0.227966 0.397949 1 20 1.000000
0  1.603274 -9.960030 5.597889  0.318232 -0.886106 -0.336964  0.214355 0.413879 1 20 1.000000
Komainu
0  1.603274 -9.960030 5.597889  0.318232 -0.886106 -0.336964  0.214355 0.413879 1 20 1.000000
0  1.261232 -9.965889 5.374500  0.594012 -0.800454 0.080144  0.227966 0.397949 1 20 1.000000
0  1.593019 -9.757881 5.247792  0.500943 -0.860599 0.091790  0.208801 0.392883 1 20 1.000000
Komainu
0  1.603274 -9.960030 5.597889  0.318232 -0.886106 -0.336964  0.214355 0.413879 1 20 1.000000
0  1.593019 -9.757881 5.247792  0.500943 -0.860599 0.091790  0.208801 0.392883 1 20 1.000000
0  1.754152 -9.853098 5.488026  0.412380 -0.806228 -0.424192  0.204407 0.408752 1 20 1.000000
Komainu
0  1.593019 -9.757881 5.247792  0.500943 -0.860599 0.091790  0.208801 0.392883 1 20 1.000000
0  2.083741 -9.664865 5.520984  0.521844 -0.738231 -0.427427  0.183838 0.413025 1 20 1.000000
0  1.754152 -9.853098 5.488026  0.412380 -0.806228 -0.424192  0.204407 0.408752 1 20 1.000000
Komainu
0  2.083741 -9.664865 5.520984  0.521844 -0.738231 -0.427427  0.183838 0.413025 1 20 1.000000
0  1.945316 -9.869211 5.794176  0.464944 -0.851067 -0.243951  0.197327 0.428223 1 20 1.000000
0  1.754152 -9.853098 5.488026  0.412380 -0.806228 -0.424192  0.204407 0.408752 1 20 1.000000
Komainu
0  2.083741 -9.664865 5.520984  0.521844 -0.738231 -0.427427  0.183838 0.413025 1 20 1.000000
0  2.039065 -9.812082 5.794911  0.531137 -0.806887 -0.258508  0.192627 0.427979 1 20 1.000000
0  1.945316 -9.869211 5.794176  0.464944 -0.851067 -0.243951  0.197327 0.428223 1 20 1.000000
Komainu
0  2.039065 -9.812082 5.794911  0.531137 -0.806887 -0.258508  0.192627 0.427979 1 20 1.000000
0  2.016358 -9.853830 5.917956  0.507005 -0.855215 -0.107484  0.194702 0.433960 1 20 1.000000
0  1.945316 -9.869211 5.794176  0.464944 -0.851067 -0.243951  0.197327 0.428223 1 20 1.000000
Komainu
0  1.603274 -9.960030 5.597889  0.318232 -0.886106 -0.336964  0.214355 0.413879 1 20 1.000000
0  1.754152 -9.853098 5.488026  0.412380 -0.806228 -0.424192  0.204407 0.408752 1 20 1.000000
0  1.945316 -9.869211 5.794176  0.464944 -0.851067 -0.243951  0.197327 0.428223 1 20 1.000000
Komainu
0  1.603274 -9.960030 5.597889  0.318232 -0.886106 -0.336964  0.214355 0.413879 1 20 1.000000
0  1.945316 -9.869211 5.794176  0.464944 -0.851067 -0.243951  0.197327 0.428223 1 20 1.000000
0  1.899905 -9.897774 5.823474  0.414405 -0.887031 -0.203579  0.200439 0.429199 1 20 1.000000
Komainu
0  1.945316 -9.869211 5.794176  0.464944 -0.851067 -0.243951  0.197327 0.428223 1 20 1.000000
0  2.016358 -9.853830 5.917956  0.507005 -0.855215 -0.107484  0.194702 0.433960 1 20 1.000000
0  1.899905 -9.897774 5.823474  0.414405 -0.887031 -0.203579  0.200439 0.429199 1 20 1.000000
Komainu
0  1.844240 -9.931467 5.859363  0.393934 -0.904174 -0.165182  0.204224 0.430359 1 20 1.000000
0  1.899905 -9.897774 5.823474  0.414405 -0.887031 -0.203579  0.200439 0.429199 1 20 1.000000
0  2.016358 -9.853830 5.917956  0.507005 -0.855215 -0.107484  0.194702 0.433960 1 20 1.000000
Komainu
0  1.844240 -9.931467 5.859363  0.393934 -0.904174 -0.165182  0.204224 0.430359 1 20 1.000000
0  2.016358 -9.853830 5.917956  0.507005 -0.855215 -0.107484  0.194702 0.433960 1 20 1.000000
0  1.814945 -9.951975 5.898915  0.380483 -0.916927 -0.120321  0.206665 0.432190 1 20 1.000000
Komainu
0  1.357913 -10.100655 5.882067  0.222406 -0.963773 -0.147230  0.231445 0.427368 1 20 1.000000
0  1.844240 -9.931467 5.859363  0.393934 -0.904174 -0.165182  0.204224 0.430359 1 20 1.000000
0  1.814945 -9.951975 5.898915  0.380483 -0.916927 -0.120321  0.206665 0.432190 1 20 1.000000
Komainu
0  1.346192 -10.136544 6.166248  0.281365 -0.956052 0.082455  0.234009 0.441223 1 20 1.000000
0  1.357913 -10.100655 5.882067  0.222406 -0.963773 -0.147230  0.231445 0.427368 1 20 1.000000
0  1.814945 -9.951975 5.898915  0.380483 -0.916927 -0.120321  0.206665 0.432190 1 20 1.000000
Komainu
0  1.346192 -10.136544 6.166248  0.281365 -0.956052 0.082455  0.234009 0.441223 1 20 1.000000
0  1.814945 -9.951975 5.898915  0.380483 -0.916927 -0.120321  0.206665 0.432190 1 20 1.000000
0  1.814945 -9.960762 5.980212  0.401001 -0.915345 -0.036615  0.206482 0.435974 1 20 1.000000
Komainu
0  1.807618 -9.918282 6.343493  0.414057 -0.858822 0.301631  0.207886 0.453003 1 20 1.000000
0  1.346192 -10.136544 6.166248  0.281365 -0.956052 0.082455  0.234009 0.441223 1 20 1.000000
0  1.814945 -9.960762 5.980212  0.401001 -0.915345 -0.036615  0.206482 0.435974 1 20 1.000000
Komainu
0  1.807618 -9.918282 6.343493  0.414057 -0.858822 0.301631  0.207886 0.453003 1 20 1.000000
0  1.814945 -9.960762 5.980212  0.401001 -0.915345 -0.036615  0.206482 0.435974 1 20 1.000000
0  1.948243 -9.897774 6.051990  0.472055 -0.880455 0.044311  0.199890 0.440002 1 20 1.000000
Komainu
0  2.143070 -9.727119 6.340563  0.557419 -0.769340 0.312092  0.187256 0.454285 1 20 1.000000
0  1.807618 -9.918282 6.343493  0.414057 -0.858822 0.301631  0.207886 0.453003 1 20 1.000000
0  1.948243 -9.897774 6.051990  0.472055 -0.880455 0.044311  0.199890 0.440002 1 20 1.000000
Komainu
0  2.143070 -9.727119 6.340563  0.557419 -0.769340 0.312092  0.187256 0.454285 1 20 1.000000
0  1.948243 -9.897774 6.051990  0.472055 -0.880455 0.044311  0.199890 0.440002 1 20 1.000000
0  2.046388 -9.837717 6.046131  0.535977 -0.841944 0.062122  0.193237 0.440125 1 20 1.000000
Komainu
0  2.143070 -9.727119 6.340563  0.557419 -0.769340 0.312092  0.187256 0.454285 1 20 1.000000
0  2.046388 -9.837717 6.046131  0.535977 -0.841944 0.062122  0.193237 0.440125 1 20 1.000000
0  2.126221 -9.785715 6.016833  0.589639 -0.807667 0.000688  0.189575 0.438782 1 20 1.000000
Komainu
0  2.016358 -9.853830 5.917956  0.507005 -0.855215 -0.107484  0.194702 0.433960 1 20 1.000000
0  2.126221 -9.785715 6.016833  0.589639 -0.807667 0.000688  0.189575 0.438782 1 20 1.000000
0  2.046388 -9.837717 6.046131  0.535977 -0.841944 0.062122  0.193237 0.440125 1 20 1.000000
Komainu
0  2.016358 -9.853830 5.917956  0.507005 -0.855215 -0.107484  0.194702 0.433960 1 20 1.000000
0  2.165041 -9.754953 5.961168  0.623709 -0.777694 -0.078607  0.187561 0.436218 1 20 1.000000
0  2.126221 -9.785715 6.016833  0.589639 -0.807667 0.000688  0.189575 0.438782 1 20 1.000000
Komainu
0  2.016358 -9.853830 5.917956  0.507005 -0.855215 -0.107484  0.194702 0.433960 1 20 1.000000
0  2.159914 -9.749826 5.893053  0.624453 -0.769462 -0.134115  0.187195 0.433105 1 20 1.000000
0  2.165041 -9.754953 5.961168  0.623709 -0.777694 -0.078607  0.187561 0.436218 1 20 1.000000
Komainu
0  2.481445 -9.470772 6.059313  0.773205 -0.633543 -0.027888  0.164490 0.441528 1 20 1.000000
0  2.165041 -9.754953 5.961168  0.623709 -0.777694 -0.078607  0.187561 0.436218 1 20 1.000000
0  2.159914 -9.749826 5.893053  0.624453 -0.769462 -0.134115  0.187195 0.433105 1 20 1.000000
Komainu
0  2.391358 -9.565254 6.232899  0.702027 -0.693913 0.160133  0.172485 0.451294 1 20 1.000000
0  2.165041 -9.754953 5.961168  0.623709 -0.777694 -0.078607  0.187561 0.436218 1 20 1.000000
0  2.481445 -9.470772 6.059313  0.773205 -0.633543 -0.027888  0.164490 0.441528 1 20 1.000000
Komainu
0  2.391358 -9.565254 6.232899  0.702027 -0.693913 0.160133  0.172485 0.451294 1 20 1.000000
0  2.126221 -9.785715 6.016833  0.589639 -0.807667 0.000688  0.189575 0.438782 1 20 1.000000
0  2.165041 -9.754953 5.961168  0.623709 -0.777694 -0.078607  0.187561 0.436218 1 20 1.000000
Komainu
0  2.143070 -9.727119 6.340563  0.557419 -0.769340 0.312092  0.187256 0.454285 1 20 1.000000
0  2.126221 -9.785715 6.016833  0.589639 -0.807667 0.000688  0.189575 0.438782 1 20 1.000000
0  2.391358 -9.565254 6.232899  0.702027 -0.693913 0.160133  0.172485 0.451294 1 20 1.000000
Komainu
0  1.814945 -9.951975 5.898915  0.380483 -0.916927 -0.120321  0.206665 0.432190 1 20 1.000000
0  2.016358 -9.853830 5.917956  0.507005 -0.855215 -0.107484  0.194702 0.433960 1 20 1.000000
0  1.814945 -9.960762 5.980212  0.401001 -0.915345 -0.036615  0.206482 0.435974 1 20 1.000000
Komainu
0  2.016358 -9.853830 5.917956  0.507005 -0.855215 -0.107484  0.194702 0.433960 1 20 1.000000
0  1.948243 -9.897774 6.051990  0.472055 -0.880455 0.044311  0.199890 0.440002 1 20 1.000000
0  1.814945 -9.960762 5.980212  0.401001 -0.915345 -0.036615  0.206482 0.435974 1 20 1.000000
Komainu
0  2.016358 -9.853830 5.917956  0.507005 -0.855215 -0.107484  0.194702 0.433960 1 20 1.000000
0  2.046388 -9.837717 6.046131  0.535977 -0.841944 0.062122  0.193237 0.440125 1 20 1.000000
0  1.948243 -9.897774 6.051990  0.472055 -0.880455 0.044311  0.199890 0.440002 1 20 1.000000
Komainu
0  2.016358 -9.853830 5.917956  0.507005 -0.855215 -0.107484  0.194702 0.433960 1 20 1.000000
0  2.039065 -9.812082 5.794911  0.531137 -0.806887 -0.258508  0.192627 0.427979 1 20 1.000000
0  2.117431 -9.768135 5.832996  0.588273 -0.782986 -0.202156  0.188415 0.430481 1 20 1.000000
Komainu
0  2.016358 -9.853830 5.917956  0.507005 -0.855215 -0.107484  0.194702 0.433960 1 20 1.000000
0  2.117431 -9.768135 5.832996  0.588273 -0.782986 -0.202156  0.188415 0.430481 1 20 1.000000
0  2.159914 -9.749826 5.893053  0.624453 -0.769462 -0.134115  0.187195 0.433105 1 20 1.000000
Komainu
0  2.457278 -9.459785 5.856432  0.758747 -0.636413 -0.138859  0.164734 0.430847 1 20 1.000000
0  2.159914 -9.749826 5.893053  0.624453 -0.769462 -0.134115  0.187195 0.433105 1 20 1.000000
0  2.117431 -9.768135 5.832996  0.588273 -0.782986 -0.202156  0.188415 0.430481 1 20 1.000000
Komainu
0  2.481445 -9.470772 6.059313  0.773205 -0.633543 -0.027888  0.164490 0.441528 1 20 1.000000
0  2.159914 -9.749826 5.893053  0.624453 -0.769462 -0.134115  0.187195 0.433105 1 20 1.000000
0  2.457278 -9.459785 5.856432  0.758747 -0.636413 -0.138859  0.164734 0.430847 1 20 1.000000
Komainu
0  2.693116 -9.096504 6.172107  0.487248 -0.871486 -0.055689  0.141113 0.447876 1 20 1.000000
0  2.481445 -9.470772 6.059313  0.773205 -0.633543 -0.027888  0.164490 0.441528 1 20 1.000000
0  2.457278 -9.459785 5.856432  0.758747 -0.636413 -0.138859  0.164734 0.430847 1 20 1.000000
Komainu
0  2.693116 -9.096504 6.172107  0.487248 -0.871486 -0.055689  0.141113 0.447876 1 20 1.000000
0  2.391358 -9.565254 6.232899  0.702027 -0.693913 0.160133  0.172485 0.451294 1 20 1.000000
0  2.481445 -9.470772 6.059313  0.773205 -0.633543 -0.027888  0.164490 0.441528 1 20 1.000000
Komainu
0  2.693116 -9.096504 6.172107  0.487248 -0.871486 -0.055689  0.141113 0.447876 1 20 1.000000
0  2.619874 -9.185862 6.396960  0.500393 -0.842761 -0.198397  0.148682 0.459351 1 20 1.000000
0  2.391358 -9.565254 6.232899  0.702027 -0.693913 0.160133  0.172485 0.451294 1 20 1.000000
Komainu
0  2.457278 -9.459785 5.856432  0.758747 -0.636413 -0.138859  0.164734 0.430847 1 20 1.000000
0  2.117431 -9.768135 5.832996  0.588273 -0.782986 -0.202156  0.188415 0.430481 1 20 1.000000
0  2.328370 -9.538887 5.653551  0.658603 -0.692443 -0.294559  0.170776 0.421448 1 20 1.000000
Komainu
0  2.328370 -9.538887 5.653551  0.658603 -0.692443 -0.294559  0.170776 0.421448 1 20 1.000000
0  2.117431 -9.768135 5.832996  0.588273 -0.782986 -0.202156  0.188415 0.430481 1 20 1.000000
0  2.039065 -9.812082 5.794911  0.531137 -0.806887 -0.258508  0.192627 0.427979 1 20 1.000000
Komainu
0  2.328370 -9.538887 5.653551  0.658603 -0.692443 -0.294559  0.170776 0.421448 1 20 1.000000
0  2.039065 -9.812082 5.794911  0.531137 -0.806887 -0.258508  0.192627 0.427979 1 20 1.000000
0  2.083741 -9.664865 5.520984  0.521844 -0.738231 -0.427427  0.183838 0.413025 1 20 1.000000
Komainu
0  2.693116 -9.096504 6.172107  0.487248 -0.871486 -0.055689  0.141113 0.447876 1 20 1.000000
0  2.457278 -9.459785 5.856432  0.758747 -0.636413 -0.138859  0.164734 0.430847 1 20 1.000000
0  2.652100 -9.153633 5.828601  0.553222 -0.832999 0.007612  0.146667 0.428833 1 20 1.000000
Komainu
0  2.458741 -9.321360 5.484363  0.548236 -0.836122 -0.018378  0.155335 0.413086 1 20 1.000000
0  2.652100 -9.153633 5.828601  0.553222 -0.832999 0.007612  0.146667 0.428833 1 20 1.000000
0  2.457278 -9.459785 5.856432  0.758747 -0.636413 -0.138859  0.164734 0.430847 1 20 1.000000
Komainu
0  2.458741 -9.321360 5.484363  0.548236 -0.836122 -0.018378  0.155335 0.413086 1 20 1.000000
0  2.457278 -9.459785 5.856432  0.758747 -0.636413 -0.138859  0.164734 0.430847 1 20 1.000000
0  2.328370 -9.538887 5.653551  0.658603 -0.692443 -0.294559  0.170776 0.421448 1 20 1.000000
Komainu
0  2.099123 -9.497871 5.320299  0.472062 -0.880447 0.044393  0.181885 0.399231 1 20 1.000000
0  2.458741 -9.321360 5.484363  0.548236 -0.836122 -0.018378  0.155335 0.413086 1 20 1.000000
0  2.328370 -9.538887 5.653551  0.658603 -0.692443 -0.294559  0.170776 0.421448 1 20 1.000000
Komainu
0  2.099123 -9.497871 5.320299  0.472062 -0.880447 0.044393  0.181885 0.399231 1 20 1.000000
0  2.328370 -9.538887 5.653551  0.658603 -0.692443 -0.294559  0.170776 0.421448 1 20 1.000000
0  2.083741 -9.664865 5.520984  0.521844 -0.738231 -0.427427  0.183838 0.413025 1 20 1.000000
Komainu
0  1.593019 -9.757881 5.247792  0.500943 -0.860599 0.091790  0.208801 0.392883 1 20 1.000000
0  2.099123 -9.497871 5.320299  0.472062 -0.880447 0.044393  0.181885 0.399231 1 20 1.000000
0  2.083741 -9.664865 5.520984  0.521844 -0.738231 -0.427427  0.183838 0.413025 1 20 1.000000
Komainu
0  -0.396971 -9.900705 4.777575  0.304014 -0.563619 -0.768055  0.943115 0.863648 1 20 1.000000
0  -0.162595 -9.932931 4.775379  -0.454587 -0.337080 -0.824456  0.931152 0.863281 1 20 1.000000
0  -0.325192 -10.185616 5.060292  -0.669864 -0.429742 -0.605478  0.944092 0.889526 1 20 1.000000
Komainu
0  -0.021238 -10.474191 4.907946  -0.000001 -0.614571 -0.788861  0.924011 0.881470 1 20 1.000000
0  0.118654 -9.932931 4.775379  0.455039 -0.336705 -0.824360  0.931152 0.863281 1 20 1.000000
0  0.262208 -10.404612 4.932117  0.674195 -0.234968 -0.700179  0.938477 0.881836 1 20 1.000000
Komainu
0  -0.021238 -10.474191 4.907946  -0.000001 -0.614571 -0.788861  0.924011 0.881470 1 20 1.000000
0  -0.021970 -9.946848 4.769520  -0.000000 -0.267641 -0.963519  0.924011 0.862915 1 20 1.000000
0  0.118654 -9.932931 4.775379  0.455039 -0.336705 -0.824360  0.931152 0.863281 1 20 1.000000
Komainu
0  -0.162595 -9.932931 4.775379  -0.454587 -0.337080 -0.824456  0.931152 0.863281 1 20 1.000000
0  -0.021970 -9.946848 4.769520  -0.000000 -0.267641 -0.963519  0.924011 0.862915 1 20 1.000000
0  -0.021238 -10.474191 4.907946  -0.000001 -0.614571 -0.788861  0.924011 0.881470 1 20 1.000000
Komainu
0  -0.162595 -9.932931 4.775379  -0.454587 -0.337080 -0.824456  0.931152 0.863281 1 20 1.000000
0  -0.021238 -10.474191 4.907946  -0.000001 -0.614571 -0.788861  0.924011 0.881470 1 20 1.000000
0  -0.304684 -10.404612 4.932117  -0.674202 -0.234975 -0.700170  0.938477 0.881836 1 20 1.000000
Komainu
0  -0.162595 -9.932931 4.775379  -0.454587 -0.337080 -0.824456  0.931152 0.863281 1 20 1.000000
0  -0.304684 -10.404612 4.932117  -0.674202 -0.234975 -0.700170  0.938477 0.881836 1 20 1.000000
0  -0.325192 -10.185616 5.060292  -0.669864 -0.429742 -0.605478  0.944092 0.889526 1 20 1.000000
Komainu
0  -0.325192 -10.185616 5.060292  -0.669864 -0.429742 -0.605478  0.944092 0.889526 1 20 1.000000
0  -0.304684 -10.404612 4.932117  -0.674202 -0.234975 -0.700170  0.938477 0.881836 1 20 1.000000
0  -0.459958 -10.744455 5.355456  -0.733375 -0.467543 -0.493522  0.947632 0.907044 1 20 1.000000
Komainu
0  -0.325192 -10.185616 5.060292  -0.669864 -0.429742 -0.605478  0.944092 0.889526 1 20 1.000000
0  -0.459958 -10.744455 5.355456  -0.733375 -0.467543 -0.493522  0.947632 0.907044 1 20 1.000000
0  -0.492919 -10.403145 5.463123  -0.673004 -0.259049 -0.692791  0.949951 0.908508 1 20 1.000000
Komainu
0  -0.459958 -10.744455 5.355456  -0.733375 -0.467543 -0.493522  0.947632 0.907044 1 20 1.000000
0  -0.491452 -10.793526 5.485095  -0.611852 -0.724496 -0.317399  0.947449 0.913330 1 20 1.000000
0  -0.492919 -10.403145 5.463123  -0.673004 -0.259049 -0.692791  0.949951 0.908508 1 20 1.000000
Komainu
0  -0.491452 -10.793526 5.485095  -0.611852 -0.724496 -0.317399  0.947449 0.913330 1 20 1.000000
0  -0.459958 -10.744455 5.355456  -0.733375 -0.467543 -0.493522  0.947632 0.907044 1 20 1.000000
0  -0.270994 -10.805244 5.353260  -0.161073 -0.921410 -0.353638  0.936706 0.906494 1 20 1.000000
Komainu
0  -0.021238 -10.474191 4.907946  -0.000001 -0.614571 -0.788861  0.924011 0.881470 1 20 1.000000
0  -0.270994 -10.805244 5.353260  -0.161073 -0.921410 -0.353638  0.936706 0.906494 1 20 1.000000
0  -0.459958 -10.744455 5.355456  -0.733375 -0.467543 -0.493522  0.947632 0.907044 1 20 1.000000
Komainu
0  -0.021238 -10.474191 4.907946  -0.000001 -0.614571 -0.788861  0.924011 0.881470 1 20 1.000000
0  -0.459958 -10.744455 5.355456  -0.733375 -0.467543 -0.493522  0.947632 0.907044 1 20 1.000000
0  -0.304684 -10.404612 4.932117  -0.674202 -0.234975 -0.700170  0.938477 0.881836 1 20 1.000000
Komainu
0  -0.552976 -10.769358 5.536365  -0.393800 -0.600447 -0.695978  0.951050 0.916077 1 20 1.000000
0  -0.556639 -10.373116 5.457264  0.588565 -0.495180 -0.639052  0.952271 0.908752 1 20 1.000000
0  -0.492919 -10.403145 5.463123  -0.673004 -0.259049 -0.692791  0.949951 0.908508 1 20 1.000000
Komainu
0  -0.491452 -10.793526 5.485095  -0.611852 -0.724496 -0.317399  0.947449 0.913330 1 20 1.000000
0  -0.552976 -10.769358 5.536365  -0.393800 -0.600447 -0.695978  0.951050 0.916077 1 20 1.000000
0  -0.492919 -10.403145 5.463123  -0.673004 -0.259049 -0.692791  0.949951 0.908508 1 20 1.000000
Komainu
0  -0.552976 -10.769358 5.536365  -0.393800 -0.600447 -0.695978  0.951050 0.916077 1 20 1.000000
0  -0.491452 -10.793526 5.485095  -0.611852 -0.724496 -0.317399  0.947449 0.913330 1 20 1.000000
0  -0.339109 -10.806711 5.856432  -0.252381 -0.943576 0.214403  0.940125 0.934570 1 20 1.000000
Komainu
0  -0.491452 -10.793526 5.485095  -0.611852 -0.724496 -0.317399  0.947449 0.913330 1 20 1.000000
0  -0.270994 -10.805244 5.353260  -0.161073 -0.921410 -0.353638  0.936706 0.906494 1 20 1.000000
0  -0.339109 -10.806711 5.856432  -0.252381 -0.943576 0.214403  0.940125 0.934570 1 20 1.000000
Komainu
0  -0.021238 -10.833078 5.348133  -0.000007 -0.940743 -0.339120  0.924011 0.906067 1 20 1.000000
0  -0.339109 -10.806711 5.856432  -0.252381 -0.943576 0.214403  0.940125 0.934570 1 20 1.000000
0  -0.270994 -10.805244 5.353260  -0.161073 -0.921410 -0.353638  0.936706 0.906494 1 20 1.000000
Komainu
0  -0.021238 -10.833078 5.348133  -0.000007 -0.940743 -0.339120  0.924011 0.906067 1 20 1.000000
0  -0.270994 -10.805244 5.353260  -0.161073 -0.921410 -0.353638  0.936706 0.906494 1 20 1.000000
0  -0.021238 -10.474191 4.907946  -0.000001 -0.614571 -0.788861  0.924011 0.881470 1 20 1.000000
Komainu
0  -0.021238 -10.833078 5.348133  -0.000007 -0.940743 -0.339120  0.924011 0.906067 1 20 1.000000
0  -0.021238 -10.474191 4.907946  -0.000001 -0.614571 -0.788861  0.924011 0.881470 1 20 1.000000
0  0.227786 -10.805244 5.353260  0.163820 -0.918285 -0.360438  0.936706 0.906494 1 20 1.000000
Komainu
0  0.416750 -10.744455 5.355456  0.734207 -0.467046 -0.492756  0.947632 0.907044 1 20 1.000000
0  0.227786 -10.805244 5.353260  0.163820 -0.918285 -0.360438  0.936706 0.906494 1 20 1.000000
0  -0.021238 -10.474191 4.907946  -0.000001 -0.614571 -0.788861  0.924011 0.881470 1 20 1.000000
Komainu
0  0.448244 -10.793526 5.485095  0.612542 -0.724213 -0.316713  0.947449 0.913330 1 20 1.000000
0  0.227786 -10.805244 5.353260  0.163820 -0.918285 -0.360438  0.936706 0.906494 1 20 1.000000
0  0.416750 -10.744455 5.355456  0.734207 -0.467046 -0.492756  0.947632 0.907044 1 20 1.000000
Komainu
0  0.416750 -10.744455 5.355456  0.734207 -0.467046 -0.492756  0.947632 0.907044 1 20 1.000000
0  0.448976 -10.403145 5.463123  0.673822 -0.258322 -0.692267  0.949951 0.908508 1 20 1.000000
0  0.448244 -10.793526 5.485095  0.612542 -0.724213 -0.316713  0.947449 0.913330 1 20 1.000000
Komainu
0  0.448244 -10.793526 5.485095  0.612542 -0.724213 -0.316713  0.947449 0.913330 1 20 1.000000
0  0.448976 -10.403145 5.463123  0.673822 -0.258322 -0.692267  0.949951 0.908508 1 20 1.000000
0  0.509036 -10.769358 5.536365  0.394472 -0.600361 -0.695671  0.951050 0.916077 1 20 1.000000
Komainu
0  0.509036 -10.769358 5.536365  0.394472 -0.600361 -0.695671  0.951050 0.916077 1 20 1.000000
0  0.448976 -10.403145 5.463123  0.673822 -0.258322 -0.692267  0.949951 0.908508 1 20 1.000000
0  0.512696 -10.373116 5.457264  -0.587765 -0.495635 -0.639436  0.952271 0.908752 1 20 1.000000
Komainu
0  0.509036 -10.769358 5.536365  0.394472 -0.600361 -0.695671  0.951050 0.916077 1 20 1.000000
0  0.512696 -10.373116 5.457264  -0.587765 -0.495635 -0.639436  0.952271 0.908752 1 20 1.000000
0  0.596192 -10.700508 5.488758  0.248834 -0.888011 -0.386676  0.955505 0.914062 1 20 1.000000
Komainu
0  0.616700 -10.644846 5.838855  0.583786 -0.796852 0.155634  0.956421 0.934692 1 20 1.000000
0  0.509036 -10.769358 5.536365  0.394472 -0.600361 -0.695671  0.951050 0.916077 1 20 1.000000
0  0.596192 -10.700508 5.488758  0.248834 -0.888011 -0.386676  0.955505 0.914062 1 20 1.000000
Komainu
0  0.596192 -10.700508 5.488758  0.248834 -0.888011 -0.386676  0.955505 0.914062 1 20 1.000000
0  0.877442 -10.411935 5.838123  0.801843 -0.560745 0.206429  0.969544 0.935425 1 20 1.000000
0  0.616700 -10.644846 5.838855  0.583786 -0.796852 0.155634  0.956421 0.934692 1 20 1.000000
Komainu
0  0.877442 -10.411935 5.838123  0.801843 -0.560745 0.206429  0.969544 0.935425 1 20 1.000000
0  0.640871 -10.529856 6.143544  0.548646 -0.687273 0.476070  0.957520 0.948425 1 20 1.000000
0  0.616700 -10.644846 5.838855  0.583786 -0.796852 0.155634  0.956421 0.934692 1 20 1.000000
Komainu
0  0.295169 -10.806711 5.856432  0.252455 -0.943427 0.214968  0.940125 0.934570 1 20 1.000000
0  0.616700 -10.644846 5.838855  0.583786 -0.796852 0.155634  0.956421 0.934692 1 20 1.000000
0  0.640871 -10.529856 6.143544  0.548646 -0.687273 0.476070  0.957520 0.948425 1 20 1.000000
Komainu
0  0.295169 -10.806711 5.856432  0.252455 -0.943427 0.214968  0.940125 0.934570 1 20 1.000000
0  0.640871 -10.529856 6.143544  0.548646 -0.687273 0.476070  0.957520 0.948425 1 20 1.000000
0  0.287843 -10.615548 6.262194  0.273153 -0.685950 0.674433  0.939636 0.956360 1 20 1.000000
Komainu
0  -0.022702 -10.633860 6.332508  0.000001 -0.712820 0.701347  0.924011 0.958374 1 20 1.000000
0  0.295169 -10.806711 5.856432  0.252455 -0.943427 0.214968  0.940125 0.934570 1 20 1.000000
0  0.287843 -10.615548 6.262194  0.273153 -0.685950 0.674433  0.939636 0.956360 1 20 1.000000
Komainu
0  -0.022702 -10.633860 6.332508  0.000001 -0.712820 0.701347  0.924011 0.958374 1 20 1.000000
0  -0.021970 -10.833078 5.857167  -0.000000 -0.979094 0.203410  0.924011 0.934448 1 20 1.000000
0  0.295169 -10.806711 5.856432  0.252455 -0.943427 0.214968  0.940125 0.934570 1 20 1.000000
Komainu
0  -0.339109 -10.806711 5.856432  -0.252381 -0.943576 0.214403  0.940125 0.934570 1 20 1.000000
0  -0.021970 -10.833078 5.857167  -0.000000 -0.979094 0.203410  0.924011 0.934448 1 20 1.000000
0  -0.022702 -10.633860 6.332508  0.000001 -0.712820 0.701347  0.924011 0.958374 1 20 1.000000
Komainu
0  -0.021238 -10.833078 5.348133  -0.000007 -0.940743 -0.339120  0.924011 0.906067 1 20 1.000000
0  -0.021970 -10.833078 5.857167  -0.000000 -0.979094 0.203410  0.924011 0.934448 1 20 1.000000
0  -0.339109 -10.806711 5.856432  -0.252381 -0.943576 0.214403  0.940125 0.934570 1 20 1.000000
Komainu
0  0.295169 -10.806711 5.856432  0.252455 -0.943427 0.214968  0.940125 0.934570 1 20 1.000000
0  -0.021970 -10.833078 5.857167  -0.000000 -0.979094 0.203410  0.924011 0.934448 1 20 1.000000
0  -0.021238 -10.833078 5.348133  -0.000007 -0.940743 -0.339120  0.924011 0.906067 1 20 1.000000
Komainu
0  0.295169 -10.806711 5.856432  0.252455 -0.943427 0.214968  0.940125 0.934570 1 20 1.000000
0  -0.021238 -10.833078 5.348133  -0.000007 -0.940743 -0.339120  0.924011 0.906067 1 20 1.000000
0  0.227786 -10.805244 5.353260  0.163820 -0.918285 -0.360438  0.936706 0.906494 1 20 1.000000
Komainu
0  0.448244 -10.793526 5.485095  0.612542 -0.724213 -0.316713  0.947449 0.913330 1 20 1.000000
0  0.295169 -10.806711 5.856432  0.252455 -0.943427 0.214968  0.940125 0.934570 1 20 1.000000
0  0.227786 -10.805244 5.353260  0.163820 -0.918285 -0.360438  0.936706 0.906494 1 20 1.000000
Komainu
0  0.295169 -10.806711 5.856432  0.252455 -0.943427 0.214968  0.940125 0.934570 1 20 1.000000
0  0.448244 -10.793526 5.485095  0.612542 -0.724213 -0.316713  0.947449 0.913330 1 20 1.000000
0  0.509036 -10.769358 5.536365  0.394472 -0.600361 -0.695671  0.951050 0.916077 1 20 1.000000
Komainu
0  0.295169 -10.806711 5.856432  0.252455 -0.943427 0.214968  0.940125 0.934570 1 20 1.000000
0  0.509036 -10.769358 5.536365  0.394472 -0.600361 -0.695671  0.951050 0.916077 1 20 1.000000
0  0.616700 -10.644846 5.838855  0.583786 -0.796852 0.155634  0.956421 0.934692 1 20 1.000000
Komainu
0  0.512696 -10.373116 5.457264  -0.587765 -0.495635 -0.639436  0.952271 0.908752 1 20 1.000000
0  0.281984 -10.185616 5.060292  0.670657 -0.429200 -0.604985  0.944092 0.889526 1 20 1.000000
0  0.399173 -10.177560 5.066883  -0.558853 -0.721577 -0.408669  0.946960 0.889526 1 20 1.000000
Komainu
0  0.512696 -10.373116 5.457264  -0.587765 -0.495635 -0.639436  0.952271 0.908752 1 20 1.000000
0  0.448976 -10.403145 5.463123  0.673822 -0.258322 -0.692267  0.949951 0.908508 1 20 1.000000
0  0.281984 -10.185616 5.060292  0.670657 -0.429200 -0.604985  0.944092 0.889526 1 20 1.000000
Komainu
0  0.416750 -10.744455 5.355456  0.734207 -0.467046 -0.492756  0.947632 0.907044 1 20 1.000000
0  0.281984 -10.185616 5.060292  0.670657 -0.429200 -0.604985  0.944092 0.889526 1 20 1.000000
0  0.448976 -10.403145 5.463123  0.673822 -0.258322 -0.692267  0.949951 0.908508 1 20 1.000000
Komainu
0  0.416750 -10.744455 5.355456  0.734207 -0.467046 -0.492756  0.947632 0.907044 1 20 1.000000
0  -0.021238 -10.474191 4.907946  -0.000001 -0.614571 -0.788861  0.924011 0.881470 1 20 1.000000
0  0.262208 -10.404612 4.932117  0.674195 -0.234968 -0.700179  0.938477 0.881836 1 20 1.000000
Komainu
0  0.416750 -10.744455 5.355456  0.734207 -0.467046 -0.492756  0.947632 0.907044 1 20 1.000000
0  0.262208 -10.404612 4.932117  0.674195 -0.234968 -0.700179  0.938477 0.881836 1 20 1.000000
0  0.281984 -10.185616 5.060292  0.670657 -0.429200 -0.604985  0.944092 0.889526 1 20 1.000000
Komainu
0  0.118654 -9.932931 4.775379  0.455039 -0.336705 -0.824360  0.931152 0.863281 1 20 1.000000
0  0.281984 -10.185616 5.060292  0.670657 -0.429200 -0.604985  0.944092 0.889526 1 20 1.000000
0  0.262208 -10.404612 4.932117  0.674195 -0.234968 -0.700179  0.938477 0.881836 1 20 1.000000
Komainu
0  0.281984 -10.185616 5.060292  0.670657 -0.429200 -0.604985  0.944092 0.889526 1 20 1.000000
0  0.118654 -9.932931 4.775379  0.455039 -0.336705 -0.824360  0.931152 0.863281 1 20 1.000000
0  0.353761 -9.900705 4.777575  -0.303522 -0.563649 -0.768228  0.943115 0.863648 1 20 1.000000
Komainu
0  0.281984 -10.185616 5.060292  0.670657 -0.429200 -0.604985  0.944092 0.889526 1 20 1.000000
0  0.353761 -9.900705 4.777575  -0.303522 -0.563649 -0.768228  0.943115 0.863648 1 20 1.000000
0  0.399173 -10.177560 5.066883  -0.558853 -0.721577 -0.408669  0.946960 0.889526 1 20 1.000000
Komainu
0  0.454103 -10.340889 4.931385  -0.561652 -0.596976 -0.572859  0.948303 0.882202 1 20 1.000000
0  0.399173 -10.177560 5.066883  -0.558853 -0.721577 -0.408669  0.946960 0.889526 1 20 1.000000
0  0.353761 -9.900705 4.777575  -0.303522 -0.563649 -0.768228  0.943115 0.863648 1 20 1.000000
Komainu
0  0.454103 -10.340889 4.931385  -0.561652 -0.596976 -0.572859  0.948303 0.882202 1 20 1.000000
0  0.512696 -10.373116 5.457264  -0.587765 -0.495635 -0.639436  0.952271 0.908752 1 20 1.000000
0  0.399173 -10.177560 5.066883  -0.558853 -0.721577 -0.408669  0.946960 0.889526 1 20 1.000000
Komainu
0  0.454103 -10.340889 4.931385  -0.561652 -0.596976 -0.572859  0.948303 0.882202 1 20 1.000000
0  0.583010 -10.662423 5.376696  0.020597 -0.891143 -0.453255  0.954834 0.908569 1 20 1.000000
0  0.512696 -10.373116 5.457264  -0.587765 -0.495635 -0.639436  0.952271 0.908752 1 20 1.000000
Komainu
0  0.596192 -10.700508 5.488758  0.248834 -0.888011 -0.386676  0.955505 0.914062 1 20 1.000000
0  0.512696 -10.373116 5.457264  -0.587765 -0.495635 -0.639436  0.952271 0.908752 1 20 1.000000
0  0.583010 -10.662423 5.376696  0.020597 -0.891143 -0.453255  0.954834 0.908569 1 20 1.000000
Komainu
0  0.972659 -10.280100 5.405994  0.798636 -0.564225 -0.209358  0.974548 0.912415 1 20 1.000000
0  0.596192 -10.700508 5.488758  0.248834 -0.888011 -0.386676  0.955505 0.914062 1 20 1.000000
0  0.583010 -10.662423 5.376696  0.020597 -0.891143 -0.453255  0.954834 0.908569 1 20 1.000000
Komainu
0  0.596192 -10.700508 5.488758  0.248834 -0.888011 -0.386676  0.955505 0.914062 1 20 1.000000
0  0.972659 -10.280100 5.405994  0.798636 -0.564225 -0.209358  0.974548 0.912415 1 20 1.000000
0  0.877442 -10.411935 5.838123  0.801843 -0.560745 0.206429  0.969544 0.935425 1 20 1.000000
Komainu
0  0.972659 -10.280100 5.405994  0.798636 -0.564225 -0.209358  0.974548 0.912415 1 20 1.000000
0  0.998294 -10.078683 5.927478  0.879756 -0.375003 0.292236  0.980774 0.945557 1 20 1.000000
0  0.877442 -10.411935 5.838123  0.801843 -0.560745 0.206429  0.969544 0.935425 1 20 1.000000
Komainu
0  0.877442 -10.411935 5.838123  0.801843 -0.560745 0.206429  0.969544 0.935425 1 20 1.000000
0  0.998294 -10.078683 5.927478  0.879756 -0.375003 0.292236  0.980774 0.945557 1 20 1.000000
0  0.715577 -10.150461 6.309801  0.593109 -0.417083 0.688668  0.966492 0.966858 1 20 1.000000
Komainu
0  0.877442 -10.411935 5.838123  0.801843 -0.560745 0.206429  0.969544 0.935425 1 20 1.000000
0  0.715577 -10.150461 6.309801  0.593109 -0.417083 0.688668  0.966492 0.966858 1 20 1.000000
0  0.640871 -10.529856 6.143544  0.548646 -0.687273 0.476070  0.957520 0.948425 1 20 1.000000
Komainu
0  0.320069 -10.181955 6.450426  0.291235 -0.408948 0.864837  0.942993 0.978149 1 20 1.000000
0  0.640871 -10.529856 6.143544  0.548646 -0.687273 0.476070  0.957520 0.948425 1 20 1.000000
0  0.715577 -10.150461 6.309801  0.593109 -0.417083 0.688668  0.966492 0.966858 1 20 1.000000
Komainu
0  0.320069 -10.181955 6.450426  0.291235 -0.408948 0.864837  0.942993 0.978149 1 20 1.000000
0  0.287843 -10.615548 6.262194  0.273153 -0.685950 0.674433  0.939636 0.956360 1 20 1.000000
0  0.640871 -10.529856 6.143544  0.548646 -0.687273 0.476070  0.957520 0.948425 1 20 1.000000
Komainu
0  -0.023434 -10.198068 6.530993  -0.000591 -0.413523 0.910493  0.924011 0.980713 1 20 1.000000
0  0.287843 -10.615548 6.262194  0.273153 -0.685950 0.674433  0.939636 0.956360 1 20 1.000000
0  0.320069 -10.181955 6.450426  0.291235 -0.408948 0.864837  0.942993 0.978149 1 20 1.000000
Komainu
0  -0.023434 -10.198068 6.530993  -0.000591 -0.413523 0.910493  0.924011 0.980713 1 20 1.000000
0  -0.022702 -10.633860 6.332508  0.000001 -0.712820 0.701347  0.924011 0.958374 1 20 1.000000
0  0.287843 -10.615548 6.262194  0.273153 -0.685950 0.674433  0.939636 0.956360 1 20 1.000000
Komainu
0  0.454103 -10.340889 4.931385  -0.561652 -0.596976 -0.572859  0.948303 0.882202 1 20 1.000000
0  0.353761 -9.900705 4.777575  -0.303522 -0.563649 -0.768228  0.943115 0.863648 1 20 1.000000
0  0.617435 -9.872139 4.815663  0.309918 -0.312849 -0.897818  0.959290 0.867065 1 20 1.000000
Komainu
0  0.454103 -10.340889 4.931385  -0.561652 -0.596976 -0.572859  0.948303 0.882202 1 20 1.000000
0  0.617435 -9.872139 4.815663  0.309918 -0.312849 -0.897818  0.959290 0.867065 1 20 1.000000
0  0.598391 -10.324776 4.960680  0.330295 -0.545657 -0.770172  0.957031 0.884827 1 20 1.000000
Komainu
0  0.583010 -10.662423 5.376696  0.020597 -0.891143 -0.453255  0.954834 0.908569 1 20 1.000000
0  0.454103 -10.340889 4.931385  -0.561652 -0.596976 -0.572859  0.948303 0.882202 1 20 1.000000
0  0.598391 -10.324776 4.960680  0.330295 -0.545657 -0.770172  0.957031 0.884827 1 20 1.000000
Komainu
0  0.598391 -10.324776 4.960680  0.330295 -0.545657 -0.770172  0.957031 0.884827 1 20 1.000000
0  0.796145 -10.281564 5.063220  0.622988 -0.531656 -0.573784  0.965698 0.895020 1 20 1.000000
0  0.583010 -10.662423 5.376696  0.020597 -0.891143 -0.453255  0.954834 0.908569 1 20 1.000000
Komainu
0  0.796145 -10.281564 5.063220  0.622988 -0.531656 -0.573784  0.965698 0.895020 1 20 1.000000
0  0.972659 -10.280100 5.405994  0.798636 -0.564225 -0.209358  0.974548 0.912415 1 20 1.000000
0  0.583010 -10.662423 5.376696  0.020597 -0.891143 -0.453255  0.954834 0.908569 1 20 1.000000
Komainu
0  0.796145 -10.281564 5.063220  0.622988 -0.531656 -0.573784  0.965698 0.895020 1 20 1.000000
0  1.074464 -9.993723 5.368641  0.917352 -0.353148 -0.183718  0.987732 0.913818 1 20 1.000000
0  0.972659 -10.280100 5.405994  0.798636 -0.564225 -0.209358  0.974548 0.912415 1 20 1.000000
Komainu
0  0.972659 -10.280100 5.405994  0.798636 -0.564225 -0.209358  0.974548 0.912415 1 20 1.000000
0  1.074464 -9.993723 5.368641  0.917352 -0.353148 -0.183718  0.987732 0.913818 1 20 1.000000
0  0.998294 -10.078683 5.927478  0.879756 -0.375003 0.292236  0.980774 0.945557 1 20 1.000000
Komainu
0  0.598391 -10.324776 4.960680  0.330295 -0.545657 -0.770172  0.957031 0.884827 1 20 1.000000
0  0.617435 -9.872139 4.815663  0.309918 -0.312849 -0.897818  0.959290 0.867065 1 20 1.000000
0  0.877441 -9.913155 4.944567  0.657515 -0.344416 -0.670113  0.976013 0.883728 1 20 1.000000
Komainu
0  0.598391 -10.324776 4.960680  0.330295 -0.545657 -0.770172  0.957031 0.884827 1 20 1.000000
0  0.877441 -9.913155 4.944567  0.657515 -0.344416 -0.670113  0.976013 0.883728 1 20 1.000000
0  0.796145 -10.281564 5.063220  0.622988 -0.531656 -0.573784  0.965698 0.895020 1 20 1.000000
Komainu
0  0.796145 -10.281564 5.063220  0.622988 -0.531656 -0.573784  0.965698 0.895020 1 20 1.000000
0  0.877441 -9.913155 4.944567  0.657515 -0.344416 -0.670113  0.976013 0.883728 1 20 1.000000
0  1.074464 -9.993723 5.368641  0.917352 -0.353148 -0.183718  0.987732 0.913818 1 20 1.000000
Komainu
0  -0.332518 -10.615548 6.262194  -0.273267 -0.685899 0.674439  0.939636 0.956360 1 20 1.000000
0  -0.023434 -10.198068 6.530993  -0.000591 -0.413523 0.910493  0.924011 0.980713 1 20 1.000000
0  -0.365476 -10.181955 6.450426  -0.291568 -0.409492 0.864468  0.942993 0.978149 1 20 1.000000
Komainu
0  -0.685546 -10.529856 6.143544  -0.537267 -0.692579 0.481330  0.957520 0.948425 1 20 1.000000
0  -0.332518 -10.615548 6.262194  -0.273267 -0.685899 0.674439  0.939636 0.956360 1 20 1.000000
0  -0.365476 -10.181955 6.450426  -0.291568 -0.409492 0.864468  0.942993 0.978149 1 20 1.000000
Komainu
0  -0.685546 -10.529856 6.143544  -0.537267 -0.692579 0.481330  0.957520 0.948425 1 20 1.000000
0  -0.365476 -10.181955 6.450426  -0.291568 -0.409492 0.864468  0.942993 0.978149 1 20 1.000000
0  -0.761716 -10.150461 6.309801  -0.590024 -0.412214 0.694228  0.966492 0.966858 1 20 1.000000
Komainu
0  -0.761716 -10.150461 6.309801  -0.590024 -0.412214 0.694228  0.966492 0.966858 1 20 1.000000
0  -0.922117 -10.438302 5.838123  -0.767330 -0.587468 0.257073  0.969544 0.935425 1 20 1.000000
0  -0.685546 -10.529856 6.143544  -0.537267 -0.692579 0.481330  0.957520 0.948425 1 20 1.000000
Komainu
0  -0.761716 -10.150461 6.309801  -0.590024 -0.412214 0.694228  0.966492 0.966858 1 20 1.000000
0  -1.043698 -10.078683 5.927478  -0.891216 -0.330879 0.310246  0.980774 0.945557 1 20 1.000000
0  -0.922117 -10.438302 5.838123  -0.767330 -0.587468 0.257073  0.969544 0.935425 1 20 1.000000
Komainu
0  -1.043698 -10.078683 5.927478  -0.891216 -0.330879 0.310246  0.980774 0.945557 1 20 1.000000
0  -1.016599 -10.405344 5.405994  -0.748314 -0.617453 -0.242440  0.974548 0.912415 1 20 1.000000
0  -0.922117 -10.438302 5.838123  -0.767330 -0.587468 0.257073  0.969544 0.935425 1 20 1.000000
Komainu
0  -1.043698 -10.078683 5.927478  -0.891216 -0.330879 0.310246  0.980774 0.945557 1 20 1.000000
0  -1.119139 -9.993723 5.368641  -0.934717 -0.302927 -0.185848  0.987732 0.913818 1 20 1.000000
0  -1.016599 -10.405344 5.405994  -0.748314 -0.617453 -0.242440  0.974548 0.912415 1 20 1.000000
Komainu
0  -1.119139 -9.993723 5.368641  -0.934717 -0.302927 -0.185848  0.987732 0.913818 1 20 1.000000
0  -0.839353 -10.281564 5.063220  -0.573596 -0.528331 -0.625982  0.965698 0.895020 1 20 1.000000
0  -1.016599 -10.405344 5.405994  -0.748314 -0.617453 -0.242440  0.974548 0.912415 1 20 1.000000
Komainu
0  -1.119139 -9.993723 5.368641  -0.934717 -0.302927 -0.185848  0.987732 0.913818 1 20 1.000000
0  -0.920654 -9.913155 4.944567  -0.651317 -0.319081 -0.688457  0.976013 0.883728 1 20 1.000000
0  -0.839353 -10.281564 5.063220  -0.573596 -0.528331 -0.625982  0.965698 0.895020 1 20 1.000000
Komainu
0  -0.332518 -10.615548 6.262194  -0.273267 -0.685899 0.674439  0.939636 0.956360 1 20 1.000000
0  -0.022702 -10.633860 6.332508  0.000001 -0.712820 0.701347  0.924011 0.958374 1 20 1.000000
0  -0.023434 -10.198068 6.530993  -0.000591 -0.413523 0.910493  0.924011 0.980713 1 20 1.000000
Komainu
0  -0.339109 -10.806711 5.856432  -0.252381 -0.943576 0.214403  0.940125 0.934570 1 20 1.000000
0  -0.022702 -10.633860 6.332508  0.000001 -0.712820 0.701347  0.924011 0.958374 1 20 1.000000
0  -0.332518 -10.615548 6.262194  -0.273267 -0.685899 0.674439  0.939636 0.956360 1 20 1.000000
Komainu
0  -0.339109 -10.806711 5.856432  -0.252381 -0.943576 0.214403  0.940125 0.934570 1 20 1.000000
0  -0.332518 -10.615548 6.262194  -0.273267 -0.685899 0.674439  0.939636 0.956360 1 20 1.000000
0  -0.685546 -10.529856 6.143544  -0.537267 -0.692579 0.481330  0.957520 0.948425 1 20 1.000000
Komainu
0  -0.339109 -10.806711 5.856432  -0.252381 -0.943576 0.214403  0.940125 0.934570 1 20 1.000000
0  -0.685546 -10.529856 6.143544  -0.537267 -0.692579 0.481330  0.957520 0.948425 1 20 1.000000
0  -0.660643 -10.644846 5.838855  -0.551801 -0.815731 0.173490  0.956421 0.934692 1 20 1.000000
Komainu
0  -0.922117 -10.438302 5.838123  -0.767330 -0.587468 0.257073  0.969544 0.935425 1 20 1.000000
0  -0.660643 -10.644846 5.838855  -0.551801 -0.815731 0.173490  0.956421 0.934692 1 20 1.000000
0  -0.685546 -10.529856 6.143544  -0.537267 -0.692579 0.481330  0.957520 0.948425 1 20 1.000000
Komainu
0  -0.922117 -10.438302 5.838123  -0.767330 -0.587468 0.257073  0.969544 0.935425 1 20 1.000000
0  -0.639403 -10.700508 5.488758  -0.161064 -0.921416 -0.353625  0.955505 0.914062 1 20 1.000000
0  -0.660643 -10.644846 5.838855  -0.551801 -0.815731 0.173490  0.956421 0.934692 1 20 1.000000
Komainu
0  -0.922117 -10.438302 5.838123  -0.767330 -0.587468 0.257073  0.969544 0.935425 1 20 1.000000
0  -1.016599 -10.405344 5.405994  -0.748314 -0.617453 -0.242440  0.974548 0.912415 1 20 1.000000
0  -0.639403 -10.700508 5.488758  -0.161064 -0.921416 -0.353625  0.955505 0.914062 1 20 1.000000
Komainu
0  -1.016599 -10.405344 5.405994  -0.748314 -0.617453 -0.242440  0.974548 0.912415 1 20 1.000000
0  -0.626218 -10.662423 5.376696  0.059593 -0.878267 -0.474443  0.954834 0.908569 1 20 1.000000
0  -0.639403 -10.700508 5.488758  -0.161064 -0.921416 -0.353625  0.955505 0.914062 1 20 1.000000
Komainu
0  -0.839353 -10.281564 5.063220  -0.573596 -0.528331 -0.625982  0.965698 0.895020 1 20 1.000000
0  -0.626218 -10.662423 5.376696  0.059593 -0.878267 -0.474443  0.954834 0.908569 1 20 1.000000
0  -1.016599 -10.405344 5.405994  -0.748314 -0.617453 -0.242440  0.974548 0.912415 1 20 1.000000
Komainu
0  -0.641599 -10.324776 4.960680  -0.329874 -0.545774 -0.770269  0.957031 0.884827 1 20 1.000000
0  -0.626218 -10.662423 5.376696  0.059593 -0.878267 -0.474443  0.954834 0.908569 1 20 1.000000
0  -0.839353 -10.281564 5.063220  -0.573596 -0.528331 -0.625982  0.965698 0.895020 1 20 1.000000
Komainu
0  -0.920654 -9.913155 4.944567  -0.651317 -0.319081 -0.688457  0.976013 0.883728 1 20 1.000000
0  -0.641599 -10.324776 4.960680  -0.329874 -0.545774 -0.770269  0.957031 0.884827 1 20 1.000000
0  -0.839353 -10.281564 5.063220  -0.573596 -0.528331 -0.625982  0.965698 0.895020 1 20 1.000000
Komainu
0  -0.920654 -9.913155 4.944567  -0.651317 -0.319081 -0.688457  0.976013 0.883728 1 20 1.000000
0  -0.661376 -9.872139 4.815663  -0.309672 -0.313098 -0.897816  0.959290 0.867065 1 20 1.000000
0  -0.641599 -10.324776 4.960680  -0.329874 -0.545774 -0.770269  0.957031 0.884827 1 20 1.000000
Komainu
0  -0.661376 -9.872139 4.815663  -0.309672 -0.313098 -0.897816  0.959290 0.867065 1 20 1.000000
0  -0.497311 -10.340889 4.931385  0.562656 -0.596694 -0.572167  0.948303 0.882202 1 20 1.000000
0  -0.641599 -10.324776 4.960680  -0.329874 -0.545774 -0.770269  0.957031 0.884827 1 20 1.000000
Komainu
0  -0.661376 -9.872139 4.815663  -0.309672 -0.313098 -0.897816  0.959290 0.867065 1 20 1.000000
0  -0.396971 -9.900705 4.777575  0.304014 -0.563619 -0.768055  0.943115 0.863648 1 20 1.000000
0  -0.497311 -10.340889 4.931385  0.562656 -0.596694 -0.572167  0.948303 0.882202 1 20 1.000000
Komainu
0  -0.497311 -10.340889 4.931385  0.562656 -0.596694 -0.572167  0.948303 0.882202 1 20 1.000000
0  -0.396971 -9.900705 4.777575  0.304014 -0.563619 -0.768055  0.943115 0.863648 1 20 1.000000
0  -0.443113 -10.177560 5.066883  0.559712 -0.721329 -0.407930  0.946960 0.889526 1 20 1.000000
Komainu
0  -0.396971 -9.900705 4.777575  0.304014 -0.563619 -0.768055  0.943115 0.863648 1 20 1.000000
0  -0.325192 -10.185616 5.060292  -0.669864 -0.429742 -0.605478  0.944092 0.889526 1 20 1.000000
0  -0.443113 -10.177560 5.066883  0.559712 -0.721329 -0.407930  0.946960 0.889526 1 20 1.000000
Komainu
0  -0.325192 -10.185616 5.060292  -0.669864 -0.429742 -0.605478  0.944092 0.889526 1 20 1.000000
0  -0.556639 -10.373116 5.457264  0.588565 -0.495180 -0.639052  0.952271 0.908752 1 20 1.000000
0  -0.443113 -10.177560 5.066883  0.559712 -0.721329 -0.407930  0.946960 0.889526 1 20 1.000000
Komainu
0  -0.325192 -10.185616 5.060292  -0.669864 -0.429742 -0.605478  0.944092 0.889526 1 20 1.000000
0  -0.492919 -10.403145 5.463123  -0.673004 -0.259049 -0.692791  0.949951 0.908508 1 20 1.000000
0  -0.556639 -10.373116 5.457264  0.588565 -0.495180 -0.639052  0.952271 0.908752 1 20 1.000000
Komainu
0  -0.556639 -10.373116 5.457264  0.588565 -0.495180 -0.639052  0.952271 0.908752 1 20 1.000000
0  -0.497311 -10.340889 4.931385  0.562656 -0.596694 -0.572167  0.948303 0.882202 1 20 1.000000
0  -0.443113 -10.177560 5.066883  0.559712 -0.721329 -0.407930  0.946960 0.889526 1 20 1.000000
Komainu
0  -0.556639 -10.373116 5.457264  0.588565 -0.495180 -0.639052  0.952271 0.908752 1 20 1.000000
0  -0.626218 -10.662423 5.376696  0.059593 -0.878267 -0.474443  0.954834 0.908569 1 20 1.000000
0  -0.497311 -10.340889 4.931385  0.562656 -0.596694 -0.572167  0.948303 0.882202 1 20 1.000000
Komainu
0  -0.626218 -10.662423 5.376696  0.059593 -0.878267 -0.474443  0.954834 0.908569 1 20 1.000000
0  -0.641599 -10.324776 4.960680  -0.329874 -0.545774 -0.770269  0.957031 0.884827 1 20 1.000000
0  -0.497311 -10.340889 4.931385  0.562656 -0.596694 -0.572167  0.948303 0.882202 1 20 1.000000
Komainu
0  -0.552976 -10.769358 5.536365  -0.393800 -0.600447 -0.695978  0.951050 0.916077 1 20 1.000000
0  -0.339109 -10.806711 5.856432  -0.252381 -0.943576 0.214403  0.940125 0.934570 1 20 1.000000
0  -0.660643 -10.644846 5.838855  -0.551801 -0.815731 0.173490  0.956421 0.934692 1 20 1.000000
Komainu
0  -0.660643 -10.644846 5.838855  -0.551801 -0.815731 0.173490  0.956421 0.934692 1 20 1.000000
0  -0.639403 -10.700508 5.488758  -0.161064 -0.921416 -0.353625  0.955505 0.914062 1 20 1.000000
0  -0.552976 -10.769358 5.536365  -0.393800 -0.600447 -0.695978  0.951050 0.916077 1 20 1.000000
Komainu
0  -0.552976 -10.769358 5.536365  -0.393800 -0.600447 -0.695978  0.951050 0.916077 1 20 1.000000
0  -0.639403 -10.700508 5.488758  -0.161064 -0.921416 -0.353625  0.955505 0.914062 1 20 1.000000
0  -0.556639 -10.373116 5.457264  0.588565 -0.495180 -0.639052  0.952271 0.908752 1 20 1.000000
Komainu
0  -0.639403 -10.700508 5.488758  -0.161064 -0.921416 -0.353625  0.955505 0.914062 1 20 1.000000
0  -0.626218 -10.662423 5.376696  0.059593 -0.878267 -0.474443  0.954834 0.908569 1 20 1.000000
0  -0.556639 -10.373116 5.457264  0.588565 -0.495180 -0.639052  0.952271 0.908752 1 20 1.000000
Komainu
0  3.848146 -6.700751 7.415760  0.891886 0.016895 0.451945  0.702804 0.685730 1 20 1.000000
0  3.916993 -6.420969 6.890613  0.991231 -0.017025 -0.131040  0.714706 0.662537 1 20 1.000000
0  3.912598 -6.326487 7.235583  0.936400 0.245553 0.250714  0.720626 0.680176 1 20 1.000000
Komainu
0  3.758791 -6.174872 7.365954  0.813898 0.401794 0.419680  0.727523 0.688904 1 20 1.000000
0  3.848146 -6.700751 7.415760  0.891886 0.016895 0.451945  0.702804 0.685730 1 20 1.000000
0  3.912598 -6.326487 7.235583  0.936400 0.245553 0.250714  0.720626 0.680176 1 20 1.000000
Komainu
0  3.758791 -6.174872 7.365954  0.813898 0.401794 0.419680  0.727523 0.688904 1 20 1.000000
0  3.699463 -6.746894 7.640613  0.811063 -0.003166 0.584950  0.703353 0.697388 1 20 1.000000
0  3.848146 -6.700751 7.415760  0.891886 0.016895 0.451945  0.702804 0.685730 1 20 1.000000
Komainu
0  3.960940 -6.981269 7.163805  0.982682 -0.161269 0.091264  0.694198 0.672119 1 20 1.000000
0  3.848146 -6.700751 7.415760  0.891886 0.016895 0.451945  0.702804 0.685730 1 20 1.000000
0  3.699463 -6.746894 7.640613  0.811063 -0.003166 0.584950  0.703353 0.697388 1 20 1.000000
Komainu
0  3.960940 -6.981269 7.163805  0.982682 -0.161269 0.091264  0.694198 0.672119 1 20 1.000000
0  3.699463 -6.746894 7.640613  0.811063 -0.003166 0.584950  0.703353 0.697388 1 20 1.000000
0  3.850342 -7.211249 7.228260  0.915222 -0.363111 0.174696  0.687118 0.673828 1 20 1.000000
Komainu
0  3.814453 -7.008368 6.661365  0.890805 -0.207135 -0.404427  0.694320 0.648377 1 20 1.000000
0  3.960940 -6.981269 7.163805  0.982682 -0.161269 0.091264  0.694198 0.672119 1 20 1.000000
0  3.850342 -7.211249 7.228260  0.915222 -0.363111 0.174696  0.687118 0.673828 1 20 1.000000
Komainu
0  3.814453 -7.008368 6.661365  0.890805 -0.207135 -0.404427  0.694320 0.648377 1 20 1.000000
0  3.912598 -6.903633 6.826161  0.920287 -0.083064 -0.382325  0.696823 0.656799 1 20 1.000000
0  3.960940 -6.981269 7.163805  0.982682 -0.161269 0.091264  0.694198 0.672119 1 20 1.000000
Komainu
0  3.814453 -7.008368 6.661365  0.890805 -0.207135 -0.404427  0.694320 0.648377 1 20 1.000000
0  3.763186 -6.682443 6.626940  0.959208 -0.049389 -0.278355  0.704208 0.648743 1 20 1.000000
0  3.912598 -6.903633 6.826161  0.920287 -0.083064 -0.382325  0.696823 0.656799 1 20 1.000000
Komainu
0  3.916993 -6.420969 6.890613  0.991231 -0.017025 -0.131040  0.714706 0.662537 1 20 1.000000
0  3.912598 -6.903633 6.826161  0.920287 -0.083064 -0.382325  0.696823 0.656799 1 20 1.000000
0  3.763186 -6.682443 6.626940  0.959208 -0.049389 -0.278355  0.704208 0.648743 1 20 1.000000
Komainu
0  3.763186 -6.682443 6.626940  0.959208 -0.049389 -0.278355  0.704208 0.648743 1 20 1.000000
0  3.859864 -6.309639 6.185292  0.975369 0.067800 -0.209903  0.719894 0.630005 1 20 1.000000
0  3.916993 -6.420969 6.890613  0.991231 -0.017025 -0.131040  0.714706 0.662537 1 20 1.000000
Komainu
0  3.763186 -6.682443 6.626940  0.959208 -0.049389 -0.278355  0.704208 0.648743 1 20 1.000000
0  3.886231 -7.042061 6.161120  0.959176 -0.049376 -0.278465  0.692977 0.624756 1 20 1.000000
0  3.859864 -6.309639 6.185292  0.975369 0.067800 -0.209903  0.719894 0.630005 1 20 1.000000
Komainu
0  3.763186 -6.682443 6.626940  0.959208 -0.049389 -0.278355  0.704208 0.648743 1 20 1.000000
0  3.814453 -7.008368 6.661365  0.981102 0.139568 0.134016  0.694320 0.648377 1 20 1.000000
0  3.886231 -7.042061 6.161120  0.959176 -0.049376 -0.278465  0.692977 0.624756 1 20 1.000000
Komainu
0  3.850342 -7.211249 7.228260  0.963944 0.265267 -0.021111  0.687118 0.673828 1 20 1.000000
0  3.886231 -7.042061 6.161120  0.959176 -0.049376 -0.278465  0.692977 0.624756 1 20 1.000000
0  3.814453 -7.008368 6.661365  0.981102 0.139568 0.134016  0.694320 0.648377 1 20 1.000000
Komainu
0  3.850342 -7.211249 7.228260  0.963944 0.265267 -0.021111  0.687118 0.673828 1 20 1.000000
0  3.948487 -7.652901 6.665029  0.961343 -0.207730 -0.180745  0.674178 0.644653 1 20 1.000000
0  3.886231 -7.042061 6.161120  0.959176 -0.049376 -0.278465  0.692977 0.624756 1 20 1.000000
Komainu
0  3.948487 -7.652901 6.665029  0.961343 -0.207730 -0.180745  0.674178 0.644653 1 20 1.000000
0  3.850342 -7.211249 7.228260  0.963944 0.265267 -0.021111  0.687118 0.673828 1 20 1.000000
0  3.994630 -7.677073 7.465563  0.972802 -0.172348 0.154767  0.672469 0.682251 1 20 1.000000
Komainu
0  3.994630 -7.677073 7.465563  0.972802 -0.172348 0.154767  0.672469 0.682251 1 20 1.000000
0  3.850342 -7.211249 7.228260  0.963944 0.265267 -0.021111  0.687118 0.673828 1 20 1.000000
0  3.699463 -6.746894 7.640613  0.983601 0.097964 -0.151436  0.703353 0.697388 1 20 1.000000
Komainu
0  3.848146 -6.700751 7.415760  0.891886 0.016895 0.451945  0.702804 0.685730 1 20 1.000000
0  3.960940 -6.981269 7.163805  0.982682 -0.161269 0.091264  0.694198 0.672119 1 20 1.000000
0  3.916993 -6.420969 6.890613  0.991231 -0.017025 -0.131040  0.714706 0.662537 1 20 1.000000
Komainu
0  3.916993 -6.420969 6.890613  0.991231 -0.017025 -0.131040  0.714706 0.662537 1 20 1.000000
0  3.960940 -6.981269 7.163805  0.982682 -0.161269 0.091264  0.694198 0.672119 1 20 1.000000
0  3.912598 -6.903633 6.826161  0.920287 -0.083064 -0.382325  0.696823 0.656799 1 20 1.000000
Komainu
0  3.611572 -5.383124 6.524404  0.906933 0.395681 -0.144596  0.758102 0.653442 1 20 1.000000
0  2.751709 -4.940918 5.047851  0.746898 0.515209 -0.420361  0.769027 0.590881 2 20 0.700000 21 0.300000
0  3.319336 -5.033760 6.510486  0.782200 0.617795 -0.080574  0.769210 0.659790 1 20 1.000000
Komainu
0  3.452638 -5.362617 7.417956  0.670039 0.639475 0.376988  0.760543 0.699219 1 20 1.000000
0  3.611572 -5.383124 6.524404  0.906933 0.395681 -0.144596  0.758102 0.653442 1 20 1.000000
0  3.319336 -5.033760 6.510486  0.782200 0.617795 -0.080574  0.769210 0.659790 1 20 1.000000
Komainu
0  3.452638 -5.362617 7.417956  0.670039 0.639475 0.376988  0.760543 0.699219 1 20 1.000000
0  3.790285 -5.678291 7.374012  0.928096 0.334544 0.163457  0.748702 0.695679 1 20 1.000000
0  3.611572 -5.383124 6.524404  0.906933 0.395681 -0.144596  0.758102 0.653442 1 20 1.000000
Komainu
0  3.452638 -5.362617 7.417956  0.670039 0.639475 0.376988  0.760543 0.699219 1 20 1.000000
0  3.761719 -6.203439 7.898424  0.917248 0.206728 0.340469  0.730026 0.717041 1 20 1.000000
0  3.790285 -5.678291 7.374012  0.928096 0.334544 0.163457  0.748702 0.695679 1 20 1.000000
Komainu
0  3.761719 -6.203439 7.898424  0.917248 0.206728 0.340469  0.730026 0.717041 1 20 1.000000
0  3.758791 -6.174872 7.365954  0.996192 -0.032000 -0.081100  0.727523 0.688904 1 20 1.000000
0  3.790285 -5.678291 7.374012  0.928096 0.334544 0.163457  0.748702 0.695679 1 20 1.000000
Komainu
0  3.761719 -6.203439 7.898424  0.917248 0.206728 0.340469  0.730026 0.717041 1 20 1.000000
0  3.699463 -6.746894 7.640613  0.983601 0.097964 -0.151436  0.703353 0.697388 1 20 1.000000
0  3.758791 -6.174872 7.365954  0.996192 -0.032000 -0.081100  0.727523 0.688904 1 20 1.000000
Komainu
0  3.844483 -6.998115 7.986315  0.937989 0.037757 0.344603  0.694381 0.713074 1 20 1.000000
0  3.699463 -6.746894 7.640613  0.983601 0.097964 -0.151436  0.703353 0.697388 1 20 1.000000
0  3.761719 -6.203439 7.898424  0.917248 0.206728 0.340469  0.730026 0.717041 1 20 1.000000
Komainu
0  3.994630 -7.677073 7.465563  0.972802 -0.172348 0.154767  0.672469 0.682251 1 20 1.000000
0  3.699463 -6.746894 7.640613  0.983601 0.097964 -0.151436  0.703353 0.697388 1 20 1.000000
0  3.844483 -6.998115 7.986315  0.937989 0.037757 0.344603  0.694381 0.713074 1 20 1.000000
Komainu
0  3.723634 -7.909983 7.563708  0.694038 -0.630757 0.347070  0.662826 0.685547 1 20 1.000000
0  3.994630 -7.677073 7.465563  0.972802 -0.172348 0.154767  0.672469 0.682251 1 20 1.000000
0  3.844483 -6.998115 7.986315  0.937989 0.037757 0.344603  0.694381 0.713074 1 20 1.000000
Komainu
0  3.723634 -7.909983 7.563708  0.694038 -0.630757 0.347070  0.662826 0.685547 1 20 1.000000
0  3.948487 -7.652901 6.665029  0.961343 -0.207730 -0.180745  0.674178 0.644653 1 20 1.000000
0  3.994630 -7.677073 7.465563  0.972802 -0.172348 0.154767  0.672469 0.682251 1 20 1.000000
Komainu
0  3.723634 -7.909983 7.563708  0.694038 -0.630757 0.347070  0.662826 0.685547 1 20 1.000000
0  3.694336 -7.876289 6.554430  0.706291 -0.624158 -0.334036  0.665695 0.638123 1 20 1.000000
0  3.948487 -7.652901 6.665029  0.961343 -0.207730 -0.180745  0.674178 0.644653 1 20 1.000000
Komainu
0  3.694336 -7.876289 6.554430  0.706291 -0.624158 -0.334036  0.665695 0.638123 1 20 1.000000
0  3.886231 -7.042061 6.161120  0.959176 -0.049376 -0.278465  0.692977 0.624756 1 20 1.000000
0  3.948487 -7.652901 6.665029  0.961343 -0.207730 -0.180745  0.674178 0.644653 1 20 1.000000
Komainu
0  3.694336 -7.876289 6.554430  0.706291 -0.624158 -0.334036  0.665695 0.638123 1 20 1.000000
0  3.667969 -7.123362 5.940663  0.743901 -0.214870 -0.632805  0.691635 0.613953 1 20 1.000000
0  3.886231 -7.042061 6.161120  0.959176 -0.049376 -0.278465  0.692977 0.624756 1 20 1.000000
Komainu
0  3.637207 -6.178535 5.888661  0.813798 0.297968 -0.498947  0.725875 0.616699 1 20 1.000000
0  3.886231 -7.042061 6.161120  0.959176 -0.049376 -0.278465  0.692977 0.624756 1 20 1.000000
0  3.667969 -7.123362 5.940663  0.743901 -0.214870 -0.632805  0.691635 0.613953 1 20 1.000000
Komainu
0  3.637207 -6.178535 5.888661  0.813798 0.297968 -0.498947  0.725875 0.616699 1 20 1.000000
0  3.859864 -6.309639 6.185292  0.975369 0.067800 -0.209903  0.719894 0.630005 1 20 1.000000
0  3.886231 -7.042061 6.161120  0.959176 -0.049376 -0.278465  0.692977 0.624756 1 20 1.000000
Komainu
0  3.637207 -6.178535 5.888661  0.813798 0.297968 -0.498947  0.725875 0.616699 1 20 1.000000
0  3.880372 -6.100166 6.672351  0.938320 0.342421 -0.047983  0.726486 0.653809 1 20 1.000000
0  3.859864 -6.309639 6.185292  0.975369 0.067800 -0.209903  0.719894 0.630005 1 20 1.000000
Komainu
0  3.916993 -6.420969 6.890613  0.991231 -0.017025 -0.131040  0.714706 0.662537 1 20 1.000000
0  3.859864 -6.309639 6.185292  0.975369 0.067800 -0.209903  0.719894 0.630005 1 20 1.000000
0  3.880372 -6.100166 6.672351  0.938320 0.342421 -0.047983  0.726486 0.653809 1 20 1.000000
Komainu
0  3.880372 -6.100166 6.672351  0.938320 0.342421 -0.047983  0.726486 0.653809 1 20 1.000000
0  3.912598 -6.326487 7.235583  0.936400 0.245553 0.250714  0.720626 0.680176 1 20 1.000000
0  3.916993 -6.420969 6.890613  0.991231 -0.017025 -0.131040  0.714706 0.662537 1 20 1.000000
Komainu
0  3.452638 -5.362617 7.417956  0.670039 0.639475 0.376988  0.760543 0.699219 1 20 1.000000
0  3.457765 -6.126534 8.069078  0.544663 0.361521 0.756733  0.737777 0.726868 1 20 1.000000
0  3.761719 -6.203439 7.898424  0.917248 0.206728 0.340469  0.730026 0.717041 1 20 1.000000
Komainu
0  3.457765 -6.126534 8.069078  0.544663 0.361521 0.756733  0.737777 0.726868 1 20 1.000000
0  3.844483 -6.998115 7.986315  0.937989 0.037757 0.344603  0.694381 0.713074 1 20 1.000000
0  3.761719 -6.203439 7.898424  0.917248 0.206728 0.340469  0.730026 0.717041 1 20 1.000000
Komainu
0  3.457765 -6.126534 8.069078  0.544663 0.361521 0.756733  0.737777 0.726868 1 20 1.000000
0  3.548584 -7.125557 8.184069  0.584546 -0.132090 0.800536  0.691635 0.722351 1 20 1.000000
0  3.844483 -6.998115 7.986315  0.937989 0.037757 0.344603  0.694381 0.713074 1 20 1.000000
Komainu
0  3.723634 -7.909983 7.563708  0.694038 -0.630757 0.347070  0.662826 0.685547 1 20 1.000000
0  3.844483 -6.998115 7.986315  0.937989 0.037757 0.344603  0.694381 0.713074 1 20 1.000000
0  3.548584 -7.125557 8.184069  0.584546 -0.132090 0.800536  0.691635 0.722351 1 20 1.000000
Komainu
0  3.637207 -6.178535 5.888661  0.813798 0.297968 -0.498947  0.725875 0.616699 1 20 1.000000
0  3.682618 -5.809394 6.644520  0.810305 0.583925 -0.049377  0.738632 0.653870 1 20 1.000000
0  3.880372 -6.100166 6.672351  0.938320 0.342421 -0.047983  0.726486 0.653809 1 20 1.000000
Komainu
0  3.682618 -5.809394 6.644520  0.810305 0.583925 -0.049377  0.738632 0.653870 1 20 1.000000
0  3.912598 -6.326487 7.235583  0.936400 0.245553 0.250714  0.720626 0.680176 1 20 1.000000
0  3.880372 -6.100166 6.672351  0.938320 0.342421 -0.047983  0.726486 0.653809 1 20 1.000000
Komainu
0  3.682618 -5.809394 6.644520  0.810305 0.583925 -0.049377  0.738632 0.653870 1 20 1.000000
0  3.758791 -6.174872 7.365954  0.813898 0.401794 0.419680  0.727523 0.688904 1 20 1.000000
0  3.912598 -6.326487 7.235583  0.936400 0.245553 0.250714  0.720626 0.680176 1 20 1.000000
Komainu
0  -4.070893 -6.654736 9.664308  -0.865749 0.369885 -0.337141  0.201644 0.559570 2 23 0.900000 20 0.100000
0  -3.509033 -6.974679 8.710680  -0.969061 0.111473 -0.220216  0.215316 0.505371 1 20 1.000000
0  -3.514160 -7.644114 8.337147  -0.972640 -0.230960 0.025085  0.229904 0.504578 1 20 1.000000
Komainu
0  -3.429197 -6.453197 8.864490  -0.924384 0.380332 -0.029363  0.195480 0.506226 1 20 1.000000
0  -3.509033 -6.974679 8.710680  -0.969061 0.111473 -0.220216  0.215316 0.505371 1 20 1.000000
0  -4.070893 -6.654736 9.664308  -0.865749 0.369885 -0.337141  0.201644 0.559570 2 23 0.900000 20 0.100000
Komainu
0  -3.117374 -6.298303 9.504416  -0.173992 0.983646 0.046547  0.194625 0.546692 1 23 1.000000
0  -3.429197 -6.453197 8.864490  -0.924384 0.380332 -0.029363  0.195480 0.506226 1 20 1.000000
0  -4.070893 -6.654736 9.664308  -0.865749 0.369885 -0.337141  0.201644 0.559570 2 23 0.900000 20 0.100000
Komainu
0  -3.117374 -6.298303 9.504416  -0.173992 0.983646 0.046547  0.194625 0.546692 1 23 1.000000
0  -3.228524 -6.280500 9.371337  -0.676338 0.630605 0.380663  0.191207 0.507446 2 20 0.800000 23 0.200000
0  -3.429197 -6.453197 8.864490  -0.924384 0.380332 -0.029363  0.195480 0.506226 1 20 1.000000
Komainu
0  -6.510911 -4.281370 11.810813  -0.710428 -0.604072 -0.361094  0.109298 0.707031 1 23 1.000000
0  -5.867866 -4.207856 10.997093  -0.487417 -0.815244 -0.312734  0.098190 0.665710 1 23 1.000000
0  -5.766405 -4.555046 11.495873  -0.480862 -0.690626 -0.540191  0.120712 0.687195 1 23 1.000000
Komainu
0  -5.766405 -4.555046 11.495873  -0.480862 -0.690626 -0.540191  0.120712 0.687195 1 23 1.000000
0  -6.147005 -5.035384 12.245141  -0.711079 -0.563731 -0.420207  0.151473 0.717896 1 23 1.000000
0  -6.510911 -4.281370 11.810813  -0.710428 -0.604072 -0.361094  0.109298 0.707031 1 23 1.000000
Komainu
0  -5.766405 -4.555046 11.495873  -0.480862 -0.690626 -0.540191  0.120712 0.687195 1 23 1.000000
0  -5.516393 -5.032823 11.761010  -0.502269 -0.560664 -0.658318  0.151473 0.695068 1 23 1.000000
0  -6.147005 -5.035384 12.245141  -0.711079 -0.563731 -0.420207  0.151473 0.717896 1 23 1.000000
Komainu
0  -5.583436 -5.961029 12.516137  -0.766466 -0.460840 -0.447389  0.199020 0.715149 1 23 1.000000
0  -6.147005 -5.035384 12.245141  -0.711079 -0.563731 -0.420207  0.151473 0.717896 1 23 1.000000
0  -5.516393 -5.032823 11.761010  -0.502269 -0.560664 -0.658318  0.151473 0.695068 1 23 1.000000
Komainu
0  -5.583436 -5.961029 12.516137  -0.766466 -0.460840 -0.447389  0.199020 0.715149 1 23 1.000000
0  -5.516393 -5.032823 11.761010  -0.502269 -0.560664 -0.658318  0.151473 0.695068 1 23 1.000000
0  -5.139705 -5.619593 11.926538  -0.622682 -0.350743 -0.699462  0.182174 0.687195 1 23 1.000000
Komainu
0  -5.015543 -6.746753 12.076682  -0.867213 -0.272206 -0.416949  0.230209 0.679871 1 23 1.000000
0  -5.583436 -5.961029 12.516137  -0.766466 -0.460840 -0.447389  0.199020 0.715149 1 23 1.000000
0  -5.139705 -5.619593 11.926538  -0.622682 -0.350743 -0.699462  0.182174 0.687195 1 23 1.000000
Komainu
0  -5.015543 -6.746753 12.076682  -0.867213 -0.272206 -0.416949  0.230209 0.679871 1 23 1.000000
0  -5.139705 -5.619593 11.926538  -0.622682 -0.350743 -0.699462  0.182174 0.687195 1 23 1.000000
0  -4.759127 -6.153184 11.722190  -0.782018 -0.026893 -0.622675  0.204696 0.665710 1 23 1.000000
Komainu
0  -4.759127 -6.153184 11.722190  -0.782018 -0.026893 -0.622675  0.204696 0.665710 1 23 1.000000
0  -4.594118 -7.177839 11.241722  -0.918909 -0.150712 -0.364543  0.241378 0.635864 1 23 1.000000
0  -5.015543 -6.746753 12.076682  -0.867213 -0.272206 -0.416949  0.230209 0.679871 1 23 1.000000
Komainu
0  -4.759127 -6.153184 11.722190  -0.782018 -0.026893 -0.622675  0.204696 0.665710 1 23 1.000000
0  -4.417055 -6.544106 11.188256  -0.858981 0.156907 -0.487373  0.217269 0.636352 1 23 1.000000
0  -4.594118 -7.177839 11.241722  -0.918909 -0.150712 -0.364543  0.241378 0.635864 1 23 1.000000
Komainu
0  -4.274179 -7.416335 10.507835  -0.947822 -0.158047 -0.276866  0.236190 0.591125 1 23 1.000000
0  -4.594118 -7.177839 11.241722  -0.918909 -0.150712 -0.364543  0.241378 0.635864 1 23 1.000000
0  -4.417055 -6.544106 11.188256  -0.858981 0.156907 -0.487373  0.217269 0.636352 1 23 1.000000
Komainu
0  -4.274179 -7.416335 10.507835  -0.947822 -0.158047 -0.276866  0.236190 0.591125 1 23 1.000000
0  -4.417055 -6.544106 11.188256  -0.858981 0.156907 -0.487373  0.217269 0.636352 1 23 1.000000
0  -4.201675 -6.726490 10.654319  -0.940161 0.124459 -0.317188  0.215377 0.603943 1 23 1.000000
Komainu
0  -4.201675 -6.726490 10.654319  -0.940161 0.124459 -0.317188  0.215377 0.603943 1 23 1.000000
0  -4.076735 -7.497077 9.812987  -0.938664 -0.194112 -0.285010  0.226486 0.561157 2 23 0.700000 20 0.300000
0  -4.274179 -7.416335 10.507835  -0.947822 -0.158047 -0.276866  0.236190 0.591125 1 23 1.000000
Komainu
0  -4.201675 -6.726490 10.654319  -0.940161 0.124459 -0.317188  0.215377 0.603943 1 23 1.000000
0  -4.070893 -6.654736 9.664308  -0.865749 0.369885 -0.337141  0.201644 0.559570 2 23 0.900000 20 0.100000
0  -4.076735 -7.497077 9.812987  -0.938664 -0.194112 -0.285010  0.226486 0.561157 2 23 0.700000 20 0.300000
Komainu
0  -4.070893 -6.654736 9.664308  -0.865749 0.369885 -0.337141  0.201644 0.559570 2 23 0.900000 20 0.100000
0  -3.514160 -7.644114 8.337147  -0.972640 -0.230960 0.025085  0.229904 0.504578 1 20 1.000000
0  -4.076735 -7.497077 9.812987  -0.938664 -0.194112 -0.285010  0.226486 0.561157 2 23 0.700000 20 0.300000
Komainu
0  -3.829895 -8.194379 10.201174  -0.765474 -0.620111 -0.171790  0.265182 0.571960 2 23 0.700000 20 0.300000
0  -4.076735 -7.497077 9.812987  -0.938664 -0.194112 -0.285010  0.226486 0.561157 2 23 0.700000 20 0.300000
0  -3.514160 -7.644114 8.337147  -0.972640 -0.230960 0.025085  0.229904 0.504578 1 20 1.000000
Komainu
0  -3.829895 -8.194379 10.201174  -0.765474 -0.620111 -0.171790  0.265182 0.571960 2 23 0.700000 20 0.300000
0  -3.514160 -7.644114 8.337147  -0.972640 -0.230960 0.025085  0.229904 0.504578 1 20 1.000000
0  -3.322265 -8.201488 8.609607  -0.853481 -0.521038 0.009516  0.252792 0.506042 1 20 1.000000
Komainu
0  -3.003662 -8.580147 8.946522  -0.565763 -0.797393 0.209946  0.263595 0.505798 1 20 1.000000
0  -3.829895 -8.194379 10.201174  -0.765474 -0.620111 -0.171790  0.265182 0.571960 2 23 0.700000 20 0.300000
0  -3.322265 -8.201488 8.609607  -0.853481 -0.521038 0.009516  0.252792 0.506042 1 20 1.000000
Komainu
0  -3.003662 -8.580147 8.946522  -0.565763 -0.797393 0.209946  0.263595 0.505798 1 20 1.000000
0  -3.486371 -8.387750 10.343262  -0.308480 -0.947113 0.088416  0.275009 0.571533 2 23 0.700000 20 0.300000
0  -3.829895 -8.194379 10.201174  -0.765474 -0.620111 -0.171790  0.265182 0.571960 2 23 0.700000 20 0.300000
Komainu
0  -6.269340 -4.970731 12.748313  -0.895642 -0.420159 0.145919  0.151473 0.744995 1 23 1.000000
0  -6.510911 -4.281370 11.810813  -0.710428 -0.604072 -0.361094  0.109298 0.707031 1 23 1.000000
0  -6.147005 -5.035384 12.245141  -0.711079 -0.563731 -0.420207  0.151473 0.717896 1 23 1.000000
Komainu
0  -5.587892 -6.111510 13.019309  -0.830973 -0.540958 0.129800  0.208358 0.730347 1 23 1.000000
0  -6.269340 -4.970731 12.748313  -0.895642 -0.420159 0.145919  0.151473 0.744995 1 23 1.000000
0  -6.147005 -5.035384 12.245141  -0.711079 -0.563731 -0.420207  0.151473 0.717896 1 23 1.000000
Komainu
0  -5.587892 -6.111510 13.019309  -0.830973 -0.540958 0.129800  0.208358 0.730347 1 23 1.000000
0  -6.147005 -5.035384 12.245141  -0.711079 -0.563731 -0.420207  0.151473 0.717896 1 23 1.000000
0  -5.583436 -5.961029 12.516137  -0.766466 -0.460840 -0.447389  0.199020 0.715149 1 23 1.000000
Komainu
0  -4.879319 -7.142105 12.590843  -0.775545 -0.626644 0.076465  0.249923 0.690552 1 23 1.000000
0  -5.587892 -6.111510 13.019309  -0.830973 -0.540958 0.129800  0.208358 0.730347 1 23 1.000000
0  -5.583436 -5.961029 12.516137  -0.766466 -0.460840 -0.447389  0.199020 0.715149 1 23 1.000000
Komainu
0  -4.879319 -7.142105 12.590843  -0.775545 -0.626644 0.076465  0.249923 0.690552 1 23 1.000000
0  -5.583436 -5.961029 12.516137  -0.766466 -0.460840 -0.447389  0.199020 0.715149 1 23 1.000000
0  -5.015543 -6.746753 12.076682  -0.867213 -0.272206 -0.416949  0.230209 0.679871 1 23 1.000000
Komainu
0  -4.272158 -7.939878 11.473166  -0.735313 -0.676916 -0.033149  0.270126 0.635864 1 23 1.000000
0  -4.879319 -7.142105 12.590843  -0.775545 -0.626644 0.076465  0.249923 0.690552 1 23 1.000000
0  -5.015543 -6.746753 12.076682  -0.867213 -0.272206 -0.416949  0.230209 0.679871 1 23 1.000000
Komainu
0  -4.272158 -7.939878 11.473166  -0.735313 -0.676916 -0.033149  0.270126 0.635864 1 23 1.000000
0  -5.015543 -6.746753 12.076682  -0.867213 -0.272206 -0.416949  0.230209 0.679871 1 23 1.000000
0  -4.594118 -7.177839 11.241722  -0.918909 -0.150712 -0.364543  0.241378 0.635864 1 23 1.000000
Komainu
0  -4.274179 -7.416335 10.507835  -0.947822 -0.158047 -0.276866  0.236190 0.591125 1 23 1.000000
0  -4.272158 -7.939878 11.473166  -0.735313 -0.676916 -0.033149  0.270126 0.635864 1 23 1.000000
0  -4.594118 -7.177839 11.241722  -0.918909 -0.150712 -0.364543  0.241378 0.635864 1 23 1.000000
Komainu
0  -3.829895 -8.194379 10.201174  -0.765474 -0.620111 -0.171790  0.265182 0.571960 2 23 0.700000 20 0.300000
0  -4.274179 -7.416335 10.507835  -0.947822 -0.158047 -0.276866  0.236190 0.591125 1 23 1.000000
0  -4.076735 -7.497077 9.812987  -0.938664 -0.194112 -0.285010  0.226486 0.561157 2 23 0.700000 20 0.300000
Komainu
0  -4.274179 -7.416335 10.507835  -0.947822 -0.158047 -0.276866  0.236190 0.591125 1 23 1.000000
0  -3.829895 -8.194379 10.201174  -0.765474 -0.620111 -0.171790  0.265182 0.571960 2 23 0.700000 20 0.300000
0  -4.272158 -7.939878 11.473166  -0.735313 -0.676916 -0.033149  0.270126 0.635864 1 23 1.000000
Komainu
0  -3.486371 -8.387750 10.343262  -0.308480 -0.947113 0.088416  0.275009 0.571533 2 23 0.700000 20 0.300000
0  -4.272158 -7.939878 11.473166  -0.735313 -0.676916 -0.033149  0.270126 0.635864 1 23 1.000000
0  -3.829895 -8.194379 10.201174  -0.765474 -0.620111 -0.171790  0.265182 0.571960 2 23 0.700000 20 0.300000
Komainu
0  -3.486371 -8.387750 10.343262  -0.308480 -0.947113 0.088416  0.275009 0.571533 2 23 0.700000 20 0.300000
0  -4.028101 -8.052114 11.617454  -0.256429 -0.913840 0.314865  0.278793 0.636352 1 23 1.000000
0  -4.272158 -7.939878 11.473166  -0.735313 -0.676916 -0.033149  0.270126 0.635864 1 23 1.000000
Komainu
0  -4.028101 -8.052114 11.617454  -0.256429 -0.913840 0.314865  0.278793 0.636352 1 23 1.000000
0  -4.879319 -7.142105 12.590843  -0.775545 -0.626644 0.076465  0.249923 0.690552 1 23 1.000000
0  -4.272158 -7.939878 11.473166  -0.735313 -0.676916 -0.033149  0.270126 0.635864 1 23 1.000000
Komainu
0  -4.028101 -8.052114 11.617454  -0.256429 -0.913840 0.314865  0.278793 0.636352 1 23 1.000000
0  -4.670069 -7.226289 12.827415  -0.369127 -0.740647 0.561415  0.257919 0.695068 1 23 1.000000
0  -4.879319 -7.142105 12.590843  -0.775545 -0.626644 0.076465  0.249923 0.690552 1 23 1.000000
Komainu
0  -4.670069 -7.226289 12.827415  -0.369127 -0.740647 0.561415  0.257919 0.695068 1 23 1.000000
0  -5.587892 -6.111510 13.019309  -0.830973 -0.540958 0.129800  0.208358 0.730347 1 23 1.000000
0  -4.879319 -7.142105 12.590843  -0.775545 -0.626644 0.076465  0.249923 0.690552 1 23 1.000000
Komainu
0  -4.670069 -7.226289 12.827415  -0.369127 -0.740647 0.561415  0.257919 0.695068 1 23 1.000000
0  -5.436519 -6.109271 13.299828  -0.573565 -0.438557 0.691875  0.212936 0.738037 1 23 1.000000
0  -5.587892 -6.111510 13.019309  -0.830973 -0.540958 0.129800  0.208358 0.730347 1 23 1.000000
Komainu
0  -5.436519 -6.109271 13.299828  -0.573565 -0.438557 0.691875  0.212936 0.738037 1 23 1.000000
0  -6.269340 -4.970731 12.748313  -0.895642 -0.420159 0.145919  0.151473 0.744995 1 23 1.000000
0  -5.587892 -6.111510 13.019309  -0.830973 -0.540958 0.129800  0.208358 0.730347 1 23 1.000000
Komainu
0  -5.436519 -6.109271 13.299828  -0.573565 -0.438557 0.691875  0.212936 0.738037 1 23 1.000000
0  -6.173987 -4.863398 13.025168  -0.733135 -0.136804 0.666181  0.151473 0.753784 1 23 1.000000
0  -6.269340 -4.970731 12.748313  -0.895642 -0.420159 0.145919  0.151473 0.744995 1 23 1.000000
Komainu
0  -6.173987 -4.863398 13.025168  -0.733135 -0.136804 0.666181  0.151473 0.753784 1 23 1.000000
0  -6.752441 -3.925585 12.182885  -0.957429 -0.278536 0.075810  0.094528 0.730347 1 23 1.000000
0  -6.269340 -4.970731 12.748313  -0.895642 -0.420159 0.145919  0.151473 0.744995 1 23 1.000000
Komainu
0  -6.269340 -4.970731 12.748313  -0.895642 -0.420159 0.145919  0.151473 0.744995 1 23 1.000000
0  -6.752441 -3.925585 12.182885  -0.957429 -0.278536 0.075810  0.094528 0.730347 1 23 1.000000
0  -6.510911 -4.281370 11.810813  -0.710428 -0.604072 -0.361094  0.109298 0.707031 1 23 1.000000
Komainu
0  -6.752441 -3.925585 12.182885  -0.957429 -0.278536 0.075810  0.094528 0.730347 1 23 1.000000
0  -6.593532 -3.820643 11.091575  -0.704620 -0.659606 -0.261592  0.081161 0.675110 1 23 1.000000
0  -6.510911 -4.281370 11.810813  -0.710428 -0.604072 -0.361094  0.109298 0.707031 1 23 1.000000
Komainu
0  -6.510911 -4.281370 11.810813  -0.710428 -0.604072 -0.361094  0.109298 0.707031 1 23 1.000000
0  -6.593532 -3.820643 11.091575  -0.704620 -0.659606 -0.261592  0.081161 0.675110 1 23 1.000000
0  -5.867866 -4.207856 10.997093  -0.487417 -0.815244 -0.312734  0.098190 0.665710 1 23 1.000000
Komainu
0  -5.775444 -4.141723 10.340843  -0.581765 -0.813014 0.023620  0.089950 0.636352 1 23 1.000000
0  -5.867866 -4.207856 10.997093  -0.487417 -0.815244 -0.312734  0.098190 0.665710 1 23 1.000000
0  -6.593532 -3.820643 11.091575  -0.704620 -0.659606 -0.261592  0.081161 0.675110 1 23 1.000000
Komainu
0  -2.419922 -8.621162 9.717762  -0.197204 -0.763976 0.614371  0.290939 0.532410 1 20 1.000000
0  -3.486371 -8.387750 10.343262  -0.308480 -0.947113 0.088416  0.275009 0.571533 2 23 0.700000 20 0.300000
0  -3.003662 -8.580147 8.946522  -0.565763 -0.797393 0.209946  0.263595 0.505798 1 20 1.000000
Komainu
0  -2.419922 -8.621162 9.717762  -0.197204 -0.763976 0.614371  0.290939 0.532410 1 20 1.000000
0  -2.795663 -8.378959 10.584227  0.216143 -0.897732 0.383874  0.295028 0.571533 2 23 0.700000 20 0.300000
0  -3.486371 -8.387750 10.343262  -0.308480 -0.947113 0.088416  0.275009 0.571533 2 23 0.700000 20 0.300000
Komainu
0  -2.795663 -8.378959 10.584227  0.216143 -0.897732 0.383874  0.295028 0.571533 2 23 0.700000 20 0.300000
0  -4.028101 -8.052114 11.617454  -0.256429 -0.913840 0.314865  0.278793 0.636352 1 23 1.000000
0  -3.486371 -8.387750 10.343262  -0.308480 -0.947113 0.088416  0.275009 0.571533 2 23 0.700000 20 0.300000
Komainu
0  -2.795663 -8.378959 10.584227  0.216143 -0.897732 0.383874  0.295028 0.571533 2 23 0.700000 20 0.300000
0  -3.201068 -7.900166 11.780051  0.264447 -0.804616 0.531658  0.298812 0.636352 1 23 1.000000
0  -4.028101 -8.052114 11.617454  -0.256429 -0.913840 0.314865  0.278793 0.636352 1 23 1.000000
Komainu
0  -3.201068 -7.900166 11.780051  0.264447 -0.804616 0.531658  0.298812 0.636352 1 23 1.000000
0  -4.670069 -7.226289 12.827415  -0.369127 -0.740647 0.561415  0.257919 0.695068 1 23 1.000000
0  -4.028101 -8.052114 11.617454  -0.256429 -0.913840 0.314865  0.278793 0.636352 1 23 1.000000
Komainu
0  -3.201068 -7.900166 11.780051  0.264447 -0.804616 0.531658  0.298812 0.636352 1 23 1.000000
0  -3.903758 -6.971423 13.095482  0.146148 -0.583955 0.798522  0.275619 0.705689 1 23 1.000000
0  -4.670069 -7.226289 12.827415  -0.369127 -0.740647 0.561415  0.257919 0.695068 1 23 1.000000
Komainu
0  -3.903758 -6.971423 13.095482  0.146148 -0.583955 0.798522  0.275619 0.705689 1 23 1.000000
0  -5.436519 -6.109271 13.299828  -0.573565 -0.438557 0.691875  0.212936 0.738037 1 23 1.000000
0  -4.670069 -7.226289 12.827415  -0.369127 -0.740647 0.561415  0.257919 0.695068 1 23 1.000000
Komainu
0  -3.903758 -6.971423 13.095482  0.146148 -0.583955 0.798522  0.275619 0.705689 1 23 1.000000
0  -4.678193 -5.792345 13.670432  -0.097585 -0.205082 0.973868  0.225326 0.759827 1 23 1.000000
0  -5.436519 -6.109271 13.299828  -0.573565 -0.438557 0.691875  0.212936 0.738037 1 23 1.000000
Komainu
0  -4.678193 -5.792345 13.670432  -0.097585 -0.205082 0.973868  0.225326 0.759827 1 23 1.000000
0  -6.173987 -4.863398 13.025168  -0.733135 -0.136804 0.666181  0.151473 0.753784 1 23 1.000000
0  -5.436519 -6.109271 13.299828  -0.573565 -0.438557 0.691875  0.212936 0.738037 1 23 1.000000
Komainu
0  -4.678193 -5.792345 13.670432  -0.097585 -0.205082 0.973868  0.225326 0.759827 1 23 1.000000
0  -5.443521 -4.346234 13.503440  -0.316222 0.160900 0.934941  0.150253 0.780273 1 23 1.000000
0  -6.173987 -4.863398 13.025168  -0.733135 -0.136804 0.666181  0.151473 0.753784 1 23 1.000000
Komainu
0  -5.443521 -4.346234 13.503440  -0.316222 0.160900 0.934941  0.150253 0.780273 1 23 1.000000
0  -6.702079 -3.691145 12.397484  -0.848888 0.183612 0.495657  0.089950 0.738037 1 23 1.000000
0  -6.173987 -4.863398 13.025168  -0.733135 -0.136804 0.666181  0.151473 0.753784 1 23 1.000000
Komainu
0  -6.173987 -4.863398 13.025168  -0.733135 -0.136804 0.666181  0.151473 0.753784 1 23 1.000000
0  -6.702079 -3.691145 12.397484  -0.848888 0.183612 0.495657  0.089950 0.738037 1 23 1.000000
0  -6.752441 -3.925585 12.182885  -0.957429 -0.278536 0.075810  0.094528 0.730347 1 23 1.000000
Komainu
0  -6.702079 -3.691145 12.397484  -0.848888 0.183612 0.495657  0.089950 0.738037 1 23 1.000000
0  -6.910713 -3.235402 11.144309  -0.978471 -0.180627 -0.099846  0.052963 0.690552 1 23 1.000000
0  -6.752441 -3.925585 12.182885  -0.957429 -0.278536 0.075810  0.094528 0.730347 1 23 1.000000
Komainu
0  -6.752441 -3.925585 12.182885  -0.957429 -0.278536 0.075810  0.094528 0.730347 1 23 1.000000
0  -6.910713 -3.235402 11.144309  -0.978471 -0.180627 -0.099846  0.052963 0.690552 1 23 1.000000
0  -6.593532 -3.820643 11.091575  -0.704620 -0.659606 -0.261592  0.081161 0.675110 1 23 1.000000
Komainu
0  -6.910713 -3.235402 11.144309  -0.978471 -0.180627 -0.099846  0.052963 0.690552 1 23 1.000000
0  -6.402071 -3.712028 10.145288  -0.749589 -0.655633 -0.090896  0.066207 0.636352 1 23 1.000000
0  -6.593532 -3.820643 11.091575  -0.704620 -0.659606 -0.261592  0.081161 0.675110 1 23 1.000000
Komainu
0  -5.775444 -4.141723 10.340843  -0.581765 -0.813014 0.023620  0.089950 0.636352 1 23 1.000000
0  -6.593532 -3.820643 11.091575  -0.704620 -0.659606 -0.261592  0.081161 0.675110 1 23 1.000000
0  -6.402071 -3.712028 10.145288  -0.749589 -0.655633 -0.090896  0.066207 0.636352 1 23 1.000000
Komainu
0  -5.775444 -4.141723 10.340843  -0.581765 -0.813014 0.023620  0.089950 0.636352 1 23 1.000000
0  -6.402071 -3.712028 10.145288  -0.749589 -0.655633 -0.090896  0.066207 0.636352 1 23 1.000000
0  -5.966486 -4.283254 9.346214  -0.832119 -0.553580 0.033581  0.077499 0.593140 1 23 1.000000
Komainu
0  -5.775444 -4.141723 10.340843  -0.581765 -0.813014 0.023620  0.089950 0.636352 1 23 1.000000
0  -5.966486 -4.283254 9.346214  -0.832119 -0.553580 0.033581  0.077499 0.593140 1 23 1.000000
0  -5.475659 -4.619491 9.792260  -0.722840 -0.624309 0.296211  0.099716 0.608032 1 23 1.000000
Komainu
0  -6.910713 -3.235402 11.144309  -0.978471 -0.180627 -0.099846  0.052963 0.690552 1 23 1.000000
0  -6.677691 -3.150446 9.952661  -0.937984 -0.180911 -0.295732  0.040084 0.636352 1 23 1.000000
0  -6.402071 -3.712028 10.145288  -0.749589 -0.655633 -0.090896  0.066207 0.636352 1 23 1.000000
Komainu
0  -6.910713 -3.235402 11.144309  -0.978471 -0.180627 -0.099846  0.052963 0.690552 1 23 1.000000
0  -6.619607 -2.882174 9.902123  -0.778490 0.475531 -0.409662  0.030746 0.636352 1 23 1.000000
0  -6.677691 -3.150446 9.952661  -0.937984 -0.180911 -0.295732  0.040084 0.636352 1 23 1.000000
Komainu
0  -6.910713 -3.235402 11.144309  -0.978471 -0.180627 -0.099846  0.052963 0.690552 1 23 1.000000
0  -6.874115 -2.946148 11.204370  -0.875085 0.472756 0.103579  0.044967 0.695068 1 23 1.000000
0  -6.619607 -2.882174 9.902123  -0.778490 0.475531 -0.409662  0.030746 0.636352 1 23 1.000000
Komainu
0  -6.702079 -3.691145 12.397484  -0.848888 0.183612 0.495657  0.089950 0.738037 1 23 1.000000
0  -6.874115 -2.946148 11.204370  -0.875085 0.472756 0.103579  0.044967 0.695068 1 23 1.000000
0  -6.910713 -3.235402 11.144309  -0.978471 -0.180627 -0.099846  0.052963 0.690552 1 23 1.000000
Komainu
0  -6.402071 -3.712028 10.145288  -0.749589 -0.655633 -0.090896  0.066207 0.636352 1 23 1.000000
0  -6.092160 -3.838261 8.963891  -0.849891 -0.253187 -0.462148  0.058151 0.580261 1 23 1.000000
0  -5.966486 -4.283254 9.346214  -0.832119 -0.553580 0.033581  0.077499 0.593140 1 23 1.000000
Komainu
0  -6.402071 -3.712028 10.145288  -0.749589 -0.655633 -0.090896  0.066207 0.636352 1 23 1.000000
0  -6.677691 -3.150446 9.952661  -0.937984 -0.180911 -0.295732  0.040084 0.636352 1 23 1.000000
0  -6.092160 -3.838261 8.963891  -0.849891 -0.253187 -0.462148  0.058151 0.580261 1 23 1.000000
Komainu
0  -6.677691 -3.150446 9.952661  -0.937984 -0.180911 -0.295732  0.040084 0.636352 1 23 1.000000
0  -5.984624 -3.596383 8.824730  -0.561209 0.211291 -0.800250  0.050399 0.574890 1 23 1.000000
0  -6.092160 -3.838261 8.963891  -0.849891 -0.253187 -0.462148  0.058151 0.580261 1 23 1.000000
Komainu
0  -6.677691 -3.150446 9.952661  -0.937984 -0.180911 -0.295732  0.040084 0.636352 1 23 1.000000
0  -6.619607 -2.882174 9.902123  -0.778490 0.475531 -0.409662  0.030746 0.636352 1 23 1.000000
0  -5.984624 -3.596383 8.824730  -0.561209 0.211291 -0.800250  0.050399 0.574890 1 23 1.000000
Komainu
0  -5.984624 -3.596383 8.824730  -0.561209 0.211291 -0.800250  0.050399 0.574890 1 23 1.000000
0  -6.619607 -2.882174 9.902123  -0.778490 0.475531 -0.409662  0.030746 0.636352 1 23 1.000000
0  -5.882621 -2.414047 9.890405  -0.426406 0.821488 -0.378597  0.007186 0.636352 1 23 1.000000
Komainu
0  -6.145149 -2.418608 11.384543  -0.519292 0.830764 0.200416  0.023788 0.703919 1 23 1.000000
0  -5.882621 -2.414047 9.890405  -0.426406 0.821488 -0.378597  0.007186 0.636352 1 23 1.000000
0  -6.619607 -2.882174 9.902123  -0.778490 0.475531 -0.409662  0.030746 0.636352 1 23 1.000000
Komainu
0  -6.145149 -2.418608 11.384543  -0.519292 0.830764 0.200416  0.023788 0.703919 1 23 1.000000
0  -6.619607 -2.882174 9.902123  -0.778490 0.475531 -0.409662  0.030746 0.636352 1 23 1.000000
0  -6.874115 -2.946148 11.204370  -0.875085 0.472756 0.103579  0.044967 0.695068 1 23 1.000000
Komainu
0  -5.971066 -3.178865 12.817895  -0.476430 0.540893 0.693145  0.075851 0.757507 1 23 1.000000
0  -6.145149 -2.418608 11.384543  -0.519292 0.830764 0.200416  0.023788 0.703919 1 23 1.000000
0  -6.874115 -2.946148 11.204370  -0.875085 0.472756 0.103579  0.044967 0.695068 1 23 1.000000
Komainu
0  -5.971066 -3.178865 12.817895  -0.476430 0.540893 0.693145  0.075851 0.757507 1 23 1.000000
0  -6.874115 -2.946148 11.204370  -0.875085 0.472756 0.103579  0.044967 0.695068 1 23 1.000000
0  -6.702079 -3.691145 12.397484  -0.848888 0.183612 0.495657  0.089950 0.738037 1 23 1.000000
Komainu
0  -5.443521 -4.346234 13.503440  -0.316222 0.160900 0.934941  0.150253 0.780273 1 23 1.000000
0  -5.971066 -3.178865 12.817895  -0.476430 0.540893 0.693145  0.075851 0.757507 1 23 1.000000
0  -6.702079 -3.691145 12.397484  -0.848888 0.183612 0.495657  0.089950 0.738037 1 23 1.000000
Komainu
0  -6.092160 -3.838261 8.963891  -0.849891 -0.253187 -0.462148  0.058151 0.580261 1 23 1.000000
0  -5.984624 -3.596383 8.824730  -0.561209 0.211291 -0.800250  0.050399 0.574890 1 23 1.000000
0  -5.190425 -4.871788 8.407250  -0.293928 -0.165979 -0.941306  0.100875 0.537476 1 23 1.000000
Komainu
0  -5.984624 -3.596383 8.824730  -0.561209 0.211291 -0.800250  0.050399 0.574890 1 23 1.000000
0  -4.453257 -4.405292 8.400659  0.056654 0.050451 -0.997118  0.086044 0.517517 1 23 1.000000
0  -5.190425 -4.871788 8.407250  -0.293928 -0.165979 -0.941306  0.100875 0.537476 1 23 1.000000
Komainu
0  -5.984624 -3.596383 8.824730  -0.561209 0.211291 -0.800250  0.050399 0.574890 1 23 1.000000
0  -5.251893 -3.093469 8.834984  -0.203508 0.505343 -0.838578  0.028915 0.560059 1 23 1.000000
0  -4.453257 -4.405292 8.400659  0.056654 0.050451 -0.997118  0.086044 0.517517 1 23 1.000000
Komainu
0  -5.984624 -3.596383 8.824730  -0.561209 0.211291 -0.800250  0.050399 0.574890 1 23 1.000000
0  -5.882621 -2.414047 9.890405  -0.426406 0.821488 -0.378597  0.007186 0.636352 1 23 1.000000
0  -5.251893 -3.093469 8.834984  -0.203508 0.505343 -0.838578  0.028915 0.560059 1 23 1.000000
Komainu
0  -5.128193 -5.406017 9.645776  -0.846425 -0.413957 0.334970  0.124008 0.592896 1 23 1.000000
0  -5.475659 -4.619491 9.792260  -0.722840 -0.624309 0.296211  0.099716 0.608032 1 23 1.000000
0  -5.966486 -4.283254 9.346214  -0.832119 -0.553580 0.033581  0.077499 0.593140 1 23 1.000000
Komainu
0  -5.128193 -5.406017 9.645776  -0.846425 -0.413957 0.334970  0.124008 0.592896 1 23 1.000000
0  -5.966486 -4.283254 9.346214  -0.832119 -0.553580 0.033581  0.077499 0.593140 1 23 1.000000
0  -5.387798 -5.319595 9.016625  -0.882431 -0.470334 0.010112  0.112960 0.566528 1 23 1.000000
Komainu
0  -6.092160 -3.838261 8.963891  -0.849891 -0.253187 -0.462148  0.058151 0.580261 1 23 1.000000
0  -5.387798 -5.319595 9.016625  -0.882431 -0.470334 0.010112  0.112960 0.566528 1 23 1.000000
0  -5.966486 -4.283254 9.346214  -0.832119 -0.553580 0.033581  0.077499 0.593140 1 23 1.000000
Komainu
0  -6.092160 -3.838261 8.963891  -0.849891 -0.253187 -0.462148  0.058151 0.580261 1 23 1.000000
0  -5.356760 -5.036573 8.586692  -0.705682 -0.413451 -0.575388  0.104720 0.545715 1 23 1.000000
0  -5.387798 -5.319595 9.016625  -0.882431 -0.470334 0.010112  0.112960 0.566528 1 23 1.000000
Komainu
0  -6.092160 -3.838261 8.963891  -0.849891 -0.253187 -0.462148  0.058151 0.580261 1 23 1.000000
0  -5.190425 -4.871788 8.407250  -0.293928 -0.165979 -0.941306  0.100875 0.537476 1 23 1.000000
0  -5.356760 -5.036573 8.586692  -0.705682 -0.413451 -0.575388  0.104720 0.545715 1 23 1.000000
Komainu
0  -5.190425 -4.871788 8.407250  -0.293928 -0.165979 -0.941306  0.100875 0.537476 1 23 1.000000
0  -4.813703 -6.113521 8.940452  -0.561407 -0.645935 -0.517290  0.155624 0.544312 1 23 1.000000
0  -5.356760 -5.036573 8.586692  -0.705682 -0.413451 -0.575388  0.104720 0.545715 1 23 1.000000
Komainu
0  -5.190425 -4.871788 8.407250  -0.293928 -0.165979 -0.941306  0.100875 0.537476 1 23 1.000000
0  -4.514320 -6.085030 8.781518  -0.047396 -0.658457 -0.751125  0.156539 0.536255 1 23 1.000000
0  -4.813703 -6.113521 8.940452  -0.561407 -0.645935 -0.517290  0.155624 0.544312 1 23 1.000000
Komainu
0  -4.579913 -6.690040 9.676538  -0.356444 -0.863620 -0.356523  0.194381 0.566406 1 23 1.000000
0  -4.813703 -6.113521 8.940452  -0.561407 -0.645935 -0.517290  0.155624 0.544312 1 23 1.000000
0  -4.514320 -6.085030 8.781518  -0.047396 -0.658457 -0.751125  0.156539 0.536255 1 23 1.000000
Komainu
0  -4.070893 -6.654736 9.664308  0.188234 -0.839595 -0.509557  0.201644 0.559570 2 23 0.900000 20 0.100000
0  -4.579913 -6.690040 9.676538  -0.356444 -0.863620 -0.356523  0.194381 0.566406 1 23 1.000000
0  -4.514320 -6.085030 8.781518  -0.047396 -0.658457 -0.751125  0.156539 0.536255 1 23 1.000000
Komainu
0  -4.070893 -6.654736 9.664308  0.188234 -0.839595 -0.509557  0.201644 0.559570 2 23 0.900000 20 0.100000
0  -4.701728 -6.784866 10.544456  -0.426815 -0.904214 -0.015024  0.206893 0.602844 1 23 1.000000
0  -4.579913 -6.690040 9.676538  -0.356444 -0.863620 -0.356523  0.194381 0.566406 1 23 1.000000
Komainu
0  -4.070893 -6.654736 9.664308  0.188234 -0.839595 -0.509557  0.201644 0.559570 2 23 0.900000 20 0.100000
0  -4.201675 -6.726490 10.654319  0.074570 -0.988612 0.130710  0.215377 0.603943 1 23 1.000000
0  -4.701728 -6.784866 10.544456  -0.426815 -0.904214 -0.015024  0.206893 0.602844 1 23 1.000000
Komainu
0  -4.916801 -6.611017 11.084984  -0.480157 -0.856103 0.191148  0.209030 0.635742 1 23 1.000000
0  -4.701728 -6.784866 10.544456  -0.426815 -0.904214 -0.015024  0.206893 0.602844 1 23 1.000000
0  -4.201675 -6.726490 10.654319  0.074570 -0.988612 0.130710  0.215377 0.603943 1 23 1.000000
Komainu
0  -4.916801 -6.611017 11.084984  -0.480157 -0.856103 0.191148  0.209030 0.635742 1 23 1.000000
0  -4.201675 -6.726490 10.654319  0.074570 -0.988612 0.130710  0.215377 0.603943 1 23 1.000000
0  -4.417055 -6.544106 11.188256  0.024580 -0.888101 0.458990  0.217269 0.636352 1 23 1.000000
Komainu
0  -4.417055 -6.544106 11.188256  0.024580 -0.888101 0.458990  0.217269 0.636352 1 23 1.000000
0  -5.236718 -6.252869 11.562524  -0.575237 -0.728277 0.372446  0.196029 0.661682 1 23 1.000000
0  -4.916801 -6.611017 11.084984  -0.480157 -0.856103 0.191148  0.209030 0.635742 1 23 1.000000
Komainu
0  -4.417055 -6.544106 11.188256  0.024580 -0.888101 0.458990  0.217269 0.636352 1 23 1.000000
0  -4.759127 -6.153184 11.722190  -0.122224 -0.654745 0.745902  0.204696 0.665710 1 23 1.000000
0  -5.236718 -6.252869 11.562524  -0.575237 -0.728277 0.372446  0.196029 0.661682 1 23 1.000000
Komainu
0  -5.236718 -6.252869 11.562524  -0.575237 -0.728277 0.372446  0.196029 0.661682 1 23 1.000000
0  -4.759127 -6.153184 11.722190  -0.122224 -0.654745 0.745902  0.204696 0.665710 1 23 1.000000
0  -5.139705 -5.619593 11.926538  -0.385808 -0.265421 0.883574  0.182174 0.687195 1 23 1.000000
Komainu
0  -5.236718 -6.252869 11.562524  -0.575237 -0.728277 0.372446  0.196029 0.661682 1 23 1.000000
0  -5.139705 -5.619593 11.926538  -0.385808 -0.265421 0.883574  0.182174 0.687195 1 23 1.000000
0  -5.533886 -5.827547 11.700950  -0.742223 -0.486029 0.461390  0.177841 0.677673 1 23 1.000000
Komainu
0  -5.139705 -5.619593 11.926538  -0.385808 -0.265421 0.883574  0.182174 0.687195 1 23 1.000000
0  -5.828561 -5.313272 11.515649  -0.859621 -0.304914 0.409975  0.151473 0.682617 1 23 1.000000
0  -5.533886 -5.827547 11.700950  -0.742223 -0.486029 0.461390  0.177841 0.677673 1 23 1.000000
Komainu
0  -4.880573 -5.880106 9.888938  -0.965853 -0.199465 0.165352  0.151473 0.593262 1 23 1.000000
0  -5.128193 -5.406017 9.645776  -0.846425 -0.413957 0.334970  0.124008 0.592896 1 23 1.000000
0  -5.387798 -5.319595 9.016625  -0.882431 -0.470334 0.010112  0.112960 0.566528 1 23 1.000000
Komainu
0  -4.916801 -6.611017 11.084984  -0.480157 -0.856103 0.191148  0.209030 0.635742 1 23 1.000000
0  -5.236718 -6.252869 11.562524  -0.575237 -0.728277 0.372446  0.196029 0.661682 1 23 1.000000
0  -5.306792 -6.116725 11.405786  -0.837600 -0.447653 -0.313103  0.184249 0.655640 1 23 1.000000
Komainu
0  -4.916801 -6.611017 11.084984  -0.480157 -0.856103 0.191148  0.209030 0.635742 1 23 1.000000
0  -5.306792 -6.116725 11.405786  -0.837600 -0.447653 -0.313103  0.184249 0.655640 1 23 1.000000
0  -5.025233 -6.421186 10.980248  -0.884452 -0.369062 -0.285548  0.196334 0.633484 1 23 1.000000
Komainu
0  -5.025233 -6.421186 10.980248  -0.884452 -0.369062 -0.285548  0.196334 0.633484 1 23 1.000000
0  -5.306792 -6.116725 11.405786  -0.837600 -0.447653 -0.313103  0.184249 0.655640 1 23 1.000000
0  -5.238936 -5.829877 11.073266  -0.772995 -0.383598 -0.505304  0.169784 0.648743 1 23 1.000000
Komainu
0  -5.025233 -6.421186 10.980248  -0.884452 -0.369062 -0.285548  0.196334 0.633484 1 23 1.000000
0  -5.238936 -5.829877 11.073266  -0.772995 -0.383598 -0.505304  0.169784 0.648743 1 23 1.000000
0  -5.012669 -6.035756 10.859399  -0.896119 -0.155329 -0.415744  0.175704 0.631226 1 23 1.000000
Komainu
0  -5.012669 -6.035756 10.859399  -0.896119 -0.155329 -0.415744  0.175704 0.631226 1 23 1.000000
0  -4.840610 -6.576385 10.510766  -0.921323 -0.345511 -0.178285  0.195114 0.606079 1 23 1.000000
0  -5.025233 -6.421186 10.980248  -0.884452 -0.369062 -0.285548  0.196334 0.633484 1 23 1.000000
Komainu
0  -5.012669 -6.035756 10.859399  -0.896119 -0.155329 -0.415744  0.175704 0.631226 1 23 1.000000
0  -4.860986 -6.109297 10.450706  -0.977748 -0.087171 -0.190817  0.172836 0.610840 1 23 1.000000
0  -4.840610 -6.576385 10.510766  -0.921323 -0.345511 -0.178285  0.195114 0.606079 1 23 1.000000
Komainu
0  -4.860986 -6.109297 10.450706  -0.977748 -0.087171 -0.190817  0.172836 0.610840 1 23 1.000000
0  -4.805027 -6.438875 9.790061  -0.916550 -0.395475 -0.059452  0.179611 0.578735 1 23 1.000000
0  -4.840610 -6.576385 10.510766  -0.921323 -0.345511 -0.178285  0.195114 0.606079 1 23 1.000000
Komainu
0  -4.860986 -6.109297 10.450706  -0.977748 -0.087171 -0.190817  0.172836 0.610840 1 23 1.000000
0  -4.880573 -5.880106 9.888938  -0.965853 -0.199465 0.165352  0.151473 0.593262 1 23 1.000000
0  -4.805027 -6.438875 9.790061  -0.916550 -0.395475 -0.059452  0.179611 0.578735 1 23 1.000000
Komainu
0  -4.880573 -5.880106 9.888938  -0.965853 -0.199465 0.165352  0.151473 0.593262 1 23 1.000000
0  -4.951889 -6.150862 9.363059  -0.895693 -0.444343 -0.017103  0.155624 0.566895 1 23 1.000000
0  -4.805027 -6.438875 9.790061  -0.916550 -0.395475 -0.059452  0.179611 0.578735 1 23 1.000000
Komainu
0  -4.880573 -5.880106 9.888938  -0.965853 -0.199465 0.165352  0.151473 0.593262 1 23 1.000000
0  -5.387798 -5.319595 9.016625  -0.882431 -0.470334 0.010112  0.112960 0.566528 1 23 1.000000
0  -4.951889 -6.150862 9.363059  -0.895693 -0.444343 -0.017103  0.155624 0.566895 1 23 1.000000
Komainu
0  -5.356760 -5.036573 8.586692  -0.705682 -0.413451 -0.575388  0.104720 0.545715 1 23 1.000000
0  -4.951889 -6.150862 9.363059  -0.895693 -0.444343 -0.017103  0.155624 0.566895 1 23 1.000000
0  -5.387798 -5.319595 9.016625  -0.882431 -0.470334 0.010112  0.112960 0.566528 1 23 1.000000
Komainu
0  -5.356760 -5.036573 8.586692  -0.705682 -0.413451 -0.575388  0.104720 0.545715 1 23 1.000000
0  -4.813703 -6.113521 8.940452  -0.561407 -0.645935 -0.517290  0.155624 0.544312 1 23 1.000000
0  -4.951889 -6.150862 9.363059  -0.895693 -0.444343 -0.017103  0.155624 0.566895 1 23 1.000000
Komainu
0  -4.951889 -6.150862 9.363059  -0.895693 -0.444343 -0.017103  0.155624 0.566895 1 23 1.000000
0  -4.813703 -6.113521 8.940452  -0.561407 -0.645935 -0.517290  0.155624 0.544312 1 23 1.000000
0  -4.579913 -6.690040 9.676538  -0.356444 -0.863620 -0.356523  0.194381 0.566406 1 23 1.000000
Komainu
0  -4.951889 -6.150862 9.363059  -0.895693 -0.444343 -0.017103  0.155624 0.566895 1 23 1.000000
0  -4.579913 -6.690040 9.676538  -0.356444 -0.863620 -0.356523  0.194381 0.566406 1 23 1.000000
0  -4.805027 -6.438875 9.790061  -0.916550 -0.395475 -0.059452  0.179611 0.578735 1 23 1.000000
Komainu
0  -4.701728 -6.784866 10.544456  -0.426815 -0.904214 -0.015024  0.206893 0.602844 1 23 1.000000
0  -4.805027 -6.438875 9.790061  -0.916550 -0.395475 -0.059452  0.179611 0.578735 1 23 1.000000
0  -4.579913 -6.690040 9.676538  -0.356444 -0.863620 -0.356523  0.194381 0.566406 1 23 1.000000
Komainu
0  -4.701728 -6.784866 10.544456  -0.426815 -0.904214 -0.015024  0.206893 0.602844 1 23 1.000000
0  -4.840610 -6.576385 10.510766  -0.921323 -0.345511 -0.178285  0.195114 0.606079 1 23 1.000000
0  -4.805027 -6.438875 9.790061  -0.916550 -0.395475 -0.059452  0.179611 0.578735 1 23 1.000000
Komainu
0  -4.701728 -6.784866 10.544456  -0.426815 -0.904214 -0.015024  0.206893 0.602844 1 23 1.000000
0  -5.025233 -6.421186 10.980248  -0.884452 -0.369062 -0.285548  0.196334 0.633484 1 23 1.000000
0  -4.840610 -6.576385 10.510766  -0.921323 -0.345511 -0.178285  0.195114 0.606079 1 23 1.000000
Komainu
0  -4.701728 -6.784866 10.544456  -0.426815 -0.904214 -0.015024  0.206893 0.602844 1 23 1.000000
0  -4.916801 -6.611017 11.084984  -0.480157 -0.856103 0.191148  0.209030 0.635742 1 23 1.000000
0  -5.025233 -6.421186 10.980248  -0.884452 -0.369062 -0.285548  0.196334 0.633484 1 23 1.000000
Komainu
0  -5.452592 -5.487433 11.055686  -0.634298 -0.595251 -0.493297  0.151473 0.653015 1 23 1.000000
0  -5.238936 -5.829877 11.073266  -0.772995 -0.383598 -0.505304  0.169784 0.648743 1 23 1.000000
0  -5.483426 -5.871628 11.480493  -0.802415 -0.508656 -0.312090  0.173629 0.665466 1 23 1.000000
Komainu
0  -5.238936 -5.829877 11.073266  -0.772995 -0.383598 -0.505304  0.169784 0.648743 1 23 1.000000
0  -5.306792 -6.116725 11.405786  -0.837600 -0.447653 -0.313103  0.184249 0.655640 1 23 1.000000
0  -5.483426 -5.871628 11.480493  -0.802415 -0.508656 -0.312090  0.173629 0.665466 1 23 1.000000
Komainu
0  -5.483426 -5.871628 11.480493  -0.802415 -0.508656 -0.312090  0.173629 0.665466 1 23 1.000000
0  -5.306792 -6.116725 11.405786  -0.837600 -0.447653 -0.313103  0.184249 0.655640 1 23 1.000000
0  -5.236718 -6.252869 11.562524  -0.575237 -0.728277 0.372446  0.196029 0.661682 1 23 1.000000
Komainu
0  -5.483426 -5.871628 11.480493  -0.802415 -0.508656 -0.312090  0.173629 0.665466 1 23 1.000000
0  -5.236718 -6.252869 11.562524  -0.575237 -0.728277 0.372446  0.196029 0.661682 1 23 1.000000
0  -5.533886 -5.827547 11.700950  -0.742223 -0.486029 0.461390  0.177841 0.677673 1 23 1.000000
Komainu
0  -5.533886 -5.827547 11.700950  -0.742223 -0.486029 0.461390  0.177841 0.677673 1 23 1.000000
0  -5.739926 -5.409416 11.324486  -0.759142 -0.571383 -0.311809  0.151473 0.670715 1 23 1.000000
0  -5.483426 -5.871628 11.480493  -0.802415 -0.508656 -0.312090  0.173629 0.665466 1 23 1.000000
Komainu
0  -5.452592 -5.487433 11.055686  -0.634298 -0.595251 -0.493297  0.151473 0.653015 1 23 1.000000
0  -5.483426 -5.871628 11.480493  -0.802415 -0.508656 -0.312090  0.173629 0.665466 1 23 1.000000
0  -5.739926 -5.409416 11.324486  -0.759142 -0.571383 -0.311809  0.151473 0.670715 1 23 1.000000
Komainu
0  -5.739926 -5.409416 11.324486  -0.759142 -0.571383 -0.311809  0.151473 0.670715 1 23 1.000000
0  -5.581538 -5.229703 10.871118  -0.503078 -0.850377 -0.154181  0.135238 0.648254 1 23 1.000000
0  -5.452592 -5.487433 11.055686  -0.634298 -0.595251 -0.493297  0.151473 0.653015 1 23 1.000000
Komainu
0  -5.533886 -5.827547 11.700950  -0.742223 -0.486029 0.461390  0.177841 0.677673 1 23 1.000000
0  -5.828561 -5.313272 11.515649  -0.859621 -0.304914 0.409975  0.151473 0.682617 1 23 1.000000
0  -5.739926 -5.409416 11.324486  -0.759142 -0.571383 -0.311809  0.151473 0.670715 1 23 1.000000
Komainu
0  -5.828561 -5.313272 11.515649  -0.859621 -0.304914 0.409975  0.151473 0.682617 1 23 1.000000
0  -5.860460 -5.161946 11.087913  -0.696211 -0.672034 -0.252310  0.132552 0.661499 1 23 1.000000
0  -5.739926 -5.409416 11.324486  -0.759142 -0.571383 -0.311809  0.151473 0.670715 1 23 1.000000
Komainu
0  -5.739926 -5.409416 11.324486  -0.759142 -0.571383 -0.311809  0.151473 0.670715 1 23 1.000000
0  -5.860460 -5.161946 11.087913  -0.696211 -0.672034 -0.252310  0.132552 0.661499 1 23 1.000000
0  -5.581538 -5.229703 10.871118  -0.503078 -0.850377 -0.154181  0.135238 0.648254 1 23 1.000000
Komainu
0  -5.581538 -5.229703 10.871118  -0.503078 -0.850377 -0.154181  0.135238 0.648254 1 23 1.000000
0  -5.860460 -5.161946 11.087913  -0.696211 -0.672034 -0.252310  0.132552 0.661499 1 23 1.000000
0  -5.850149 -5.098484 10.813988  -0.734964 -0.671506 -0.094381  0.125533 0.650085 1 23 1.000000
Komainu
0  -5.581538 -5.229703 10.871118  -0.503078 -0.850377 -0.154181  0.135238 0.648254 1 23 1.000000
0  -5.850149 -5.098484 10.813988  -0.734964 -0.671506 -0.094381  0.125533 0.650085 1 23 1.000000
0  -5.680559 -5.304491 10.433129  -0.884592 -0.463847 -0.048402  0.128524 0.631226 1 23 1.000000
Komainu
0  -6.007046 -4.648441 10.356956  -0.953890 -0.145127 -0.262738  0.101669 0.636414 1 23 1.000000
0  -5.680559 -5.304491 10.433129  -0.884592 -0.463847 -0.048402  0.128524 0.631226 1 23 1.000000
0  -5.850149 -5.098484 10.813988  -0.734964 -0.671506 -0.094381  0.125533 0.650085 1 23 1.000000
Komainu
0  -5.778770 -4.974403 9.918968  -0.834983 -0.156446 -0.527568  0.107528 0.614319 1 23 1.000000
0  -5.680559 -5.304491 10.433129  -0.884592 -0.463847 -0.048402  0.128524 0.631226 1 23 1.000000
0  -6.007046 -4.648441 10.356956  -0.953890 -0.145127 -0.262738  0.101669 0.636414 1 23 1.000000
Komainu
0  -5.775444 -4.141723 10.340843  -0.840651 0.386417 -0.379457  0.089950 0.636352 1 23 1.000000
0  -5.778770 -4.974403 9.918968  -0.834983 -0.156446 -0.527568  0.107528 0.614319 1 23 1.000000
0  -6.007046 -4.648441 10.356956  -0.953890 -0.145127 -0.262738  0.101669 0.636414 1 23 1.000000
Komainu
0  -5.775444 -4.141723 10.340843  -0.840651 0.386417 -0.379457  0.089950 0.636352 1 23 1.000000
0  -5.475659 -4.619491 9.792260  -0.553893 0.184011 -0.811999  0.099716 0.608032 1 23 1.000000
0  -5.778770 -4.974403 9.918968  -0.834983 -0.156446 -0.527568  0.107528 0.614319 1 23 1.000000
Komainu
0  -5.475659 -4.619491 9.792260  -0.553893 0.184011 -0.811999  0.099716 0.608032 1 23 1.000000
0  -5.475191 -5.558873 9.762962  -0.670833 -0.451531 -0.588305  0.126449 0.601624 1 23 1.000000
0  -5.778770 -4.974403 9.918968  -0.834983 -0.156446 -0.527568  0.107528 0.614319 1 23 1.000000
Komainu
0  -5.475659 -4.619491 9.792260  -0.553893 0.184011 -0.811999  0.099716 0.608032 1 23 1.000000
0  -5.128193 -5.406017 9.645776  -0.249086 -0.258915 -0.933231  0.124008 0.592896 1 23 1.000000
0  -5.475191 -5.558873 9.762962  -0.670833 -0.451531 -0.588305  0.126449 0.601624 1 23 1.000000
Komainu
0  -5.475191 -5.558873 9.762962  -0.670833 -0.451531 -0.588305  0.126449 0.601624 1 23 1.000000
0  -5.128193 -5.406017 9.645776  -0.249086 -0.258915 -0.933231  0.124008 0.592896 1 23 1.000000
0  -4.880573 -5.880106 9.888938  -0.018306 -0.765475 -0.643205  0.151473 0.593262 1 23 1.000000
Komainu
0  -5.475191 -5.558873 9.762962  -0.670833 -0.451531 -0.588305  0.126449 0.601624 1 23 1.000000
0  -4.880573 -5.880106 9.888938  -0.018306 -0.765475 -0.643205  0.151473 0.593262 1 23 1.000000
0  -5.225203 -5.954577 9.994409  -0.511066 -0.760620 -0.400337  0.150985 0.600098 1 23 1.000000
Komainu
0  -4.880573 -5.880106 9.888938  -0.018306 -0.765475 -0.643205  0.151473 0.593262 1 23 1.000000
0  -5.153213 -6.134015 10.476341  -0.447512 -0.887867 -0.106884  0.169418 0.614868 1 23 1.000000
0  -5.225203 -5.954577 9.994409  -0.511066 -0.760620 -0.400337  0.150985 0.600098 1 23 1.000000
Komainu
0  -5.153213 -6.134015 10.476341  -0.447512 -0.887867 -0.106884  0.169418 0.614868 1 23 1.000000
0  -5.680559 -5.304491 10.433129  -0.884592 -0.463847 -0.048402  0.128524 0.631226 1 23 1.000000
0  -5.225203 -5.954577 9.994409  -0.511066 -0.760620 -0.400337  0.150985 0.600098 1 23 1.000000
Komainu
0  -5.239654 -6.074873 10.805930  -0.589695 -0.799785 0.112263  0.171981 0.630493 1 23 1.000000
0  -5.680559 -5.304491 10.433129  -0.884592 -0.463847 -0.048402  0.128524 0.631226 1 23 1.000000
0  -5.153213 -6.134015 10.476341  -0.447512 -0.887867 -0.106884  0.169418 0.614868 1 23 1.000000
Komainu
0  -5.680559 -5.304491 10.433129  -0.884592 -0.463847 -0.048402  0.128524 0.631226 1 23 1.000000
0  -5.239654 -6.074873 10.805930  -0.589695 -0.799785 0.112263  0.171981 0.630493 1 23 1.000000
0  -5.686827 -5.386285 10.813988  -0.980568 -0.107465 0.164130  0.138107 0.645569 1 23 1.000000
Komainu
0  -5.579114 -5.601907 10.975121  -0.771040 -0.217480 0.598497  0.151534 0.649292 1 23 1.000000
0  -5.686827 -5.386285 10.813988  -0.980568 -0.107465 0.164130  0.138107 0.645569 1 23 1.000000
0  -5.239654 -6.074873 10.805930  -0.589695 -0.799785 0.112263  0.171981 0.630493 1 23 1.000000
Komainu
0  -5.475191 -5.558873 9.762962  -0.670833 -0.451531 -0.588305  0.126449 0.601624 1 23 1.000000
0  -5.680559 -5.304491 10.433129  -0.884592 -0.463847 -0.048402  0.128524 0.631226 1 23 1.000000
0  -5.778770 -4.974403 9.918968  -0.834983 -0.156446 -0.527568  0.107528 0.614319 1 23 1.000000
Komainu
0  -5.225203 -5.954577 9.994409  -0.511066 -0.760620 -0.400337  0.150985 0.600098 1 23 1.000000
0  -5.680559 -5.304491 10.433129  -0.884592 -0.463847 -0.048402  0.128524 0.631226 1 23 1.000000
0  -5.475191 -5.558873 9.762962  -0.670833 -0.451531 -0.588305  0.126449 0.601624 1 23 1.000000
Komainu
0  -5.579114 -5.601907 10.975121  -0.771040 -0.217480 0.598497  0.151534 0.649292 1 23 1.000000
0  -5.239654 -6.074873 10.805930  -0.589695 -0.799785 0.112263  0.171981 0.630493 1 23 1.000000
0  -5.402092 -5.882560 10.992698  -0.532759 -0.609809 0.586771  0.166793 0.645874 1 23 1.000000
Komainu
0  -5.680559 -5.304491 10.433129  -0.884592 -0.463847 -0.048402  0.128524 0.631226 1 23 1.000000
0  -5.686827 -5.386285 10.813988  -0.980568 -0.107465 0.164130  0.138107 0.645569 1 23 1.000000
0  -5.581538 -5.229703 10.871118  -0.807275 0.390300 0.442688  0.135238 0.648254 1 23 1.000000
Komainu
0  -5.579114 -5.601907 10.975121  -0.771040 -0.217480 0.598497  0.151534 0.649292 1 23 1.000000
0  -5.581538 -5.229703 10.871118  -0.807275 0.390300 0.442688  0.135238 0.648254 1 23 1.000000
0  -5.686827 -5.386285 10.813988  -0.980568 -0.107465 0.164130  0.138107 0.645569 1 23 1.000000
Komainu
0  -5.579114 -5.601907 10.975121  -0.771040 -0.217480 0.598497  0.151534 0.649292 1 23 1.000000
0  -5.452592 -5.487433 11.055686  -0.543088 0.002522 0.839672  0.151473 0.653015 1 23 1.000000
0  -5.581538 -5.229703 10.871118  -0.807275 0.390300 0.442688  0.135238 0.648254 1 23 1.000000
Komainu
0  -5.238936 -5.829877 11.073266  -0.239042 -0.493608 0.836188  0.169784 0.648743 1 23 1.000000
0  -5.452592 -5.487433 11.055686  -0.543088 0.002522 0.839672  0.151473 0.653015 1 23 1.000000
0  -5.579114 -5.601907 10.975121  -0.771040 -0.217480 0.598497  0.151534 0.649292 1 23 1.000000
Komainu
0  -5.238936 -5.829877 11.073266  -0.239042 -0.493608 0.836188  0.169784 0.648743 1 23 1.000000
0  -5.579114 -5.601907 10.975121  -0.771040 -0.217480 0.598497  0.151534 0.649292 1 23 1.000000
0  -5.402092 -5.882560 10.992698  -0.532759 -0.609809 0.586771  0.166793 0.645874 1 23 1.000000
Komainu
0  -5.012669 -6.035756 10.859399  0.024682 -0.888012 0.459158  0.175704 0.631226 1 23 1.000000
0  -5.238936 -5.829877 11.073266  -0.239042 -0.493608 0.836188  0.169784 0.648743 1 23 1.000000
0  -5.402092 -5.882560 10.992698  -0.532759 -0.609809 0.586771  0.166793 0.645874 1 23 1.000000
Komainu
0  -5.012669 -6.035756 10.859399  0.024682 -0.888012 0.459158  0.175704 0.631226 1 23 1.000000
0  -5.402092 -5.882560 10.992698  -0.532759 -0.609809 0.586771  0.166793 0.645874 1 23 1.000000
0  -5.239654 -6.074873 10.805930  -0.589695 -0.799785 0.112263  0.171981 0.630493 1 23 1.000000
Komainu
0  -4.860986 -6.109297 10.450706  0.091526 -0.992291 -0.083552  0.172836 0.610840 1 23 1.000000
0  -5.012669 -6.035756 10.859399  0.024682 -0.888012 0.459158  0.175704 0.631226 1 23 1.000000
0  -5.239654 -6.074873 10.805930  -0.589695 -0.799785 0.112263  0.171981 0.630493 1 23 1.000000
Komainu
0  -4.860986 -6.109297 10.450706  0.091526 -0.992291 -0.083552  0.172836 0.610840 1 23 1.000000
0  -5.239654 -6.074873 10.805930  -0.589695 -0.799785 0.112263  0.171981 0.630493 1 23 1.000000
0  -5.153213 -6.134015 10.476341  -0.447512 -0.887867 -0.106884  0.169418 0.614868 1 23 1.000000
Komainu
0  -4.880573 -5.880106 9.888938  -0.018306 -0.765475 -0.643205  0.151473 0.593262 1 23 1.000000
0  -4.860986 -6.109297 10.450706  0.091526 -0.992291 -0.083552  0.172836 0.610840 1 23 1.000000
0  -5.153213 -6.134015 10.476341  -0.447512 -0.887867 -0.106884  0.169418 0.614868 1 23 1.000000
Komainu
0  -5.867866 -4.207856 10.997093  -0.904803 0.399139 0.148388  0.098190 0.665710 1 23 1.000000
0  -5.775444 -4.141723 10.340843  -0.840651 0.386417 -0.379457  0.089950 0.636352 1 23 1.000000
0  -6.007046 -4.648441 10.356956  -0.953890 -0.145127 -0.262738  0.101669 0.636414 1 23 1.000000
Komainu
0  -5.867866 -4.207856 10.997093  -0.904803 0.399139 0.148388  0.098190 0.665710 1 23 1.000000
0  -6.007046 -4.648441 10.356956  -0.953890 -0.145127 -0.262738  0.101669 0.636414 1 23 1.000000
0  -6.085766 -4.707420 10.917993  -0.998547 -0.052698 -0.011288  0.110153 0.660461 1 23 1.000000
Komainu
0  -6.007046 -4.648441 10.356956  -0.953890 -0.145127 -0.262738  0.101669 0.636414 1 23 1.000000
0  -5.850149 -5.098484 10.813988  -0.734964 -0.671506 -0.094381  0.125533 0.650085 1 23 1.000000
0  -6.085766 -4.707420 10.917993  -0.998547 -0.052698 -0.011288  0.110153 0.660461 1 23 1.000000
Komainu
0  -5.850149 -5.098484 10.813988  -0.734964 -0.671506 -0.094381  0.125533 0.650085 1 23 1.000000
0  -6.040564 -4.918228 11.297387  -0.952627 -0.169230 0.252711  0.125656 0.676453 1 23 1.000000
0  -6.085766 -4.707420 10.917993  -0.998547 -0.052698 -0.011288  0.110153 0.660461 1 23 1.000000
Komainu
0  -5.850149 -5.098484 10.813988  -0.734964 -0.671506 -0.094381  0.125533 0.650085 1 23 1.000000
0  -5.860460 -5.161946 11.087913  -0.696211 -0.672034 -0.252310  0.132552 0.661499 1 23 1.000000
0  -6.040564 -4.918228 11.297387  -0.952627 -0.169230 0.252711  0.125656 0.676453 1 23 1.000000
Komainu
0  -5.828561 -5.313272 11.515649  -0.859621 -0.304914 0.409975  0.151473 0.682617 1 23 1.000000
0  -6.040564 -4.918228 11.297387  -0.952627 -0.169230 0.252711  0.125656 0.676453 1 23 1.000000
0  -5.860460 -5.161946 11.087913  -0.696211 -0.672034 -0.252310  0.132552 0.661499 1 23 1.000000
Komainu
0  -5.516393 -5.032823 11.761010  -0.593047 0.010331 0.805102  0.151473 0.695068 1 23 1.000000
0  -6.040564 -4.918228 11.297387  -0.952627 -0.169230 0.252711  0.125656 0.676453 1 23 1.000000
0  -5.828561 -5.313272 11.515649  -0.859621 -0.304914 0.409975  0.151473 0.682617 1 23 1.000000
Komainu
0  -5.139705 -5.619593 11.926538  -0.385808 -0.265421 0.883574  0.182174 0.687195 1 23 1.000000
0  -5.516393 -5.032823 11.761010  -0.593047 0.010331 0.805102  0.151473 0.695068 1 23 1.000000
0  -5.828561 -5.313272 11.515649  -0.859621 -0.304914 0.409975  0.151473 0.682617 1 23 1.000000
Komainu
0  -5.766405 -4.555046 11.495873  -0.778848 0.226696 0.584812  0.120712 0.687195 1 23 1.000000
0  -5.867866 -4.207856 10.997093  -0.904803 0.399139 0.148388  0.098190 0.665710 1 23 1.000000
0  -6.085766 -4.707420 10.917993  -0.998547 -0.052698 -0.011288  0.110153 0.660461 1 23 1.000000
Komainu
0  -5.766405 -4.555046 11.495873  -0.778848 0.226696 0.584812  0.120712 0.687195 1 23 1.000000
0  -6.085766 -4.707420 10.917993  -0.998547 -0.052698 -0.011288  0.110153 0.660461 1 23 1.000000
0  -6.040564 -4.918228 11.297387  -0.952627 -0.169230 0.252711  0.125656 0.676453 1 23 1.000000
Komainu
0  -5.516393 -5.032823 11.761010  -0.593047 0.010331 0.805102  0.151473 0.695068 1 23 1.000000
0  -5.766405 -4.555046 11.495873  -0.778848 0.226696 0.584812  0.120712 0.687195 1 23 1.000000
0  -6.040564 -4.918228 11.297387  -0.952627 -0.169230 0.252711  0.125656 0.676453 1 23 1.000000
Komainu
0  -3.586736 -4.179667 11.732444  0.579642 0.534139 0.615395  0.344467 0.895264 1 23 1.000000
0  -4.079103 -4.291564 11.878196  0.151324 0.410999 0.898989  0.344467 0.907715 1 23 1.000000
0  -3.740132 -4.906322 12.036401  0.226293 0.117382 0.966961  0.375167 0.899841 1 23 1.000000
Komainu
0  -3.804495 -3.739452 11.534690  0.563167 0.637847 0.525351  0.318649 0.889099 1 23 1.000000
0  -4.079103 -4.291564 11.878196  0.151324 0.410999 0.898989  0.344467 0.907715 1 23 1.000000
0  -3.586736 -4.179667 11.732444  0.579642 0.534139 0.615395  0.344467 0.895264 1 23 1.000000
Komainu
0  -3.804495 -3.739452 11.534690  0.563167 0.637847 0.525351  0.318649 0.889099 1 23 1.000000
0  -4.334472 -3.769231 11.644553  0.130544 0.647799 0.750543  0.313705 0.899841 1 23 1.000000
0  -4.079103 -4.291564 11.878196  0.151324 0.410999 0.898989  0.344467 0.907715 1 23 1.000000
Komainu
0  -3.804495 -3.739452 11.534690  0.563167 0.637847 0.525351  0.318649 0.889099 1 23 1.000000
0  -4.404714 -3.377317 11.149436  0.124961 0.895993 0.426123  0.291183 0.878357 1 23 1.000000
0  -4.334472 -3.769231 11.644553  0.130544 0.647799 0.750543  0.313705 0.899841 1 23 1.000000
Komainu
0  -3.804495 -3.739452 11.534690  0.563167 0.637847 0.525351  0.318649 0.889099 1 23 1.000000
0  -3.856463 -3.483263 11.178002  0.554865 0.751629 0.356620  0.303146 0.873108 1 23 1.000000
0  -4.404714 -3.377317 11.149436  0.124961 0.895993 0.426123  0.291183 0.878357 1 23 1.000000
Komainu
0  -3.625523 -3.976048 11.320091  0.959433 0.281436 0.016778  0.325546 0.874146 1 23 1.000000
0  -3.804495 -3.739452 11.534690  0.563167 0.637847 0.525351  0.318649 0.889099 1 23 1.000000
0  -3.586736 -4.179667 11.732444  0.579642 0.534139 0.615395  0.344467 0.895264 1 23 1.000000
Komainu
0  -3.804495 -3.739452 11.534690  0.563167 0.637847 0.525351  0.318649 0.889099 1 23 1.000000
0  -3.625523 -3.976048 11.320091  0.959433 0.281436 0.016778  0.325546 0.874146 1 23 1.000000
0  -3.620325 -3.881849 11.071799  0.945862 0.236885 0.221879  0.318527 0.862732 1 23 1.000000
Komainu
0  -3.804495 -3.739452 11.534690  0.563167 0.637847 0.525351  0.318649 0.889099 1 23 1.000000
0  -3.620325 -3.881849 11.071799  0.945862 0.236885 0.221879  0.318527 0.862732 1 23 1.000000
0  -3.856463 -3.483263 11.178002  0.554865 0.751629 0.356620  0.303146 0.873108 1 23 1.000000
Komainu
0  -3.788117 -3.341068 10.641137  0.687099 0.720528 0.093458  0.294601 0.849060 1 23 1.000000
0  -3.856463 -3.483263 11.178002  0.554865 0.751629 0.356620  0.303146 0.873108 1 23 1.000000
0  -3.620325 -3.881849 11.071799  0.945862 0.236885 0.221879  0.318527 0.862732 1 23 1.000000
Komainu
0  -3.788117 -3.341068 10.641137  0.687099 0.720528 0.093458  0.294601 0.849060 1 23 1.000000
0  -4.404714 -3.377317 11.149436  0.124961 0.895993 0.426123  0.291183 0.878357 1 23 1.000000
0  -3.856463 -3.483263 11.178002  0.554865 0.751629 0.356620  0.303146 0.873108 1 23 1.000000
Komainu
0  -3.788117 -3.341068 10.641137  0.687099 0.720528 0.093458  0.294601 0.849060 1 23 1.000000
0  -4.277236 -3.250868 10.510034  0.204614 0.971984 -0.115675  0.282943 0.848938 1 23 1.000000
0  -4.404714 -3.377317 11.149436  0.124961 0.895993 0.426123  0.291183 0.878357 1 23 1.000000
Komainu
0  -3.953097 -3.646447 9.984887  0.284555 0.587082 -0.757867  0.292709 0.820679 1 23 1.000000
0  -4.277236 -3.250868 10.510034  0.204614 0.971984 -0.115675  0.282943 0.848938 1 23 1.000000
0  -3.788117 -3.341068 10.641137  0.687099 0.720528 0.093458  0.294601 0.849060 1 23 1.000000
Komainu
0  -3.586736 -4.179667 11.732444  0.579642 0.534139 0.615395  0.344467 0.895264 1 23 1.000000
0  -3.740132 -4.906322 12.036401  0.226293 0.117382 0.966961  0.375167 0.899841 1 23 1.000000
0  -3.290657 -4.712238 11.912621  0.634956 0.396038 0.663314  0.370834 0.890320 1 23 1.000000
Komainu
0  -3.501530 -4.257074 11.546411  0.898799 0.433991 -0.061741  0.344467 0.883362 1 23 1.000000
0  -3.586736 -4.179667 11.732444  0.579642 0.534139 0.615395  0.344467 0.895264 1 23 1.000000
0  -3.290657 -4.712238 11.912621  0.634956 0.396038 0.663314  0.370834 0.890320 1 23 1.000000
Komainu
0  -3.625523 -3.976048 11.320091  0.959433 0.281436 0.016778  0.325546 0.874146 1 23 1.000000
0  -3.586736 -4.179667 11.732444  0.579642 0.534139 0.615395  0.344467 0.895264 1 23 1.000000
0  -3.501530 -4.257074 11.546411  0.898799 0.433991 -0.061741  0.344467 0.883362 1 23 1.000000
Komainu
0  -3.501530 -4.257074 11.546411  0.898799 0.433991 -0.061741  0.344467 0.883362 1 23 1.000000
0  -3.658925 -4.185503 11.082053  0.998906 0.000912 0.046760  0.328231 0.860901 1 23 1.000000
0  -3.625523 -3.976048 11.320091  0.959433 0.281436 0.016778  0.325546 0.874146 1 23 1.000000
Komainu
0  -3.658925 -4.185503 11.082053  0.998906 0.000912 0.046760  0.328231 0.860901 1 23 1.000000
0  -3.620325 -3.881849 11.071799  0.945862 0.236885 0.221879  0.318527 0.862732 1 23 1.000000
0  -3.625523 -3.976048 11.320091  0.959433 0.281436 0.016778  0.325546 0.874146 1 23 1.000000
Komainu
0  -3.658925 -4.185503 11.082053  0.998906 0.000912 0.046760  0.328231 0.860901 1 23 1.000000
0  -3.457775 -4.031292 10.707053  0.842386 0.485386 0.234062  0.321517 0.843872 1 23 1.000000
0  -3.620325 -3.881849 11.071799  0.945862 0.236885 0.221879  0.318527 0.862732 1 23 1.000000
Komainu
0  -3.788117 -3.341068 10.641137  0.687099 0.720528 0.093458  0.294601 0.849060 1 23 1.000000
0  -3.620325 -3.881849 11.071799  0.945862 0.236885 0.221879  0.318527 0.862732 1 23 1.000000
0  -3.457775 -4.031292 10.707053  0.842386 0.485386 0.234062  0.321517 0.843872 1 23 1.000000
Komainu
0  -3.568409 -3.602731 10.221457  0.722039 0.609803 -0.326802  0.300521 0.826965 1 23 1.000000
0  -3.788117 -3.341068 10.641137  0.687099 0.720528 0.093458  0.294601 0.849060 1 23 1.000000
0  -3.457775 -4.031292 10.707053  0.842386 0.485386 0.234062  0.321517 0.843872 1 23 1.000000
Komainu
0  -3.953097 -3.646447 9.984887  0.284555 0.587082 -0.757867  0.292709 0.820679 1 23 1.000000
0  -3.788117 -3.341068 10.641137  0.687099 0.720528 0.093458  0.294601 0.849060 1 23 1.000000
0  -3.568409 -3.602731 10.221457  0.722039 0.609803 -0.326802  0.300521 0.826965 1 23 1.000000
Komainu
0  -3.959078 -4.665997 9.850121  0.310227 0.063349 -0.948550  0.317001 0.805542 1 23 1.000000
0  -3.953097 -3.646447 9.984887  0.284555 0.587082 -0.757867  0.292709 0.820679 1 23 1.000000
0  -3.568409 -3.602731 10.221457  0.722039 0.609803 -0.326802  0.300521 0.826965 1 23 1.000000
Komainu
0  -3.959078 -4.665997 9.850121  0.310227 0.063349 -0.948550  0.317001 0.805542 1 23 1.000000
0  -3.568409 -3.602731 10.221457  0.722039 0.609803 -0.326802  0.300521 0.826965 1 23 1.000000
0  -3.265811 -4.184343 10.066184  0.791926 0.329492 -0.514090  0.319442 0.814270 1 23 1.000000
Komainu
0  -3.644033 -5.293673 10.048607  0.528517 -0.350891 -0.773010  0.344467 0.805908 1 23 1.000000
0  -3.959078 -4.665997 9.850121  0.310227 0.063349 -0.948550  0.317001 0.805542 1 23 1.000000
0  -3.265811 -4.184343 10.066184  0.791926 0.329492 -0.514090  0.319442 0.814270 1 23 1.000000
Komainu
0  -3.644033 -5.293673 10.048607  0.528517 -0.350891 -0.773010  0.344467 0.805908 1 23 1.000000
0  -3.265811 -4.184343 10.066184  0.791926 0.329492 -0.514090  0.319442 0.814270 1 23 1.000000
0  -2.989531 -4.775187 10.200218  0.913044 0.091572 -0.397449  0.343978 0.812744 1 23 1.000000
Komainu
0  -2.908970 -5.018922 10.704857  0.996438 -0.080154 0.026191  0.362411 0.827515 1 23 1.000000
0  -3.644033 -5.293673 10.048607  0.528517 -0.350891 -0.773010  0.344467 0.805908 1 23 1.000000
0  -2.989531 -4.775187 10.200218  0.913044 0.091572 -0.397449  0.343978 0.812744 1 23 1.000000
Komainu
0  -2.908970 -5.018922 10.704857  0.996438 -0.080154 0.026191  0.362411 0.827515 1 23 1.000000
0  -2.989531 -4.775187 10.200218  0.913044 0.091572 -0.397449  0.343978 0.812744 1 23 1.000000
0  -3.457775 -4.031292 10.707053  0.842386 0.485386 0.234062  0.321517 0.843872 1 23 1.000000
Komainu
0  -2.999543 -4.931900 11.025659  0.906499 0.107461 0.408304  0.364974 0.843140 1 23 1.000000
0  -2.908970 -5.018922 10.704857  0.996438 -0.080154 0.026191  0.362411 0.827515 1 23 1.000000
0  -3.457775 -4.031292 10.707053  0.842386 0.485386 0.234062  0.321517 0.843872 1 23 1.000000
Komainu
0  -3.457775 -4.031292 10.707053  0.842386 0.485386 0.234062  0.321517 0.843872 1 23 1.000000
0  -3.454889 -4.179627 11.068871  0.508890 0.721759 0.469142  0.331100 0.858154 1 23 1.000000
0  -2.999543 -4.931900 11.025659  0.906499 0.107461 0.408304  0.364974 0.843140 1 23 1.000000
Komainu
0  -2.999543 -4.931900 11.025659  0.906499 0.107461 0.408304  0.364974 0.843140 1 23 1.000000
0  -3.454889 -4.179627 11.068871  0.508890 0.721759 0.469142  0.331100 0.858154 1 23 1.000000
0  -3.344573 -4.415394 11.207297  0.416563 0.462238 0.782823  0.344528 0.861939 1 23 1.000000
Komainu
0  -2.989531 -4.775187 10.200218  0.913044 0.091572 -0.397449  0.343978 0.812744 1 23 1.000000
0  -3.265811 -4.184343 10.066184  0.791926 0.329492 -0.514090  0.319442 0.814270 1 23 1.000000
0  -3.457775 -4.031292 10.707053  0.842386 0.485386 0.234062  0.321517 0.843872 1 23 1.000000
Komainu
0  -3.265811 -4.184343 10.066184  0.791926 0.329492 -0.514090  0.319442 0.814270 1 23 1.000000
0  -3.568409 -3.602731 10.221457  0.722039 0.609803 -0.326802  0.300521 0.826965 1 23 1.000000
0  -3.457775 -4.031292 10.707053  0.842386 0.485386 0.234062  0.321517 0.843872 1 23 1.000000
Komainu
0  -3.457775 -4.031292 10.707053  0.842386 0.485386 0.234062  0.321517 0.843872 1 23 1.000000
0  -3.658925 -4.185503 11.082053  0.022210 0.761910 0.647302  0.328231 0.860901 1 23 1.000000
0  -3.454889 -4.179627 11.068871  0.508890 0.721759 0.469142  0.331100 0.858154 1 23 1.000000
Komainu
0  -3.344573 -4.415394 11.207297  0.416563 0.462238 0.782823  0.344528 0.861939 1 23 1.000000
0  -3.454889 -4.179627 11.068871  0.508890 0.721759 0.469142  0.331100 0.858154 1 23 1.000000
0  -3.658925 -4.185503 11.082053  0.022210 0.761910 0.647302  0.328231 0.860901 1 23 1.000000
Komainu
0  -3.344573 -4.415394 11.207297  0.416563 0.462238 0.782823  0.344528 0.861939 1 23 1.000000
0  -3.658925 -4.185503 11.082053  0.022210 0.761910 0.647302  0.328231 0.860901 1 23 1.000000
0  -3.527777 -4.462756 11.246849  0.109130 0.341981 0.933349  0.344467 0.865662 1 23 1.000000
Komainu
0  -3.344573 -4.415394 11.207297  0.416563 0.462238 0.782823  0.344528 0.861939 1 23 1.000000
0  -3.527777 -4.462756 11.246849  0.109130 0.341981 0.933349  0.344467 0.865662 1 23 1.000000
0  -3.312623 -4.815582 11.261498  0.328403 -0.134766 0.934874  0.362777 0.861389 1 23 1.000000
Komainu
0  -3.344573 -4.415394 11.207297  0.416563 0.462238 0.782823  0.344528 0.861939 1 23 1.000000
0  -3.312623 -4.815582 11.261498  0.328403 -0.134766 0.934874  0.362777 0.861389 1 23 1.000000
0  -3.165719 -4.712323 11.220482  0.600790 0.102918 0.792754  0.359786 0.858460 1 23 1.000000
Komainu
0  -3.312623 -4.815582 11.261498  0.328403 -0.134766 0.934874  0.362777 0.861389 1 23 1.000000
0  -2.999543 -4.931900 11.025659  0.906499 0.107461 0.408304  0.364974 0.843140 1 23 1.000000
0  -3.165719 -4.712323 11.220482  0.600790 0.102918 0.792754  0.359786 0.858460 1 23 1.000000
Komainu
0  -2.999543 -4.931900 11.025659  0.906499 0.107461 0.408304  0.364974 0.843140 1 23 1.000000
0  -3.344573 -4.415394 11.207297  0.416563 0.462238 0.782823  0.344528 0.861939 1 23 1.000000
0  -3.165719 -4.712323 11.220482  0.600790 0.102918 0.792754  0.359786 0.858460 1 23 1.000000
Komainu
0  -3.312623 -4.815582 11.261498  0.328403 -0.134766 0.934874  0.362777 0.861389 1 23 1.000000
0  -3.162098 -5.086370 11.030051  0.575470 -0.546443 0.608469  0.368698 0.843872 1 23 1.000000
0  -2.999543 -4.931900 11.025659  0.906499 0.107461 0.408304  0.364974 0.843140 1 23 1.000000
Komainu
0  -2.999543 -4.931900 11.025659  0.906499 0.107461 0.408304  0.364974 0.843140 1 23 1.000000
0  -3.162098 -5.086370 11.030051  0.575470 -0.546443 0.608469  0.368698 0.843872 1 23 1.000000
0  -3.070109 -5.241466 10.611107  0.734007 -0.675385 -0.071341  0.365829 0.823486 1 23 1.000000
Komainu
0  -2.999543 -4.931900 11.025659  0.906499 0.107461 0.408304  0.364974 0.843140 1 23 1.000000
0  -3.070109 -5.241466 10.611107  0.734007 -0.675385 -0.071341  0.365829 0.823486 1 23 1.000000
0  -2.908970 -5.018922 10.704857  0.996438 -0.080154 0.026191  0.362411 0.827515 1 23 1.000000
Komainu
0  -2.908970 -5.018922 10.704857  0.996438 -0.080154 0.026191  0.362411 0.827515 1 23 1.000000
0  -3.070109 -5.241466 10.611107  0.734007 -0.675385 -0.071341  0.365829 0.823486 1 23 1.000000
0  -3.644033 -5.293673 10.048607  0.528517 -0.350891 -0.773010  0.344467 0.805908 1 23 1.000000
Komainu
0  -3.501530 -4.257074 11.546411  0.898799 0.433991 -0.061741  0.344467 0.883362 1 23 1.000000
0  -3.527777 -4.462756 11.246849  0.899438 0.333754 -0.282169  0.344467 0.865662 1 23 1.000000
0  -3.658925 -4.185503 11.082053  0.998906 0.000912 0.046760  0.328231 0.860901 1 23 1.000000
Komainu
0  -3.242551 -4.732524 11.698754  0.797372 0.601092 -0.053726  0.366622 0.878113 1 23 1.000000
0  -3.527777 -4.462756 11.246849  0.899438 0.333754 -0.282169  0.344467 0.865662 1 23 1.000000
0  -3.501530 -4.257074 11.546411  0.898799 0.433991 -0.061741  0.344467 0.883362 1 23 1.000000
Komainu
0  -3.501530 -4.257074 11.546411  0.898799 0.433991 -0.061741  0.344467 0.883362 1 23 1.000000
0  -3.290657 -4.712238 11.912621  0.634956 0.396038 0.663314  0.370834 0.890320 1 23 1.000000
0  -3.242551 -4.732524 11.698754  0.797372 0.601092 -0.053726  0.366622 0.878113 1 23 1.000000
Komainu
0  -2.996426 -5.111524 11.782250  0.771795 0.150589 0.617783  0.389022 0.874329 1 23 1.000000
0  -3.242551 -4.732524 11.698754  0.797372 0.601092 -0.053726  0.366622 0.878113 1 23 1.000000
0  -3.290657 -4.712238 11.912621  0.634956 0.396038 0.663314  0.370834 0.890320 1 23 1.000000
Komainu
0  -2.996426 -5.111524 11.782250  0.771795 0.150589 0.617783  0.389022 0.874329 1 23 1.000000
0  -3.066197 -4.916674 11.492942  0.728336 0.679611 -0.087496  0.377242 0.868286 1 23 1.000000
0  -3.242551 -4.732524 11.698754  0.797372 0.601092 -0.053726  0.366622 0.878113 1 23 1.000000
Komainu
0  -3.312623 -4.815582 11.261498  0.684524 0.660598 -0.308280  0.362777 0.861389 1 23 1.000000
0  -3.242551 -4.732524 11.698754  0.797372 0.601092 -0.053726  0.366622 0.878113 1 23 1.000000
0  -3.066197 -4.916674 11.492942  0.728336 0.679611 -0.087496  0.377242 0.868286 1 23 1.000000
Komainu
0  -2.781758 -5.302227 11.193383  0.719555 0.688763 -0.088582  0.389327 0.846130 1 23 1.000000
0  -3.312623 -4.815582 11.261498  0.684524 0.660598 -0.308280  0.362777 0.861389 1 23 1.000000
0  -3.066197 -4.916674 11.492942  0.728336 0.679611 -0.087496  0.377242 0.868286 1 23 1.000000
Komainu
0  -2.781758 -5.302227 11.193383  0.719555 0.688763 -0.088582  0.389327 0.846130 1 23 1.000000
0  -3.162098 -5.086370 11.030051  0.565584 0.775631 -0.280198  0.368698 0.843872 1 23 1.000000
0  -3.312623 -4.815582 11.261498  0.684524 0.660598 -0.308280  0.362777 0.861389 1 23 1.000000
Komainu
0  -2.590829 -5.507475 10.734155  0.663669 0.747173 -0.035708  0.388107 0.818726 1 23 1.000000
0  -3.162098 -5.086370 11.030051  0.565584 0.775631 -0.280198  0.368698 0.843872 1 23 1.000000
0  -2.781758 -5.302227 11.193383  0.719555 0.688763 -0.088582  0.389327 0.846130 1 23 1.000000
Komainu
0  -2.590829 -5.507475 10.734155  0.663669 0.747173 -0.035708  0.388107 0.818726 1 23 1.000000
0  -3.070109 -5.241466 10.611107  0.395538 0.908391 -0.135560  0.365829 0.823486 1 23 1.000000
0  -3.162098 -5.086370 11.030051  0.565584 0.775631 -0.280198  0.368698 0.843872 1 23 1.000000
Komainu
0  -2.545727 -5.439759 10.028099  0.605002 0.782438 0.147522  0.372604 0.791382 1 23 1.000000
0  -3.070109 -5.241466 10.611107  0.395538 0.908391 -0.135560  0.365829 0.823486 1 23 1.000000
0  -2.590829 -5.507475 10.734155  0.663669 0.747173 -0.035708  0.388107 0.818726 1 23 1.000000
Komainu
0  -2.545727 -5.439759 10.028099  0.605002 0.782438 0.147522  0.372604 0.791382 1 23 1.000000
0  -3.644033 -5.293673 10.048607  0.283131 0.848630 0.446838  0.344467 0.805908 1 23 1.000000
0  -3.070109 -5.241466 10.611107  0.395538 0.908391 -0.135560  0.365829 0.823486 1 23 1.000000
Komainu
0  -3.644033 -5.293673 10.048607  0.283131 0.848630 0.446838  0.344467 0.805908 1 23 1.000000
0  -2.545727 -5.439759 10.028099  0.605002 0.782438 0.147522  0.372604 0.791382 1 23 1.000000
0  -2.687051 -5.197932 9.545432  0.621802 0.613198 0.487186  0.348617 0.779541 1 23 1.000000
Komainu
0  -2.687051 -5.197932 9.545432  0.621802 0.613198 0.487186  0.348617 0.779541 1 23 1.000000
0  -3.959078 -4.665997 9.850121  0.526486 0.197732 0.826870  0.317001 0.805542 1 23 1.000000
0  -3.644033 -5.293673 10.048607  0.283131 0.848630 0.446838  0.344467 0.805908 1 23 1.000000
Komainu
0  -2.687051 -5.197932 9.545432  0.621802 0.613198 0.487186  0.348617 0.779541 1 23 1.000000
0  -3.168379 -4.022388 9.297875  0.746465 0.340898 0.571470  0.305953 0.779175 1 23 1.000000
0  -3.959078 -4.665997 9.850121  0.526486 0.197732 0.826870  0.317001 0.805542 1 23 1.000000
Komainu
0  -3.168379 -4.022388 9.297875  0.746465 0.340898 0.571470  0.305953 0.779175 1 23 1.000000
0  -3.953097 -3.646447 9.984887  0.770239 -0.004351 0.637741  0.292709 0.820679 1 23 1.000000
0  -3.959078 -4.665997 9.850121  0.526486 0.197732 0.826870  0.317001 0.805542 1 23 1.000000
Komainu
0  -3.168379 -4.022388 9.297875  0.746465 0.340898 0.571470  0.305953 0.779175 1 23 1.000000
0  -3.749211 -2.961236 9.634055  0.864742 0.246621 0.437491  0.270492 0.805786 1 23 1.000000
0  -3.953097 -3.646447 9.984887  0.770239 -0.004351 0.637741  0.292709 0.820679 1 23 1.000000
Komainu
0  -3.749211 -2.961236 9.634055  0.864742 0.246621 0.437491  0.270492 0.805786 1 23 1.000000
0  -4.277236 -3.250868 10.510034  0.932779 -0.064384 0.354653  0.282943 0.848938 1 23 1.000000
0  -3.953097 -3.646447 9.984887  0.770239 -0.004351 0.637741  0.292709 0.820679 1 23 1.000000
Komainu
0  -3.242551 -4.732524 11.698754  0.797372 0.601092 -0.053726  0.366622 0.878113 1 23 1.000000
0  -3.312623 -4.815582 11.261498  0.684524 0.660598 -0.308280  0.362777 0.861389 1 23 1.000000
0  -3.527777 -4.462756 11.246849  0.899438 0.333754 -0.282169  0.344467 0.865662 1 23 1.000000
Komainu
0  -2.687051 -5.197932 9.545432  0.621802 0.613198 0.487186  0.348617 0.779541 1 23 1.000000
0  -2.545727 -5.439759 10.028099  0.605002 0.782438 0.147522  0.372604 0.791382 1 23 1.000000
0  -2.429567 -5.730245 9.733665  0.965447 -0.165936 -0.200941  0.387374 0.779053 1 23 1.000000
Komainu
0  -2.545727 -5.439759 10.028099  0.605002 0.782438 0.147522  0.372604 0.791382 1 23 1.000000
0  -2.453630 -5.703951 10.751732  0.968877 -0.126368 0.212859  0.399886 0.815491 1 23 1.000000
0  -2.429567 -5.730245 9.733665  0.965447 -0.165936 -0.200941  0.387374 0.779053 1 23 1.000000
Komainu
0  -2.545727 -5.439759 10.028099  0.605002 0.782438 0.147522  0.372604 0.791382 1 23 1.000000
0  -2.590829 -5.507475 10.734155  0.663669 0.747173 -0.035708  0.388107 0.818726 1 23 1.000000
0  -2.453630 -5.703951 10.751732  0.968877 -0.126368 0.212859  0.399886 0.815491 1 23 1.000000
Komainu
0  -2.590829 -5.507475 10.734155  0.663669 0.747173 -0.035708  0.388107 0.818726 1 23 1.000000
0  -2.675744 -5.473544 11.309105  0.888169 -0.007223 0.459460  0.402023 0.848389 1 23 1.000000
0  -2.453630 -5.703951 10.751732  0.968877 -0.126368 0.212859  0.399886 0.815491 1 23 1.000000
Komainu
0  -2.590829 -5.507475 10.734155  0.663669 0.747173 -0.035708  0.388107 0.818726 1 23 1.000000
0  -2.781758 -5.302227 11.193383  0.719555 0.688763 -0.088582  0.389327 0.846130 1 23 1.000000
0  -2.675744 -5.473544 11.309105  0.888169 -0.007223 0.459460  0.402023 0.848389 1 23 1.000000
Komainu
0  -3.066197 -4.916674 11.492942  0.728336 0.679611 -0.087496  0.377242 0.868286 1 23 1.000000
0  -2.675744 -5.473544 11.309105  0.888169 -0.007223 0.459460  0.402023 0.848389 1 23 1.000000
0  -2.781758 -5.302227 11.193383  0.719555 0.688763 -0.088582  0.389327 0.846130 1 23 1.000000
Komainu
0  -3.066197 -4.916674 11.492942  0.728336 0.679611 -0.087496  0.377242 0.868286 1 23 1.000000
0  -2.996426 -5.111524 11.782250  0.771795 0.150589 0.617783  0.389022 0.874329 1 23 1.000000
0  -2.675744 -5.473544 11.309105  0.888169 -0.007223 0.459460  0.402023 0.848389 1 23 1.000000
Komainu
0  -4.367379 -2.571456 11.358911  0.970503 0.215628 0.107837  0.268844 0.893066 1 23 1.000000
0  -4.277236 -3.250868 10.510034  0.932779 -0.064384 0.354653  0.282943 0.848938 1 23 1.000000
0  -4.168116 -2.523274 10.395041  0.933674 0.221079 0.281740  0.259200 0.848938 1 23 1.000000
Komainu
0  -3.749211 -2.961236 9.634055  0.864742 0.246621 0.437491  0.270492 0.805786 1 23 1.000000
0  -4.168116 -2.523274 10.395041  0.933674 0.221079 0.281740  0.259200 0.848938 1 23 1.000000
0  -4.277236 -3.250868 10.510034  0.932779 -0.064384 0.354653  0.282943 0.848938 1 23 1.000000
Komainu
0  -4.168116 -2.523274 10.395041  0.933674 0.221079 0.281740  0.259200 0.848938 1 23 1.000000
0  -3.749211 -2.961236 9.634055  0.864742 0.246621 0.437491  0.270492 0.805786 1 23 1.000000
0  -3.862674 -2.615727 9.223901  0.772604 0.627440 -0.096966  0.251144 0.792908 1 23 1.000000
Komainu
0  -3.168379 -4.022388 9.297875  0.746465 0.340898 0.571470  0.305953 0.779175 1 23 1.000000
0  -3.862674 -2.615727 9.223901  0.772604 0.627440 -0.096966  0.251144 0.792908 1 23 1.000000
0  -3.749211 -2.961236 9.634055  0.864742 0.246621 0.437491  0.270492 0.805786 1 23 1.000000
Komainu
0  -3.168379 -4.022388 9.297875  0.746465 0.340898 0.571470  0.305953 0.779175 1 23 1.000000
0  -3.123905 -3.838053 8.839379  0.877515 0.455546 -0.149821  0.297714 0.758362 1 23 1.000000
0  -3.862674 -2.615727 9.223901  0.772604 0.627440 -0.096966  0.251144 0.792908 1 23 1.000000
Komainu
0  -2.687051 -5.197932 9.545432  0.621802 0.613198 0.487186  0.348617 0.779541 1 23 1.000000
0  -3.123905 -3.838053 8.839379  0.877515 0.455546 -0.149821  0.297714 0.758362 1 23 1.000000
0  -3.168379 -4.022388 9.297875  0.746465 0.340898 0.571470  0.305953 0.779175 1 23 1.000000
Komainu
0  -2.687051 -5.197932 9.545432  0.621802 0.613198 0.487186  0.348617 0.779541 1 23 1.000000
0  -2.552534 -5.128046 9.130883  0.957458 0.239019 -0.161691  0.348617 0.756958 1 23 1.000000
0  -3.123905 -3.838053 8.839379  0.877515 0.455546 -0.149821  0.297714 0.758362 1 23 1.000000
Komainu
0  -2.687051 -5.197932 9.545432  0.621802 0.613198 0.487186  0.348617 0.779541 1 23 1.000000
0  -2.429567 -5.730245 9.733665  0.965447 -0.165936 -0.200941  0.387374 0.779053 1 23 1.000000
0  -2.552534 -5.128046 9.130883  0.957458 0.239019 -0.161691  0.348617 0.756958 1 23 1.000000
Komainu
0  -2.429567 -5.730245 9.733665  0.965447 -0.165936 -0.200941  0.387374 0.779053 1 23 1.000000
0  -2.653880 -5.176394 8.976341  0.626441 -0.299910 -0.719462  0.349532 0.748901 1 23 1.000000
0  -2.552534 -5.128046 9.130883  0.957458 0.239019 -0.161691  0.348617 0.756958 1 23 1.000000
Komainu
0  -3.117374 -6.298303 9.504416  0.569299 -0.689322 -0.448033  0.394637 0.772217 1 23 1.000000
0  -2.653880 -5.176394 8.976341  0.626441 -0.299910 -0.719462  0.349532 0.748901 1 23 1.000000
0  -2.429567 -5.730245 9.733665  0.965447 -0.165936 -0.200941  0.387374 0.779053 1 23 1.000000
Komainu
0  -2.453630 -5.703951 10.751732  0.968877 -0.126368 0.212859  0.399886 0.815491 1 23 1.000000
0  -3.117374 -6.298303 9.504416  0.569299 -0.689322 -0.448033  0.394637 0.772217 1 23 1.000000
0  -2.429567 -5.730245 9.733665  0.965447 -0.165936 -0.200941  0.387374 0.779053 1 23 1.000000
Komainu
0  -2.453630 -5.703951 10.751732  0.968877 -0.126368 0.212859  0.399886 0.815491 1 23 1.000000
0  -2.802134 -6.015859 10.767113  0.639943 -0.721041 0.265656  0.408370 0.816589 1 23 1.000000
0  -3.117374 -6.298303 9.504416  0.569299 -0.689322 -0.448033  0.394637 0.772217 1 23 1.000000
Komainu
0  -2.802134 -6.015859 10.767113  0.639943 -0.721041 0.265656  0.408370 0.816589 1 23 1.000000
0  -2.453630 -5.703951 10.751732  0.968877 -0.126368 0.212859  0.399886 0.815491 1 23 1.000000
0  -2.675744 -5.473544 11.309105  0.888169 -0.007223 0.459460  0.402023 0.848389 1 23 1.000000
Komainu
0  -2.802134 -6.015859 10.767113  0.639943 -0.721041 0.265656  0.408370 0.816589 1 23 1.000000
0  -2.675744 -5.473544 11.309105  0.888169 -0.007223 0.459460  0.402023 0.848389 1 23 1.000000
0  -3.021830 -5.803966 11.309105  0.550339 -0.578364 0.602181  0.410262 0.848938 1 23 1.000000
Komainu
0  -2.996426 -5.111524 11.782250  0.771795 0.150589 0.617783  0.389022 0.874329 1 23 1.000000
0  -3.021830 -5.803966 11.309105  0.550339 -0.578364 0.602181  0.410262 0.848938 1 23 1.000000
0  -2.675744 -5.473544 11.309105  0.888169 -0.007223 0.459460  0.402023 0.848389 1 23 1.000000
Komainu
0  -2.996426 -5.111524 11.782250  0.771795 0.150589 0.617783  0.389022 0.874329 1 23 1.000000
0  -3.365588 -5.401040 11.843774  0.405162 -0.324272 0.854805  0.397689 0.878357 1 23 1.000000
0  -3.021830 -5.803966 11.309105  0.550339 -0.578364 0.602181  0.410262 0.848938 1 23 1.000000
Komainu
0  -2.996426 -5.111524 11.782250  0.771795 0.150589 0.617783  0.389022 0.874329 1 23 1.000000
0  -3.740132 -4.906322 12.036401  0.226293 0.117382 0.966961  0.375167 0.899841 1 23 1.000000
0  -3.365588 -5.401040 11.843774  0.405162 -0.324272 0.854805  0.397689 0.878357 1 23 1.000000
Komainu
0  -2.996426 -5.111524 11.782250  0.771795 0.150589 0.617783  0.389022 0.874329 1 23 1.000000
0  -3.290657 -4.712238 11.912621  0.634956 0.396038 0.663314  0.370834 0.890320 1 23 1.000000
0  -3.740132 -4.906322 12.036401  0.226293 0.117382 0.966961  0.375167 0.899841 1 23 1.000000
Komainu
0  -3.862674 -2.615727 9.223901  0.772604 0.627440 -0.096966  0.251144 0.792908 1 23 1.000000
0  -3.123905 -3.838053 8.839379  0.877515 0.455546 -0.149821  0.297714 0.758362 1 23 1.000000
0  -3.268364 -3.822702 8.635034  0.488583 0.274400 -0.828246  0.293868 0.750122 1 23 1.000000
Komainu
0  -4.061093 -2.560318 9.032738  0.267728 0.703016 -0.658856  0.242233 0.787537 1 23 1.000000
0  -4.442049 -1.973699 10.198754  0.688984 0.722869 0.052556  0.233077 0.848938 1 23 1.000000
0  -3.862674 -2.615727 9.223901  0.772604 0.627440 -0.096966  0.251144 0.792908 1 23 1.000000
Komainu
0  -3.862674 -2.615727 9.223901  0.772604 0.627440 -0.096966  0.251144 0.792908 1 23 1.000000
0  -3.268364 -3.822702 8.635034  0.488583 0.274400 -0.828246  0.293868 0.750122 1 23 1.000000
0  -4.061093 -2.560318 9.032738  0.267728 0.703016 -0.658856  0.242233 0.787537 1 23 1.000000
Komainu
0  -4.453257 -4.405292 8.400659  0.056654 0.050451 -0.997118  0.279037 0.730164 1 23 1.000000
0  -4.061093 -2.560318 9.032738  0.267728 0.703016 -0.658856  0.242233 0.787537 1 23 1.000000
0  -3.268364 -3.822702 8.635034  0.488583 0.274400 -0.828246  0.293868 0.750122 1 23 1.000000
Komainu
0  -3.268364 -3.822702 8.635034  0.488583 0.274400 -0.828246  0.293868 0.750122 1 23 1.000000
0  -3.829286 -5.831419 8.755883  0.242613 -0.457874 -0.855272  0.352096 0.729492 1 23 1.000000
0  -4.453257 -4.405292 8.400659  0.056654 0.050451 -0.997118  0.279037 0.730164 1 23 1.000000
Komainu
0  -3.268364 -3.822702 8.635034  0.488583 0.274400 -0.828246  0.293868 0.750122 1 23 1.000000
0  -2.653880 -5.176394 8.976341  0.626441 -0.299910 -0.719462  0.349532 0.748901 1 23 1.000000
0  -3.829286 -5.831419 8.755883  0.242613 -0.457874 -0.855272  0.352096 0.729492 1 23 1.000000
Komainu
0  -3.123905 -3.838053 8.839379  0.877515 0.455546 -0.149821  0.297714 0.758362 1 23 1.000000
0  -2.653880 -5.176394 8.976341  0.626441 -0.299910 -0.719462  0.349532 0.748901 1 23 1.000000
0  -3.268364 -3.822702 8.635034  0.488583 0.274400 -0.828246  0.293868 0.750122 1 23 1.000000
Komainu
0  -3.123905 -3.838053 8.839379  0.877515 0.455546 -0.149821  0.297714 0.758362 1 23 1.000000
0  -2.552534 -5.128046 9.130883  0.957458 0.239019 -0.161691  0.348617 0.756958 1 23 1.000000
0  -2.653880 -5.176394 8.976341  0.626441 -0.299910 -0.719462  0.349532 0.748901 1 23 1.000000
Komainu
0  -5.882621 -2.414047 9.890405  -0.426406 0.821488 -0.378597  0.200179 0.848938 1 23 1.000000
0  -4.061093 -2.560318 9.032738  0.267728 0.703016 -0.658856  0.242233 0.787537 1 23 1.000000
0  -5.251893 -3.093469 8.834984  -0.203508 0.505343 -0.838578  0.221908 0.772705 1 23 1.000000
Komainu
0  -4.453257 -4.405292 8.400659  0.056654 0.050451 -0.997118  0.279037 0.730164 1 23 1.000000
0  -5.251893 -3.093469 8.834984  -0.203508 0.505343 -0.838578  0.221908 0.772705 1 23 1.000000
0  -4.061093 -2.560318 9.032738  0.267728 0.703016 -0.658856  0.242233 0.787537 1 23 1.000000
Komainu
0  -2.323565 -6.003745 11.474633  0.663638 0.747198 -0.035773  0.434371 0.848511 1 23 1.000000
0  -1.676462 -6.986554 10.715330  0.913624 0.306264 0.267382  0.458175 0.784607 2 23 0.700000 20 0.300000
0  -2.032439 -6.272403 10.701416  0.625043 0.780384 -0.017960  0.429183 0.803772 2 23 0.700000 20 0.300000
Komainu
0  -2.323565 -6.003745 11.474633  0.663638 0.747198 -0.035773  0.434371 0.848511 1 23 1.000000
0  -1.960730 -6.745354 11.687036  0.920738 0.237040 0.309927  0.463119 0.848511 1 23 1.000000
0  -1.676462 -6.986554 10.715330  0.913624 0.306264 0.267382  0.458175 0.784607 2 23 0.700000 20 0.300000
Komainu
0  -1.960730 -6.745354 11.687036  0.920738 0.237040 0.309927  0.463119 0.848511 1 23 1.000000
0  -1.592963 -7.488288 10.671386  0.788151 -0.374495 0.488437  0.468002 0.784180 2 23 0.700000 20 0.300000
0  -1.676462 -6.986554 10.715330  0.913624 0.306264 0.267382  0.458175 0.784607 2 23 0.700000 20 0.300000
Komainu
0  -1.960730 -6.745354 11.687036  0.920738 0.237040 0.309927  0.463119 0.848511 1 23 1.000000
0  -2.060525 -7.052945 11.787377  0.752547 -0.374417 0.541743  0.471786 0.848938 1 23 1.000000
0  -1.592963 -7.488288 10.671386  0.788151 -0.374495 0.488437  0.468002 0.784180 2 23 0.700000 20 0.300000
Komainu
0  -2.642546 -5.972478 12.861839  0.863897 0.314374 0.393512  0.442916 0.903198 1 23 1.000000
0  -2.060525 -7.052945 11.787377  0.752547 -0.374417 0.541743  0.471786 0.848938 1 23 1.000000
0  -1.960730 -6.745354 11.687036  0.920738 0.237040 0.309927  0.463119 0.848511 1 23 1.000000
Komainu
0  -2.642546 -5.972478 12.861839  0.863897 0.314374 0.393512  0.442916 0.903198 1 23 1.000000
0  -2.743325 -6.209968 13.052270  0.626060 -0.200389 0.753587  0.450912 0.907715 1 23 1.000000
0  -2.060525 -7.052945 11.787377  0.752547 -0.374417 0.541743  0.471786 0.848938 1 23 1.000000
Komainu
0  -3.345731 -4.983799 13.329124  0.803261 0.441012 0.400351  0.401351 0.942993 1 23 1.000000
0  -2.743325 -6.209968 13.052270  0.626060 -0.200389 0.753587  0.450912 0.907715 1 23 1.000000
0  -2.642546 -5.972478 12.861839  0.863897 0.314374 0.393512  0.442916 0.903198 1 23 1.000000
Komainu
0  -3.345731 -4.983799 13.329124  0.803261 0.441012 0.400351  0.401351 0.942993 1 23 1.000000
0  -3.506834 -5.118989 13.569359  0.450072 0.133631 0.882937  0.405929 0.950684 1 23 1.000000
0  -2.743325 -6.209968 13.052270  0.626060 -0.200389 0.753587  0.450912 0.907715 1 23 1.000000
Komainu
0  -4.040154 -3.739663 13.174583  0.772682 0.511430 0.376036  0.344467 0.957642 1 23 1.000000
0  -3.506834 -5.118989 13.569359  0.450072 0.133631 0.882937  0.405929 0.950684 1 23 1.000000
0  -3.345731 -4.983799 13.329124  0.803261 0.441012 0.400351  0.401351 0.942993 1 23 1.000000
Komainu
0  -4.040154 -3.739663 13.174583  0.772682 0.511430 0.376036  0.344467 0.957642 1 23 1.000000
0  -4.261380 -3.739232 13.409690  0.288552 0.425450 0.857747  0.344467 0.966431 1 23 1.000000
0  -3.506834 -5.118989 13.569359  0.450072 0.133631 0.882937  0.405929 0.950684 1 23 1.000000
Komainu
0  -4.526505 -2.677414 12.650168  0.725006 0.604820 0.329483  0.287521 0.942993 1 23 1.000000
0  -4.261380 -3.739232 13.409690  0.288552 0.425450 0.857747  0.344467 0.966431 1 23 1.000000
0  -4.040154 -3.739663 13.174583  0.772682 0.511430 0.376036  0.344467 0.957642 1 23 1.000000
Komainu
0  -4.526505 -2.677414 12.650168  0.725006 0.604820 0.329483  0.287521 0.942993 1 23 1.000000
0  -4.783937 -2.613165 12.801782  0.120920 0.737022 0.664964  0.282943 0.950684 1 23 1.000000
0  -4.261380 -3.739232 13.409690  0.288552 0.425450 0.857747  0.344467 0.966431 1 23 1.000000
Komainu
0  -4.684227 -1.992112 11.410178  0.675399 0.704829 0.216915  0.245956 0.903198 1 23 1.000000
0  -4.783937 -2.613165 12.801782  0.120920 0.737022 0.664964  0.282943 0.950684 1 23 1.000000
0  -4.526505 -2.677414 12.650168  0.725006 0.604820 0.329483  0.287521 0.942993 1 23 1.000000
Komainu
0  -4.684227 -1.992112 11.410178  0.675399 0.704829 0.216915  0.245956 0.903198 1 23 1.000000
0  -4.955787 -1.869793 11.424095  0.005727 0.968450 0.249143  0.237960 0.907715 1 23 1.000000
0  -4.783937 -2.613165 12.801782  0.120920 0.737022 0.664964  0.282943 0.950684 1 23 1.000000
Komainu
0  -4.693811 -1.860356 10.106468  0.065710 0.966811 -0.246900  0.223739 0.848938 1 23 1.000000
0  -4.955787 -1.869793 11.424095  0.005727 0.968450 0.249143  0.237960 0.907715 1 23 1.000000
0  -4.684227 -1.992112 11.410178  0.675399 0.704829 0.216915  0.245956 0.903198 1 23 1.000000
Komainu
0  -4.693811 -1.860356 10.106468  0.065710 0.966811 -0.246900  0.223739 0.848938 1 23 1.000000
0  -4.684227 -1.992112 11.410178  0.675399 0.704829 0.216915  0.245956 0.903198 1 23 1.000000
0  -4.442049 -1.973699 10.198754  0.688984 0.722869 0.052556  0.233077 0.848938 1 23 1.000000
Komainu
0  -4.168116 -2.523274 10.395041  0.933674 0.221079 0.281740  0.259200 0.848938 1 23 1.000000
0  -4.442049 -1.973699 10.198754  0.688984 0.722869 0.052556  0.233077 0.848938 1 23 1.000000
0  -4.684227 -1.992112 11.410178  0.675399 0.704829 0.216915  0.245956 0.903198 1 23 1.000000
Komainu
0  -4.168116 -2.523274 10.395041  0.933674 0.221079 0.281740  0.259200 0.848938 1 23 1.000000
0  -3.862674 -2.615727 9.223901  0.772604 0.627440 -0.096966  0.251144 0.792908 1 23 1.000000
0  -4.442049 -1.973699 10.198754  0.688984 0.722869 0.052556  0.233077 0.848938 1 23 1.000000
Komainu
0  -4.061093 -2.560318 9.032738  0.267728 0.703016 -0.658856  0.242233 0.787537 1 23 1.000000
0  -4.693811 -1.860356 10.106468  0.065710 0.966811 -0.246900  0.223739 0.848938 1 23 1.000000
0  -4.442049 -1.973699 10.198754  0.688984 0.722869 0.052556  0.233077 0.848938 1 23 1.000000
Komainu
0  -5.882621 -2.414047 9.890405  -0.426406 0.821488 -0.378597  0.200179 0.848938 1 23 1.000000
0  -4.693811 -1.860356 10.106468  0.065710 0.966811 -0.246900  0.223739 0.848938 1 23 1.000000
0  -4.061093 -2.560318 9.032738  0.267728 0.703016 -0.658856  0.242233 0.787537 1 23 1.000000
Komainu
0  -4.955787 -1.869793 11.424095  0.005727 0.968450 0.249143  0.237960 0.907715 1 23 1.000000
0  -4.693811 -1.860356 10.106468  0.065710 0.966811 -0.246900  0.223739 0.848938 1 23 1.000000
0  -5.882621 -2.414047 9.890405  -0.426406 0.821488 -0.378597  0.200179 0.848938 1 23 1.000000
Komainu
0  -4.955787 -1.869793 11.424095  0.005727 0.968450 0.249143  0.237960 0.907715 1 23 1.000000
0  -5.882621 -2.414047 9.890405  -0.426406 0.821488 -0.378597  0.200179 0.848938 1 23 1.000000
0  -6.145149 -2.418608 11.384543  -0.519292 0.830764 0.200416  0.216781 0.916504 1 23 1.000000
Komainu
0  -4.783937 -2.613165 12.801782  0.120920 0.737022 0.664964  0.282943 0.950684 1 23 1.000000
0  -4.955787 -1.869793 11.424095  0.005727 0.968450 0.249143  0.237960 0.907715 1 23 1.000000
0  -6.145149 -2.418608 11.384543  -0.519292 0.830764 0.200416  0.216781 0.916504 1 23 1.000000
Komainu
0  -4.783937 -2.613165 12.801782  0.120920 0.737022 0.664964  0.282943 0.950684 1 23 1.000000
0  -6.145149 -2.418608 11.384543  -0.519292 0.830764 0.200416  0.216781 0.916504 1 23 1.000000
0  -5.971066 -3.178865 12.817895  -0.476430 0.540893 0.693145  0.268844 0.970093 1 23 1.000000
Komainu
0  -4.261380 -3.739232 13.409690  0.288552 0.425450 0.857747  0.344467 0.966431 1 23 1.000000
0  -4.783937 -2.613165 12.801782  0.120920 0.737022 0.664964  0.282943 0.950684 1 23 1.000000
0  -5.971066 -3.178865 12.817895  -0.476430 0.540893 0.693145  0.268844 0.970093 1 23 1.000000
Komainu
0  -4.261380 -3.739232 13.409690  0.288552 0.425450 0.857747  0.344467 0.966431 1 23 1.000000
0  -5.971066 -3.178865 12.817895  -0.476430 0.540893 0.693145  0.268844 0.970093 1 23 1.000000
0  -5.443521 -4.346234 13.503440  -0.316222 0.160900 0.934941  0.343246 0.992920 1 23 1.000000
Komainu
0  -3.506834 -5.118989 13.569359  0.450072 0.133631 0.882937  0.405929 0.950684 1 23 1.000000
0  -4.261380 -3.739232 13.409690  0.288552 0.425450 0.857747  0.344467 0.966431 1 23 1.000000
0  -5.443521 -4.346234 13.503440  -0.316222 0.160900 0.934941  0.343246 0.992920 1 23 1.000000
Komainu
0  -3.506834 -5.118989 13.569359  0.450072 0.133631 0.882937  0.405929 0.950684 1 23 1.000000
0  -5.443521 -4.346234 13.503440  -0.316222 0.160900 0.934941  0.343246 0.992920 1 23 1.000000
0  -4.678193 -5.792345 13.670432  -0.097585 -0.205082 0.973868  0.418258 0.972473 1 23 1.000000
Komainu
0  -2.743325 -6.209968 13.052270  0.626060 -0.200389 0.753587  0.450912 0.907715 1 23 1.000000
0  -3.506834 -5.118989 13.569359  0.450072 0.133631 0.882937  0.405929 0.950684 1 23 1.000000
0  -4.678193 -5.792345 13.670432  -0.097585 -0.205082 0.973868  0.418258 0.972473 1 23 1.000000
Komainu
0  -2.743325 -6.209968 13.052270  0.626060 -0.200389 0.753587  0.450912 0.907715 1 23 1.000000
0  -4.678193 -5.792345 13.670432  -0.097585 -0.205082 0.973868  0.418258 0.972473 1 23 1.000000
0  -3.903758 -6.971423 13.095482  0.146148 -0.583955 0.798522  0.466720 0.918274 1 23 1.000000
Komainu
0  -2.060525 -7.052945 11.787377  0.752547 -0.374417 0.541743  0.471786 0.848938 1 23 1.000000
0  -2.743325 -6.209968 13.052270  0.626060 -0.200389 0.753587  0.450912 0.907715 1 23 1.000000
0  -3.903758 -6.971423 13.095482  0.146148 -0.583955 0.798522  0.466720 0.918274 1 23 1.000000
Komainu
0  -2.060525 -7.052945 11.787377  0.752547 -0.374417 0.541743  0.471786 0.848938 1 23 1.000000
0  -3.903758 -6.971423 13.095482  0.146148 -0.583955 0.798522  0.466720 0.918274 1 23 1.000000
0  -3.201068 -7.900166 11.780051  0.264447 -0.804616 0.531658  0.489852 0.848938 1 23 1.000000
Komainu
0  -1.592963 -7.488288 10.671386  0.788151 -0.374495 0.488437  0.468002 0.784180 2 23 0.700000 20 0.300000
0  -2.060525 -7.052945 11.787377  0.752547 -0.374417 0.541743  0.471786 0.848938 1 23 1.000000
0  -3.201068 -7.900166 11.780051  0.264447 -0.804616 0.531658  0.489852 0.848938 1 23 1.000000
Komainu
0  -1.592963 -7.488288 10.671386  0.788151 -0.374495 0.488437  0.468002 0.784180 2 23 0.700000 20 0.300000
0  -3.201068 -7.900166 11.780051  0.264447 -0.804616 0.531658  0.489852 0.848938 1 23 1.000000
0  -2.795663 -8.378959 10.584227  0.216143 -0.897732 0.383874  0.488021 0.784180 2 23 0.700000 20 0.300000
Komainu
0  -1.434062 -7.729251 10.405519  0.125105 -0.303902 0.944453  0.463851 0.756775 2 20 0.800000 23 0.200000
0  -1.592963 -7.488288 10.671386  0.788151 -0.374495 0.488437  0.468002 0.784180 2 23 0.700000 20 0.300000
0  -2.795663 -8.378959 10.584227  0.216143 -0.897732 0.383874  0.488021 0.784180 2 23 0.700000 20 0.300000
Komainu
0  -1.676462 -6.986554 10.715330  0.913624 0.306264 0.267382  0.458175 0.784607 2 23 0.700000 20 0.300000
0  -1.592963 -7.488288 10.671386  0.788151 -0.374495 0.488437  0.468002 0.784180 2 23 0.700000 20 0.300000
0  -1.434062 -7.729251 10.405519  0.125105 -0.303902 0.944453  0.463851 0.756775 2 20 0.800000 23 0.200000
Komainu
0  -1.434062 -7.729251 10.405519  0.125105 -0.303902 0.944453  0.463851 0.756775 2 20 0.800000 23 0.200000
0  -2.795663 -8.378959 10.584227  0.216143 -0.897732 0.383874  0.488021 0.784180 2 23 0.700000 20 0.300000
0  -2.419922 -8.621162 9.717762  -0.197204 -0.763976 0.614371  0.484420 0.744568 1 20 1.000000
Komainu
0  -1.676462 -6.986554 10.715330  0.913624 0.306264 0.267382  0.458175 0.784607 2 23 0.700000 20 0.300000
0  -1.434062 -7.729251 10.405519  0.125105 -0.303902 0.944453  0.463851 0.756775 2 20 0.800000 23 0.200000
0  -1.557128 -7.073556 10.450917  0.179334 0.107997 0.977843  0.453903 0.760742 1 20 1.000000
Komainu
0  -1.557128 -7.073556 10.450917  0.179334 0.107997 0.977843  0.453903 0.760742 1 20 1.000000
0  -1.955555 -6.260725 10.305906  0.005526 0.763445 0.645849  0.421920 0.775452 2 20 0.800000 23 0.200000
0  -1.676462 -6.986554 10.715330  0.913624 0.306264 0.267382  0.458175 0.784607 2 23 0.700000 20 0.300000
Komainu
0  -1.676462 -6.986554 10.715330  0.913624 0.306264 0.267382  0.458175 0.784607 2 23 0.700000 20 0.300000
0  -1.955555 -6.260725 10.305906  0.005526 0.763445 0.645849  0.421920 0.775452 2 20 0.800000 23 0.200000
0  -2.032439 -6.272403 10.701416  0.625043 0.780384 -0.017960  0.429183 0.803772 2 23 0.700000 20 0.300000
Komainu
0  -3.117374 -6.298303 9.504416  -0.173992 0.983646 0.046547  0.394637 0.772217 1 23 1.000000
0  -2.032439 -6.272403 10.701416  0.625043 0.780384 -0.017960  0.429183 0.803772 2 23 0.700000 20 0.300000
0  -1.955555 -6.260725 10.305906  0.005526 0.763445 0.645849  0.421920 0.775452 2 20 0.800000 23 0.200000
Komainu
0  -3.117374 -6.298303 9.504416  -0.173992 0.983646 0.046547  0.394637 0.772217 1 23 1.000000
0  -2.802134 -6.015859 10.767113  0.241988 0.948870 -0.202699  0.408370 0.816589 1 23 1.000000
0  -2.032439 -6.272403 10.701416  0.625043 0.780384 -0.017960  0.429183 0.803772 2 23 0.700000 20 0.300000
Komainu
0  -2.032439 -6.272403 10.701416  0.625043 0.780384 -0.017960  0.429183 0.803772 2 23 0.700000 20 0.300000
0  -2.802134 -6.015859 10.767113  0.241988 0.948870 -0.202699  0.408370 0.816589 1 23 1.000000
0  -3.021830 -5.803966 11.309105  0.353679 0.900365 -0.253484  0.410262 0.848938 1 23 1.000000
Komainu
0  -2.032439 -6.272403 10.701416  0.625043 0.780384 -0.017960  0.429183 0.803772 2 23 0.700000 20 0.300000
0  -3.021830 -5.803966 11.309105  0.353679 0.900365 -0.253484  0.410262 0.848938 1 23 1.000000
0  -2.323565 -6.003745 11.474633  0.663638 0.747198 -0.035773  0.434371 0.848511 1 23 1.000000
Komainu
0  -2.323565 -6.003745 11.474633  0.663638 0.747198 -0.035773  0.434371 0.848511 1 23 1.000000
0  -3.021830 -5.803966 11.309105  0.353679 0.900365 -0.253484  0.410262 0.848938 1 23 1.000000
0  -3.365588 -5.401040 11.843774  0.510815 0.785118 -0.350224  0.397689 0.878357 1 23 1.000000
Komainu
0  -2.323565 -6.003745 11.474633  0.663638 0.747198 -0.035773  0.434371 0.848511 1 23 1.000000
0  -3.365588 -5.401040 11.843774  0.510815 0.785118 -0.350224  0.397689 0.878357 1 23 1.000000
0  -2.779169 -5.576514 12.347678  0.719578 0.688742 -0.088556  0.423202 0.892517 1 23 1.000000
Komainu
0  -3.740132 -4.906322 12.036401  0.726945 0.536729 -0.428338  0.375167 0.899841 1 23 1.000000
0  -2.779169 -5.576514 12.347678  0.719578 0.688742 -0.088556  0.423202 0.892517 1 23 1.000000
0  -3.365588 -5.401040 11.843774  0.510815 0.785118 -0.350224  0.397689 0.878357 1 23 1.000000
Komainu
0  -3.740132 -4.906322 12.036401  0.726945 0.536729 -0.428338  0.375167 0.899841 1 23 1.000000
0  -3.338309 -4.856716 12.795188  0.820614 0.550235 -0.154382  0.392013 0.927795 1 23 1.000000
0  -2.779169 -5.576514 12.347678  0.719578 0.688742 -0.088556  0.423202 0.892517 1 23 1.000000
Komainu
0  -4.079103 -4.291564 11.878196  0.859898 0.311491 -0.404411  0.344467 0.907715 1 23 1.000000
0  -3.338309 -4.856716 12.795188  0.820614 0.550235 -0.154382  0.392013 0.927795 1 23 1.000000
0  -3.740132 -4.906322 12.036401  0.726945 0.536729 -0.428338  0.375167 0.899841 1 23 1.000000
Komainu
0  -4.079103 -4.291564 11.878196  0.859898 0.311491 -0.404411  0.344467 0.907715 1 23 1.000000
0  -3.905180 -3.901777 12.586449  0.898947 0.408736 -0.157572  0.344467 0.939636 1 23 1.000000
0  -3.338309 -4.856716 12.795188  0.820614 0.550235 -0.154382  0.392013 0.927795 1 23 1.000000
Komainu
0  -3.905180 -3.901777 12.586449  0.898947 0.408736 -0.157572  0.344467 0.939636 1 23 1.000000
0  -4.079103 -4.291564 11.878196  0.859898 0.311491 -0.404411  0.344467 0.907715 1 23 1.000000
0  -4.334472 -3.769231 11.644553  0.960999 0.127002 -0.245664  0.313705 0.899841 1 23 1.000000
Komainu
0  -3.905180 -3.901777 12.586449  0.898947 0.408736 -0.157572  0.344467 0.939636 1 23 1.000000
0  -4.334472 -3.769231 11.644553  0.960999 0.127002 -0.245664  0.313705 0.899841 1 23 1.000000
0  -4.285892 -3.025061 12.228293  0.952262 0.299293 -0.060166  0.297958 0.924927 1 23 1.000000
Komainu
0  -4.404714 -3.377317 11.149436  0.997834 -0.052715 0.039357  0.291183 0.878357 1 23 1.000000
0  -4.285892 -3.025061 12.228293  0.952262 0.299293 -0.060166  0.297958 0.924927 1 23 1.000000
0  -4.334472 -3.769231 11.644553  0.960999 0.127002 -0.245664  0.313705 0.899841 1 23 1.000000
Komainu
0  -4.404714 -3.377317 11.149436  0.997834 -0.052715 0.039357  0.291183 0.878357 1 23 1.000000
0  -4.367379 -2.571456 11.358911  0.970503 0.215628 0.107837  0.268844 0.893066 1 23 1.000000
0  -4.285892 -3.025061 12.228293  0.952262 0.299293 -0.060166  0.297958 0.924927 1 23 1.000000
Komainu
0  -4.367379 -2.571456 11.358911  0.970503 0.215628 0.107837  0.268844 0.893066 1 23 1.000000
0  -4.404714 -3.377317 11.149436  0.997834 -0.052715 0.039357  0.291183 0.878357 1 23 1.000000
0  -4.277236 -3.250868 10.510034  0.932779 -0.064384 0.354653  0.282943 0.848938 1 23 1.000000
Komainu
0  -3.228524 -6.280500 9.371337  -0.676338 0.630605 0.380663  0.400009 0.767273 2 20 0.800000 23 0.200000
0  -3.117374 -6.298303 9.504416  -0.173992 0.983646 0.046547  0.394637 0.772217 1 23 1.000000
0  -1.955555 -6.260725 10.305906  0.005526 0.763445 0.645849  0.421920 0.775452 2 20 0.800000 23 0.200000
Komainu
0  -2.779169 -5.576514 12.347678  0.719578 0.688742 -0.088556  0.423202 0.892517 1 23 1.000000
0  -1.960730 -6.745354 11.687036  0.920738 0.237040 0.309927  0.463119 0.848511 1 23 1.000000
0  -2.323565 -6.003745 11.474633  0.663638 0.747198 -0.035773  0.434371 0.848511 1 23 1.000000
Komainu
0  -2.779169 -5.576514 12.347678  0.719578 0.688742 -0.088556  0.423202 0.892517 1 23 1.000000
0  -2.642546 -5.972478 12.861839  0.863897 0.314374 0.393512  0.442916 0.903198 1 23 1.000000
0  -1.960730 -6.745354 11.687036  0.920738 0.237040 0.309927  0.463119 0.848511 1 23 1.000000
Komainu
0  -3.338309 -4.856716 12.795188  0.820614 0.550235 -0.154382  0.392013 0.927795 1 23 1.000000
0  -2.642546 -5.972478 12.861839  0.863897 0.314374 0.393512  0.442916 0.903198 1 23 1.000000
0  -2.779169 -5.576514 12.347678  0.719578 0.688742 -0.088556  0.423202 0.892517 1 23 1.000000
Komainu
0  -3.338309 -4.856716 12.795188  0.820614 0.550235 -0.154382  0.392013 0.927795 1 23 1.000000
0  -3.345731 -4.983799 13.329124  0.803261 0.441012 0.400351  0.401351 0.942993 1 23 1.000000
0  -2.642546 -5.972478 12.861839  0.863897 0.314374 0.393512  0.442916 0.903198 1 23 1.000000
Komainu
0  -3.905180 -3.901777 12.586449  0.898947 0.408736 -0.157572  0.344467 0.939636 1 23 1.000000
0  -3.345731 -4.983799 13.329124  0.803261 0.441012 0.400351  0.401351 0.942993 1 23 1.000000
0  -3.338309 -4.856716 12.795188  0.820614 0.550235 -0.154382  0.392013 0.927795 1 23 1.000000
Komainu
0  -3.905180 -3.901777 12.586449  0.898947 0.408736 -0.157572  0.344467 0.939636 1 23 1.000000
0  -4.040154 -3.739663 13.174583  0.772682 0.511430 0.376036  0.344467 0.957642 1 23 1.000000
0  -3.345731 -4.983799 13.329124  0.803261 0.441012 0.400351  0.401351 0.942993 1 23 1.000000
Komainu
0  -4.285892 -3.025061 12.228293  0.952262 0.299293 -0.060166  0.297958 0.924927 1 23 1.000000
0  -4.040154 -3.739663 13.174583  0.772682 0.511430 0.376036  0.344467 0.957642 1 23 1.000000
0  -3.905180 -3.901777 12.586449  0.898947 0.408736 -0.157572  0.344467 0.939636 1 23 1.000000
Komainu
0  -4.285892 -3.025061 12.228293  0.952262 0.299293 -0.060166  0.297958 0.924927 1 23 1.000000
0  -4.526505 -2.677414 12.650168  0.725006 0.604820 0.329483  0.287521 0.942993 1 23 1.000000
0  -4.040154 -3.739663 13.174583  0.772682 0.511430 0.376036  0.344467 0.957642 1 23 1.000000
Komainu
0  -4.367379 -2.571456 11.358911  0.970503 0.215628 0.107837  0.268844 0.893066 1 23 1.000000
0  -4.526505 -2.677414 12.650168  0.725006 0.604820 0.329483  0.287521 0.942993 1 23 1.000000
0  -4.285892 -3.025061 12.228293  0.952262 0.299293 -0.060166  0.297958 0.924927 1 23 1.000000
Komainu
0  -4.367379 -2.571456 11.358911  0.970503 0.215628 0.107837  0.268844 0.893066 1 23 1.000000
0  -4.684227 -1.992112 11.410178  0.675399 0.704829 0.216915  0.245956 0.903198 1 23 1.000000
0  -4.526505 -2.677414 12.650168  0.725006 0.604820 0.329483  0.287521 0.942993 1 23 1.000000
Komainu
0  -4.168116 -2.523274 10.395041  0.933674 0.221079 0.281740  0.259200 0.848938 1 23 1.000000
0  -4.684227 -1.992112 11.410178  0.675399 0.704829 0.216915  0.245956 0.903198 1 23 1.000000
0  -4.367379 -2.571456 11.358911  0.970503 0.215628 0.107837  0.268844 0.893066 1 23 1.000000
Komainu
0  -3.462160 4.373343 6.238773  -0.800852 0.491321 0.342403  0.239791 0.148804 2 13 0.510000 7 0.490000
0  -3.126709 4.379900 7.014417  -0.800804 0.491416 0.342378  0.287704 0.143982 2 7 0.800000 13 0.200000
0  -3.443116 4.522760 6.218997  -0.800841 0.491319 0.342432  0.241927 0.139465 2 7 0.500000 13 0.500000
Komainu
0  -3.462160 4.373343 6.238773  -0.800852 0.491321 0.342403  0.239791 0.148804 2 13 0.510000 7 0.490000
0  -3.380128 4.144067 6.910416  -0.800771 0.491466 0.342384  0.265792 0.157165 2 7 0.700000 13 0.300000
0  -3.126709 4.379900 7.014417  -0.800804 0.491416 0.342378  0.287704 0.143982 2 7 0.800000 13 0.200000
Komainu
0  5.971119 -3.178862 12.817895  0.476452 0.540925 0.693104  0.268844 0.970093 1 22 1.000000
0  4.261440 -3.739229 13.409690  -0.288561 0.425455 0.857742  0.344467 0.966431 1 22 1.000000
0  5.443578 -4.346231 13.503440  0.316222 0.160901 0.934941  0.343246 0.992920 1 22 1.000000
Komainu
0  5.443578 -4.346231 13.503440  0.316222 0.160901 0.934941  0.343246 0.992920 1 22 1.000000
0  4.261440 -3.739229 13.409690  -0.288561 0.425455 0.857742  0.344467 0.966431 1 22 1.000000
0  3.506893 -5.118987 13.569359  -0.450074 0.133630 0.882936  0.405929 0.950684 1 22 1.000000
Komainu
0  5.443578 -4.346231 13.503440  0.316222 0.160901 0.934941  0.343246 0.992920 1 22 1.000000
0  3.506893 -5.118987 13.569359  -0.450074 0.133630 0.882936  0.405929 0.950684 1 22 1.000000
0  4.678252 -5.792343 13.670432  0.097572 -0.204972 0.973892  0.418258 0.972473 1 22 1.000000
Komainu
0  4.678252 -5.792343 13.670432  0.097572 -0.204972 0.973892  0.418258 0.972473 1 22 1.000000
0  3.506893 -5.118987 13.569359  -0.450074 0.133630 0.882936  0.405929 0.950684 1 22 1.000000
0  2.743384 -6.209967 13.052270  -0.626061 -0.200385 0.753587  0.450912 0.907715 1 22 1.000000
Komainu
0  4.678252 -5.792343 13.670432  0.097572 -0.204972 0.973892  0.418258 0.972473 1 22 1.000000
0  2.743384 -6.209967 13.052270  -0.626061 -0.200385 0.753587  0.450912 0.907715 1 22 1.000000
0  3.903817 -6.971420 13.095482  -0.146039 -0.584037 0.798482  0.466720 0.918274 1 22 1.000000
Komainu
0  3.903817 -6.971420 13.095482  -0.146039 -0.584037 0.798482  0.466720 0.918274 1 22 1.000000
0  2.743384 -6.209967 13.052270  -0.626061 -0.200385 0.753587  0.450912 0.907715 1 22 1.000000
0  2.060185 -7.053557 11.787377  -0.752550 -0.374402 0.541748  0.471786 0.848938 1 22 1.000000
Komainu
0  3.903817 -6.971420 13.095482  -0.146039 -0.584037 0.798482  0.466720 0.918274 1 22 1.000000
0  2.060185 -7.053557 11.787377  -0.752550 -0.374402 0.541748  0.471786 0.848938 1 22 1.000000
0  3.201127 -7.900164 11.780051  -0.264454 -0.804612 0.531661  0.489852 0.848938 1 22 1.000000
Komainu
0  3.201127 -7.900164 11.780051  -0.264454 -0.804612 0.531661  0.489852 0.848938 1 22 1.000000
0  2.060185 -7.053557 11.787377  -0.752550 -0.374402 0.541748  0.471786 0.848938 1 22 1.000000
0  1.592965 -7.488287 10.671386  -0.788152 -0.374570 0.488378  0.468002 0.784180 2 22 0.700000 20 0.300000
Komainu
0  3.201127 -7.900164 11.780051  -0.264454 -0.804612 0.531661  0.489852 0.848938 1 22 1.000000
0  1.592965 -7.488287 10.671386  -0.788152 -0.374570 0.488378  0.468002 0.784180 2 22 0.700000 20 0.300000
0  2.795662 -8.378958 10.584227  -0.216172 -0.897730 0.383863  0.488021 0.784180 2 22 0.700000 20 0.300000
Komainu
0  2.795662 -8.378958 10.584227  -0.216172 -0.897730 0.383863  0.488021 0.784180 2 22 0.700000 20 0.300000
0  1.592965 -7.488287 10.671386  -0.788152 -0.374570 0.488378  0.468002 0.784180 2 22 0.700000 20 0.300000
0  1.434064 -7.729251 10.405519  -0.125187 -0.303935 0.944432  0.463851 0.756775 2 20 0.800000 22 0.200000
Komainu
0  2.795662 -8.378958 10.584227  -0.216172 -0.897730 0.383863  0.488021 0.784180 2 22 0.700000 20 0.300000
0  1.434064 -7.729251 10.405519  -0.125187 -0.303935 0.944432  0.463851 0.756775 2 20 0.800000 22 0.200000
0  2.420656 -8.621162 9.717762  0.197087 -0.764228 0.614095  0.484420 0.744568 1 20 1.000000
Komainu
0  -2.653880 -5.176394 8.976341  0.626441 -0.299910 -0.719462  0.167953 0.513855 1 23 1.000000
0  -3.117374 -6.298303 9.504416  0.569299 -0.689322 -0.448033  0.194625 0.546692 1 23 1.000000
0  -4.070893 -6.654736 9.664308  0.188234 -0.839595 -0.509557  0.201644 0.559570 2 23 0.900000 20 0.100000
Komainu
0  -2.653880 -5.176394 8.976341  0.626441 -0.299910 -0.719462  0.167953 0.513855 1 23 1.000000
0  -4.070893 -6.654736 9.664308  0.188234 -0.839595 -0.509557  0.201644 0.559570 2 23 0.900000 20 0.100000
0  -3.829286 -5.831419 8.755883  0.242613 -0.457874 -0.855272  0.159103 0.516846 1 23 1.000000
Komainu
0  -4.070893 -6.654736 9.664308  0.188234 -0.839595 -0.509557  0.201644 0.559570 2 23 0.900000 20 0.100000
0  -4.514320 -6.085030 8.781518  -0.047396 -0.658457 -0.751125  0.156539 0.536255 1 23 1.000000
0  -3.829286 -5.831419 8.755883  0.242613 -0.457874 -0.855272  0.159103 0.516846 1 23 1.000000
Komainu
0  -5.190425 -4.871788 8.407250  -0.293928 -0.165979 -0.941306  0.100875 0.537476 1 23 1.000000
0  -3.829286 -5.831419 8.755883  0.242613 -0.457874 -0.855272  0.159103 0.516846 1 23 1.000000
0  -4.514320 -6.085030 8.781518  -0.047396 -0.658457 -0.751125  0.156539 0.536255 1 23 1.000000
Komainu
0  -5.190425 -4.871788 8.407250  -0.293928 -0.165979 -0.941306  0.100875 0.537476 1 23 1.000000
0  -4.453257 -4.405292 8.400659  0.056654 0.050451 -0.997118  0.086044 0.517517 1 23 1.000000
0  -3.829286 -5.831419 8.755883  0.242613 -0.457874 -0.855272  0.159103 0.516846 1 23 1.000000
Komainu
0  1.696423 -5.608518 0.000117  -0.449242 -0.663532 -0.598253  0.913986 0.470032 1 28 1.000000
0  2.869030 -4.657833 0.000117  0.690089 -0.134169 -0.711179  0.876388 0.453919 1 28 1.000000
0  2.505748 -5.608518 0.000117  0.466619 -0.644209 -0.606021  0.886031 0.470032 1 28 1.000000
Komainu
0  1.696423 -5.608518 0.000117  -0.449242 -0.663532 -0.598253  0.913986 0.470032 1 28 1.000000
0  1.256239 -4.654173 0.000117  -0.681734 -0.183847 -0.708124  0.921554 0.453919 1 28 1.000000
0  2.869030 -4.657833 0.000117  0.690089 -0.134169 -0.711179  0.876388 0.453919 1 28 1.000000
Komainu
0  1.154299 -3.875991 -0.000099  -0.762918 0.165151 -0.625045  0.929183 0.437744 2 28 0.900000 25 0.100000
0  2.869030 -4.657833 0.000117  0.690089 -0.134169 -0.711179  0.876388 0.453919 1 28 1.000000
0  1.256239 -4.654173 0.000117  -0.681734 -0.183847 -0.708124  0.921554 0.453919 1 28 1.000000
Komainu
0  1.154299 -3.875991 -0.000099  -0.762918 0.165151 -0.625045  0.929183 0.437744 2 28 0.900000 25 0.100000
0  2.907714 -3.889908 -0.000099  0.778745 0.108272 -0.617926  0.866744 0.437744 2 28 0.900000 25 0.100000
0  2.869030 -4.657833 0.000117  0.690089 -0.134169 -0.711179  0.876388 0.453919 1 28 1.000000
Komainu
0  1.959229 -3.430665 -0.000096  -0.231463 0.696071 -0.679640  0.912277 0.404663 2 28 0.800000 25 0.200000
0  2.907714 -3.889908 -0.000099  0.778745 0.108272 -0.617926  0.866744 0.437744 2 28 0.900000 25 0.100000
0  1.154299 -3.875991 -0.000099  -0.762918 0.165151 -0.625045  0.929183 0.437744 2 28 0.900000 25 0.100000
Komainu
0  1.959229 -3.430665 -0.000096  -0.231463 0.696071 -0.679640  0.912277 0.404663 2 28 0.800000 25 0.200000
0  2.531250 -3.430665 -0.000096  0.356040 0.602677 -0.714154  0.884811 0.404663 2 28 0.800000 25 0.200000
0  2.907714 -3.889908 -0.000099  0.778745 0.108272 -0.617926  0.866744 0.437744 2 28 0.900000 25 0.100000
Komainu
0  -3.134767 5.101391 5.135712  -0.525554 0.834436 -0.165857  0.851730 0.185120 2 7 0.500000 13 0.500000
0  -2.741455 5.436833 5.862300  -0.427360 0.903649 0.027943  0.873336 0.207031 2 7 0.600000 13 0.400000
0  -2.019289 5.693957 5.086632  -0.260983 0.956574 -0.129827  0.888107 0.188782 2 13 0.600000 7 0.400000
end
