version 1
nodes
0 "nw4r_root" -1
1 "char_root" 0
2 "base" 1
3 "j_koshi" 2
4 "j_momo_L" 3
5 "j_hiza_L" 4
6 "j_ashi_L" 5
7 "j_momo_R" 3
8 "j_hiza_R" 7
9 "j_ashi_R" 8
10 "j_sippo_A" 3
11 "j_sippo_B" 10
12 "j_sippo_C" 11
13 "j_mune_A" 2
14 "j_atama" 13
15 "j_ago" 14
16 "j_mimi_L" 14
17 "j_mimi_R" 14
18 "j_kata_L" 13
19 "j_hiji_L" 18
20 "j_te_L" 19
21 "j_kata_R" 13
22 "j_hiji_R" 21
23 "j_te_R" 22
end
skeleton
time 0
0  0.000000 0.000000 0.000000  1.570796 0.000000 -3.141593
1  -0.000000 0.000000 0.000000  -0.000000 0.000000 -0.000000
2  -0.000000 2.707265 -0.000000  -0.000000 0.000000 0.000000
3  -0.000000 0.000000 -0.000000  0.000000 0.000000 -0.000000
4  -0.887625 -0.149235 1.108190  0.000000 1.570786 0.000000
5  -0.163366 -1.100438 0.000000  -0.000000 -0.000000 -0.000010
6  -0.163350 -1.100440 -0.000000  0.000001 -1.570796 0.000000
7  0.887625 -0.149240 1.108185  0.000000 1.570786 0.000000
8  -0.163366 -1.100433 0.000000  -0.000000 -0.000000 -0.000010
9  -0.163355 -1.100440 -0.000000  0.000001 -1.570796 0.000000
10  -0.000000 1.095740 1.671415  -0.000000 0.000000 0.000000
11  -0.000000 1.065840 0.818335  0.000002 0.000000 0.000000
12  -0.000000 1.093821 0.671408  -0.000002 -0.000000 0.000000
13  -0.000000 0.000000 -0.000000  0.000000 0.000000 -0.000000
14  0.000000 0.736745 -1.723459  -0.000000 0.000000 0.000000
15  0.000000 0.572485 -1.008360  -0.000000 0.000000 0.000000
16  -1.342360 0.403425 -0.585596  0.000002 0.000000 0.000000
17  1.342365 0.403425 -0.585600  -0.000002 -3.141592 0.000000
18  -0.981825 -0.229750 -1.626915  0.000000 -1.570796 0.000000
19  -0.000000 -1.062500 -0.000000  0.000000 -0.000000 -0.000000
20  0.000000 -1.062500 -0.000000  0.000000 1.570796 0.000000
21  0.981825 -0.229745 -1.626910  -0.000000 1.570796 0.000000
22  0.000000 -1.062500 0.000000  -0.000000 -3.141592 0.000000
23  0.000001 -1.062505 0.000001  0.000000 1.570796 0.000000
end
triangles
Leo2A
0  -0.256655 -1.717055 4.900005  -0.392978 0.752228 0.528886  -0.466980 0.507324 1 14 1.000000
0  -0.756530 -2.154370 5.052290  -0.484135 0.538397 0.689741  -0.487061 0.578979 1 14 1.000000
0  -0.363770 -2.053360 5.202740  -0.372796 0.524655 0.765350  -0.456482 0.541870 1 14 1.000000
Leo2A
0  -0.379944 -4.290905 4.272565  -0.312190 -0.848598 0.427106  -0.746521 0.939636 1 14 1.000000
0  0.000001 -4.409010 4.057415  -0.000000 -0.998899 0.046914  -0.786743 0.988892 1 14 1.000000
0  0.000001 -4.370560 4.313150  -0.000000 -0.939864 0.341550  -0.750549 0.997681 1 14 1.000000
Leo2A
0  -0.379944 -4.290905 4.272565  -0.312190 -0.848598 0.427106  -0.746521 0.939636 1 14 1.000000
0  -0.356444 -4.409620 4.039410  -0.250787 -0.967411 0.034944  -0.789368 0.935303 1 14 1.000000
0  0.000001 -4.409010 4.057415  -0.000000 -0.998899 0.046914  -0.786743 0.988892 1 14 1.000000
Leo2A
0  -0.379944 -4.290905 4.272565  -0.312190 -0.848598 0.427106  -0.746521 0.939636 1 14 1.000000
0  -0.763854 -4.123060 4.183455  -0.575050 -0.722418 0.383964  -0.754761 0.866821 1 14 1.000000
0  -0.356444 -4.409620 4.039410  -0.250787 -0.967411 0.034944  -0.789368 0.935303 1 14 1.000000
Leo2A
0  -0.763854 -4.123060 4.183455  -0.575050 -0.722418 0.383964  -0.754761 0.866821 1 14 1.000000
0  -0.734254 -4.218580 4.022625  -0.597539 -0.801272 -0.030175  -0.788269 0.872742 1 14 1.000000
0  -0.356444 -4.409620 4.039410  -0.250787 -0.967411 0.034944  -0.789368 0.935303 1 14 1.000000
Leo2A
0  -0.763854 -4.123060 4.183455  -0.575050 -0.722418 0.383964  -0.754761 0.866821 1 14 1.000000
0  -1.053769 -3.834670 4.101665  -0.842263 -0.539062 -0.002179  -0.764282 0.805359 1 14 1.000000
0  -0.734254 -4.218580 4.022625  -0.597539 -0.801272 -0.030175  -0.788269 0.872742 1 14 1.000000
Leo2A
0  -1.053769 -3.834670 4.101665  -0.842263 -0.539062 -0.002179  -0.764282 0.805359 1 14 1.000000
0  -1.089784 -3.696730 3.971660  -0.737058 -0.312480 -0.599251  -0.794434 0.779663 1 14 1.000000
0  -0.734254 -4.218580 4.022625  -0.597539 -0.801272 -0.030175  -0.788269 0.872742 1 14 1.000000
Leo2A
0  -1.089784 -3.696730 3.971660  -0.737058 -0.312480 -0.599251  -0.794434 0.779663 1 14 1.000000
0  -1.053769 -3.834670 4.101665  -0.842263 -0.539062 -0.002179  -0.764282 0.805359 1 14 1.000000
0  -1.235350 -3.357375 4.288130  -0.935855 -0.333675 0.113295  -0.693909 0.747986 1 14 1.000000
Leo2A
0  -1.089784 -3.696730 3.971660  -0.737058 -0.312480 -0.599251  -0.794434 0.779663 1 14 1.000000
0  -1.235350 -3.357375 4.288130  -0.935855 -0.333675 0.113295  -0.693909 0.747986 1 14 1.000000
0  -1.266479 -3.257275 4.176435  -0.969658 -0.110078 -0.218278  -0.754578 0.732056 1 14 1.000000
Leo2A
0  -1.266479 -3.257275 4.176435  -0.969658 -0.110078 -0.218278  -0.754578 0.732056 1 14 1.000000
0  -1.235350 -3.357375 4.288130  -0.935855 -0.333675 0.113295  -0.693909 0.747986 1 14 1.000000
0  -1.314090 -2.826675 4.508465  -0.975039 -0.080424 0.206958  -0.596863 0.677979 1 14 1.000000
Leo2A
0  -1.266479 -3.257275 4.176435  -0.969658 -0.110078 -0.218278  -0.754578 0.732056 1 14 1.000000
0  -1.314090 -2.826675 4.508465  -0.975039 -0.080424 0.206958  -0.596863 0.677979 1 14 1.000000
0  -1.240844 -3.221570 4.125470  -0.915948 -0.068873 -0.395343  -0.768189 0.721497 1 14 1.000000
Leo2A
0  -1.240844 -3.221570 4.125470  -0.915948 -0.068873 -0.395343  -0.768189 0.721497 1 14 1.000000
0  -1.314090 -2.826675 4.508465  -0.975039 -0.080424 0.206958  -0.596863 0.677979 1 14 1.000000
0  -1.316530 -2.779675 4.476115  -0.994874 0.030925 0.096274  -0.620606 0.668823 1 14 1.000000
Leo2A
0  -1.316530 -2.779675 4.476115  -0.994874 0.030925 0.096274  -0.620606 0.668823 1 14 1.000000
0  -1.320190 -2.666760 4.370830  -0.993338 0.104970 -0.047557  -0.670837 0.662659 1 14 1.000000
0  -1.240844 -3.221570 4.125470  -0.915948 -0.068873 -0.395343  -0.768189 0.721497 1 14 1.000000
Leo2A
0  -1.156615 -2.316115 4.795635  -0.805994 0.393339 0.442333  -0.525391 0.616028 1 14 1.000000
0  -1.320190 -2.666760 4.370830  -0.993338 0.104970 -0.047557  -0.670837 0.662659 1 14 1.000000
0  -1.316530 -2.779675 4.476115  -0.994874 0.030925 0.096274  -0.620606 0.668823 1 14 1.000000
Leo2A
0  -1.165160 -2.171460 4.611005  -0.824665 0.465389 0.321465  -0.572510 0.596375 1 14 1.000000
0  -1.320190 -2.666760 4.370830  -0.993338 0.104970 -0.047557  -0.670837 0.662659 1 14 1.000000
0  -1.156615 -2.316115 4.795635  -0.805994 0.393339 0.442333  -0.525391 0.616028 1 14 1.000000
Leo2A
0  -1.156615 -2.316115 4.795635  -0.805994 0.393339 0.442333  -0.525391 0.616028 1 14 1.000000
0  -0.756530 -2.154370 5.052290  -0.484135 0.538397 0.689741  -0.487061 0.578979 1 14 1.000000
0  -1.165160 -2.171460 4.611005  -0.824665 0.465389 0.321465  -0.572510 0.596375 1 14 1.000000
Leo2A
0  -0.756530 -2.154370 5.052290  -0.484135 0.538397 0.689741  -0.487061 0.578979 1 14 1.000000
0  -0.740050 -1.947460 4.884750  -0.490132 0.659918 0.569455  -0.519104 0.552795 1 14 1.000000
0  -1.165160 -2.171460 4.611005  -0.824665 0.465389 0.321465  -0.572510 0.596375 1 14 1.000000
Leo2A
0  -0.740050 -1.947460 4.884750  -0.490132 0.659918 0.569455  -0.519104 0.552795 1 14 1.000000
0  -0.756530 -2.154370 5.052290  -0.484135 0.538397 0.689741  -0.487061 0.578979 1 14 1.000000
0  -0.256655 -1.717055 4.900005  -0.392978 0.752228 0.528886  -0.466980 0.507324 1 14 1.000000
Leo2A
0  -0.714415 -1.747875 4.567060  -0.485229 0.835366 0.258296  -0.551086 0.526611 1 14 1.000000
0  -0.740050 -1.947460 4.884750  -0.490132 0.659918 0.569455  -0.519104 0.552795 1 14 1.000000
0  -0.256655 -1.717055 4.900005  -0.392978 0.752228 0.528886  -0.466980 0.507324 1 14 1.000000
Leo2A
0  -1.314090 -2.826675 4.508465  -0.975039 -0.080424 0.206958  -0.596863 0.677979 1 14 1.000000
0  -1.156615 -2.316115 4.795635  -0.805994 0.393339 0.442333  -0.525391 0.616028 1 14 1.000000
0  -1.316530 -2.779675 4.476115  -0.994874 0.030925 0.096274  -0.620606 0.668823 1 14 1.000000
Leo2A
0  -1.064149 -3.592360 3.925275  -0.790636 -0.289136 -0.539718  -0.828491 0.768860 1 14 1.000000
0  -1.089784 -3.696730 3.971660  -0.737058 -0.312480 -0.599251  -0.794434 0.779663 1 14 1.000000
0  -1.240844 -3.221570 4.125470  -0.915948 -0.068873 -0.395343  -0.768189 0.721497 1 14 1.000000
Leo2A
0  -1.240844 -3.221570 4.125470  -0.915948 -0.068873 -0.395343  -0.768189 0.721497 1 14 1.000000
0  -1.089784 -3.696730 3.971660  -0.737058 -0.312480 -0.599251  -0.794434 0.779663 1 14 1.000000
0  -1.266479 -3.257275 4.176435  -0.969658 -0.110078 -0.218278  -0.754578 0.732056 1 14 1.000000
Leo2A
0  -0.734254 -4.218580 4.022625  -0.597539 -0.801272 -0.030175  -0.788269 0.872742 1 14 1.000000
0  -1.089784 -3.696730 3.971660  -0.737058 -0.312480 -0.599251  -0.794434 0.779663 1 14 1.000000
0  -0.828244 -4.022960 3.854780  -0.600391 -0.317695 -0.733894  -0.820984 0.831543 1 14 1.000000
Leo2A
0  -1.064149 -3.592360 3.925275  -0.790636 -0.289136 -0.539718  -0.828491 0.768860 1 14 1.000000
0  -1.188354 -3.185865 4.001875  -0.874511 -0.484901 -0.010080  -0.820129 0.715027 1 14 1.000000
0  -1.030885 -3.552380 3.838300  -0.904448 -0.178697 -0.387351  -0.846069 0.748657 1 14 1.000000
Leo2A
0  -1.188354 -3.185865 4.001875  -0.874511 -0.484901 -0.010080  -0.820129 0.715027 1 14 1.000000
0  -1.064149 -3.592360 3.925275  -0.790636 -0.289136 -0.539718  -0.828491 0.768860 1 14 1.000000
0  -1.240844 -3.221570 4.125470  -0.915948 -0.068873 -0.395343  -0.768189 0.721497 1 14 1.000000
Leo2A
0  -1.240844 -3.221570 4.125470  -0.915948 -0.068873 -0.395343  -0.768189 0.721497 1 14 1.000000
0  -1.292114 -2.972545 4.173990  -0.856806 -0.371083 0.358023  -0.788330 0.666077 1 14 1.000000
0  -1.188354 -3.185865 4.001875  -0.874511 -0.484901 -0.010080  -0.820129 0.715027 1 14 1.000000
Leo2A
0  -1.320190 -2.666760 4.370830  -0.993338 0.104970 -0.047557  -0.670837 0.662659 1 14 1.000000
0  -1.292114 -2.972545 4.173990  -0.856806 -0.371083 0.358023  -0.788330 0.666077 1 14 1.000000
0  -1.240844 -3.221570 4.125470  -0.915948 -0.068873 -0.395343  -0.768189 0.721497 1 14 1.000000
Leo2A
0  -1.320190 -2.666760 4.370830  -0.993338 0.104970 -0.047557  -0.670837 0.662659 1 14 1.000000
0  -1.231995 -2.261795 4.267070  -0.955153 0.289911 -0.060287  -0.736389 0.640015 1 14 1.000000
0  -1.292114 -2.972545 4.173990  -0.856806 -0.371083 0.358023  -0.788330 0.666077 1 14 1.000000
Leo2A
0  -1.231995 -2.261795 4.267070  -0.955153 0.289911 -0.060287  -0.736389 0.640015 1 14 1.000000
0  -1.320190 -2.666760 4.370830  -0.993338 0.104970 -0.047557  -0.670837 0.662659 1 14 1.000000
0  -1.165160 -2.171460 4.611005  -0.824665 0.465389 0.321465  -0.572510 0.596375 1 14 1.000000
Leo2A
0  -1.145325 -2.042370 4.416300  -0.790820 0.596931 0.135193  -0.619629 0.576660 1 14 1.000000
0  -1.231995 -2.261795 4.267070  -0.955153 0.289911 -0.060287  -0.736389 0.640015 1 14 1.000000
0  -1.165160 -2.171460 4.611005  -0.824665 0.465389 0.321465  -0.572510 0.596375 1 14 1.000000
Leo2A
0  -1.165160 -2.171460 4.611005  -0.824665 0.465389 0.321465  -0.572510 0.596375 1 14 1.000000
0  -0.740050 -1.947460 4.884750  -0.490132 0.659918 0.569455  -0.519104 0.552795 1 14 1.000000
0  -1.145325 -2.042370 4.416300  -0.790820 0.596931 0.135193  -0.619629 0.576660 1 14 1.000000
Leo2A
0  -1.145325 -2.042370 4.416300  -0.790820 0.596931 0.135193  -0.619629 0.576660 1 14 1.000000
0  -0.740050 -1.947460 4.884750  -0.490132 0.659918 0.569455  -0.519104 0.552795 1 14 1.000000
0  -0.714415 -1.747875 4.567060  -0.485229 0.835366 0.258296  -0.551086 0.526611 1 14 1.000000
Leo2A
0  -1.102905 -1.988050 4.008280  -0.784086 0.603784 -0.143718  -0.710083 0.520203 1 14 1.000000
0  -1.145325 -2.042370 4.416300  -0.790820 0.596931 0.135193  -0.619629 0.576660 1 14 1.000000
0  -0.714415 -1.747875 4.567060  -0.485229 0.835366 0.258296  -0.551086 0.526611 1 14 1.000000
Leo2A
0  -0.705260 -1.702710 4.004620  -0.495176 0.865694 -0.073304  -0.647461 0.455383 1 14 1.000000
0  -1.102905 -1.988050 4.008280  -0.784086 0.603784 -0.143718  -0.710083 0.520203 1 14 1.000000
0  -0.714415 -1.747875 4.567060  -0.485229 0.835366 0.258296  -0.551086 0.526611 1 14 1.000000
Leo2A
0  -1.025085 -2.104320 3.619490  -0.776104 0.487640 -0.399837  -0.792725 0.488892 1 14 1.000000
0  -1.102905 -1.988050 4.008280  -0.784086 0.603784 -0.143718  -0.710083 0.520203 1 14 1.000000
0  -0.705260 -1.702710 4.004620  -0.495176 0.865694 -0.073304  -0.647461 0.455383 1 14 1.000000
Leo2A
0  -0.705260 -1.702710 4.004620  -0.495176 0.865694 -0.073304  -0.647461 0.455383 1 14 1.000000
0  -0.742495 -1.818070 3.641765  -0.636319 0.746532 -0.194392  -0.746582 0.393799 1 14 1.000000
0  -1.025085 -2.104320 3.619490  -0.776104 0.487640 -0.399837  -0.792725 0.488892 1 14 1.000000
Leo2A
0  -0.540465 -1.682265 3.657330  -0.395164 0.885605 -0.244026  -0.713806 0.371338 1 14 1.000000
0  -0.742495 -1.818070 3.641765  -0.636319 0.746532 -0.194392  -0.746582 0.393799 1 14 1.000000
0  -0.705260 -1.702710 4.004620  -0.495176 0.865694 -0.073304  -0.647461 0.455383 1 14 1.000000
Leo2A
0  -0.344850 -1.621535 3.687240  -0.291744 0.935106 -0.201154  -0.690308 0.356323 1 14 1.000000
0  -0.540465 -1.682265 3.657330  -0.395164 0.885605 -0.244026  -0.713806 0.371338 1 14 1.000000
0  -0.705260 -1.702710 4.004620  -0.495176 0.865694 -0.073304  -0.647461 0.455383 1 14 1.000000
Leo2A
0  -1.030885 -3.552380 3.838300  -0.904448 -0.178697 -0.387351  -0.846069 0.748657 1 14 1.000000
0  -1.188354 -3.185865 4.001875  -0.874511 -0.484901 -0.010080  -0.820129 0.715027 1 14 1.000000
0  -0.997619 -3.502945 3.737590  -0.900401 -0.412440 -0.138459  -0.873779 0.715820 1 14 1.000000
Leo2A
0  -1.292114 -2.972545 4.173990  -0.856806 -0.371083 0.358023  -0.788330 0.666077 1 14 1.000000
0  -1.231995 -2.261795 4.267070  -0.955153 0.289911 -0.060287  -0.736389 0.640015 1 14 1.000000
0  -1.180725 -2.305435 3.848065  -0.020906 0.998644 0.047685  -0.776367 0.578430 1 14 1.000000
Leo2A
0  -1.180725 -2.305435 3.848065  -0.020906 0.998644 0.047685  -0.776367 0.578430 1 14 1.000000
0  -1.231995 -2.261795 4.267070  -0.955153 0.289911 -0.060287  -0.736389 0.640015 1 14 1.000000
0  -1.145325 -2.042370 4.416300  -0.790820 0.596931 0.135193  -0.619629 0.576660 1 14 1.000000
Leo2A
0  -1.180725 -2.305435 3.848065  -0.020906 0.998644 0.047685  -0.776367 0.578430 1 14 1.000000
0  -1.145325 -2.042370 4.416300  -0.790820 0.596931 0.135193  -0.619629 0.576660 1 14 1.000000
0  -1.102905 -1.988050 4.008280  -0.784086 0.603784 -0.143718  -0.710083 0.520203 1 14 1.000000
Leo2A
0  -1.025085 -2.104320 3.619490  -0.776104 0.487640 -0.399837  -0.792725 0.488892 1 14 1.000000
0  -1.180725 -2.305435 3.848065  -0.020906 0.998644 0.047685  -0.776367 0.578430 1 14 1.000000
0  -1.102905 -1.988050 4.008280  -0.784086 0.603784 -0.143718  -0.710083 0.520203 1 14 1.000000
Leo2A
0  -1.034850 -2.338695 3.477275  0.051491 0.977997 -0.202164  -0.831726 0.571350 1 14 1.000000
0  -1.180725 -2.305435 3.848065  -0.020906 0.998644 0.047685  -0.776367 0.578430 1 14 1.000000
0  -1.025085 -2.104320 3.619490  -0.776104 0.487640 -0.399837  -0.792725 0.488892 1 14 1.000000
Leo2A
0  -0.165405 -1.571180 4.664715  -0.531564 0.798353 0.282971  -0.499512 0.461670 1 14 1.000000
0  -0.714415 -1.747875 4.567060  -0.485229 0.835366 0.258296  -0.551086 0.526611 1 14 1.000000
0  -0.256655 -1.717055 4.900005  -0.392978 0.752228 0.528886  -0.466980 0.507324 1 14 1.000000
Leo2A
0  -0.109255 -1.479015 4.314985  -0.621292 0.780430 0.070181  -0.536743 0.433960 1 14 1.000000
0  -0.714415 -1.747875 4.567060  -0.485229 0.835366 0.258296  -0.551086 0.526611 1 14 1.000000
0  -0.165405 -1.571180 4.664715  -0.531564 0.798353 0.282971  -0.499512 0.461670 1 14 1.000000
Leo2A
0  -0.714415 -1.747875 4.567060  -0.485229 0.835366 0.258296  -0.551086 0.526611 1 14 1.000000
0  -0.109255 -1.479015 4.314985  -0.621292 0.780430 0.070181  -0.536743 0.433960 1 14 1.000000
0  -0.705260 -1.702710 4.004620  -0.495176 0.865694 -0.073304  -0.647461 0.455383 1 14 1.000000
Leo2A
0  -0.109255 -1.479015 4.314985  -0.621292 0.780430 0.070181  -0.536743 0.433960 1 14 1.000000
0  -0.136110 -1.489700 3.968000  -0.532963 0.840029 -0.101497  -0.604248 0.387634 1 14 1.000000
0  -0.705260 -1.702710 4.004620  -0.495176 0.865694 -0.073304  -0.647461 0.455383 1 14 1.000000
Leo2A
0  -0.705260 -1.702710 4.004620  -0.495176 0.865694 -0.073304  -0.647461 0.455383 1 14 1.000000
0  -0.136110 -1.489700 3.968000  -0.532963 0.840029 -0.101497  -0.604248 0.387634 1 14 1.000000
0  -0.344850 -1.621535 3.687240  -0.291744 0.935106 -0.201154  -0.690308 0.356323 1 14 1.000000
Leo2A
0  -0.136110 -1.489700 3.968000  -0.532963 0.840029 -0.101497  -0.604248 0.387634 1 14 1.000000
0  -0.125730 -1.553785 3.741865  -0.611480 0.781635 -0.123042  -0.673523 0.340759 1 14 1.000000
0  -0.344850 -1.621535 3.687240  -0.291744 0.935106 -0.201154  -0.690308 0.356323 1 14 1.000000
Leo2A
0  -0.344850 -1.621535 3.687240  -0.291744 0.935106 -0.201154  -0.690308 0.356323 1 14 1.000000
0  -0.125730 -1.553785 3.741865  -0.611480 0.781635 -0.123042  -0.673523 0.340759 1 14 1.000000
0  -0.128175 -1.556700 3.668515  -0.687143 0.724815 0.049769  -0.684387 0.335510 2 13 0.500000 14 0.500000
Leo2A
0  -0.128175 -1.556700 3.668515  -0.687143 0.724815 0.049769  -0.684387 0.335510 2 13 0.500000 14 0.500000
0  -0.331725 -1.646425 3.582765  -0.273804 0.923261 -0.269480  -0.699829 0.347778 2 13 0.500000 14 0.500000
0  -0.344850 -1.621535 3.687240  -0.291744 0.935106 -0.201154  -0.690308 0.356323 1 14 1.000000
Leo2A
0  -0.331725 -1.646425 3.582765  -0.273804 0.923261 -0.269480  -0.699829 0.347778 2 13 0.500000 14 0.500000
0  -0.540465 -1.682265 3.657330  -0.395164 0.885605 -0.244026  -0.713806 0.371338 1 14 1.000000
0  -0.344850 -1.621535 3.687240  -0.291744 0.935106 -0.201154  -0.690308 0.356323 1 14 1.000000
Leo2A
0  -0.331725 -1.646425 3.582765  -0.273804 0.923261 -0.269480  -0.699829 0.347778 2 13 0.500000 14 0.500000
0  -0.479735 -1.709595 3.527220  -0.356487 0.904245 -0.235070  -0.722473 0.365479 2 13 0.500000 14 0.500000
0  -0.540465 -1.682265 3.657330  -0.395164 0.885605 -0.244026  -0.713806 0.371338 1 14 1.000000
Leo2A
0  -0.540465 -1.682265 3.657330  -0.395164 0.885605 -0.244026  -0.713806 0.371338 1 14 1.000000
0  -0.479735 -1.709595 3.527220  -0.356487 0.904245 -0.235070  -0.722473 0.365479 2 13 0.500000 14 0.500000
0  -0.742495 -1.818070 3.641765  -0.636319 0.746532 -0.194392  -0.746582 0.393799 1 14 1.000000
Leo2A
0  -0.479735 -1.709595 3.527220  -0.356487 0.904245 -0.235070  -0.722473 0.365479 2 13 0.500000 14 0.500000
0  -0.655825 -1.762390 3.438720  -0.691166 0.709194 0.139041  -0.753662 0.389404 2 13 0.500000 14 0.500000
0  -0.742495 -1.818070 3.641765  -0.636319 0.746532 -0.194392  -0.746582 0.393799 1 14 1.000000
Leo2A
0  -0.742495 -1.818070 3.641765  -0.636319 0.746532 -0.194392  -0.746582 0.393799 1 14 1.000000
0  -0.655825 -1.762390 3.438720  -0.691166 0.709194 0.139041  -0.753662 0.389404 2 13 0.500000 14 0.500000
0  -0.740965 -1.926405 3.399455  -0.940295 0.340186 -0.010917  -0.819397 0.462097 1 14 1.000000
Leo2A
0  -0.742495 -1.818070 3.641765  -0.636319 0.746532 -0.194392  -0.746582 0.393799 1 14 1.000000
0  -0.740965 -1.926405 3.399455  -0.940295 0.340186 -0.010917  -0.819397 0.462097 1 14 1.000000
0  -1.025085 -2.104320 3.619490  -0.776104 0.487640 -0.399837  -0.792725 0.488892 1 14 1.000000
Leo2A
0  -1.025085 -2.104320 3.619490  -0.776104 0.487640 -0.399837  -0.792725 0.488892 1 14 1.000000
0  -0.740965 -1.926405 3.399455  -0.940295 0.340186 -0.010917  -0.819397 0.462097 1 14 1.000000
0  -0.874635 -2.304520 3.308515  -0.725511 0.404207 -0.557002  -0.890198 0.561646 1 14 1.000000
Leo2A
0  -0.874635 -2.304520 3.308515  -0.725511 0.404207 -0.557002  -0.890198 0.561646 1 14 1.000000
0  -1.034850 -2.338695 3.477275  0.051491 0.977997 -0.202164  -0.831726 0.571350 1 14 1.000000
0  -1.025085 -2.104320 3.619490  -0.776104 0.487640 -0.399837  -0.792725 0.488892 1 14 1.000000
Leo2A
0  -0.912170 -2.342360 3.294475  0.232248 0.887411 -0.398200  -0.877319 0.577331 1 14 1.000000
0  -1.034850 -2.338695 3.477275  0.051491 0.977997 -0.202164  -0.831726 0.571350 1 14 1.000000
0  -0.874635 -2.304520 3.308515  -0.725511 0.404207 -0.557002  -0.890198 0.561646 1 14 1.000000
Leo2A
0  -0.974424 -3.527525 3.437805  -0.801427 -0.592281 -0.083174  -0.915283 0.762817 2 14 0.900000 15 0.100000
0  -0.814209 -3.698120 3.326110  -0.759869 -0.517773 -0.393078  -0.938843 0.780273 2 14 0.500000 15 0.500000
0  -0.858459 -3.758850 3.373105  -0.802003 -0.298270 -0.517519  -0.929565 0.785767 2 14 0.950000 15 0.050000
Leo2A
0  -0.957334 -3.625015 3.505045  -0.928089 -0.346672 -0.135904  -0.907104 0.770142 1 14 1.000000
0  -0.974424 -3.527525 3.437805  -0.801427 -0.592281 -0.083174  -0.915283 0.762817 2 14 0.900000 15 0.100000
0  -0.858459 -3.758850 3.373105  -0.802003 -0.298270 -0.517519  -0.929565 0.785767 2 14 0.950000 15 0.050000
Leo2A
0  -0.974424 -3.527525 3.437805  -0.801427 -0.592281 -0.083174  -0.915283 0.762817 2 14 0.900000 15 0.100000
0  -0.957334 -3.625015 3.505045  -0.928089 -0.346672 -0.135904  -0.907104 0.770142 1 14 1.000000
0  -0.997619 -3.502945 3.737590  -0.900401 -0.412440 -0.138459  -0.873779 0.715820 1 14 1.000000
Leo2A
0  -0.997619 -3.502945 3.737590  -0.900401 -0.412440 -0.138459  -0.873779 0.715820 1 14 1.000000
0  -0.957334 -3.625015 3.505045  -0.928089 -0.346672 -0.135904  -0.907104 0.770142 1 14 1.000000
0  -0.940549 -3.671400 3.575850  -0.880878 -0.473344 -0.000002  -0.897522 0.780518 1 14 1.000000
Leo2A
0  -0.997619 -3.502945 3.737590  -0.900401 -0.412440 -0.138459  -0.873779 0.715820 1 14 1.000000
0  -0.940549 -3.671400 3.575850  -0.880878 -0.473344 -0.000002  -0.897522 0.780518 1 14 1.000000
0  -1.030885 -3.552380 3.838300  -0.904448 -0.178697 -0.387351  -0.846069 0.748657 1 14 1.000000
Leo2A
0  -0.940549 -3.671400 3.575850  -0.880878 -0.473344 -0.000002  -0.897522 0.780518 1 14 1.000000
0  -0.906064 -3.704665 3.624980  -0.754205 -0.653110 0.067988  -0.888123 0.789795 1 14 1.000000
0  -1.030885 -3.552380 3.838300  -0.904448 -0.178697 -0.387351  -0.846069 0.748657 1 14 1.000000
Leo2A
0  -1.030885 -3.552380 3.838300  -0.904448 -0.178697 -0.387351  -0.846069 0.748657 1 14 1.000000
0  -0.906064 -3.704665 3.624980  -0.754205 -0.653110 0.067988  -0.888123 0.789795 1 14 1.000000
0  -1.064149 -3.592360 3.925275  -0.790636 -0.289136 -0.539718  -0.828491 0.768860 1 14 1.000000
Leo2A
0  -0.906064 -3.704665 3.624980  -0.754205 -0.653110 0.067988  -0.888123 0.789795 1 14 1.000000
0  -0.875854 -3.743420 3.678995  -0.647835 -0.758366 -0.072045  -0.878235 0.798523 1 14 1.000000
0  -1.064149 -3.592360 3.925275  -0.790636 -0.289136 -0.539718  -0.828491 0.768860 1 14 1.000000
Leo2A
0  -1.064149 -3.592360 3.925275  -0.790636 -0.289136 -0.539718  -0.828491 0.768860 1 14 1.000000
0  -0.875854 -3.743420 3.678995  -0.647835 -0.758366 -0.072045  -0.878235 0.798523 1 14 1.000000
0  -0.830384 -3.776075 3.714400  -0.454425 -0.853231 0.255921  -0.870117 0.801331 1 14 1.000000
Leo2A
0  -0.875854 -3.743420 3.678995  -0.647835 -0.758366 -0.072045  -0.878235 0.798523 1 14 1.000000
0  -0.768434 -3.831310 3.661600  -0.591371 -0.783447 0.191027  -0.878845 0.811951 1 14 1.000000
0  -0.830384 -3.776075 3.714400  -0.454425 -0.853231 0.255921  -0.870117 0.801331 1 14 1.000000
Leo2A
0  -0.830384 -3.776075 3.714400  -0.454425 -0.853231 0.255921  -0.870117 0.801331 1 14 1.000000
0  -0.768434 -3.831310 3.661600  -0.591371 -0.783447 0.191027  -0.878845 0.811951 1 14 1.000000
0  -0.763854 -3.820935 3.685710  -0.644972 -0.758465 0.093500  -0.873840 0.818176 1 14 1.000000
Leo2A
0  -0.768434 -3.831310 3.661600  -0.591371 -0.783447 0.191027  -0.878845 0.811951 1 14 1.000000
0  -0.682984 -3.908825 3.625895  -0.720995 -0.622684 0.304024  -0.888977 0.840271 1 14 1.000000
0  -0.763854 -3.820935 3.685710  -0.644972 -0.758465 0.093500  -0.873840 0.818176 1 14 1.000000
Leo2A
0  -0.763854 -3.820935 3.685710  -0.644972 -0.758465 0.093500  -0.873840 0.818176 1 14 1.000000
0  -0.682984 -3.908825 3.625895  -0.720995 -0.622684 0.304024  -0.888977 0.840271 1 14 1.000000
0  -0.687864 -3.909435 3.647260  -0.715033 -0.669489 -0.201278  -0.882141 0.840088 1 14 1.000000
Leo2A
0  -0.682984 -3.908825 3.625895  -0.720995 -0.622684 0.304024  -0.888977 0.840271 1 14 1.000000
0  -0.501099 -4.079725 3.649700  -0.554495 -0.465283 0.689961  -0.885864 0.884460 1 14 1.000000
0  -0.687864 -3.909435 3.647260  -0.715033 -0.669489 -0.201278  -0.882141 0.840088 1 14 1.000000
Leo2A
0  -0.687864 -3.909435 3.647260  -0.715033 -0.669489 -0.201278  -0.882141 0.840088 1 14 1.000000
0  -0.501099 -4.079725 3.649700  -0.554495 -0.465283 0.689961  -0.885864 0.884460 1 14 1.000000
0  -0.497739 -4.066605 3.669230  -0.612468 -0.763278 0.205644  -0.879456 0.877197 1 14 1.000000
Leo2A
0  -0.501099 -4.079725 3.649700  -0.554495 -0.465283 0.689961  -0.885864 0.884460 1 14 1.000000
0  -0.364684 -4.144730 3.738200  -0.626316 -0.779145 0.025719  -0.863586 0.910339 1 14 1.000000
0  -0.497739 -4.066605 3.669230  -0.612468 -0.763278 0.205644  -0.879456 0.877197 1 14 1.000000
Leo2A
0  -0.497739 -4.066605 3.669230  -0.612468 -0.763278 0.205644  -0.879456 0.877197 1 14 1.000000
0  -0.364684 -4.144730 3.738200  -0.626316 -0.779145 0.025719  -0.863586 0.910339 1 14 1.000000
0  -0.508424 -4.099255 3.827925  -0.216857 -0.100814 -0.970984  -0.853638 0.881287 1 14 1.000000
Leo2A
0  -0.364684 -4.144730 3.738200  -0.626316 -0.779145 0.025719  -0.863586 0.910339 1 14 1.000000
0  -0.372924 -4.168835 3.799540  -0.488112 -0.617655 -0.616643  -0.853210 0.909668 1 14 1.000000
0  -0.508424 -4.099255 3.827925  -0.216857 -0.100814 -0.970984  -0.853638 0.881287 1 14 1.000000
Leo2A
0  -0.392454 -4.372390 3.372295  -0.421198 -0.862181 -0.281491  -0.945374 0.901306 1 14 1.000000
0  -0.182494 -4.323255 3.202005  -0.003088 -0.629652 -0.776871  -0.981323 0.950440 1 14 1.000000
0  0.000001 -4.440445 3.368025  0.000000 -0.946576 -0.322481  -0.938416 0.988648 1 14 1.000000
Leo2A
0  -0.437619 -4.192810 3.166810  -0.351247 -0.515840 -0.781367  -0.982483 0.901794 2 14 0.950000 15 0.050000
0  -0.182494 -4.323255 3.202005  -0.003088 -0.629652 -0.776871  -0.981323 0.950440 1 14 1.000000
0  -0.392454 -4.372390 3.372295  -0.421198 -0.862181 -0.281491  -0.945374 0.901306 1 14 1.000000
Leo2A
0  -0.656129 -4.108410 3.298445  -0.727925 -0.505828 -0.462886  -0.959351 0.840576 1 14 1.000000
0  -0.437619 -4.192810 3.166810  -0.351247 -0.515840 -0.781367  -0.982483 0.901794 2 14 0.950000 15 0.050000
0  -0.392454 -4.372390 3.372295  -0.421198 -0.862181 -0.281491  -0.945374 0.901306 1 14 1.000000
Leo2A
0  -0.599364 -4.050295 3.200380  -0.592120 -0.262268 -0.761977  -0.983276 0.855286 2 14 0.900000 15 0.100000
0  -0.437619 -4.192810 3.166810  -0.351247 -0.515840 -0.781367  -0.982483 0.901794 2 14 0.950000 15 0.050000
0  -0.656129 -4.108410 3.298445  -0.727925 -0.505828 -0.462886  -0.959351 0.840576 1 14 1.000000
Leo2A
0  -0.639344 -3.994445 3.229980  -0.672329 -0.148632 -0.725177  -0.968750 0.828247 2 14 0.900000 15 0.100000
0  -0.599364 -4.050295 3.200380  -0.592120 -0.262268 -0.761977  -0.983276 0.855286 2 14 0.900000 15 0.100000
0  -0.656129 -4.108410 3.298445  -0.727925 -0.505828 -0.462886  -0.959351 0.840576 1 14 1.000000
Leo2A
0  -0.639344 -3.994445 3.229980  -0.672329 -0.148632 -0.725177  -0.968750 0.828247 2 14 0.900000 15 0.100000
0  -0.656129 -4.108410 3.298445  -0.727925 -0.505828 -0.462886  -0.959351 0.840576 1 14 1.000000
0  -0.858459 -3.758850 3.373105  -0.802003 -0.298270 -0.517519  -0.929565 0.785767 2 14 0.950000 15 0.050000
Leo2A
0  -0.656129 -4.108410 3.298445  -0.727925 -0.505828 -0.462886  -0.959351 0.840576 1 14 1.000000
0  -0.842284 -3.822765 3.438215  -0.873182 -0.456498 -0.170773  -0.917908 0.797241 1 14 1.000000
0  -0.858459 -3.758850 3.373105  -0.802003 -0.298270 -0.517519  -0.929565 0.785767 2 14 0.950000 15 0.050000
Leo2A
0  -0.858459 -3.758850 3.373105  -0.802003 -0.298270 -0.517519  -0.929565 0.785767 2 14 0.950000 15 0.050000
0  -0.842284 -3.822765 3.438215  -0.873182 -0.456498 -0.170773  -0.917908 0.797241 1 14 1.000000
0  -0.957334 -3.625015 3.505045  -0.928089 -0.346672 -0.135904  -0.907104 0.770142 1 14 1.000000
Leo2A
0  -0.957334 -3.625015 3.505045  -0.928089 -0.346672 -0.135904  -0.907104 0.770142 1 14 1.000000
0  -0.842284 -3.822765 3.438215  -0.873182 -0.456498 -0.170773  -0.917908 0.797241 1 14 1.000000
0  -0.940549 -3.671400 3.575850  -0.880878 -0.473344 -0.000002  -0.897522 0.780518 1 14 1.000000
Leo2A
0  -0.940549 -3.671400 3.575850  -0.880878 -0.473344 -0.000002  -0.897522 0.780518 1 14 1.000000
0  -0.842284 -3.822765 3.438215  -0.873182 -0.456498 -0.170773  -0.917908 0.797241 1 14 1.000000
0  -0.821229 -3.877700 3.503520  -0.820614 -0.534734 0.201624  -0.905456 0.812012 1 14 1.000000
Leo2A
0  -0.906064 -3.704665 3.624980  -0.754205 -0.653110 0.067988  -0.888123 0.789795 1 14 1.000000
0  -0.940549 -3.671400 3.575850  -0.880878 -0.473344 -0.000002  -0.897522 0.780518 1 14 1.000000
0  -0.821229 -3.877700 3.503520  -0.820614 -0.534734 0.201624  -0.905456 0.812012 1 14 1.000000
Leo2A
0  -0.821229 -3.877700 3.503520  -0.820614 -0.534734 0.201624  -0.905456 0.812012 1 14 1.000000
0  -0.682984 -3.908825 3.625895  -0.720995 -0.622684 0.304024  -0.888977 0.840271 1 14 1.000000
0  -0.906064 -3.704665 3.624980  -0.754205 -0.653110 0.067988  -0.888123 0.789795 1 14 1.000000
Leo2A
0  -0.682984 -3.908825 3.625895  -0.720995 -0.622684 0.304024  -0.888977 0.840271 1 14 1.000000
0  -0.768434 -3.831310 3.661600  -0.591371 -0.783447 0.191027  -0.878845 0.811951 1 14 1.000000
0  -0.906064 -3.704665 3.624980  -0.754205 -0.653110 0.067988  -0.888123 0.789795 1 14 1.000000
Leo2A
0  -0.906064 -3.704665 3.624980  -0.754205 -0.653110 0.067988  -0.888123 0.789795 1 14 1.000000
0  -0.768434 -3.831310 3.661600  -0.591371 -0.783447 0.191027  -0.878845 0.811951 1 14 1.000000
0  -0.875854 -3.743420 3.678995  -0.647835 -0.758366 -0.072045  -0.878235 0.798523 1 14 1.000000
Leo2A
0  -0.622864 -4.173415 3.543195  -0.666397 -0.567893 0.483128  -0.908142 0.878540 1 14 1.000000
0  -0.501099 -4.079725 3.649700  -0.554495 -0.465283 0.689961  -0.885864 0.884460 1 14 1.000000
0  -0.682984 -3.908825 3.625895  -0.720995 -0.622684 0.304024  -0.888977 0.840271 1 14 1.000000
Leo2A
0  -0.622864 -4.173415 3.543195  -0.666397 -0.567893 0.483128  -0.908142 0.878540 1 14 1.000000
0  -0.682984 -3.908825 3.625895  -0.720995 -0.622684 0.304024  -0.888977 0.840271 1 14 1.000000
0  -0.821229 -3.877700 3.503520  -0.820614 -0.534734 0.201624  -0.905456 0.812012 1 14 1.000000
Leo2A
0  -0.821229 -3.877700 3.503520  -0.820614 -0.534734 0.201624  -0.905456 0.812012 1 14 1.000000
0  -0.658874 -4.167920 3.420820  -0.753243 -0.654360 -0.066618  -0.932556 0.849670 1 14 1.000000
0  -0.622864 -4.173415 3.543195  -0.666397 -0.567893 0.483128  -0.908142 0.878540 1 14 1.000000
Leo2A
0  -0.842284 -3.822765 3.438215  -0.873182 -0.456498 -0.170773  -0.917908 0.797241 1 14 1.000000
0  -0.658874 -4.167920 3.420820  -0.753243 -0.654360 -0.066618  -0.932556 0.849670 1 14 1.000000
0  -0.821229 -3.877700 3.503520  -0.820614 -0.534734 0.201624  -0.905456 0.812012 1 14 1.000000
Leo2A
0  -0.842284 -3.822765 3.438215  -0.873182 -0.456498 -0.170773  -0.917908 0.797241 1 14 1.000000
0  -0.656129 -4.108410 3.298445  -0.727925 -0.505828 -0.462886  -0.959351 0.840576 1 14 1.000000
0  -0.658874 -4.167920 3.420820  -0.753243 -0.654360 -0.066618  -0.932556 0.849670 1 14 1.000000
Leo2A
0  -0.658874 -4.167920 3.420820  -0.753243 -0.654360 -0.066618  -0.932556 0.849670 1 14 1.000000
0  -0.656129 -4.108410 3.298445  -0.727925 -0.505828 -0.462886  -0.959351 0.840576 1 14 1.000000
0  -0.392454 -4.372390 3.372295  -0.421198 -0.862181 -0.281491  -0.945374 0.901306 1 14 1.000000
Leo2A
0  -0.658874 -4.167920 3.420820  -0.753243 -0.654360 -0.066618  -0.932556 0.849670 1 14 1.000000
0  -0.392454 -4.372390 3.372295  -0.421198 -0.862181 -0.281491  -0.945374 0.901306 1 14 1.000000
0  -0.622864 -4.173415 3.543195  -0.666397 -0.567893 0.483128  -0.908142 0.878540 1 14 1.000000
Leo2A
0  0.402831 -4.101870 3.131715  0.235611 -0.271727 -0.933087  -0.993225 0.900879 2 14 0.950000 15 0.050000
0  0.437621 -4.192810 3.166810  0.351247 -0.515839 -0.781368  -0.982483 0.901794 2 14 0.950000 15 0.050000
0  0.158691 -4.244520 3.173930  -0.162249 -0.376905 -0.911931  -0.993042 0.951965 1 14 1.000000
Leo2A
0  0.437621 -4.192810 3.166810  0.351247 -0.515839 -0.781368  -0.982483 0.901794 2 14 0.950000 15 0.050000
0  0.182496 -4.323255 3.202005  0.003088 -0.629652 -0.776871  -0.981323 0.950440 1 14 1.000000
0  0.158691 -4.244520 3.173930  -0.162249 -0.376905 -0.911931  -0.993042 0.951965 1 14 1.000000
Leo2A
0  0.158691 -4.244520 3.173930  -0.162249 -0.376905 -0.911931  -0.993042 0.951965 1 14 1.000000
0  0.182496 -4.323255 3.202005  0.003088 -0.629652 -0.776871  -0.981323 0.950440 1 14 1.000000
0  0.000001 -4.264660 3.258770  -0.000000 -0.207325 -0.978272  -0.989319 0.988831 1 14 1.000000
Leo2A
0  0.000001 -4.264660 3.258770  -0.000000 -0.207325 -0.978272  -0.989319 0.988831 1 14 1.000000
0  0.182496 -4.323255 3.202005  0.003088 -0.629652 -0.776871  -0.981323 0.950440 1 14 1.000000
0  0.027771 -4.376355 3.261210  -0.295046 -0.577941 -0.760876  -0.971314 0.984070 1 14 1.000000
Leo2A
0  0.000001 -4.362625 3.277995  0.000000 -0.480185 -0.877167  -0.968933 0.988770 1 14 1.000000
0  0.000001 -4.264660 3.258770  -0.000000 -0.207325 -0.978272  -0.989319 0.988831 1 14 1.000000
0  0.027771 -4.376355 3.261210  -0.295046 -0.577941 -0.760876  -0.971314 0.984070 1 14 1.000000
Leo2A
0  0.000001 -4.440445 3.368025  0.000000 -0.946576 -0.322481  -0.938416 0.988648 1 14 1.000000
0  0.000001 -4.362625 3.277995  0.000000 -0.480185 -0.877167  -0.968933 0.988770 1 14 1.000000
0  0.027771 -4.376355 3.261210  -0.295046 -0.577941 -0.760876  -0.971314 0.984070 1 14 1.000000
Leo2A
0  0.000001 -4.440445 3.368025  0.000000 -0.946576 -0.322481  -0.938416 0.988648 1 14 1.000000
0  -0.027769 -4.376355 3.261210  0.295046 -0.577942 -0.760875  -0.971314 0.984070 1 14 1.000000
0  0.000001 -4.362625 3.277995  0.000000 -0.480185 -0.877167  -0.968933 0.988770 1 14 1.000000
Leo2A
0  -0.182494 -4.323255 3.202005  -0.003088 -0.629652 -0.776871  -0.981323 0.950440 1 14 1.000000
0  -0.027769 -4.376355 3.261210  0.295046 -0.577942 -0.760875  -0.971314 0.984070 1 14 1.000000
0  0.000001 -4.440445 3.368025  0.000000 -0.946576 -0.322481  -0.938416 0.988648 1 14 1.000000
Leo2A
0  -0.182494 -4.323255 3.202005  -0.003088 -0.629652 -0.776871  -0.981323 0.950440 1 14 1.000000
0  0.000001 -4.264660 3.258770  -0.000000 -0.207325 -0.978272  -0.989319 0.988831 1 14 1.000000
0  -0.027769 -4.376355 3.261210  0.295046 -0.577942 -0.760875  -0.971314 0.984070 1 14 1.000000
Leo2A
0  -0.158689 -4.244520 3.173930  0.162249 -0.376904 -0.911931  -0.993042 0.951965 1 14 1.000000
0  0.000001 -4.264660 3.258770  -0.000000 -0.207325 -0.978272  -0.989319 0.988831 1 14 1.000000
0  -0.182494 -4.323255 3.202005  -0.003088 -0.629652 -0.776871  -0.981323 0.950440 1 14 1.000000
Leo2A
0  -0.437619 -4.192810 3.166810  -0.351247 -0.515840 -0.781367  -0.982483 0.901794 2 14 0.950000 15 0.050000
0  -0.158689 -4.244520 3.173930  0.162249 -0.376904 -0.911931  -0.993042 0.951965 1 14 1.000000
0  -0.182494 -4.323255 3.202005  -0.003088 -0.629652 -0.776871  -0.981323 0.950440 1 14 1.000000
Leo2A
0  -0.402829 -4.101870 3.131715  -0.235610 -0.271728 -0.933087  -0.993225 0.900879 2 14 0.950000 15 0.050000
0  -0.158689 -4.244520 3.173930  0.162249 -0.376904 -0.911931  -0.993042 0.951965 1 14 1.000000
0  -0.437619 -4.192810 3.166810  -0.351247 -0.515840 -0.781367  -0.982483 0.901794 2 14 0.950000 15 0.050000
Leo2A
0  -0.599364 -4.050295 3.200380  -0.592120 -0.262268 -0.761977  -0.983276 0.855286 2 14 0.900000 15 0.100000
0  -0.402829 -4.101870 3.131715  -0.235610 -0.271728 -0.933087  -0.993225 0.900879 2 14 0.950000 15 0.050000
0  -0.437619 -4.192810 3.166810  -0.351247 -0.515840 -0.781367  -0.982483 0.901794 2 14 0.950000 15 0.050000
Leo2A
0  -0.538024 -3.975220 3.157045  -0.471973 -0.118637 -0.873594  -0.991089 0.853577 2 14 0.900000 15 0.100000
0  -0.402829 -4.101870 3.131715  -0.235610 -0.271728 -0.933087  -0.993225 0.900879 2 14 0.950000 15 0.050000
0  -0.599364 -4.050295 3.200380  -0.592120 -0.262268 -0.761977  -0.983276 0.855286 2 14 0.900000 15 0.100000
Leo2A
0  -0.603944 -3.905030 3.200990  -0.719764 -0.374106 -0.584794  -0.982300 0.815247 2 14 0.500000 15 0.500000
0  -0.538024 -3.975220 3.157045  -0.471973 -0.118637 -0.873594  -0.991089 0.853577 2 14 0.900000 15 0.100000
0  -0.599364 -4.050295 3.200380  -0.592120 -0.262268 -0.761977  -0.983276 0.855286 2 14 0.900000 15 0.100000
Leo2A
0  -0.603944 -3.905030 3.200990  -0.719764 -0.374106 -0.584794  -0.982300 0.815247 2 14 0.500000 15 0.500000
0  -0.599364 -4.050295 3.200380  -0.592120 -0.262268 -0.761977  -0.983276 0.855286 2 14 0.900000 15 0.100000
0  -0.639344 -3.994445 3.229980  -0.672329 -0.148632 -0.725177  -0.968750 0.828247 2 14 0.900000 15 0.100000
Leo2A
0  -0.814209 -3.698120 3.326110  -0.759869 -0.517773 -0.393078  -0.938843 0.780273 2 14 0.500000 15 0.500000
0  -0.603944 -3.905030 3.200990  -0.719764 -0.374106 -0.584794  -0.982300 0.815247 2 14 0.500000 15 0.500000
0  -0.639344 -3.994445 3.229980  -0.672329 -0.148632 -0.725177  -0.968750 0.828247 2 14 0.900000 15 0.100000
Leo2A
0  -0.858459 -3.758850 3.373105  -0.802003 -0.298270 -0.517519  -0.929565 0.785767 2 14 0.950000 15 0.050000
0  -0.814209 -3.698120 3.326110  -0.759869 -0.517773 -0.393078  -0.938843 0.780273 2 14 0.500000 15 0.500000
0  -0.639344 -3.994445 3.229980  -0.672329 -0.148632 -0.725177  -0.968750 0.828247 2 14 0.900000 15 0.100000
Leo2A
0  -0.027769 -4.376355 3.261210  0.295046 -0.577942 -0.760875  -0.971314 0.984070 1 14 1.000000
0  0.000001 -4.264660 3.258770  -0.000000 -0.207325 -0.978272  -0.989319 0.988831 1 14 1.000000
0  0.000001 -4.362625 3.277995  0.000000 -0.480185 -0.877167  -0.968933 0.988770 1 14 1.000000
Leo2A
0  0.437621 -4.192810 3.166810  0.351247 -0.515839 -0.781368  -0.982483 0.901794 2 14 0.950000 15 0.050000
0  0.392456 -4.372390 3.372295  0.421198 -0.862180 -0.281491  -0.945374 0.901306 1 14 1.000000
0  0.182496 -4.323255 3.202005  0.003088 -0.629652 -0.776871  -0.981323 0.950440 1 14 1.000000
Leo2A
0  0.656131 -4.108410 3.298445  0.727925 -0.505828 -0.462886  -0.959351 0.840576 1 14 1.000000
0  0.392456 -4.372390 3.372295  0.421198 -0.862180 -0.281491  -0.945374 0.901306 1 14 1.000000
0  0.437621 -4.192810 3.166810  0.351247 -0.515839 -0.781368  -0.982483 0.901794 2 14 0.950000 15 0.050000
Leo2A
0  0.599366 -4.050295 3.200380  0.592120 -0.262268 -0.761977  -0.983276 0.855286 2 14 0.900000 15 0.100000
0  0.656131 -4.108410 3.298445  0.727925 -0.505828 -0.462886  -0.959351 0.840576 1 14 1.000000
0  0.437621 -4.192810 3.166810  0.351247 -0.515839 -0.781368  -0.982483 0.901794 2 14 0.950000 15 0.050000
Leo2A
0  0.027771 -4.376355 3.261210  -0.295046 -0.577941 -0.760876  -0.971314 0.984070 1 14 1.000000
0  0.182496 -4.323255 3.202005  0.003088 -0.629652 -0.776871  -0.981323 0.950440 1 14 1.000000
0  0.000001 -4.440445 3.368025  0.000000 -0.946576 -0.322481  -0.938416 0.988648 1 14 1.000000
Leo2A
0  0.182496 -4.323255 3.202005  0.003088 -0.629652 -0.776871  -0.981323 0.950440 1 14 1.000000
0  0.392456 -4.372390 3.372295  0.421198 -0.862180 -0.281491  -0.945374 0.901306 1 14 1.000000
0  0.000001 -4.440445 3.368025  0.000000 -0.946576 -0.322481  -0.938416 0.988648 1 14 1.000000
Leo2A
0  0.000001 -4.440445 3.368025  0.000000 -0.946576 -0.322481  -0.938416 0.988648 1 14 1.000000
0  0.392456 -4.372390 3.372295  0.421198 -0.862180 -0.281491  -0.945374 0.901306 1 14 1.000000
0  0.195926 -4.438610 3.543500  0.212927 -0.969028 0.125087  -0.912964 0.951050 1 14 1.000000
Leo2A
0  0.392456 -4.372390 3.372295  0.421198 -0.862180 -0.281491  -0.945374 0.901306 1 14 1.000000
0  0.409546 -4.365980 3.523970  0.510888 -0.848666 0.136967  -0.910583 0.909607 1 14 1.000000
0  0.195926 -4.438610 3.543500  0.212927 -0.969028 0.125087  -0.912964 0.951050 1 14 1.000000
Leo2A
0  1.235350 -3.357375 4.288130  0.935855 -0.333675 0.113295  -0.693909 0.747986 1 14 1.000000
0  1.266480 -3.257275 4.176435  0.969658 -0.110078 -0.218279  -0.754578 0.732056 1 14 1.000000
0  1.314090 -2.826675 4.508465  0.975038 -0.080424 0.206959  -0.596863 0.677979 1 14 1.000000
Leo2A
0  1.089786 -3.696730 3.971660  0.737058 -0.312480 -0.599251  -0.794434 0.779663 1 14 1.000000
0  1.266480 -3.257275 4.176435  0.969658 -0.110078 -0.218279  -0.754578 0.732056 1 14 1.000000
0  1.235350 -3.357375 4.288130  0.935855 -0.333675 0.113295  -0.693909 0.747986 1 14 1.000000
Leo2A
0  1.089786 -3.696730 3.971660  0.737058 -0.312480 -0.599251  -0.794434 0.779663 1 14 1.000000
0  1.240845 -3.221570 4.125470  0.915948 -0.068873 -0.395343  -0.768189 0.721497 1 14 1.000000
0  1.266480 -3.257275 4.176435  0.969658 -0.110078 -0.218279  -0.754578 0.732056 1 14 1.000000
Leo2A
0  1.064151 -3.592360 3.925275  0.790637 -0.289135 -0.539717  -0.828491 0.768860 1 14 1.000000
0  1.240845 -3.221570 4.125470  0.915948 -0.068873 -0.395343  -0.768189 0.721497 1 14 1.000000
0  1.089786 -3.696730 3.971660  0.737058 -0.312480 -0.599251  -0.794434 0.779663 1 14 1.000000
Leo2A
0  1.064151 -3.592360 3.925275  0.790637 -0.289135 -0.539717  -0.828491 0.768860 1 14 1.000000
0  1.188355 -3.185865 4.001875  0.874511 -0.484901 -0.010079  -0.820129 0.715027 1 14 1.000000
0  1.240845 -3.221570 4.125470  0.915948 -0.068873 -0.395343  -0.768189 0.721497 1 14 1.000000
Leo2A
0  1.030885 -3.552380 3.838300  0.904448 -0.178695 -0.387352  -0.846069 0.748657 1 14 1.000000
0  1.188355 -3.185865 4.001875  0.874511 -0.484901 -0.010079  -0.820129 0.715027 1 14 1.000000
0  1.064151 -3.592360 3.925275  0.790637 -0.289135 -0.539717  -0.828491 0.768860 1 14 1.000000
Leo2A
0  1.030885 -3.552380 3.838300  0.904448 -0.178695 -0.387352  -0.846069 0.748657 1 14 1.000000
0  0.997621 -3.502945 3.737590  0.900401 -0.412440 -0.138458  -0.873779 0.715820 1 14 1.000000
0  1.188355 -3.185865 4.001875  0.874511 -0.484901 -0.010079  -0.820129 0.715027 1 14 1.000000
Leo2A
0  0.940551 -3.671400 3.575850  0.880878 -0.473344 -0.000001  -0.897522 0.780518 1 14 1.000000
0  0.997621 -3.502945 3.737590  0.900401 -0.412440 -0.138458  -0.873779 0.715820 1 14 1.000000
0  1.030885 -3.552380 3.838300  0.904448 -0.178695 -0.387352  -0.846069 0.748657 1 14 1.000000
Leo2A
0  0.940551 -3.671400 3.575850  0.880878 -0.473344 -0.000001  -0.897522 0.780518 1 14 1.000000
0  0.957336 -3.625015 3.505045  0.928089 -0.346671 -0.135904  -0.907104 0.770142 1 14 1.000000
0  0.997621 -3.502945 3.737590  0.900401 -0.412440 -0.138458  -0.873779 0.715820 1 14 1.000000
Leo2A
0  0.842286 -3.822765 3.438215  0.873182 -0.456497 -0.170772  -0.917908 0.797241 1 14 1.000000
0  0.957336 -3.625015 3.505045  0.928089 -0.346671 -0.135904  -0.907104 0.770142 1 14 1.000000
0  0.940551 -3.671400 3.575850  0.880878 -0.473344 -0.000001  -0.897522 0.780518 1 14 1.000000
Leo2A
0  0.842286 -3.822765 3.438215  0.873182 -0.456497 -0.170772  -0.917908 0.797241 1 14 1.000000
0  0.858461 -3.758850 3.373105  0.802005 -0.298269 -0.517518  -0.929565 0.785767 2 14 0.950000 15 0.050000
0  0.957336 -3.625015 3.505045  0.928089 -0.346671 -0.135904  -0.907104 0.770142 1 14 1.000000
Leo2A
0  0.656131 -4.108410 3.298445  0.727925 -0.505828 -0.462886  -0.959351 0.840576 1 14 1.000000
0  0.858461 -3.758850 3.373105  0.802005 -0.298269 -0.517518  -0.929565 0.785767 2 14 0.950000 15 0.050000
0  0.842286 -3.822765 3.438215  0.873182 -0.456497 -0.170772  -0.917908 0.797241 1 14 1.000000
Leo2A
0  0.639346 -3.994445 3.229980  0.672329 -0.148632 -0.725178  -0.968750 0.828247 2 14 0.900000 15 0.100000
0  0.858461 -3.758850 3.373105  0.802005 -0.298269 -0.517518  -0.929565 0.785767 2 14 0.950000 15 0.050000
0  0.656131 -4.108410 3.298445  0.727925 -0.505828 -0.462886  -0.959351 0.840576 1 14 1.000000
Leo2A
0  0.639346 -3.994445 3.229980  0.672329 -0.148632 -0.725178  -0.968750 0.828247 2 14 0.900000 15 0.100000
0  0.656131 -4.108410 3.298445  0.727925 -0.505828 -0.462886  -0.959351 0.840576 1 14 1.000000
0  0.599366 -4.050295 3.200380  0.592120 -0.262268 -0.761977  -0.983276 0.855286 2 14 0.900000 15 0.100000
Leo2A
0  0.603946 -3.905030 3.200990  0.719764 -0.374107 -0.584794  -0.982300 0.815247 2 14 0.500000 15 0.500000
0  0.639346 -3.994445 3.229980  0.672329 -0.148632 -0.725178  -0.968750 0.828247 2 14 0.900000 15 0.100000
0  0.599366 -4.050295 3.200380  0.592120 -0.262268 -0.761977  -0.983276 0.855286 2 14 0.900000 15 0.100000
Leo2A
0  0.603946 -3.905030 3.200990  0.719764 -0.374107 -0.584794  -0.982300 0.815247 2 14 0.500000 15 0.500000
0  0.599366 -4.050295 3.200380  0.592120 -0.262268 -0.761977  -0.983276 0.855286 2 14 0.900000 15 0.100000
0  0.538026 -3.975220 3.157045  0.471973 -0.118637 -0.873594  -0.991089 0.853577 2 14 0.900000 15 0.100000
Leo2A
0  0.538026 -3.975220 3.157045  0.471973 -0.118637 -0.873594  -0.991089 0.853577 2 14 0.900000 15 0.100000
0  0.599366 -4.050295 3.200380  0.592120 -0.262268 -0.761977  -0.983276 0.855286 2 14 0.900000 15 0.100000
0  0.402831 -4.101870 3.131715  0.235611 -0.271727 -0.933087  -0.993225 0.900879 2 14 0.950000 15 0.050000
Leo2A
0  0.599366 -4.050295 3.200380  0.592120 -0.262268 -0.761977  -0.983276 0.855286 2 14 0.900000 15 0.100000
0  0.437621 -4.192810 3.166810  0.351247 -0.515839 -0.781368  -0.982483 0.901794 2 14 0.950000 15 0.050000
0  0.402831 -4.101870 3.131715  0.235611 -0.271727 -0.933087  -0.993225 0.900879 2 14 0.950000 15 0.050000
Leo2A
0  0.957336 -3.625015 3.505045  0.928089 -0.346671 -0.135904  -0.907104 0.770142 1 14 1.000000
0  0.974426 -3.527525 3.437805  0.801427 -0.592281 -0.083173  -0.915283 0.762817 2 14 0.900000 15 0.100000
0  0.997621 -3.502945 3.737590  0.900401 -0.412440 -0.138458  -0.873779 0.715820 1 14 1.000000
Leo2A
0  0.858461 -3.758850 3.373105  0.802005 -0.298269 -0.517518  -0.929565 0.785767 2 14 0.950000 15 0.050000
0  0.974426 -3.527525 3.437805  0.801427 -0.592281 -0.083173  -0.915283 0.762817 2 14 0.900000 15 0.100000
0  0.957336 -3.625015 3.505045  0.928089 -0.346671 -0.135904  -0.907104 0.770142 1 14 1.000000
Leo2A
0  0.814211 -3.698120 3.326110  0.759870 -0.517771 -0.393079  -0.938843 0.780273 2 14 0.500000 15 0.500000
0  0.974426 -3.527525 3.437805  0.801427 -0.592281 -0.083173  -0.915283 0.762817 2 14 0.900000 15 0.100000
0  0.858461 -3.758850 3.373105  0.802005 -0.298269 -0.517518  -0.929565 0.785767 2 14 0.950000 15 0.050000
Leo2A
0  0.814211 -3.698120 3.326110  0.759870 -0.517771 -0.393079  -0.938843 0.780273 2 14 0.500000 15 0.500000
0  0.858461 -3.758850 3.373105  0.802005 -0.298269 -0.517518  -0.929565 0.785767 2 14 0.950000 15 0.050000
0  0.639346 -3.994445 3.229980  0.672329 -0.148632 -0.725178  -0.968750 0.828247 2 14 0.900000 15 0.100000
Leo2A
0  0.814211 -3.698120 3.326110  0.759870 -0.517771 -0.393079  -0.938843 0.780273 2 14 0.500000 15 0.500000
0  0.639346 -3.994445 3.229980  0.672329 -0.148632 -0.725178  -0.968750 0.828247 2 14 0.900000 15 0.100000
0  0.603946 -3.905030 3.200990  0.719764 -0.374107 -0.584794  -0.982300 0.815247 2 14 0.500000 15 0.500000
Leo2A
0  0.195926 -4.438610 3.543500  0.212927 -0.969028 0.125087  -0.912964 0.951050 1 14 1.000000
0  0.409546 -4.365980 3.523970  0.510888 -0.848666 0.136967  -0.910583 0.909607 1 14 1.000000
0  0.390016 -4.336380 3.631085  0.449427 -0.645074 0.617977  -0.889954 0.915649 1 14 1.000000
Leo2A
0  0.409546 -4.365980 3.523970  0.510888 -0.848666 0.136967  -0.910583 0.909607 1 14 1.000000
0  0.622866 -4.173415 3.543195  0.666397 -0.567893 0.483128  -0.908142 0.878540 1 14 1.000000
0  0.390016 -4.336380 3.631085  0.449427 -0.645074 0.617977  -0.889954 0.915649 1 14 1.000000
Leo2A
0  0.392456 -4.372390 3.372295  0.421198 -0.862180 -0.281491  -0.945374 0.901306 1 14 1.000000
0  0.622866 -4.173415 3.543195  0.666397 -0.567893 0.483128  -0.908142 0.878540 1 14 1.000000
0  0.409546 -4.365980 3.523970  0.510888 -0.848666 0.136967  -0.910583 0.909607 1 14 1.000000
Leo2A
0  0.658876 -4.167920 3.420820  0.753244 -0.654360 -0.066617  -0.932556 0.849670 1 14 1.000000
0  0.622866 -4.173415 3.543195  0.666397 -0.567893 0.483128  -0.908142 0.878540 1 14 1.000000
0  0.392456 -4.372390 3.372295  0.421198 -0.862180 -0.281491  -0.945374 0.901306 1 14 1.000000
Leo2A
0  0.392456 -4.372390 3.372295  0.421198 -0.862180 -0.281491  -0.945374 0.901306 1 14 1.000000
0  0.656131 -4.108410 3.298445  0.727925 -0.505828 -0.462886  -0.959351 0.840576 1 14 1.000000
0  0.658876 -4.167920 3.420820  0.753244 -0.654360 -0.066617  -0.932556 0.849670 1 14 1.000000
Leo2A
0  0.656131 -4.108410 3.298445  0.727925 -0.505828 -0.462886  -0.959351 0.840576 1 14 1.000000
0  0.842286 -3.822765 3.438215  0.873182 -0.456497 -0.170772  -0.917908 0.797241 1 14 1.000000
0  0.658876 -4.167920 3.420820  0.753244 -0.654360 -0.066617  -0.932556 0.849670 1 14 1.000000
Leo2A
0  0.658876 -4.167920 3.420820  0.753244 -0.654360 -0.066617  -0.932556 0.849670 1 14 1.000000
0  0.842286 -3.822765 3.438215  0.873182 -0.456497 -0.170772  -0.917908 0.797241 1 14 1.000000
0  0.821231 -3.877700 3.503520  0.820614 -0.534734 0.201623  -0.905456 0.812012 1 14 1.000000
Leo2A
0  0.842286 -3.822765 3.438215  0.873182 -0.456497 -0.170772  -0.917908 0.797241 1 14 1.000000
0  0.940551 -3.671400 3.575850  0.880878 -0.473344 -0.000001  -0.897522 0.780518 1 14 1.000000
0  0.821231 -3.877700 3.503520  0.820614 -0.534734 0.201623  -0.905456 0.812012 1 14 1.000000
Leo2A
0  0.821231 -3.877700 3.503520  0.820614 -0.534734 0.201623  -0.905456 0.812012 1 14 1.000000
0  0.940551 -3.671400 3.575850  0.880878 -0.473344 -0.000001  -0.897522 0.780518 1 14 1.000000
0  0.906066 -3.704665 3.624980  0.754205 -0.653110 0.067988  -0.888123 0.789795 1 14 1.000000
Leo2A
0  0.940551 -3.671400 3.575850  0.880878 -0.473344 -0.000001  -0.897522 0.780518 1 14 1.000000
0  1.030885 -3.552380 3.838300  0.904448 -0.178695 -0.387352  -0.846069 0.748657 1 14 1.000000
0  0.906066 -3.704665 3.624980  0.754205 -0.653110 0.067988  -0.888123 0.789795 1 14 1.000000
Leo2A
0  0.906066 -3.704665 3.624980  0.754205 -0.653110 0.067988  -0.888123 0.789795 1 14 1.000000
0  1.030885 -3.552380 3.838300  0.904448 -0.178695 -0.387352  -0.846069 0.748657 1 14 1.000000
0  1.064151 -3.592360 3.925275  0.790637 -0.289135 -0.539717  -0.828491 0.768860 1 14 1.000000
Leo2A
0  1.064151 -3.592360 3.925275  0.790637 -0.289135 -0.539717  -0.828491 0.768860 1 14 1.000000
0  0.875856 -3.743420 3.678995  0.647836 -0.758365 -0.072045  -0.878235 0.798523 1 14 1.000000
0  0.906066 -3.704665 3.624980  0.754205 -0.653110 0.067988  -0.888123 0.789795 1 14 1.000000
Leo2A
0  1.064151 -3.592360 3.925275  0.790637 -0.289135 -0.539717  -0.828491 0.768860 1 14 1.000000
0  0.830386 -3.776075 3.714400  0.454422 -0.853230 0.255927  -0.870117 0.801331 1 14 1.000000
0  0.875856 -3.743420 3.678995  0.647836 -0.758365 -0.072045  -0.878235 0.798523 1 14 1.000000
Leo2A
0  0.830386 -3.776075 3.714400  0.454422 -0.853230 0.255927  -0.870117 0.801331 1 14 1.000000
0  0.768436 -3.831310 3.661600  0.591375 -0.783444 0.191026  -0.878845 0.811951 1 14 1.000000
0  0.875856 -3.743420 3.678995  0.647836 -0.758365 -0.072045  -0.878235 0.798523 1 14 1.000000
Leo2A
0  0.830386 -3.776075 3.714400  0.454422 -0.853230 0.255927  -0.870117 0.801331 1 14 1.000000
0  0.763856 -3.820935 3.685710  0.644976 -0.758462 0.093497  -0.873840 0.818176 1 14 1.000000
0  0.768436 -3.831310 3.661600  0.591375 -0.783444 0.191026  -0.878845 0.811951 1 14 1.000000
Leo2A
0  0.768436 -3.831310 3.661600  0.591375 -0.783444 0.191026  -0.878845 0.811951 1 14 1.000000
0  0.763856 -3.820935 3.685710  0.644976 -0.758462 0.093497  -0.873840 0.818176 1 14 1.000000
0  0.682986 -3.908825 3.625895  0.720994 -0.622683 0.304027  -0.888977 0.840271 1 14 1.000000
Leo2A
0  0.682986 -3.908825 3.625895  0.720994 -0.622683 0.304027  -0.888977 0.840271 1 14 1.000000
0  0.763856 -3.820935 3.685710  0.644976 -0.758462 0.093497  -0.873840 0.818176 1 14 1.000000
0  0.687866 -3.909435 3.647260  0.715033 -0.669490 -0.201273  -0.882141 0.840088 1 14 1.000000
Leo2A
0  0.501101 -4.079725 3.649700  0.554496 -0.465284 0.689960  -0.885864 0.884460 1 14 1.000000
0  0.682986 -3.908825 3.625895  0.720994 -0.622683 0.304027  -0.888977 0.840271 1 14 1.000000
0  0.687866 -3.909435 3.647260  0.715033 -0.669490 -0.201273  -0.882141 0.840088 1 14 1.000000
Leo2A
0  0.501101 -4.079725 3.649700  0.554496 -0.465284 0.689960  -0.885864 0.884460 1 14 1.000000
0  0.687866 -3.909435 3.647260  0.715033 -0.669490 -0.201273  -0.882141 0.840088 1 14 1.000000
0  0.497741 -4.066605 3.669230  0.612468 -0.763279 0.205641  -0.879456 0.877197 1 14 1.000000
Leo2A
0  0.497741 -4.066605 3.669230  0.612468 -0.763279 0.205641  -0.879456 0.877197 1 14 1.000000
0  0.687866 -3.909435 3.647260  0.715033 -0.669490 -0.201273  -0.882141 0.840088 1 14 1.000000
0  0.752566 -3.923475 3.870955  0.434439 -0.130218 -0.891239  -0.845276 0.841553 1 14 1.000000
Leo2A
0  0.687866 -3.909435 3.647260  0.715033 -0.669490 -0.201273  -0.882141 0.840088 1 14 1.000000
0  0.763856 -3.820935 3.685710  0.644976 -0.758462 0.093497  -0.873840 0.818176 1 14 1.000000
0  0.752566 -3.923475 3.870955  0.434439 -0.130218 -0.891239  -0.845276 0.841553 1 14 1.000000
Leo2A
0  0.875856 -3.743420 3.678995  0.647836 -0.758365 -0.072045  -0.878235 0.798523 1 14 1.000000
0  0.768436 -3.831310 3.661600  0.591375 -0.783444 0.191026  -0.878845 0.811951 1 14 1.000000
0  0.906066 -3.704665 3.624980  0.754205 -0.653110 0.067988  -0.888123 0.789795 1 14 1.000000
Leo2A
0  0.768436 -3.831310 3.661600  0.591375 -0.783444 0.191026  -0.878845 0.811951 1 14 1.000000
0  0.682986 -3.908825 3.625895  0.720994 -0.622683 0.304027  -0.888977 0.840271 1 14 1.000000
0  0.906066 -3.704665 3.624980  0.754205 -0.653110 0.067988  -0.888123 0.789795 1 14 1.000000
Leo2A
0  0.906066 -3.704665 3.624980  0.754205 -0.653110 0.067988  -0.888123 0.789795 1 14 1.000000
0  0.682986 -3.908825 3.625895  0.720994 -0.622683 0.304027  -0.888977 0.840271 1 14 1.000000
0  0.821231 -3.877700 3.503520  0.820614 -0.534734 0.201623  -0.905456 0.812012 1 14 1.000000
Leo2A
0  0.682986 -3.908825 3.625895  0.720994 -0.622683 0.304027  -0.888977 0.840271 1 14 1.000000
0  0.622866 -4.173415 3.543195  0.666397 -0.567893 0.483128  -0.908142 0.878540 1 14 1.000000
0  0.821231 -3.877700 3.503520  0.820614 -0.534734 0.201623  -0.905456 0.812012 1 14 1.000000
Leo2A
0  0.821231 -3.877700 3.503520  0.820614 -0.534734 0.201623  -0.905456 0.812012 1 14 1.000000
0  0.622866 -4.173415 3.543195  0.666397 -0.567893 0.483128  -0.908142 0.878540 1 14 1.000000
0  0.658876 -4.167920 3.420820  0.753244 -0.654360 -0.066617  -0.932556 0.849670 1 14 1.000000
Leo2A
0  0.390016 -4.336380 3.631085  0.449427 -0.645074 0.617977  -0.889954 0.915649 1 14 1.000000
0  0.622866 -4.173415 3.543195  0.666397 -0.567893 0.483128  -0.908142 0.878540 1 14 1.000000
0  0.501101 -4.079725 3.649700  0.554496 -0.465284 0.689960  -0.885864 0.884460 1 14 1.000000
Leo2A
0  0.622866 -4.173415 3.543195  0.666397 -0.567893 0.483128  -0.908142 0.878540 1 14 1.000000
0  0.682986 -3.908825 3.625895  0.720994 -0.622683 0.304027  -0.888977 0.840271 1 14 1.000000
0  0.501101 -4.079725 3.649700  0.554496 -0.465284 0.689960  -0.885864 0.884460 1 14 1.000000
Leo2A
0  0.508426 -4.099255 3.827925  0.216860 -0.100811 -0.970984  -0.853638 0.881287 1 14 1.000000
0  0.364686 -4.144730 3.738200  0.626315 -0.779145 0.025721  -0.863586 0.910339 1 14 1.000000
0  0.497741 -4.066605 3.669230  0.612468 -0.763279 0.205641  -0.879456 0.877197 1 14 1.000000
Leo2A
0  0.752566 -3.923475 3.870955  0.434439 -0.130218 -0.891239  -0.845276 0.841553 1 14 1.000000
0  0.508426 -4.099255 3.827925  0.216860 -0.100811 -0.970984  -0.853638 0.881287 1 14 1.000000
0  0.497741 -4.066605 3.669230  0.612468 -0.763279 0.205641  -0.879456 0.877197 1 14 1.000000
Leo2A
0  0.768131 -3.965895 3.846235  0.048995 0.286887 -0.956711  -0.839356 0.840698 1 14 1.000000
0  0.508426 -4.099255 3.827925  0.216860 -0.100811 -0.970984  -0.853638 0.881287 1 14 1.000000
0  0.752566 -3.923475 3.870955  0.434439 -0.130218 -0.891239  -0.845276 0.841553 1 14 1.000000
Leo2A
0  0.768131 -3.965895 3.846235  0.048995 0.286887 -0.956711  -0.839356 0.840698 1 14 1.000000
0  0.752566 -3.923475 3.870955  0.434439 -0.130218 -0.891239  -0.845276 0.841553 1 14 1.000000
0  0.938111 -3.722975 3.954875  0.480734 -0.294723 -0.825853  -0.810547 0.789246 1 14 1.000000
Leo2A
0  1.089786 -3.696730 3.971660  0.737058 -0.312480 -0.599251  -0.794434 0.779663 1 14 1.000000
0  0.768131 -3.965895 3.846235  0.048995 0.286887 -0.956711  -0.839356 0.840698 1 14 1.000000
0  0.938111 -3.722975 3.954875  0.480734 -0.294723 -0.825853  -0.810547 0.789246 1 14 1.000000
Leo2A
0  0.938111 -3.722975 3.954875  0.480734 -0.294723 -0.825853  -0.810547 0.789246 1 14 1.000000
0  1.064151 -3.592360 3.925275  0.790637 -0.289135 -0.539717  -0.828491 0.768860 1 14 1.000000
0  1.089786 -3.696730 3.971660  0.737058 -0.312480 -0.599251  -0.794434 0.779663 1 14 1.000000
Leo2A
0  0.915836 -3.724500 3.819990  0.623737 -0.760597 -0.180125  -0.838806 0.790771 1 14 1.000000
0  1.064151 -3.592360 3.925275  0.790637 -0.289135 -0.539717  -0.828491 0.768860 1 14 1.000000
0  0.938111 -3.722975 3.954875  0.480734 -0.294723 -0.825853  -0.810547 0.789246 1 14 1.000000
Leo2A
0  0.915836 -3.724500 3.819990  0.623737 -0.760597 -0.180125  -0.838806 0.790771 1 14 1.000000
0  0.830386 -3.776075 3.714400  0.454422 -0.853230 0.255927  -0.870117 0.801331 1 14 1.000000
0  1.064151 -3.592360 3.925275  0.790637 -0.289135 -0.539717  -0.828491 0.768860 1 14 1.000000
Leo2A
0  0.830386 -3.776075 3.714400  0.454422 -0.853230 0.255927  -0.870117 0.801331 1 14 1.000000
0  0.915836 -3.724500 3.819990  0.623737 -0.760597 -0.180125  -0.838806 0.790771 1 14 1.000000
0  0.819091 -3.769665 3.730570  0.525171 -0.845712 0.094698  -0.863525 0.807617 1 14 1.000000
Leo2A
0  0.830386 -3.776075 3.714400  0.454422 -0.853230 0.255927  -0.870117 0.801331 1 14 1.000000
0  0.819091 -3.769665 3.730570  0.525171 -0.845712 0.094698  -0.863525 0.807617 1 14 1.000000
0  0.763856 -3.820935 3.685710  0.644976 -0.758462 0.093497  -0.873840 0.818176 1 14 1.000000
Leo2A
0  0.819091 -3.769665 3.730570  0.525171 -0.845712 0.094698  -0.863525 0.807617 1 14 1.000000
0  0.879211 -3.740675 3.819685  0.579654 -0.806949 -0.113292  -0.842163 0.798584 1 14 1.000000
0  0.763856 -3.820935 3.685710  0.644976 -0.758462 0.093497  -0.873840 0.818176 1 14 1.000000
Leo2A
0  0.763856 -3.820935 3.685710  0.644976 -0.758462 0.093497  -0.873840 0.818176 1 14 1.000000
0  0.879211 -3.740675 3.819685  0.579654 -0.806949 -0.113292  -0.842163 0.798584 1 14 1.000000
0  0.752566 -3.923475 3.870955  0.434439 -0.130218 -0.891239  -0.845276 0.841553 1 14 1.000000
Leo2A
0  0.752566 -3.923475 3.870955  0.434439 -0.130218 -0.891239  -0.845276 0.841553 1 14 1.000000
0  0.879211 -3.740675 3.819685  0.579654 -0.806949 -0.113292  -0.842163 0.798584 1 14 1.000000
0  0.895691 -3.745255 3.919475  0.682088 -0.654548 -0.326071  -0.823792 0.798157 1 14 1.000000
Leo2A
0  0.938111 -3.722975 3.954875  0.480734 -0.294723 -0.825853  -0.810547 0.789246 1 14 1.000000
0  0.752566 -3.923475 3.870955  0.434439 -0.130218 -0.891239  -0.845276 0.841553 1 14 1.000000
0  0.895691 -3.745255 3.919475  0.682088 -0.654548 -0.326071  -0.823792 0.798157 1 14 1.000000
Leo2A
0  0.895691 -3.745255 3.919475  0.682088 -0.654548 -0.326071  -0.823792 0.798157 1 14 1.000000
0  0.915836 -3.724500 3.819990  0.623737 -0.760597 -0.180125  -0.838806 0.790771 1 14 1.000000
0  0.938111 -3.722975 3.954875  0.480734 -0.294723 -0.825853  -0.810547 0.789246 1 14 1.000000
Leo2A
0  0.879211 -3.740675 3.819685  0.579654 -0.806949 -0.113292  -0.842163 0.798584 1 14 1.000000
0  0.915836 -3.724500 3.819990  0.623737 -0.760597 -0.180125  -0.838806 0.790771 1 14 1.000000
0  0.895691 -3.745255 3.919475  0.682088 -0.654548 -0.326071  -0.823792 0.798157 1 14 1.000000
Leo2A
0  0.915836 -3.724500 3.819990  0.623737 -0.760597 -0.180125  -0.838806 0.790771 1 14 1.000000
0  0.879211 -3.740675 3.819685  0.579654 -0.806949 -0.113292  -0.842163 0.798584 1 14 1.000000
0  0.819091 -3.769665 3.730570  0.525171 -0.845712 0.094698  -0.863525 0.807617 1 14 1.000000
Leo2A
0  0.828246 -4.022960 3.854780  0.600393 -0.317695 -0.733892  -0.820984 0.831543 1 14 1.000000
0  0.768131 -3.965895 3.846235  0.048995 0.286887 -0.956711  -0.839356 0.840698 1 14 1.000000
0  1.089786 -3.696730 3.971660  0.737058 -0.312480 -0.599251  -0.794434 0.779663 1 14 1.000000
Leo2A
0  0.734256 -4.218580 4.022625  0.597539 -0.801272 -0.030175  -0.788269 0.872742 1 14 1.000000
0  1.089786 -3.696730 3.971660  0.737058 -0.312480 -0.599251  -0.794434 0.779663 1 14 1.000000
0  1.053771 -3.834670 4.101665  0.842263 -0.539062 -0.002180  -0.764282 0.805359 1 14 1.000000
Leo2A
0  0.734256 -4.218580 4.022625  0.597539 -0.801272 -0.030175  -0.788269 0.872742 1 14 1.000000
0  0.828246 -4.022960 3.854780  0.600393 -0.317695 -0.733892  -0.820984 0.831543 1 14 1.000000
0  1.089786 -3.696730 3.971660  0.737058 -0.312480 -0.599251  -0.794434 0.779663 1 14 1.000000
Leo2A
0  0.596621 -4.189590 3.793745  0.322742 -0.452015 -0.831577  -0.834839 0.883606 1 14 1.000000
0  0.828246 -4.022960 3.854780  0.600393 -0.317695 -0.733892  -0.820984 0.831543 1 14 1.000000
0  0.734256 -4.218580 4.022625  0.597539 -0.801272 -0.030175  -0.788269 0.872742 1 14 1.000000
Leo2A
0  0.596621 -4.189590 3.793745  0.322742 -0.452015 -0.831577  -0.834839 0.883606 1 14 1.000000
0  0.768131 -3.965895 3.846235  0.048995 0.286887 -0.956711  -0.839356 0.840698 1 14 1.000000
0  0.828246 -4.022960 3.854780  0.600393 -0.317695 -0.733892  -0.820984 0.831543 1 14 1.000000
Leo2A
0  0.509036 -4.127335 3.795270  -0.147202 0.408337 -0.900884  -0.849487 0.883850 1 14 1.000000
0  0.768131 -3.965895 3.846235  0.048995 0.286887 -0.956711  -0.839356 0.840698 1 14 1.000000
0  0.596621 -4.189590 3.793745  0.322742 -0.452015 -0.831577  -0.834839 0.883606 1 14 1.000000
Leo2A
0  0.768131 -3.965895 3.846235  0.048995 0.286887 -0.956711  -0.839356 0.840698 1 14 1.000000
0  0.509036 -4.127335 3.795270  -0.147202 0.408337 -0.900884  -0.849487 0.883850 1 14 1.000000
0  0.508426 -4.099255 3.827925  0.216860 -0.100811 -0.970984  -0.853638 0.881287 1 14 1.000000
Leo2A
0  0.508426 -4.099255 3.827925  0.216860 -0.100811 -0.970984  -0.853638 0.881287 1 14 1.000000
0  0.509036 -4.127335 3.795270  -0.147202 0.408337 -0.900884  -0.849487 0.883850 1 14 1.000000
0  0.321961 -4.209120 3.795575  0.274189 -0.449356 -0.850235  -0.850586 0.922180 1 14 1.000000
Leo2A
0  0.372926 -4.168835 3.799540  0.488111 -0.617648 -0.616651  -0.853210 0.909668 1 14 1.000000
0  0.508426 -4.099255 3.827925  0.216860 -0.100811 -0.970984  -0.853638 0.881287 1 14 1.000000
0  0.321961 -4.209120 3.795575  0.274189 -0.449356 -0.850235  -0.850586 0.922180 1 14 1.000000
Leo2A
0  0.321961 -4.209120 3.795575  0.274189 -0.449356 -0.850235  -0.850586 0.922180 1 14 1.000000
0  0.364686 -4.144730 3.738200  0.626315 -0.779145 0.025721  -0.863586 0.910339 1 14 1.000000
0  0.372926 -4.168835 3.799540  0.488111 -0.617648 -0.616651  -0.853210 0.909668 1 14 1.000000
Leo2A
0  0.364686 -4.144730 3.738200  0.626315 -0.779145 0.025721  -0.863586 0.910339 1 14 1.000000
0  0.508426 -4.099255 3.827925  0.216860 -0.100811 -0.970984  -0.853638 0.881287 1 14 1.000000
0  0.372926 -4.168835 3.799540  0.488111 -0.617648 -0.616651  -0.853210 0.909668 1 14 1.000000
Leo2A
0  0.364686 -4.281445 3.787030  0.176959 -0.469934 -0.864782  -0.834900 0.920898 1 14 1.000000
0  0.596621 -4.189590 3.793745  0.322742 -0.452015 -0.831577  -0.834839 0.883606 1 14 1.000000
0  0.734256 -4.218580 4.022625  0.597539 -0.801272 -0.030175  -0.788269 0.872742 1 14 1.000000
Leo2A
0  0.321961 -4.209120 3.795575  0.274189 -0.449356 -0.850235  -0.850586 0.922180 1 14 1.000000
0  0.596621 -4.189590 3.793745  0.322742 -0.452015 -0.831577  -0.834839 0.883606 1 14 1.000000
0  0.364686 -4.281445 3.787030  0.176959 -0.469934 -0.864782  -0.834900 0.920898 1 14 1.000000
Leo2A
0  0.321961 -4.209120 3.795575  0.274189 -0.449356 -0.850235  -0.850586 0.922180 1 14 1.000000
0  0.509036 -4.127335 3.795270  -0.147202 0.408337 -0.900884  -0.849487 0.883850 1 14 1.000000
0  0.596621 -4.189590 3.793745  0.322742 -0.452015 -0.831577  -0.834839 0.883606 1 14 1.000000
Leo2A
0  0.328676 -4.186535 3.726910  0.615812 -0.667116 0.419205  -0.865601 0.920532 1 14 1.000000
0  0.364686 -4.144730 3.738200  0.626315 -0.779145 0.025721  -0.863586 0.910339 1 14 1.000000
0  0.321961 -4.209120 3.795575  0.274189 -0.449356 -0.850235  -0.850586 0.922180 1 14 1.000000
Leo2A
0  -0.409544 -4.365980 3.523970  -0.510887 -0.848666 0.136967  -0.910583 0.909607 1 14 1.000000
0  -0.195924 -4.438610 3.543500  -0.212927 -0.969028 0.125085  -0.912964 0.951050 1 14 1.000000
0  -0.390014 -4.336380 3.631085  -0.449427 -0.645074 0.617976  -0.889954 0.915649 1 14 1.000000
Leo2A
0  -0.195924 -4.438610 3.543500  -0.212927 -0.969028 0.125085  -0.912964 0.951050 1 14 1.000000
0  -0.181579 -4.393140 3.657635  -0.273397 -0.808580 0.521011  -0.887390 0.952881 1 14 1.000000
0  -0.390014 -4.336380 3.631085  -0.449427 -0.645074 0.617976  -0.889954 0.915649 1 14 1.000000
Leo2A
0  -0.181579 -4.393140 3.657635  -0.273397 -0.808580 0.521011  -0.887390 0.952881 1 14 1.000000
0  -0.195924 -4.438610 3.543500  -0.212927 -0.969028 0.125085  -0.912964 0.951050 1 14 1.000000
0  0.000001 -4.462110 3.559980  0.000000 -0.990034 0.140828  -0.910400 0.988648 1 14 1.000000
Leo2A
0  -0.181579 -4.393140 3.657635  -0.273397 -0.808580 0.521011  -0.887390 0.952881 1 14 1.000000
0  0.000001 -4.462110 3.559980  0.000000 -0.990034 0.140828  -0.910400 0.988648 1 14 1.000000
0  0.000001 -4.419690 3.671675  0.000000 -0.878970 0.476876  -0.884460 0.988892 1 14 1.000000
Leo2A
0  0.000001 -4.419690 3.671675  0.000000 -0.878970 0.476876  -0.884460 0.988892 1 14 1.000000
0  0.000001 -4.462110 3.559980  0.000000 -0.990034 0.140828  -0.910400 0.988648 1 14 1.000000
0  0.181581 -4.393140 3.657635  0.273398 -0.808579 0.521012  -0.887390 0.952881 1 14 1.000000
Leo2A
0  0.000001 -4.419690 3.671675  0.000000 -0.878970 0.476876  -0.884460 0.988892 1 14 1.000000
0  0.181581 -4.393140 3.657635  0.273398 -0.808579 0.521012  -0.887390 0.952881 1 14 1.000000
0  0.168761 -4.335770 3.741865  0.347637 -0.561107 0.751204  -0.865295 0.954712 1 14 1.000000
Leo2A
0  0.168761 -4.335770 3.741865  0.347637 -0.561107 0.751204  -0.865295 0.954712 1 14 1.000000
0  0.181581 -4.393140 3.657635  0.273398 -0.808579 0.521012  -0.887390 0.952881 1 14 1.000000
0  0.328676 -4.186535 3.726910  0.615812 -0.667116 0.419205  -0.865601 0.920532 1 14 1.000000
Leo2A
0  0.168761 -4.335770 3.741865  0.347637 -0.561107 0.751204  -0.865295 0.954712 1 14 1.000000
0  0.328676 -4.186535 3.726910  0.615812 -0.667116 0.419205  -0.865601 0.920532 1 14 1.000000
0  0.097961 -4.282665 3.776960  0.361633 -0.926938 -0.100034  -0.847778 0.971741 1 14 1.000000
Leo2A
0  0.097961 -4.282665 3.776960  0.361633 -0.926938 -0.100034  -0.847778 0.971741 1 14 1.000000
0  0.328676 -4.186535 3.726910  0.615812 -0.667116 0.419205  -0.865601 0.920532 1 14 1.000000
0  0.321961 -4.209120 3.795575  0.274189 -0.449356 -0.850235  -0.850586 0.922180 1 14 1.000000
Leo2A
0  0.097961 -4.282665 3.776960  0.361633 -0.926938 -0.100034  -0.847778 0.971741 1 14 1.000000
0  0.321961 -4.209120 3.795575  0.274189 -0.449356 -0.850235  -0.850586 0.922180 1 14 1.000000
0  0.145266 -4.358350 3.802595  0.079666 -0.719024 -0.690404  -0.835999 0.963318 1 14 1.000000
Leo2A
0  0.145266 -4.358350 3.802595  0.079666 -0.719024 -0.690404  -0.835999 0.963318 1 14 1.000000
0  0.321961 -4.209120 3.795575  0.274189 -0.449356 -0.850235  -0.850586 0.922180 1 14 1.000000
0  0.364686 -4.281445 3.787030  0.176959 -0.469934 -0.864782  -0.834900 0.920898 1 14 1.000000
Leo2A
0  0.145266 -4.358350 3.802595  0.079666 -0.719024 -0.690404  -0.835999 0.963318 1 14 1.000000
0  0.364686 -4.281445 3.787030  0.176959 -0.469934 -0.864782  -0.834900 0.920898 1 14 1.000000
0  0.356446 -4.409620 4.039410  0.250787 -0.967411 0.034943  -0.789368 0.935303 1 14 1.000000
Leo2A
0  0.356446 -4.409620 4.039410  0.250787 -0.967411 0.034943  -0.789368 0.935303 1 14 1.000000
0  0.364686 -4.281445 3.787030  0.176959 -0.469934 -0.864782  -0.834900 0.920898 1 14 1.000000
0  0.734256 -4.218580 4.022625  0.597539 -0.801272 -0.030175  -0.788269 0.872742 1 14 1.000000
Leo2A
0  0.356446 -4.409620 4.039410  0.250787 -0.967411 0.034943  -0.789368 0.935303 1 14 1.000000
0  0.734256 -4.218580 4.022625  0.597539 -0.801272 -0.030175  -0.788269 0.872742 1 14 1.000000
0  0.763856 -4.123060 4.183455  0.575051 -0.722418 0.383963  -0.754761 0.866821 1 14 1.000000
Leo2A
0  0.763856 -4.123060 4.183455  0.575051 -0.722418 0.383963  -0.754761 0.866821 1 14 1.000000
0  0.734256 -4.218580 4.022625  0.597539 -0.801272 -0.030175  -0.788269 0.872742 1 14 1.000000
0  1.053771 -3.834670 4.101665  0.842263 -0.539062 -0.002180  -0.764282 0.805359 1 14 1.000000
Leo2A
0  0.763856 -4.123060 4.183455  0.575051 -0.722418 0.383963  -0.754761 0.866821 1 14 1.000000
0  1.053771 -3.834670 4.101665  0.842263 -0.539062 -0.002180  -0.764282 0.805359 1 14 1.000000
0  0.905151 -3.824295 4.481610  0.681543 -0.623354 0.383314  -0.690735 0.828735 1 14 1.000000
Leo2A
0  1.053771 -3.834670 4.101665  0.842263 -0.539062 -0.002180  -0.764282 0.805359 1 14 1.000000
0  1.235350 -3.357375 4.288130  0.935855 -0.333675 0.113295  -0.693909 0.747986 1 14 1.000000
0  0.905151 -3.824295 4.481610  0.681543 -0.623354 0.383314  -0.690735 0.828735 1 14 1.000000
Leo2A
0  1.053771 -3.834670 4.101665  0.842263 -0.539062 -0.002180  -0.764282 0.805359 1 14 1.000000
0  1.089786 -3.696730 3.971660  0.737058 -0.312480 -0.599251  -0.794434 0.779663 1 14 1.000000
0  1.235350 -3.357375 4.288130  0.935855 -0.333675 0.113295  -0.693909 0.747986 1 14 1.000000
Leo2A
0  0.379946 -4.290905 4.272565  0.312191 -0.848597 0.427106  -0.746521 0.939636 1 14 1.000000
0  0.763856 -4.123060 4.183455  0.575051 -0.722418 0.383963  -0.754761 0.866821 1 14 1.000000
0  0.905151 -3.824295 4.481610  0.681543 -0.623354 0.383314  -0.690735 0.828735 1 14 1.000000
Leo2A
0  0.379946 -4.290905 4.272565  0.312191 -0.848597 0.427106  -0.746521 0.939636 1 14 1.000000
0  0.356446 -4.409620 4.039410  0.250787 -0.967411 0.034943  -0.789368 0.935303 1 14 1.000000
0  0.763856 -4.123060 4.183455  0.575051 -0.722418 0.383963  -0.754761 0.866821 1 14 1.000000
Leo2A
0  0.000001 -4.409010 4.057415  -0.000000 -0.998899 0.046914  -0.786743 0.988892 1 14 1.000000
0  0.356446 -4.409620 4.039410  0.250787 -0.967411 0.034943  -0.789368 0.935303 1 14 1.000000
0  0.379946 -4.290905 4.272565  0.312191 -0.848597 0.427106  -0.746521 0.939636 1 14 1.000000
Leo2A
0  0.000001 -4.409010 4.057415  -0.000000 -0.998899 0.046914  -0.786743 0.988892 1 14 1.000000
0  0.145266 -4.358350 3.802595  0.079666 -0.719024 -0.690404  -0.835999 0.963318 1 14 1.000000
0  0.356446 -4.409620 4.039410  0.250787 -0.967411 0.034943  -0.789368 0.935303 1 14 1.000000
Leo2A
0  0.000001 -4.375440 3.854475  0.000000 -0.922918 -0.384997  -0.829407 0.989136 1 14 1.000000
0  0.000001 -4.301285 3.776655  -0.000000 -0.994179 0.107736  -0.849854 0.989258 1 14 1.000000
0  0.145266 -4.358350 3.802595  0.079666 -0.719024 -0.690404  -0.835999 0.963318 1 14 1.000000
Leo2A
0  0.000001 -4.301285 3.776655  -0.000000 -0.994179 0.107736  -0.849854 0.989258 1 14 1.000000
0  0.097961 -4.282665 3.776960  0.361633 -0.926938 -0.100034  -0.847778 0.971741 1 14 1.000000
0  0.145266 -4.358350 3.802595  0.079666 -0.719024 -0.690404  -0.835999 0.963318 1 14 1.000000
Leo2A
0  0.000001 -4.364455 3.746135  -0.000000 -0.653539 0.756893  -0.862122 0.989136 1 14 1.000000
0  0.097961 -4.282665 3.776960  0.361633 -0.926938 -0.100034  -0.847778 0.971741 1 14 1.000000
0  0.000001 -4.301285 3.776655  -0.000000 -0.994179 0.107736  -0.849854 0.989258 1 14 1.000000
Leo2A
0  0.000001 -4.364455 3.746135  -0.000000 -0.653539 0.756893  -0.862122 0.989136 1 14 1.000000
0  0.168761 -4.335770 3.741865  0.347637 -0.561107 0.751204  -0.865295 0.954712 1 14 1.000000
0  0.097961 -4.282665 3.776960  0.361633 -0.926938 -0.100034  -0.847778 0.971741 1 14 1.000000
Leo2A
0  0.000001 -4.419690 3.671675  0.000000 -0.878970 0.476876  -0.884460 0.988892 1 14 1.000000
0  0.168761 -4.335770 3.741865  0.347637 -0.561107 0.751204  -0.865295 0.954712 1 14 1.000000
0  0.000001 -4.364455 3.746135  -0.000000 -0.653539 0.756893  -0.862122 0.989136 1 14 1.000000
Leo2A
0  -0.168759 -4.335770 3.741865  -0.347637 -0.561107 0.751204  -0.865295 0.954712 1 14 1.000000
0  0.000001 -4.419690 3.671675  0.000000 -0.878970 0.476876  -0.884460 0.988892 1 14 1.000000
0  0.000001 -4.364455 3.746135  -0.000000 -0.653539 0.756893  -0.862122 0.989136 1 14 1.000000
Leo2A
0  -0.181579 -4.393140 3.657635  -0.273397 -0.808580 0.521011  -0.887390 0.952881 1 14 1.000000
0  0.000001 -4.419690 3.671675  0.000000 -0.878970 0.476876  -0.884460 0.988892 1 14 1.000000
0  -0.168759 -4.335770 3.741865  -0.347637 -0.561107 0.751204  -0.865295 0.954712 1 14 1.000000
Leo2A
0  -0.181579 -4.393140 3.657635  -0.273397 -0.808580 0.521011  -0.887390 0.952881 1 14 1.000000
0  -0.168759 -4.335770 3.741865  -0.347637 -0.561107 0.751204  -0.865295 0.954712 1 14 1.000000
0  -0.328674 -4.186535 3.726910  -0.615812 -0.667115 0.419206  -0.865601 0.920532 1 14 1.000000
Leo2A
0  -0.390014 -4.336380 3.631085  -0.449427 -0.645074 0.617976  -0.889954 0.915649 1 14 1.000000
0  -0.181579 -4.393140 3.657635  -0.273397 -0.808580 0.521011  -0.887390 0.952881 1 14 1.000000
0  -0.328674 -4.186535 3.726910  -0.615812 -0.667115 0.419206  -0.865601 0.920532 1 14 1.000000
Leo2A
0  -0.097959 -4.282665 3.776960  -0.361634 -0.926938 -0.100035  -0.847778 0.971741 1 14 1.000000
0  0.000001 -4.301285 3.776655  -0.000000 -0.994179 0.107736  -0.849854 0.989258 1 14 1.000000
0  -0.145264 -4.358350 3.802595  -0.079666 -0.719025 -0.690403  -0.835999 0.963318 1 14 1.000000
Leo2A
0  0.000001 -4.301285 3.776655  -0.000000 -0.994179 0.107736  -0.849854 0.989258 1 14 1.000000
0  0.000001 -4.375440 3.854475  0.000000 -0.922918 -0.384997  -0.829407 0.989136 1 14 1.000000
0  -0.145264 -4.358350 3.802595  -0.079666 -0.719025 -0.690403  -0.835999 0.963318 1 14 1.000000
Leo2A
0  -0.097959 -4.282665 3.776960  -0.361634 -0.926938 -0.100035  -0.847778 0.971741 1 14 1.000000
0  0.000001 -4.364455 3.746135  -0.000000 -0.653539 0.756893  -0.862122 0.989136 1 14 1.000000
0  0.000001 -4.301285 3.776655  -0.000000 -0.994179 0.107736  -0.849854 0.989258 1 14 1.000000
Leo2A
0  -0.168759 -4.335770 3.741865  -0.347637 -0.561107 0.751204  -0.865295 0.954712 1 14 1.000000
0  0.000001 -4.364455 3.746135  -0.000000 -0.653539 0.756893  -0.862122 0.989136 1 14 1.000000
0  -0.097959 -4.282665 3.776960  -0.361634 -0.926938 -0.100035  -0.847778 0.971741 1 14 1.000000
Leo2A
0  -0.328674 -4.186535 3.726910  -0.615812 -0.667115 0.419206  -0.865601 0.920532 1 14 1.000000
0  -0.168759 -4.335770 3.741865  -0.347637 -0.561107 0.751204  -0.865295 0.954712 1 14 1.000000
0  -0.097959 -4.282665 3.776960  -0.361634 -0.926938 -0.100035  -0.847778 0.971741 1 14 1.000000
Leo2A
0  -0.097959 -4.282665 3.776960  -0.361634 -0.926938 -0.100035  -0.847778 0.971741 1 14 1.000000
0  -0.321959 -4.209120 3.795575  -0.274190 -0.449358 -0.850234  -0.850586 0.922180 1 14 1.000000
0  -0.328674 -4.186535 3.726910  -0.615812 -0.667115 0.419206  -0.865601 0.920532 1 14 1.000000
Leo2A
0  -0.145264 -4.358350 3.802595  -0.079666 -0.719025 -0.690403  -0.835999 0.963318 1 14 1.000000
0  -0.321959 -4.209120 3.795575  -0.274190 -0.449358 -0.850234  -0.850586 0.922180 1 14 1.000000
0  -0.097959 -4.282665 3.776960  -0.361634 -0.926938 -0.100035  -0.847778 0.971741 1 14 1.000000
Leo2A
0  -0.145264 -4.358350 3.802595  -0.079666 -0.719025 -0.690403  -0.835999 0.963318 1 14 1.000000
0  -0.364684 -4.281445 3.787030  -0.176958 -0.469934 -0.864782  -0.834900 0.920898 1 14 1.000000
0  -0.321959 -4.209120 3.795575  -0.274190 -0.449358 -0.850234  -0.850586 0.922180 1 14 1.000000
Leo2A
0  -0.364684 -4.281445 3.787030  -0.176958 -0.469934 -0.864782  -0.834900 0.920898 1 14 1.000000
0  -0.596619 -4.189590 3.793745  -0.322742 -0.452015 -0.831577  -0.834839 0.883606 1 14 1.000000
0  -0.321959 -4.209120 3.795575  -0.274190 -0.449358 -0.850234  -0.850586 0.922180 1 14 1.000000
Leo2A
0  -0.596619 -4.189590 3.793745  -0.322742 -0.452015 -0.831577  -0.834839 0.883606 1 14 1.000000
0  -0.509034 -4.127335 3.795270  0.147203 0.408335 -0.900885  -0.849487 0.883850 1 14 1.000000
0  -0.321959 -4.209120 3.795575  -0.274190 -0.449358 -0.850234  -0.850586 0.922180 1 14 1.000000
Leo2A
0  -0.509034 -4.127335 3.795270  0.147203 0.408335 -0.900885  -0.849487 0.883850 1 14 1.000000
0  -0.596619 -4.189590 3.793745  -0.322742 -0.452015 -0.831577  -0.834839 0.883606 1 14 1.000000
0  -0.768129 -3.965895 3.846235  -0.048993 0.286887 -0.956711  -0.839356 0.840698 1 14 1.000000
Leo2A
0  -0.509034 -4.127335 3.795270  0.147203 0.408335 -0.900885  -0.849487 0.883850 1 14 1.000000
0  -0.768129 -3.965895 3.846235  -0.048993 0.286887 -0.956711  -0.839356 0.840698 1 14 1.000000
0  -0.508424 -4.099255 3.827925  -0.216857 -0.100814 -0.970984  -0.853638 0.881287 1 14 1.000000
Leo2A
0  -0.508424 -4.099255 3.827925  -0.216857 -0.100814 -0.970984  -0.853638 0.881287 1 14 1.000000
0  -0.768129 -3.965895 3.846235  -0.048993 0.286887 -0.956711  -0.839356 0.840698 1 14 1.000000
0  -0.752564 -3.923475 3.870955  -0.434439 -0.130219 -0.891238  -0.845276 0.841553 1 14 1.000000
Leo2A
0  -0.508424 -4.099255 3.827925  -0.216857 -0.100814 -0.970984  -0.853638 0.881287 1 14 1.000000
0  -0.752564 -3.923475 3.870955  -0.434439 -0.130219 -0.891238  -0.845276 0.841553 1 14 1.000000
0  -0.497739 -4.066605 3.669230  -0.612468 -0.763278 0.205644  -0.879456 0.877197 1 14 1.000000
Leo2A
0  -0.497739 -4.066605 3.669230  -0.612468 -0.763278 0.205644  -0.879456 0.877197 1 14 1.000000
0  -0.752564 -3.923475 3.870955  -0.434439 -0.130219 -0.891238  -0.845276 0.841553 1 14 1.000000
0  -0.687864 -3.909435 3.647260  -0.715033 -0.669489 -0.201278  -0.882141 0.840088 1 14 1.000000
Leo2A
0  -0.752564 -3.923475 3.870955  -0.434439 -0.130219 -0.891238  -0.845276 0.841553 1 14 1.000000
0  -0.763854 -3.820935 3.685710  -0.644972 -0.758465 0.093500  -0.873840 0.818176 1 14 1.000000
0  -0.687864 -3.909435 3.647260  -0.715033 -0.669489 -0.201278  -0.882141 0.840088 1 14 1.000000
Leo2A
0  -0.321959 -4.209120 3.795575  -0.274190 -0.449358 -0.850234  -0.850586 0.922180 1 14 1.000000
0  -0.509034 -4.127335 3.795270  0.147203 0.408335 -0.900885  -0.849487 0.883850 1 14 1.000000
0  -0.508424 -4.099255 3.827925  -0.216857 -0.100814 -0.970984  -0.853638 0.881287 1 14 1.000000
Leo2A
0  -0.895689 -3.745255 3.919475  -0.682088 -0.654550 -0.326068  -0.823792 0.798157 1 14 1.000000
0  -0.879209 -3.740675 3.819685  -0.579653 -0.806949 -0.113297  -0.842163 0.798584 1 14 1.000000
0  -0.752564 -3.923475 3.870955  -0.434439 -0.130219 -0.891238  -0.845276 0.841553 1 14 1.000000
Leo2A
0  -0.879209 -3.740675 3.819685  -0.579653 -0.806949 -0.113297  -0.842163 0.798584 1 14 1.000000
0  -0.763854 -3.820935 3.685710  -0.644972 -0.758465 0.093500  -0.873840 0.818176 1 14 1.000000
0  -0.752564 -3.923475 3.870955  -0.434439 -0.130219 -0.891238  -0.845276 0.841553 1 14 1.000000
Leo2A
0  -0.879209 -3.740675 3.819685  -0.579653 -0.806949 -0.113297  -0.842163 0.798584 1 14 1.000000
0  -0.819089 -3.769665 3.730570  -0.525163 -0.845717 0.094686  -0.863525 0.807617 1 14 1.000000
0  -0.763854 -3.820935 3.685710  -0.644972 -0.758465 0.093500  -0.873840 0.818176 1 14 1.000000
Leo2A
0  -0.763854 -3.820935 3.685710  -0.644972 -0.758465 0.093500  -0.873840 0.818176 1 14 1.000000
0  -0.819089 -3.769665 3.730570  -0.525163 -0.845717 0.094686  -0.863525 0.807617 1 14 1.000000
0  -0.830384 -3.776075 3.714400  -0.454425 -0.853231 0.255921  -0.870117 0.801331 1 14 1.000000
Leo2A
0  -0.819089 -3.769665 3.730570  -0.525163 -0.845717 0.094686  -0.863525 0.807617 1 14 1.000000
0  -0.915834 -3.724500 3.819990  -0.623733 -0.760597 -0.180138  -0.838806 0.790771 1 14 1.000000
0  -0.830384 -3.776075 3.714400  -0.454425 -0.853231 0.255921  -0.870117 0.801331 1 14 1.000000
Leo2A
0  -0.830384 -3.776075 3.714400  -0.454425 -0.853231 0.255921  -0.870117 0.801331 1 14 1.000000
0  -0.915834 -3.724500 3.819990  -0.623733 -0.760597 -0.180138  -0.838806 0.790771 1 14 1.000000
0  -1.064149 -3.592360 3.925275  -0.790636 -0.289136 -0.539718  -0.828491 0.768860 1 14 1.000000
Leo2A
0  -1.064149 -3.592360 3.925275  -0.790636 -0.289136 -0.539718  -0.828491 0.768860 1 14 1.000000
0  -0.915834 -3.724500 3.819990  -0.623733 -0.760597 -0.180138  -0.838806 0.790771 1 14 1.000000
0  -0.938109 -3.722975 3.954875  -0.480735 -0.294723 -0.825852  -0.810547 0.789246 1 14 1.000000
Leo2A
0  -1.089784 -3.696730 3.971660  -0.737058 -0.312480 -0.599251  -0.794434 0.779663 1 14 1.000000
0  -1.064149 -3.592360 3.925275  -0.790636 -0.289136 -0.539718  -0.828491 0.768860 1 14 1.000000
0  -0.938109 -3.722975 3.954875  -0.480735 -0.294723 -0.825852  -0.810547 0.789246 1 14 1.000000
Leo2A
0  -0.768129 -3.965895 3.846235  -0.048993 0.286887 -0.956711  -0.839356 0.840698 1 14 1.000000
0  -1.089784 -3.696730 3.971660  -0.737058 -0.312480 -0.599251  -0.794434 0.779663 1 14 1.000000
0  -0.938109 -3.722975 3.954875  -0.480735 -0.294723 -0.825852  -0.810547 0.789246 1 14 1.000000
Leo2A
0  -0.828244 -4.022960 3.854780  -0.600391 -0.317695 -0.733894  -0.820984 0.831543 1 14 1.000000
0  -1.089784 -3.696730 3.971660  -0.737058 -0.312480 -0.599251  -0.794434 0.779663 1 14 1.000000
0  -0.768129 -3.965895 3.846235  -0.048993 0.286887 -0.956711  -0.839356 0.840698 1 14 1.000000
Leo2A
0  -0.596619 -4.189590 3.793745  -0.322742 -0.452015 -0.831577  -0.834839 0.883606 1 14 1.000000
0  -0.828244 -4.022960 3.854780  -0.600391 -0.317695 -0.733894  -0.820984 0.831543 1 14 1.000000
0  -0.768129 -3.965895 3.846235  -0.048993 0.286887 -0.956711  -0.839356 0.840698 1 14 1.000000
Leo2A
0  -0.734254 -4.218580 4.022625  -0.597539 -0.801272 -0.030175  -0.788269 0.872742 1 14 1.000000
0  -0.828244 -4.022960 3.854780  -0.600391 -0.317695 -0.733894  -0.820984 0.831543 1 14 1.000000
0  -0.596619 -4.189590 3.793745  -0.322742 -0.452015 -0.831577  -0.834839 0.883606 1 14 1.000000
Leo2A
0  -0.734254 -4.218580 4.022625  -0.597539 -0.801272 -0.030175  -0.788269 0.872742 1 14 1.000000
0  -0.596619 -4.189590 3.793745  -0.322742 -0.452015 -0.831577  -0.834839 0.883606 1 14 1.000000
0  -0.364684 -4.281445 3.787030  -0.176958 -0.469934 -0.864782  -0.834900 0.920898 1 14 1.000000
Leo2A
0  -0.356444 -4.409620 4.039410  -0.250787 -0.967411 0.034944  -0.789368 0.935303 1 14 1.000000
0  -0.734254 -4.218580 4.022625  -0.597539 -0.801272 -0.030175  -0.788269 0.872742 1 14 1.000000
0  -0.364684 -4.281445 3.787030  -0.176958 -0.469934 -0.864782  -0.834900 0.920898 1 14 1.000000
Leo2A
0  -0.356444 -4.409620 4.039410  -0.250787 -0.967411 0.034944  -0.789368 0.935303 1 14 1.000000
0  -0.364684 -4.281445 3.787030  -0.176958 -0.469934 -0.864782  -0.834900 0.920898 1 14 1.000000
0  -0.145264 -4.358350 3.802595  -0.079666 -0.719025 -0.690403  -0.835999 0.963318 1 14 1.000000
Leo2A
0  0.000001 -4.409010 4.057415  -0.000000 -0.998899 0.046914  -0.786743 0.988892 1 14 1.000000
0  -0.356444 -4.409620 4.039410  -0.250787 -0.967411 0.034944  -0.789368 0.935303 1 14 1.000000
0  -0.145264 -4.358350 3.802595  -0.079666 -0.719025 -0.690403  -0.835999 0.963318 1 14 1.000000
Leo2A
0  -0.145264 -4.358350 3.802595  -0.079666 -0.719025 -0.690403  -0.835999 0.963318 1 14 1.000000
0  0.000001 -4.375440 3.854475  0.000000 -0.922918 -0.384997  -0.829407 0.989136 1 14 1.000000
0  0.000001 -4.409010 4.057415  -0.000000 -0.998899 0.046914  -0.786743 0.988892 1 14 1.000000
Leo2A
0  0.000001 -4.375440 3.854475  0.000000 -0.922918 -0.384997  -0.829407 0.989136 1 14 1.000000
0  0.145266 -4.358350 3.802595  0.079666 -0.719024 -0.690404  -0.835999 0.963318 1 14 1.000000
0  0.000001 -4.409010 4.057415  -0.000000 -0.998899 0.046914  -0.786743 0.988892 1 14 1.000000
Leo2A
0  -0.768129 -3.965895 3.846235  -0.048993 0.286887 -0.956711  -0.839356 0.840698 1 14 1.000000
0  -0.938109 -3.722975 3.954875  -0.480735 -0.294723 -0.825852  -0.810547 0.789246 1 14 1.000000
0  -0.752564 -3.923475 3.870955  -0.434439 -0.130219 -0.891238  -0.845276 0.841553 1 14 1.000000
Leo2A
0  -0.752564 -3.923475 3.870955  -0.434439 -0.130219 -0.891238  -0.845276 0.841553 1 14 1.000000
0  -0.938109 -3.722975 3.954875  -0.480735 -0.294723 -0.825852  -0.810547 0.789246 1 14 1.000000
0  -0.895689 -3.745255 3.919475  -0.682088 -0.654550 -0.326068  -0.823792 0.798157 1 14 1.000000
Leo2A
0  -0.938109 -3.722975 3.954875  -0.480735 -0.294723 -0.825852  -0.810547 0.789246 1 14 1.000000
0  -0.915834 -3.724500 3.819990  -0.623733 -0.760597 -0.180138  -0.838806 0.790771 1 14 1.000000
0  -0.895689 -3.745255 3.919475  -0.682088 -0.654550 -0.326068  -0.823792 0.798157 1 14 1.000000
Leo2A
0  -0.915834 -3.724500 3.819990  -0.623733 -0.760597 -0.180138  -0.838806 0.790771 1 14 1.000000
0  -0.879209 -3.740675 3.819685  -0.579653 -0.806949 -0.113297  -0.842163 0.798584 1 14 1.000000
0  -0.895689 -3.745255 3.919475  -0.682088 -0.654550 -0.326068  -0.823792 0.798157 1 14 1.000000
Leo2A
0  -0.819089 -3.769665 3.730570  -0.525163 -0.845717 0.094686  -0.863525 0.807617 1 14 1.000000
0  -0.879209 -3.740675 3.819685  -0.579653 -0.806949 -0.113297  -0.842163 0.798584 1 14 1.000000
0  -0.915834 -3.724500 3.819990  -0.623733 -0.760597 -0.180138  -0.838806 0.790771 1 14 1.000000
Leo2A
0  0.764160 -3.101940 5.172835  0.436360 0.037792 0.898978  -0.498779 0.832825 1 14 1.000000
0  0.705870 -3.114455 5.218305  0.342955 -0.195188 0.918849  -0.498779 0.849854 1 14 1.000000
0  0.775450 -3.174880 5.193280  0.424551 -0.327838 0.843966  -0.509827 0.827698 1 14 1.000000
Leo2A
0  0.705870 -3.114455 5.218305  0.342955 -0.195188 0.918849  -0.498779 0.849854 1 14 1.000000
0  0.724180 -3.293590 5.127970  0.421325 -0.430285 0.798336  -0.531250 0.838562 1 14 1.000000
0  0.775450 -3.174880 5.193280  0.424551 -0.327838 0.843966  -0.509827 0.827698 1 14 1.000000
Leo2A
0  0.347291 -3.385145 5.222885  -0.041120 -0.333535 0.941840  -0.509338 0.901245 1 14 1.000000
0  0.724180 -3.293590 5.127970  0.421325 -0.430285 0.798336  -0.531250 0.838562 1 14 1.000000
0  0.705870 -3.114455 5.218305  0.342955 -0.195188 0.918849  -0.498779 0.849854 1 14 1.000000
Leo2A
0  0.690311 -3.661330 4.957990  0.334920 -0.763698 0.551900  -0.566040 0.866638 1 14 1.000000
0  0.724180 -3.293590 5.127970  0.421325 -0.430285 0.798336  -0.531250 0.838562 1 14 1.000000
0  0.347291 -3.385145 5.222885  -0.041120 -0.333535 0.941840  -0.509338 0.901245 1 14 1.000000
Leo2A
0  0.690311 -3.661330 4.957990  0.334920 -0.763698 0.551900  -0.566040 0.866638 1 14 1.000000
0  1.092530 -3.138260 4.939375  0.836793 -0.148012 0.527134  -0.518616 0.787537 1 14 1.000000
0  0.724180 -3.293590 5.127970  0.421325 -0.430285 0.798336  -0.531250 0.838562 1 14 1.000000
Leo2A
0  1.041565 -3.445265 4.798990  0.762970 -0.512519 0.393955  -0.561340 0.808533 1 14 1.000000
0  1.092530 -3.138260 4.939375  0.836793 -0.148012 0.527134  -0.518616 0.787537 1 14 1.000000
0  0.690311 -3.661330 4.957990  0.334920 -0.763698 0.551900  -0.566040 0.866638 1 14 1.000000
Leo2A
0  1.092530 -3.138260 4.939375  0.836793 -0.148012 0.527134  -0.518616 0.787537 1 14 1.000000
0  1.041565 -3.445265 4.798990  0.762970 -0.512519 0.393955  -0.561340 0.808533 1 14 1.000000
0  1.113281 -3.092480 4.880780  0.901351 -0.110818 0.418672  -0.511780 0.768005 1 14 1.000000
Leo2A
0  1.092530 -3.138260 4.939375  0.836793 -0.148012 0.527134  -0.518616 0.787537 1 14 1.000000
0  1.113281 -3.092480 4.880780  0.901351 -0.110818 0.418672  -0.511780 0.768005 1 14 1.000000
0  0.928955 -2.949050 5.113020  0.617434 -0.006621 0.786595  -0.479004 0.801636 1 14 1.000000
Leo2A
0  0.928955 -2.949050 5.113020  0.617434 -0.006621 0.786595  -0.479004 0.801636 1 14 1.000000
0  1.113281 -3.092480 4.880780  0.901351 -0.110818 0.418672  -0.511780 0.768005 1 14 1.000000
0  1.180725 -2.817215 4.835920  0.871827 -0.073667 0.484242  -0.469177 0.753052 1 14 1.000000
Leo2A
0  1.113281 -3.092480 4.880780  0.901351 -0.110818 0.418672  -0.511780 0.768005 1 14 1.000000
0  1.239321 -2.964005 4.614360  0.921316 -0.190251 0.339089  -0.553833 0.724243 1 14 1.000000
0  1.180725 -2.817215 4.835920  0.871827 -0.073667 0.484242  -0.469177 0.753052 1 14 1.000000
Leo2A
0  1.113281 -3.092480 4.880780  0.901351 -0.110818 0.418672  -0.511780 0.768005 1 14 1.000000
0  1.181031 -3.424515 4.469400  0.861294 -0.481553 0.162109  -0.657104 0.758240 1 14 1.000000
0  1.239321 -2.964005 4.614360  0.921316 -0.190251 0.339089  -0.553833 0.724243 1 14 1.000000
Leo2A
0  1.181031 -3.424515 4.469400  0.861294 -0.481553 0.162109  -0.657104 0.758240 1 14 1.000000
0  1.235350 -3.357375 4.288130  0.935855 -0.333675 0.113295  -0.693909 0.747986 1 14 1.000000
0  1.239321 -2.964005 4.614360  0.921316 -0.190251 0.339089  -0.553833 0.724243 1 14 1.000000
Leo2A
0  1.235350 -3.357375 4.288130  0.935855 -0.333675 0.113295  -0.693909 0.747986 1 14 1.000000
0  1.181031 -3.424515 4.469400  0.861294 -0.481553 0.162109  -0.657104 0.758240 1 14 1.000000
0  0.940246 -3.675670 4.651285  0.672534 -0.583805 0.454829  -0.638794 0.814575 1 14 1.000000
Leo2A
0  0.905151 -3.824295 4.481610  0.681543 -0.623354 0.383314  -0.690735 0.828735 1 14 1.000000
0  1.235350 -3.357375 4.288130  0.935855 -0.333675 0.113295  -0.693909 0.747986 1 14 1.000000
0  0.940246 -3.675670 4.651285  0.672534 -0.583805 0.454829  -0.638794 0.814575 1 14 1.000000
Leo2A
0  0.514831 -4.030895 4.626570  0.394408 -0.742007 0.542095  -0.664124 0.903503 1 14 1.000000
0  0.905151 -3.824295 4.481610  0.681543 -0.623354 0.383314  -0.690735 0.828735 1 14 1.000000
0  0.940246 -3.675670 4.651285  0.672534 -0.583805 0.454829  -0.638794 0.814575 1 14 1.000000
Leo2A
0  0.379946 -4.290905 4.272565  0.312191 -0.848597 0.427106  -0.746521 0.939636 1 14 1.000000
0  0.905151 -3.824295 4.481610  0.681543 -0.623354 0.383314  -0.690735 0.828735 1 14 1.000000
0  0.514831 -4.030895 4.626570  0.394408 -0.742007 0.542095  -0.664124 0.903503 1 14 1.000000
Leo2A
0  0.000001 -4.370560 4.313150  -0.000000 -0.939864 0.341550  -0.750549 0.997681 1 14 1.000000
0  0.379946 -4.290905 4.272565  0.312191 -0.848597 0.427106  -0.746521 0.939636 1 14 1.000000
0  0.514831 -4.030895 4.626570  0.394408 -0.742007 0.542095  -0.664124 0.903503 1 14 1.000000
Leo2A
0  0.000001 -4.370560 4.313150  -0.000000 -0.939864 0.341550  -0.750549 0.997681 1 14 1.000000
0  0.000001 -4.409010 4.057415  -0.000000 -0.998899 0.046914  -0.786743 0.988892 1 14 1.000000
0  0.379946 -4.290905 4.272565  0.312191 -0.848597 0.427106  -0.746521 0.939636 1 14 1.000000
Leo2A
0  0.000001 -4.370560 4.313150  -0.000000 -0.939864 0.341550  -0.750549 0.997681 1 14 1.000000
0  0.514831 -4.030895 4.626570  0.394408 -0.742007 0.542095  -0.664124 0.903503 1 14 1.000000
0  0.054626 -4.115125 4.717510  0.479028 -0.707874 0.519082  -0.663818 0.970886 1 14 1.000000
Leo2A
0  1.050110 -3.456860 4.738875  0.795487 -0.491233 0.354811  -0.571045 0.800354 1 14 1.000000
0  1.181031 -3.424515 4.469400  0.861294 -0.481553 0.162109  -0.657104 0.758240 1 14 1.000000
0  1.113281 -3.092480 4.880780  0.901351 -0.110818 0.418672  -0.511780 0.768005 1 14 1.000000
Leo2A
0  1.041565 -3.445265 4.798990  0.762970 -0.512519 0.393955  -0.561340 0.808533 1 14 1.000000
0  1.050110 -3.456860 4.738875  0.795487 -0.491233 0.354811  -0.571045 0.800354 1 14 1.000000
0  1.113281 -3.092480 4.880780  0.901351 -0.110818 0.418672  -0.511780 0.768005 1 14 1.000000
Leo2A
0  0.652161 -3.697950 4.882915  0.346100 -0.751106 0.562188  -0.577576 0.876099 1 14 1.000000
0  1.050110 -3.456860 4.738875  0.795487 -0.491233 0.354811  -0.571045 0.800354 1 14 1.000000
0  1.041565 -3.445265 4.798990  0.762970 -0.512519 0.393955  -0.561340 0.808533 1 14 1.000000
Leo2A
0  0.690311 -3.661330 4.957990  0.334920 -0.763698 0.551900  -0.566040 0.866638 1 14 1.000000
0  0.652161 -3.697950 4.882915  0.346100 -0.751106 0.562188  -0.577576 0.876099 1 14 1.000000
0  1.041565 -3.445265 4.798990  0.762970 -0.512519 0.393955  -0.561340 0.808533 1 14 1.000000
Leo2A
0  0.280761 -3.464795 5.180465  0.031476 -0.457304 0.888753  -0.517700 0.914673 1 14 1.000000
0  0.652161 -3.697950 4.882915  0.346100 -0.751106 0.562188  -0.577576 0.876099 1 14 1.000000
0  0.690311 -3.661330 4.957990  0.334920 -0.763698 0.551900  -0.566040 0.866638 1 14 1.000000
Leo2A
0  0.347291 -3.385145 5.222885  -0.041120 -0.333535 0.941840  -0.509338 0.901245 1 14 1.000000
0  0.280761 -3.464795 5.180465  0.031476 -0.457304 0.888753  -0.517700 0.914673 1 14 1.000000
0  0.690311 -3.661330 4.957990  0.334920 -0.763698 0.551900  -0.566040 0.866638 1 14 1.000000
Leo2A
0  0.428465 -2.776320 5.355025  -0.056743 -0.058860 0.996652  -0.424194 0.878296 1 14 1.000000
0  0.280761 -3.464795 5.180465  0.031476 -0.457304 0.888753  -0.517700 0.914673 1 14 1.000000
0  0.347291 -3.385145 5.222885  -0.041120 -0.333535 0.941840  -0.509338 0.901245 1 14 1.000000
Leo2A
0  0.705870 -3.114455 5.218305  0.342955 -0.195188 0.918849  -0.498779 0.849854 1 14 1.000000
0  0.428465 -2.776320 5.355025  -0.056743 -0.058860 0.996652  -0.424194 0.878296 1 14 1.000000
0  0.347291 -3.385145 5.222885  -0.041120 -0.333535 0.941840  -0.509338 0.901245 1 14 1.000000
Leo2A
0  0.572510 -2.514785 5.316570  0.161829 0.177420 0.970739  -0.393372 0.847107 1 14 1.000000
0  0.428465 -2.776320 5.355025  -0.056743 -0.058860 0.996652  -0.424194 0.878296 1 14 1.000000
0  0.705870 -3.114455 5.218305  0.342955 -0.195188 0.918849  -0.498779 0.849854 1 14 1.000000
Leo2A
0  0.730895 -3.074780 5.211895  0.494967 -0.167557 0.852603  -0.489136 0.838501 1 14 1.000000
0  0.572510 -2.514785 5.316570  0.161829 0.177420 0.970739  -0.393372 0.847107 1 14 1.000000
0  0.705870 -3.114455 5.218305  0.342955 -0.195188 0.918849  -0.498779 0.849854 1 14 1.000000
Leo2A
0  0.777285 -2.409500 5.221355  0.456402 0.292503 0.840321  -0.384766 0.792175 1 14 1.000000
0  0.572510 -2.514785 5.316570  0.161829 0.177420 0.970739  -0.393372 0.847107 1 14 1.000000
0  0.730895 -3.074780 5.211895  0.494967 -0.167557 0.852603  -0.489136 0.838501 1 14 1.000000
Leo2A
0  0.777285 -2.409500 5.221355  0.456402 0.292503 0.840321  -0.384766 0.792175 1 14 1.000000
0  0.730895 -3.074780 5.211895  0.494967 -0.167557 0.852603  -0.489136 0.838501 1 14 1.000000
0  0.928955 -2.949050 5.113020  0.617434 -0.006621 0.786595  -0.479004 0.801636 1 14 1.000000
Leo2A
0  1.052550 -2.440625 5.009870  0.689919 0.270772 0.671337  -0.410095 0.731262 1 14 1.000000
0  0.777285 -2.409500 5.221355  0.456402 0.292503 0.840321  -0.384766 0.792175 1 14 1.000000
0  0.928955 -2.949050 5.113020  0.617434 -0.006621 0.786595  -0.479004 0.801636 1 14 1.000000
Leo2A
0  0.928955 -2.949050 5.113020  0.617434 -0.006621 0.786595  -0.479004 0.801636 1 14 1.000000
0  1.180725 -2.817215 4.835920  0.871827 -0.073667 0.484242  -0.469177 0.753052 1 14 1.000000
0  1.052550 -2.440625 5.009870  0.689919 0.270772 0.671337  -0.410095 0.731262 1 14 1.000000
Leo2A
0  1.052550 -2.440625 5.009870  0.689919 0.270772 0.671337  -0.410095 0.731262 1 14 1.000000
0  1.180725 -2.817215 4.835920  0.871827 -0.073667 0.484242  -0.469177 0.753052 1 14 1.000000
0  1.217345 -2.540115 4.774275  0.932611 0.126425 0.338014  -0.471985 0.697754 1 14 1.000000
Leo2A
0  1.180725 -2.817215 4.835920  0.871827 -0.073667 0.484242  -0.469177 0.753052 1 14 1.000000
0  1.239321 -2.964005 4.614360  0.921316 -0.190251 0.339089  -0.553833 0.724243 1 14 1.000000
0  1.217345 -2.540115 4.774275  0.932611 0.126425 0.338014  -0.471985 0.697754 1 14 1.000000
Leo2A
0  1.239321 -2.964005 4.614360  0.921316 -0.190251 0.339089  -0.553833 0.724243 1 14 1.000000
0  1.314090 -2.826675 4.508465  0.975038 -0.080424 0.206959  -0.596863 0.677979 1 14 1.000000
0  1.217345 -2.540115 4.774275  0.932611 0.126425 0.338014  -0.471985 0.697754 1 14 1.000000
Leo2A
0  1.239321 -2.964005 4.614360  0.921316 -0.190251 0.339089  -0.553833 0.724243 1 14 1.000000
0  1.235350 -3.357375 4.288130  0.935855 -0.333675 0.113295  -0.693909 0.747986 1 14 1.000000
0  1.314090 -2.826675 4.508465  0.975038 -0.080424 0.206959  -0.596863 0.677979 1 14 1.000000
Leo2A
0  0.504150 -2.331680 5.248515  0.246115 0.335335 0.909383  -0.380554 0.848083 1 14 1.000000
0  0.572510 -2.514785 5.316570  0.161829 0.177420 0.970739  -0.393372 0.847107 1 14 1.000000
0  0.777285 -2.409500 5.221355  0.456402 0.292503 0.840321  -0.384766 0.792175 1 14 1.000000
Leo2A
0  0.347595 -2.682630 5.324505  -0.040524 0.029053 0.998756  -0.417603 0.881836 1 14 1.000000
0  0.572510 -2.514785 5.316570  0.161829 0.177420 0.970739  -0.393372 0.847107 1 14 1.000000
0  0.504150 -2.331680 5.248515  0.246115 0.335335 0.909383  -0.380554 0.848083 1 14 1.000000
Leo2A
0  0.347595 -2.682630 5.324505  -0.040524 0.029053 0.998756  -0.417603 0.881836 1 14 1.000000
0  0.428465 -2.776320 5.355025  -0.056743 -0.058860 0.996652  -0.424194 0.878296 1 14 1.000000
0  0.572510 -2.514785 5.316570  0.161829 0.177420 0.970739  -0.393372 0.847107 1 14 1.000000
Leo2A
0  0.280761 -3.464795 5.180465  0.031476 -0.457304 0.888753  -0.517700 0.914673 1 14 1.000000
0  0.428465 -2.776320 5.355025  -0.056743 -0.058860 0.996652  -0.424194 0.878296 1 14 1.000000
0  0.347595 -2.682630 5.324505  -0.040524 0.029053 0.998756  -0.417603 0.881836 1 14 1.000000
Leo2A
0  1.217345 -2.540115 4.774275  0.932611 0.126425 0.338014  -0.471985 0.697754 1 14 1.000000
0  1.314090 -2.826675 4.508465  0.975038 -0.080424 0.206959  -0.596863 0.677979 1 14 1.000000
0  1.156615 -2.316115 4.795635  0.805994 0.393339 0.442333  -0.419556 0.693909 1 14 1.000000
Leo2A
0  1.217345 -2.540115 4.774275  0.932611 0.126425 0.338014  -0.471985 0.697754 1 14 1.000000
0  1.156615 -2.316115 4.795635  0.805994 0.393339 0.442333  -0.419556 0.693909 1 14 1.000000
0  1.052550 -2.440625 5.009870  0.689919 0.270772 0.671337  -0.410095 0.731262 1 14 1.000000
Leo2A
0  1.156615 -2.316115 4.795635  0.805994 0.393339 0.442333  -0.419556 0.693909 1 14 1.000000
0  0.777285 -2.409500 5.221355  0.456402 0.292503 0.840321  -0.384766 0.792175 1 14 1.000000
0  1.052550 -2.440625 5.009870  0.689919 0.270772 0.671337  -0.410095 0.731262 1 14 1.000000
Leo2A
0  0.756530 -2.154370 5.052290  0.484135 0.538397 0.689741  -0.377014 0.789978 1 14 1.000000
0  0.777285 -2.409500 5.221355  0.456402 0.292503 0.840321  -0.384766 0.792175 1 14 1.000000
0  1.156615 -2.316115 4.795635  0.805994 0.393339 0.442333  -0.419556 0.693909 1 14 1.000000
Leo2A
0  0.504150 -2.331680 5.248515  0.246115 0.335335 0.909383  -0.380554 0.848083 1 14 1.000000
0  0.777285 -2.409500 5.221355  0.456402 0.292503 0.840321  -0.384766 0.792175 1 14 1.000000
0  0.756530 -2.154370 5.052290  0.484135 0.538397 0.689741  -0.377014 0.789978 1 14 1.000000
Leo2A
0  0.363770 -2.053360 5.202740  0.372796 0.524655 0.765350  -0.372681 0.852539 1 14 1.000000
0  0.504150 -2.331680 5.248515  0.246115 0.335335 0.909383  -0.380554 0.848083 1 14 1.000000
0  0.756530 -2.154370 5.052290  0.484135 0.538397 0.689741  -0.377014 0.789978 1 14 1.000000
Leo2A
0  0.262755 -2.414990 5.342815  0.418730 0.067811 0.905575  -0.396484 0.878662 1 14 1.000000
0  0.504150 -2.331680 5.248515  0.246115 0.335335 0.909383  -0.380554 0.848083 1 14 1.000000
0  0.363770 -2.053360 5.202740  0.372796 0.524655 0.765350  -0.372681 0.852539 1 14 1.000000
Leo2A
0  0.262755 -2.414990 5.342815  0.418730 0.067811 0.905575  -0.396484 0.878662 1 14 1.000000
0  0.347595 -2.682630 5.324505  -0.040524 0.029053 0.998756  -0.417603 0.881836 1 14 1.000000
0  0.504150 -2.331680 5.248515  0.246115 0.335335 0.909383  -0.380554 0.848083 1 14 1.000000
Leo2A
0  0.167845 -3.110180 5.302835  0.462551 -0.219498 0.858992  -0.457031 0.908997 1 14 1.000000
0  0.347595 -2.682630 5.324505  -0.040524 0.029053 0.998756  -0.417603 0.881836 1 14 1.000000
0  0.262755 -2.414990 5.342815  0.418730 0.067811 0.905575  -0.396484 0.878662 1 14 1.000000
Leo2A
0  0.167845 -3.110180 5.302835  0.462551 -0.219498 0.858992  -0.457031 0.908997 1 14 1.000000
0  0.280761 -3.464795 5.180465  0.031476 -0.457304 0.888753  -0.517700 0.914673 1 14 1.000000
0  0.347595 -2.682630 5.324505  -0.040524 0.029053 0.998756  -0.417603 0.881836 1 14 1.000000
Leo2A
0  0.089111 -3.738235 5.046795  0.555457 -0.513267 0.654236  -0.572571 0.954590 1 14 1.000000
0  0.280761 -3.464795 5.180465  0.031476 -0.457304 0.888753  -0.517700 0.914673 1 14 1.000000
0  0.167845 -3.110180 5.302835  0.462551 -0.219498 0.858992  -0.457031 0.908997 1 14 1.000000
Leo2A
0  0.089111 -3.738235 5.046795  0.555457 -0.513267 0.654236  -0.572571 0.954590 1 14 1.000000
0  0.652161 -3.697950 4.882915  0.346100 -0.751106 0.562188  -0.577576 0.876099 1 14 1.000000
0  0.280761 -3.464795 5.180465  0.031476 -0.457304 0.888753  -0.517700 0.914673 1 14 1.000000
Leo2A
0  0.054626 -4.115125 4.717510  0.479028 -0.707874 0.519082  -0.663818 0.970886 1 14 1.000000
0  0.652161 -3.697950 4.882915  0.346100 -0.751106 0.562188  -0.577576 0.876099 1 14 1.000000
0  0.089111 -3.738235 5.046795  0.555457 -0.513267 0.654236  -0.572571 0.954590 1 14 1.000000
Leo2A
0  0.054626 -4.115125 4.717510  0.479028 -0.707874 0.519082  -0.663818 0.970886 1 14 1.000000
0  0.514831 -4.030895 4.626570  0.394408 -0.742007 0.542095  -0.664124 0.903503 1 14 1.000000
0  0.652161 -3.697950 4.882915  0.346100 -0.751106 0.562188  -0.577576 0.876099 1 14 1.000000
Leo2A
0  0.514831 -4.030895 4.626570  0.394408 -0.742007 0.542095  -0.664124 0.903503 1 14 1.000000
0  0.940246 -3.675670 4.651285  0.672534 -0.583805 0.454829  -0.638794 0.814575 1 14 1.000000
0  0.652161 -3.697950 4.882915  0.346100 -0.751106 0.562188  -0.577576 0.876099 1 14 1.000000
Leo2A
0  0.652161 -3.697950 4.882915  0.346100 -0.751106 0.562188  -0.577576 0.876099 1 14 1.000000
0  0.940246 -3.675670 4.651285  0.672534 -0.583805 0.454829  -0.638794 0.814575 1 14 1.000000
0  1.050110 -3.456860 4.738875  0.795487 -0.491233 0.354811  -0.571045 0.800354 1 14 1.000000
Leo2A
0  0.940246 -3.675670 4.651285  0.672534 -0.583805 0.454829  -0.638794 0.814575 1 14 1.000000
0  1.181031 -3.424515 4.469400  0.861294 -0.481553 0.162109  -0.657104 0.758240 1 14 1.000000
0  1.050110 -3.456860 4.738875  0.795487 -0.491233 0.354811  -0.571045 0.800354 1 14 1.000000
Leo2A
0  1.314090 -2.826675 4.508465  0.975038 -0.080424 0.206959  -0.596863 0.677979 1 14 1.000000
0  1.316530 -2.779675 4.476115  0.994874 0.030926 0.096274  -0.620606 0.668823 1 14 1.000000
0  1.156615 -2.316115 4.795635  0.805994 0.393339 0.442333  -0.525391 0.616028 1 14 1.000000
Leo2A
0  1.266480 -3.257275 4.176435  0.969658 -0.110078 -0.218279  -0.754578 0.732056 1 14 1.000000
0  1.240845 -3.221570 4.125470  0.915948 -0.068873 -0.395343  -0.768189 0.721497 1 14 1.000000
0  1.314090 -2.826675 4.508465  0.975038 -0.080424 0.206959  -0.596863 0.677979 1 14 1.000000
Leo2A
0  1.314090 -2.826675 4.508465  0.975038 -0.080424 0.206959  -0.596863 0.677979 1 14 1.000000
0  1.240845 -3.221570 4.125470  0.915948 -0.068873 -0.395343  -0.768189 0.721497 1 14 1.000000
0  1.316530 -2.779675 4.476115  0.994874 0.030926 0.096274  -0.620606 0.668823 1 14 1.000000
Leo2A
0  1.240845 -3.221570 4.125470  0.915948 -0.068873 -0.395343  -0.768189 0.721497 1 14 1.000000
0  1.320190 -2.666760 4.370830  0.993338 0.104970 -0.047557  -0.670837 0.662659 1 14 1.000000
0  1.316530 -2.779675 4.476115  0.994874 0.030926 0.096274  -0.620606 0.668823 1 14 1.000000
Leo2A
0  1.316530 -2.779675 4.476115  0.994874 0.030926 0.096274  -0.620606 0.668823 1 14 1.000000
0  1.320190 -2.666760 4.370830  0.993338 0.104970 -0.047557  -0.670837 0.662659 1 14 1.000000
0  1.156615 -2.316115 4.795635  0.805994 0.393339 0.442333  -0.525391 0.616028 1 14 1.000000
Leo2A
0  1.320190 -2.666760 4.370830  0.993338 0.104970 -0.047557  -0.670837 0.662659 1 14 1.000000
0  1.165160 -2.171460 4.611005  0.824665 0.465389 0.321465  -0.572510 0.596375 1 14 1.000000
0  1.156615 -2.316115 4.795635  0.805994 0.393339 0.442333  -0.525391 0.616028 1 14 1.000000
Leo2A
0  1.156615 -2.316115 4.795635  0.805994 0.393339 0.442333  -0.525391 0.616028 1 14 1.000000
0  1.165160 -2.171460 4.611005  0.824665 0.465389 0.321465  -0.572510 0.596375 1 14 1.000000
0  0.756530 -2.154370 5.052290  0.484135 0.538397 0.689741  -0.487061 0.578979 1 14 1.000000
Leo2A
0  1.165160 -2.171460 4.611005  0.824665 0.465389 0.321465  -0.572510 0.596375 1 14 1.000000
0  0.740050 -1.947460 4.884750  0.490132 0.659918 0.569455  -0.519104 0.552795 1 14 1.000000
0  0.756530 -2.154370 5.052290  0.484135 0.538397 0.689741  -0.487061 0.578979 1 14 1.000000
Leo2A
0  0.740050 -1.947460 4.884750  0.490132 0.659918 0.569455  -0.519104 0.552795 1 14 1.000000
0  0.256655 -1.717055 4.900005  0.392978 0.752229 0.528886  -0.466980 0.507324 1 14 1.000000
0  0.756530 -2.154370 5.052290  0.484135 0.538397 0.689741  -0.487061 0.578979 1 14 1.000000
Leo2A
0  0.740050 -1.947460 4.884750  0.490132 0.659918 0.569455  -0.519104 0.552795 1 14 1.000000
0  0.714415 -1.747875 4.567060  0.485229 0.835366 0.258297  -0.551086 0.526611 1 14 1.000000
0  0.256655 -1.717055 4.900005  0.392978 0.752229 0.528886  -0.466980 0.507324 1 14 1.000000
Leo2A
0  0.256655 -1.717055 4.900005  0.392978 0.752229 0.528886  -0.466980 0.507324 1 14 1.000000
0  0.714415 -1.747875 4.567060  0.485229 0.835366 0.258297  -0.551086 0.526611 1 14 1.000000
0  0.165405 -1.571180 4.664715  0.531564 0.798353 0.282971  -0.499512 0.461670 1 14 1.000000
Leo2A
0  0.165405 -1.571180 4.664715  0.531564 0.798353 0.282971  -0.499512 0.461670 1 14 1.000000
0  0.714415 -1.747875 4.567060  0.485229 0.835366 0.258297  -0.551086 0.526611 1 14 1.000000
0  0.109255 -1.479015 4.314985  0.621292 0.780430 0.070181  -0.536743 0.433960 1 14 1.000000
Leo2A
0  0.109255 -1.479015 4.314985  0.621292 0.780430 0.070181  -0.536743 0.433960 1 14 1.000000
0  0.714415 -1.747875 4.567060  0.485229 0.835366 0.258297  -0.551086 0.526611 1 14 1.000000
0  0.705260 -1.702710 4.004620  0.495176 0.865695 -0.073304  -0.647461 0.455383 1 14 1.000000
Leo2A
0  0.705260 -1.702710 4.004620  0.495176 0.865695 -0.073304  -0.647461 0.455383 1 14 1.000000
0  0.136110 -1.489700 3.968000  0.532963 0.840029 -0.101498  -0.604248 0.387634 1 14 1.000000
0  0.109255 -1.479015 4.314985  0.621292 0.780430 0.070181  -0.536743 0.433960 1 14 1.000000
Leo2A
0  0.344850 -1.621535 3.687240  0.291743 0.935106 -0.201154  -0.690308 0.356323 1 14 1.000000
0  0.136110 -1.489700 3.968000  0.532963 0.840029 -0.101498  -0.604248 0.387634 1 14 1.000000
0  0.705260 -1.702710 4.004620  0.495176 0.865695 -0.073304  -0.647461 0.455383 1 14 1.000000
Leo2A
0  0.344850 -1.621535 3.687240  0.291743 0.935106 -0.201154  -0.690308 0.356323 1 14 1.000000
0  0.125730 -1.553785 3.741865  0.611479 0.781635 -0.123042  -0.673523 0.340759 1 14 1.000000
0  0.136110 -1.489700 3.968000  0.532963 0.840029 -0.101498  -0.604248 0.387634 1 14 1.000000
Leo2A
0  0.128175 -1.556700 3.668515  0.687143 0.724815 0.049768  -0.684387 0.335510 2 13 0.500000 14 0.500000
0  0.125730 -1.553785 3.741865  0.611479 0.781635 -0.123042  -0.673523 0.340759 1 14 1.000000
0  0.344850 -1.621535 3.687240  0.291743 0.935106 -0.201154  -0.690308 0.356323 1 14 1.000000
Leo2A
0  0.331725 -1.646425 3.582765  0.273803 0.923261 -0.269481  -0.699829 0.347778 2 13 0.500000 14 0.500000
0  0.128175 -1.556700 3.668515  0.687143 0.724815 0.049768  -0.684387 0.335510 2 13 0.500000 14 0.500000
0  0.344850 -1.621535 3.687240  0.291743 0.935106 -0.201154  -0.690308 0.356323 1 14 1.000000
Leo2A
0  0.331725 -1.646425 3.582765  0.273803 0.923261 -0.269481  -0.699829 0.347778 2 13 0.500000 14 0.500000
0  0.344850 -1.621535 3.687240  0.291743 0.935106 -0.201154  -0.690308 0.356323 1 14 1.000000
0  0.540465 -1.682265 3.657330  0.395164 0.885606 -0.244025  -0.713806 0.371338 1 14 1.000000
Leo2A
0  0.756530 -2.154370 5.052290  0.484135 0.538397 0.689741  -0.487061 0.578979 1 14 1.000000
0  0.256655 -1.717055 4.900005  0.392978 0.752229 0.528886  -0.466980 0.507324 1 14 1.000000
0  0.363770 -2.053360 5.202740  0.372796 0.524655 0.765350  -0.456482 0.541870 1 14 1.000000
Leo2A
0  0.540465 -1.682265 3.657330  0.395164 0.885606 -0.244025  -0.713806 0.371338 1 14 1.000000
0  0.344850 -1.621535 3.687240  0.291743 0.935106 -0.201154  -0.690308 0.356323 1 14 1.000000
0  0.705260 -1.702710 4.004620  0.495176 0.865695 -0.073304  -0.647461 0.455383 1 14 1.000000
Leo2A
0  0.705260 -1.702710 4.004620  0.495176 0.865695 -0.073304  -0.647461 0.455383 1 14 1.000000
0  0.742495 -1.818070 3.641765  0.636318 0.746533 -0.194391  -0.746582 0.393799 1 14 1.000000
0  0.540465 -1.682265 3.657330  0.395164 0.885606 -0.244025  -0.713806 0.371338 1 14 1.000000
Leo2A
0  0.742495 -1.818070 3.641765  0.636318 0.746533 -0.194391  -0.746582 0.393799 1 14 1.000000
0  0.705260 -1.702710 4.004620  0.495176 0.865695 -0.073304  -0.647461 0.455383 1 14 1.000000
0  1.025085 -2.104320 3.619490  0.776104 0.487641 -0.399837  -0.792725 0.488892 1 14 1.000000
Leo2A
0  0.705260 -1.702710 4.004620  0.495176 0.865695 -0.073304  -0.647461 0.455383 1 14 1.000000
0  1.102905 -1.988050 4.008280  0.784086 0.603784 -0.143718  -0.710083 0.520203 1 14 1.000000
0  1.025085 -2.104320 3.619490  0.776104 0.487641 -0.399837  -0.792725 0.488892 1 14 1.000000
Leo2A
0  0.714415 -1.747875 4.567060  0.485229 0.835366 0.258297  -0.551086 0.526611 1 14 1.000000
0  1.102905 -1.988050 4.008280  0.784086 0.603784 -0.143718  -0.710083 0.520203 1 14 1.000000
0  0.705260 -1.702710 4.004620  0.495176 0.865695 -0.073304  -0.647461 0.455383 1 14 1.000000
Leo2A
0  0.714415 -1.747875 4.567060  0.485229 0.835366 0.258297  -0.551086 0.526611 1 14 1.000000
0  1.145325 -2.042370 4.416300  0.790820 0.596931 0.135193  -0.619629 0.576660 1 14 1.000000
0  1.102905 -1.988050 4.008280  0.784086 0.603784 -0.143718  -0.710083 0.520203 1 14 1.000000
Leo2A
0  0.714415 -1.747875 4.567060  0.485229 0.835366 0.258297  -0.551086 0.526611 1 14 1.000000
0  0.740050 -1.947460 4.884750  0.490132 0.659918 0.569455  -0.519104 0.552795 1 14 1.000000
0  1.145325 -2.042370 4.416300  0.790820 0.596931 0.135193  -0.619629 0.576660 1 14 1.000000
Leo2A
0  1.145325 -2.042370 4.416300  0.790820 0.596931 0.135193  -0.619629 0.576660 1 14 1.000000
0  0.740050 -1.947460 4.884750  0.490132 0.659918 0.569455  -0.519104 0.552795 1 14 1.000000
0  1.165160 -2.171460 4.611005  0.824665 0.465389 0.321465  -0.572510 0.596375 1 14 1.000000
Leo2A
0  1.231995 -2.261795 4.267070  0.955153 0.289911 -0.060287  -0.736389 0.640015 1 14 1.000000
0  1.145325 -2.042370 4.416300  0.790820 0.596931 0.135193  -0.619629 0.576660 1 14 1.000000
0  1.165160 -2.171460 4.611005  0.824665 0.465389 0.321465  -0.572510 0.596375 1 14 1.000000
Leo2A
0  1.320190 -2.666760 4.370830  0.993338 0.104970 -0.047557  -0.670837 0.662659 1 14 1.000000
0  1.231995 -2.261795 4.267070  0.955153 0.289911 -0.060287  -0.736389 0.640015 1 14 1.000000
0  1.165160 -2.171460 4.611005  0.824665 0.465389 0.321465  -0.572510 0.596375 1 14 1.000000
Leo2A
0  1.292115 -2.972545 4.173990  0.856806 -0.371084 0.358023  -0.788330 0.666077 1 14 1.000000
0  1.231995 -2.261795 4.267070  0.955153 0.289911 -0.060287  -0.736389 0.640015 1 14 1.000000
0  1.320190 -2.666760 4.370830  0.993338 0.104970 -0.047557  -0.670837 0.662659 1 14 1.000000
Leo2A
0  1.240845 -3.221570 4.125470  0.915948 -0.068873 -0.395343  -0.768189 0.721497 1 14 1.000000
0  1.292115 -2.972545 4.173990  0.856806 -0.371084 0.358023  -0.788330 0.666077 1 14 1.000000
0  1.320190 -2.666760 4.370830  0.993338 0.104970 -0.047557  -0.670837 0.662659 1 14 1.000000
Leo2A
0  1.188355 -3.185865 4.001875  0.874511 -0.484901 -0.010079  -0.820129 0.715027 1 14 1.000000
0  1.292115 -2.972545 4.173990  0.856806 -0.371084 0.358023  -0.788330 0.666077 1 14 1.000000
0  1.240845 -3.221570 4.125470  0.915948 -0.068873 -0.395343  -0.768189 0.721497 1 14 1.000000
Leo2A
0  1.025085 -2.104320 3.619490  0.776104 0.487641 -0.399837  -0.792725 0.488892 1 14 1.000000
0  1.180725 -2.305435 3.848065  0.020905 0.998644 0.047685  -0.776367 0.578430 1 14 1.000000
0  1.034850 -2.338695 3.477275  -0.051489 0.977997 -0.202163  -0.831726 0.571350 1 14 1.000000
Leo2A
0  1.102905 -1.988050 4.008280  0.784086 0.603784 -0.143718  -0.710083 0.520203 1 14 1.000000
0  1.180725 -2.305435 3.848065  0.020905 0.998644 0.047685  -0.776367 0.578430 1 14 1.000000
0  1.025085 -2.104320 3.619490  0.776104 0.487641 -0.399837  -0.792725 0.488892 1 14 1.000000
Leo2A
0  1.102905 -1.988050 4.008280  0.784086 0.603784 -0.143718  -0.710083 0.520203 1 14 1.000000
0  1.145325 -2.042370 4.416300  0.790820 0.596931 0.135193  -0.619629 0.576660 1 14 1.000000
0  1.180725 -2.305435 3.848065  0.020905 0.998644 0.047685  -0.776367 0.578430 1 14 1.000000
Leo2A
0  1.180725 -2.305435 3.848065  0.020905 0.998644 0.047685  -0.776367 0.578430 1 14 1.000000
0  1.145325 -2.042370 4.416300  0.790820 0.596931 0.135193  -0.619629 0.576660 1 14 1.000000
0  1.231995 -2.261795 4.267070  0.955153 0.289911 -0.060287  -0.736389 0.640015 1 14 1.000000
Leo2A
0  1.292115 -2.972545 4.173990  0.856806 -0.371084 0.358023  -0.788330 0.666077 1 14 1.000000
0  1.180725 -2.305435 3.848065  0.020905 0.998644 0.047685  -0.776367 0.578430 1 14 1.000000
0  1.231995 -2.261795 4.267070  0.955153 0.289911 -0.060287  -0.736389 0.640015 1 14 1.000000
Leo2A
0  0.479735 -1.709595 3.527220  0.356487 0.904245 -0.235069  -0.722473 0.365479 2 13 0.500000 14 0.500000
0  0.331725 -1.646425 3.582765  0.273803 0.923261 -0.269481  -0.699829 0.347778 2 13 0.500000 14 0.500000
0  0.540465 -1.682265 3.657330  0.395164 0.885606 -0.244025  -0.713806 0.371338 1 14 1.000000
Leo2A
0  0.540465 -1.682265 3.657330  0.395164 0.885606 -0.244025  -0.713806 0.371338 1 14 1.000000
0  0.742495 -1.818070 3.641765  0.636318 0.746533 -0.194391  -0.746582 0.393799 1 14 1.000000
0  0.479735 -1.709595 3.527220  0.356487 0.904245 -0.235069  -0.722473 0.365479 2 13 0.500000 14 0.500000
Leo2A
0  0.479735 -1.709595 3.527220  0.356487 0.904245 -0.235069  -0.722473 0.365479 2 13 0.500000 14 0.500000
0  0.742495 -1.818070 3.641765  0.636318 0.746533 -0.194391  -0.746582 0.393799 1 14 1.000000
0  0.655825 -1.762390 3.438720  0.691166 0.709195 0.139041  -0.753662 0.389404 2 13 0.500000 14 0.500000
Leo2A
0  0.655825 -1.762390 3.438720  0.691166 0.709195 0.139041  -0.753662 0.389404 2 13 0.500000 14 0.500000
0  0.742495 -1.818070 3.641765  0.636318 0.746533 -0.194391  -0.746582 0.393799 1 14 1.000000
0  0.740965 -1.926405 3.399455  0.940295 0.340187 -0.010917  -0.819397 0.462097 1 14 1.000000
Leo2A
0  0.742495 -1.818070 3.641765  0.636318 0.746533 -0.194391  -0.746582 0.393799 1 14 1.000000
0  1.025085 -2.104320 3.619490  0.776104 0.487641 -0.399837  -0.792725 0.488892 1 14 1.000000
0  0.740965 -1.926405 3.399455  0.940295 0.340187 -0.010917  -0.819397 0.462097 1 14 1.000000
Leo2A
0  0.740965 -1.926405 3.399455  0.940295 0.340187 -0.010917  -0.819397 0.462097 1 14 1.000000
0  1.025085 -2.104320 3.619490  0.776104 0.487641 -0.399837  -0.792725 0.488892 1 14 1.000000
0  0.874635 -2.304520 3.308515  0.725511 0.404207 -0.557002  -0.890198 0.561646 1 14 1.000000
Leo2A
0  1.025085 -2.104320 3.619490  0.776104 0.487641 -0.399837  -0.792725 0.488892 1 14 1.000000
0  1.034850 -2.338695 3.477275  -0.051489 0.977997 -0.202163  -0.831726 0.571350 1 14 1.000000
0  0.874635 -2.304520 3.308515  0.725511 0.404207 -0.557002  -0.890198 0.561646 1 14 1.000000
Leo2A
0  0.874635 -2.304520 3.308515  0.725511 0.404207 -0.557002  -0.890198 0.561646 1 14 1.000000
0  1.034850 -2.338695 3.477275  -0.051489 0.977997 -0.202163  -0.831726 0.571350 1 14 1.000000
0  0.912170 -2.342360 3.294475  -0.232246 0.887411 -0.398200  -0.877319 0.577331 1 14 1.000000
Leo2A
0  -0.071411 4.548485 7.337180  -0.996758 0.076159 -0.025954  -0.393127 0.061157 1 12 1.000000
0  -0.090331 4.211575 7.107995  -0.987934 0.154612 -0.009039  -0.331970 0.096191 1 12 1.000000
0  -0.040896 4.411465 7.429040  -0.994480 0.080676 0.067084  -0.396912 0.079590 1 12 1.000000
Leo2A
0  -0.040896 4.411465 7.429040  -0.994480 0.080676 0.067084  -0.396912 0.079590 1 12 1.000000
0  -0.078126 4.107205 7.229455  -0.976538 -0.096947 0.192286  -0.358887 0.114746 1 12 1.000000
0  -0.054626 4.492030 7.730555  -0.999627 0.018771 0.019827  -0.433899 0.097534 1 12 1.000000
Leo2A
0  -0.090331 4.211575 7.107995  -0.987934 0.154612 -0.009039  -0.331970 0.096191 1 12 1.000000
0  -0.078126 4.107205 7.229455  -0.976538 -0.096947 0.192286  -0.358887 0.114746 1 12 1.000000
0  -0.040896 4.411465 7.429040  -0.994480 0.080676 0.067084  -0.396912 0.079590 1 12 1.000000
Leo2A
0  -0.090331 4.211575 7.107995  -0.987934 0.154612 -0.009039  -0.331970 0.096191 1 12 1.000000
0  -0.152591 3.680875 6.839135  -0.912984 -0.152261 0.378519  -0.251465 0.157959 1 12 1.000000
0  -0.078126 4.107205 7.229455  -0.976538 -0.096947 0.192286  -0.358887 0.114746 1 12 1.000000
Leo2A
0  -0.000001 4.761500 8.636010  0.000000 -0.884114 0.467271  -0.540588 0.107727 1 12 1.000000
0  -0.033876 4.947960 8.557275  -0.999028 0.038530 0.021402  -0.532166 0.093933 1 12 1.000000
0  -0.000001 4.311975 7.849265  -0.000000 -0.806656 0.591021  -0.437317 0.118286 1 12 1.000000
Leo2A
0  -0.033876 4.947960 8.557275  -0.999028 0.038530 0.021402  -0.532166 0.093933 1 12 1.000000
0  -0.054626 4.492030 7.730555  -0.999627 0.018771 0.019827  -0.433899 0.097534 1 12 1.000000
0  -0.000001 4.311975 7.849265  -0.000000 -0.806656 0.591021  -0.437317 0.118286 1 12 1.000000
Leo2A
0  -0.000001 4.311975 7.849265  -0.000000 -0.806656 0.591021  -0.437317 0.118286 1 12 1.000000
0  -0.054626 4.492030 7.730555  -0.999627 0.018771 0.019827  -0.433899 0.097534 1 12 1.000000
0  -0.000001 3.853905 7.279805  -0.000000 -0.711721 0.702462  -0.348572 0.142334 1 12 1.000000
Leo2A
0  -0.054626 4.492030 7.730555  -0.999627 0.018771 0.019827  -0.433899 0.097534 1 12 1.000000
0  -0.078126 4.107205 7.229455  -0.976538 -0.096947 0.192286  -0.358887 0.114746 1 12 1.000000
0  -0.000001 3.853905 7.279805  -0.000000 -0.711721 0.702462  -0.348572 0.142334 1 12 1.000000
Leo2A
0  -0.000001 3.853905 7.279805  -0.000000 -0.711721 0.702462  -0.348572 0.142334 1 12 1.000000
0  -0.078126 4.107205 7.229455  -0.976538 -0.096947 0.192286  -0.358887 0.114746 1 12 1.000000
0  -0.000001 3.448025 6.882470  0.000000 -0.585666 0.810552  -0.249695 0.182129 1 12 1.000000
Leo2A
0  -0.078126 4.107205 7.229455  -0.976538 -0.096947 0.192286  -0.358887 0.114746 1 12 1.000000
0  -0.152591 3.680875 6.839135  -0.912984 -0.152261 0.378519  -0.251465 0.157959 1 12 1.000000
0  -0.000001 3.448025 6.882470  0.000000 -0.585666 0.810552  -0.249695 0.182129 1 12 1.000000
Leo2A
0  -0.000001 3.448025 6.882470  0.000000 -0.585666 0.810552  -0.249695 0.182129 1 12 1.000000
0  -0.152591 3.680875 6.839135  -0.912984 -0.152261 0.378519  -0.251465 0.157959 1 12 1.000000
0  -0.000000 2.859800 6.458740  -0.000000 -0.915179 0.403048  -0.190064 0.219605 2 12 0.800000 11 0.200000
Leo2A
0  -0.152591 3.680875 6.839135  -0.912984 -0.152261 0.378519  -0.251465 0.157959 1 12 1.000000
0  -0.262755 3.256530 6.479185  -0.961024 -0.208435 0.181626  -0.200378 0.192871 2 12 0.800000 11 0.200000
0  -0.000000 2.859800 6.458740  -0.000000 -0.915179 0.403048  -0.190064 0.219605 2 12 0.800000 11 0.200000
Leo2A
0  -0.152591 3.680875 6.839135  -0.912984 -0.152261 0.378519  -0.251465 0.157959 1 12 1.000000
0  -0.122376 4.171900 6.669455  -0.927098 0.216703 -0.305826  -0.261169 0.104675 1 12 1.000000
0  -0.262755 3.256530 6.479185  -0.961024 -0.208435 0.181626  -0.200378 0.192871 2 12 0.800000 11 0.200000
Leo2A
0  -0.152591 3.680875 6.839135  -0.912984 -0.152261 0.378519  -0.251465 0.157959 1 12 1.000000
0  -0.112001 4.063870 6.924280  -0.989502 0.122638 0.076454  -0.283203 0.117859 1 12 1.000000
0  -0.122376 4.171900 6.669455  -0.927098 0.216703 -0.305826  -0.261169 0.104675 1 12 1.000000
Leo2A
0  -0.112001 4.063870 6.924280  -0.989502 0.122638 0.076454  -0.283203 0.117859 1 12 1.000000
0  -0.152591 3.680875 6.839135  -0.912984 -0.152261 0.378519  -0.251465 0.157959 1 12 1.000000
0  -0.090331 4.211575 7.107995  -0.987934 0.154612 -0.009039  -0.331970 0.096191 1 12 1.000000
Leo2A
0  -0.000001 4.491420 7.092735  -0.000000 0.638106 -0.769949  -0.358521 0.051697 1 12 1.000000
0  -0.112001 4.063870 6.924280  -0.989502 0.122638 0.076454  -0.283203 0.117859 1 12 1.000000
0  -0.090331 4.211575 7.107995  -0.987934 0.154612 -0.009039  -0.331970 0.096191 1 12 1.000000
Leo2A
0  -0.000001 4.491420 7.092735  -0.000000 0.638106 -0.769949  -0.358521 0.051697 1 12 1.000000
0  -0.090331 4.211575 7.107995  -0.987934 0.154612 -0.009039  -0.331970 0.096191 1 12 1.000000
0  -0.071411 4.548485 7.337180  -0.996758 0.076159 -0.025954  -0.393127 0.061157 1 12 1.000000
Leo2A
0  -0.000001 5.015710 7.440940  -0.000000 0.841325 -0.540530  -0.435730 0.025452 1 12 1.000000
0  -0.000001 4.491420 7.092735  -0.000000 0.638106 -0.769949  -0.358521 0.051697 1 12 1.000000
0  -0.071411 4.548485 7.337180  -0.996758 0.076159 -0.025954  -0.393127 0.061157 1 12 1.000000
Leo2A
0  0.071409 4.548485 7.337180  0.996758 0.076159 -0.025954  -0.393127 0.061157 1 12 1.000000
0  -0.000001 4.491420 7.092735  -0.000000 0.638106 -0.769949  -0.358521 0.051697 1 12 1.000000
0  -0.000001 5.015710 7.440940  -0.000000 0.841325 -0.540530  -0.435730 0.025452 1 12 1.000000
Leo2A
0  -0.000001 5.015710 7.440940  -0.000000 0.841325 -0.540530  -0.435730 0.025452 1 12 1.000000
0  0.050049 4.881740 7.629540  0.996412 0.018122 0.082678  -0.440552 0.041016 1 12 1.000000
0  0.071409 4.548485 7.337180  0.996758 0.076159 -0.025954  -0.393127 0.061157 1 12 1.000000
Leo2A
0  0.050049 4.881740 7.629540  0.996412 0.018122 0.082678  -0.440552 0.041016 1 12 1.000000
0  -0.000001 4.596095 7.573080  -0.000001 0.820087 0.572239  -0.417786 0.069641 1 12 1.000000
0  0.071409 4.548485 7.337180  0.996758 0.076159 -0.025954  -0.393127 0.061157 1 12 1.000000
Leo2A
0  0.071409 4.548485 7.337180  0.996758 0.076159 -0.025954  -0.393127 0.061157 1 12 1.000000
0  -0.000001 4.596095 7.573080  -0.000001 0.820087 0.572239  -0.417786 0.069641 1 12 1.000000
0  0.040894 4.411465 7.429040  0.994480 0.080676 0.067084  -0.396912 0.079590 1 12 1.000000
Leo2A
0  0.111999 4.063870 6.924280  0.990371 0.115623 0.076139  -0.283203 0.117859 1 12 1.000000
0  -0.000001 4.246670 6.940450  -0.206679 0.732917 0.648164  -0.300415 0.096375 1 12 1.000000
0  -0.000001 4.491420 7.092735  -0.000000 0.638106 -0.769949  -0.358521 0.051697 1 12 1.000000
Leo2A
0  -0.000001 4.491420 7.092735  -0.000000 0.638106 -0.769949  -0.358521 0.051697 1 12 1.000000
0  -0.000001 4.246670 6.940450  -0.206679 0.732917 0.648164  -0.300415 0.096375 1 12 1.000000
0  -0.112001 4.063870 6.924280  -0.989502 0.122638 0.076454  -0.283203 0.117859 1 12 1.000000
Leo2A
0  -0.051271 3.807065 6.115725  -0.977578 0.164344 -0.131649  -0.194214 0.110352 2 12 0.800000 11 0.200000
0  -0.000001 4.058835 6.399230  0.000000 0.783519 -0.621368  -0.233460 0.111267 2 12 0.900000 11 0.100000
0  -0.000001 4.145810 5.953675  -0.000000 0.916909 -0.399096  -0.209656 0.076538 2 12 0.800000 11 0.200000
Leo2A
0  -0.000001 4.058835 6.399230  0.000000 0.783519 -0.621368  -0.233460 0.111267 2 12 0.900000 11 0.100000
0  0.051269 3.807065 6.115725  0.977578 0.164345 -0.131649  -0.194214 0.110352 2 12 0.800000 11 0.200000
0  -0.000001 4.145810 5.953675  -0.000000 0.916909 -0.399096  -0.209656 0.076538 2 12 0.800000 11 0.200000
Leo2A
0  -0.000001 4.058835 6.399230  0.000000 0.783519 -0.621368  -0.233460 0.111267 2 12 0.900000 11 0.100000
0  0.116574 3.897400 6.502380  0.891886 0.280939 -0.354419  -0.236572 0.126465 2 12 0.900000 11 0.100000
0  0.051269 3.807065 6.115725  0.977578 0.164345 -0.131649  -0.194214 0.110352 2 12 0.800000 11 0.200000
Leo2A
0  0.051269 3.807065 6.115725  0.977578 0.164345 -0.131649  -0.194214 0.110352 2 12 0.800000 11 0.200000
0  0.116574 3.897400 6.502380  0.891886 0.280939 -0.354419  -0.236572 0.126465 2 12 0.900000 11 0.100000
0  0.151060 3.080445 6.044005  0.973673 -0.197660 -0.113544  -0.154541 0.182983 2 12 0.800000 11 0.200000
Leo2A
0  0.116574 3.897400 6.502380  0.891886 0.280939 -0.354419  -0.236572 0.126465 2 12 0.900000 11 0.100000
0  0.262755 3.256530 6.479185  0.961024 -0.208435 0.181627  -0.200378 0.192871 2 12 0.800000 11 0.200000
0  0.151060 3.080445 6.044005  0.973673 -0.197660 -0.113544  -0.154541 0.182983 2 12 0.800000 11 0.200000
Leo2A
0  0.151060 3.080445 6.044005  0.973673 -0.197660 -0.113544  -0.154541 0.182983 2 12 0.800000 11 0.200000
0  0.262755 3.256530 6.479185  0.961024 -0.208435 0.181627  -0.200378 0.192871 2 12 0.800000 11 0.200000
0  -0.000000 2.859800 6.458740  -0.000000 -0.915179 0.403048  -0.190064 0.219605 2 12 0.800000 11 0.200000
Leo2A
0  0.262755 3.256530 6.479185  0.961024 -0.208435 0.181627  -0.200378 0.192871 2 12 0.800000 11 0.200000
0  0.152589 3.680875 6.839135  0.912984 -0.152261 0.378520  -0.251465 0.157959 1 12 1.000000
0  -0.000000 2.859800 6.458740  -0.000000 -0.915179 0.403048  -0.190064 0.219605 2 12 0.800000 11 0.200000
Leo2A
0  -0.000000 2.859800 6.458740  -0.000000 -0.915179 0.403048  -0.190064 0.219605 2 12 0.800000 11 0.200000
0  0.152589 3.680875 6.839135  0.912984 -0.152261 0.378520  -0.251465 0.157959 1 12 1.000000
0  -0.000001 3.448025 6.882470  0.000000 -0.585666 0.810552  -0.249695 0.182129 1 12 1.000000
Leo2A
0  0.152589 3.680875 6.839135  0.912984 -0.152261 0.378520  -0.251465 0.157959 1 12 1.000000
0  0.078124 4.107205 7.229455  0.976538 -0.096946 0.192287  -0.358887 0.114746 1 12 1.000000
0  -0.000001 3.448025 6.882470  0.000000 -0.585666 0.810552  -0.249695 0.182129 1 12 1.000000
Leo2A
0  -0.000001 3.448025 6.882470  0.000000 -0.585666 0.810552  -0.249695 0.182129 1 12 1.000000
0  0.078124 4.107205 7.229455  0.976538 -0.096946 0.192287  -0.358887 0.114746 1 12 1.000000
0  -0.000001 3.853905 7.279805  -0.000000 -0.711721 0.702462  -0.348572 0.142334 1 12 1.000000
Leo2A
0  0.078124 4.107205 7.229455  0.976538 -0.096946 0.192287  -0.358887 0.114746 1 12 1.000000
0  0.054624 4.492030 7.730555  0.999627 0.018771 0.019827  -0.433899 0.097534 1 12 1.000000
0  -0.000001 3.853905 7.279805  -0.000000 -0.711721 0.702462  -0.348572 0.142334 1 12 1.000000
Leo2A
0  -0.000001 3.853905 7.279805  -0.000000 -0.711721 0.702462  -0.348572 0.142334 1 12 1.000000
0  0.054624 4.492030 7.730555  0.999627 0.018771 0.019827  -0.433899 0.097534 1 12 1.000000
0  -0.000001 4.311975 7.849265  -0.000000 -0.806656 0.591021  -0.437317 0.118286 1 12 1.000000
Leo2A
0  0.054624 4.492030 7.730555  0.999627 0.018771 0.019827  -0.433899 0.097534 1 12 1.000000
0  0.033874 4.947960 8.557275  0.999028 0.038530 0.021401  -0.532166 0.093933 1 12 1.000000
0  -0.000001 4.311975 7.849265  -0.000000 -0.806656 0.591021  -0.437317 0.118286 1 12 1.000000
Leo2A
0  -0.000001 4.311975 7.849265  -0.000000 -0.806656 0.591021  -0.437317 0.118286 1 12 1.000000
0  0.033874 4.947960 8.557275  0.999028 0.038530 0.021401  -0.532166 0.093933 1 12 1.000000
0  -0.000001 4.761500 8.636010  0.000000 -0.884114 0.467271  -0.540588 0.107727 1 12 1.000000
Leo2A
0  0.033874 4.947960 8.557275  0.999028 0.038530 0.021401  -0.532166 0.093933 1 12 1.000000
0  -0.000001 5.050195 9.234460  -0.000001 0.169347 0.985556  -0.614441 0.109436 1 12 1.000000
0  -0.000001 4.761500 8.636010  0.000000 -0.884114 0.467271  -0.540588 0.107727 1 12 1.000000
Leo2A
0  -0.000001 5.050195 9.234460  -0.000001 0.169347 0.985556  -0.614441 0.109436 1 12 1.000000
0  -0.033876 4.947960 8.557275  -0.999028 0.038530 0.021402  -0.532166 0.093933 1 12 1.000000
0  -0.000001 4.761500 8.636010  0.000000 -0.884114 0.467271  -0.540588 0.107727 1 12 1.000000
Leo2A
0  -0.000001 5.115505 8.504480  -0.000000 0.984032 -0.177994  -0.537415 0.071777 1 12 1.000000
0  -0.033876 4.947960 8.557275  -0.999028 0.038530 0.021402  -0.532166 0.093933 1 12 1.000000
0  -0.000001 5.050195 9.234460  -0.000001 0.169347 0.985556  -0.614441 0.109436 1 12 1.000000
Leo2A
0  -0.054626 4.492030 7.730555  -0.999627 0.018771 0.019827  -0.433899 0.097534 1 12 1.000000
0  -0.033876 4.947960 8.557275  -0.999028 0.038530 0.021402  -0.532166 0.093933 1 12 1.000000
0  -0.000001 5.115505 8.504480  -0.000000 0.984032 -0.177994  -0.537415 0.071777 1 12 1.000000
Leo2A
0  0.152589 3.680875 6.839135  0.912984 -0.152261 0.378520  -0.251465 0.157959 1 12 1.000000
0  0.090329 4.211575 7.107995  0.987934 0.154613 -0.009039  -0.331970 0.096191 1 12 1.000000
0  0.078124 4.107205 7.229455  0.976538 -0.096946 0.192287  -0.358887 0.114746 1 12 1.000000
Leo2A
0  -0.000001 4.596095 7.573080  -0.000001 0.820087 0.572239  -0.417786 0.069641 1 12 1.000000
0  -0.000001 4.834435 7.968895  -0.000000 0.885698 -0.464263  -0.470093 0.062561 1 12 1.000000
0  0.040894 4.411465 7.429040  0.994480 0.080676 0.067084  -0.396912 0.079590 1 12 1.000000
Leo2A
0  0.040894 4.411465 7.429040  0.994480 0.080676 0.067084  -0.396912 0.079590 1 12 1.000000
0  -0.000001 4.834435 7.968895  -0.000000 0.885698 -0.464263  -0.470093 0.062561 1 12 1.000000
0  0.054624 4.492030 7.730555  0.999627 0.018771 0.019827  -0.433899 0.097534 1 12 1.000000
Leo2A
0  -0.000001 4.834435 7.968895  -0.000000 0.885698 -0.464263  -0.470093 0.062561 1 12 1.000000
0  -0.000001 5.115505 8.504480  -0.000000 0.984032 -0.177994  -0.537415 0.071777 1 12 1.000000
0  0.054624 4.492030 7.730555  0.999627 0.018771 0.019827  -0.433899 0.097534 1 12 1.000000
Leo2A
0  0.054624 4.492030 7.730555  0.999627 0.018771 0.019827  -0.433899 0.097534 1 12 1.000000
0  -0.000001 5.115505 8.504480  -0.000000 0.984032 -0.177994  -0.537415 0.071777 1 12 1.000000
0  0.033874 4.947960 8.557275  0.999028 0.038530 0.021401  -0.532166 0.093933 1 12 1.000000
Leo2A
0  -0.000001 5.115505 8.504480  -0.000000 0.984032 -0.177994  -0.537415 0.071777 1 12 1.000000
0  -0.000001 5.050195 9.234460  -0.000001 0.169347 0.985556  -0.614441 0.109436 1 12 1.000000
0  0.033874 4.947960 8.557275  0.999028 0.038530 0.021401  -0.532166 0.093933 1 12 1.000000
Leo2A
0  -0.151060 3.080445 6.044005  -0.973673 -0.197660 -0.113544  -0.154541 0.182983 2 12 0.800000 11 0.200000
0  -0.116576 3.897400 6.502380  -0.891886 0.280939 -0.354419  -0.236572 0.126465 2 12 0.900000 11 0.100000
0  -0.051271 3.807065 6.115725  -0.977578 0.164344 -0.131649  -0.194214 0.110352 2 12 0.800000 11 0.200000
Leo2A
0  -0.116576 3.897400 6.502380  -0.891886 0.280939 -0.354419  -0.236572 0.126465 2 12 0.900000 11 0.100000
0  -0.000001 4.058835 6.399230  0.000000 0.783519 -0.621368  -0.233460 0.111267 2 12 0.900000 11 0.100000
0  -0.051271 3.807065 6.115725  -0.977578 0.164344 -0.131649  -0.194214 0.110352 2 12 0.800000 11 0.200000
Leo2A
0  -0.116576 3.897400 6.502380  -0.891886 0.280939 -0.354419  -0.236572 0.126465 2 12 0.900000 11 0.100000
0  -0.000001 4.352870 6.628870  0.000001 0.410417 -0.911898  -0.256531 0.080261 1 12 1.000000
0  -0.000001 4.058835 6.399230  0.000000 0.783519 -0.621368  -0.233460 0.111267 2 12 0.900000 11 0.100000
Leo2A
0  -0.000001 4.058835 6.399230  0.000000 0.783519 -0.621368  -0.233460 0.111267 2 12 0.900000 11 0.100000
0  -0.000001 4.352870 6.628870  0.000001 0.410417 -0.911898  -0.256531 0.080261 1 12 1.000000
0  0.116574 3.897400 6.502380  0.891886 0.280939 -0.354419  -0.236572 0.126465 2 12 0.900000 11 0.100000
Leo2A
0  0.116574 3.897400 6.502380  0.891886 0.280939 -0.354419  -0.236572 0.126465 2 12 0.900000 11 0.100000
0  -0.000001 4.352870 6.628870  0.000001 0.410417 -0.911898  -0.256531 0.080261 1 12 1.000000
0  0.122374 4.171900 6.669455  0.927098 0.216702 -0.305825  -0.261169 0.104675 1 12 1.000000
Leo2A
0  0.116574 3.897400 6.502380  0.891886 0.280939 -0.354419  -0.236572 0.126465 2 12 0.900000 11 0.100000
0  0.122374 4.171900 6.669455  0.927098 0.216702 -0.305825  -0.261169 0.104675 1 12 1.000000
0  0.262755 3.256530 6.479185  0.961024 -0.208435 0.181627  -0.200378 0.192871 2 12 0.800000 11 0.200000
Leo2A
0  0.262755 3.256530 6.479185  0.961024 -0.208435 0.181627  -0.200378 0.192871 2 12 0.800000 11 0.200000
0  0.122374 4.171900 6.669455  0.927098 0.216702 -0.305825  -0.261169 0.104675 1 12 1.000000
0  0.152589 3.680875 6.839135  0.912984 -0.152261 0.378520  -0.251465 0.157959 1 12 1.000000
Leo2A
0  0.122374 4.171900 6.669455  0.927098 0.216702 -0.305825  -0.261169 0.104675 1 12 1.000000
0  0.111999 4.063870 6.924280  0.990371 0.115623 0.076139  -0.283203 0.117859 1 12 1.000000
0  0.152589 3.680875 6.839135  0.912984 -0.152261 0.378520  -0.251465 0.157959 1 12 1.000000
Leo2A
0  0.111999 4.063870 6.924280  0.990371 0.115623 0.076139  -0.283203 0.117859 1 12 1.000000
0  0.090329 4.211575 7.107995  0.987934 0.154613 -0.009039  -0.331970 0.096191 1 12 1.000000
0  0.152589 3.680875 6.839135  0.912984 -0.152261 0.378520  -0.251465 0.157959 1 12 1.000000
Leo2A
0  0.090329 4.211575 7.107995  0.987934 0.154613 -0.009039  -0.331970 0.096191 1 12 1.000000
0  0.111999 4.063870 6.924280  0.990371 0.115623 0.076139  -0.283203 0.117859 1 12 1.000000
0  -0.000001 4.491420 7.092735  -0.000000 0.638106 -0.769949  -0.358521 0.051697 1 12 1.000000
Leo2A
0  0.071409 4.548485 7.337180  0.996758 0.076159 -0.025954  -0.393127 0.061157 1 12 1.000000
0  0.090329 4.211575 7.107995  0.987934 0.154613 -0.009039  -0.331970 0.096191 1 12 1.000000
0  -0.000001 4.491420 7.092735  -0.000000 0.638106 -0.769949  -0.358521 0.051697 1 12 1.000000
Leo2A
0  0.040894 4.411465 7.429040  0.994480 0.080676 0.067084  -0.396912 0.079590 1 12 1.000000
0  0.090329 4.211575 7.107995  0.987934 0.154613 -0.009039  -0.331970 0.096191 1 12 1.000000
0  0.071409 4.548485 7.337180  0.996758 0.076159 -0.025954  -0.393127 0.061157 1 12 1.000000
Leo2A
0  0.090329 4.211575 7.107995  0.987934 0.154613 -0.009039  -0.331970 0.096191 1 12 1.000000
0  0.040894 4.411465 7.429040  0.994480 0.080676 0.067084  -0.396912 0.079590 1 12 1.000000
0  0.078124 4.107205 7.229455  0.976538 -0.096946 0.192287  -0.358887 0.114746 1 12 1.000000
Leo2A
0  0.078124 4.107205 7.229455  0.976538 -0.096946 0.192287  -0.358887 0.114746 1 12 1.000000
0  0.040894 4.411465 7.429040  0.994480 0.080676 0.067084  -0.396912 0.079590 1 12 1.000000
0  0.054624 4.492030 7.730555  0.999627 0.018771 0.019827  -0.433899 0.097534 1 12 1.000000
Leo2A
0  -0.000001 4.352870 6.628870  0.000001 0.410417 -0.911898  -0.256531 0.080261 1 12 1.000000
0  0.113524 4.425195 6.776575  0.941016 0.123392 -0.315062  -0.287598 0.072571 1 12 1.000000
0  0.122374 4.171900 6.669455  0.927098 0.216702 -0.305825  -0.261169 0.104675 1 12 1.000000
Leo2A
0  0.113524 4.425195 6.776575  0.941016 0.123392 -0.315062  -0.287598 0.072571 1 12 1.000000
0  0.111999 4.063870 6.924280  0.990371 0.115623 0.076139  -0.283203 0.117859 1 12 1.000000
0  0.122374 4.171900 6.669455  0.927098 0.216702 -0.305825  -0.261169 0.104675 1 12 1.000000
Leo2A
0  -0.112001 4.063870 6.924280  -0.989502 0.122638 0.076454  -0.283203 0.117859 1 12 1.000000
0  -0.113526 4.425195 6.776575  -0.941016 0.123391 -0.315062  -0.287598 0.072571 1 12 1.000000
0  -0.122376 4.171900 6.669455  -0.927098 0.216703 -0.305826  -0.261169 0.104675 1 12 1.000000
Leo2A
0  -0.112001 4.063870 6.924280  -0.989502 0.122638 0.076454  -0.283203 0.117859 1 12 1.000000
0  -0.102236 4.808800 6.890710  -0.977077 0.193491 0.088774  -0.318909 0.039368 1 12 1.000000
0  -0.113526 4.425195 6.776575  -0.941016 0.123391 -0.315062  -0.287598 0.072571 1 12 1.000000
Leo2A
0  -0.000001 4.246670 6.940450  -0.206679 0.732917 0.648164  -0.300415 0.096375 1 12 1.000000
0  -0.102236 4.808800 6.890710  -0.977077 0.193491 0.088774  -0.318909 0.039368 1 12 1.000000
0  -0.112001 4.063870 6.924280  -0.989502 0.122638 0.076454  -0.283203 0.117859 1 12 1.000000
Leo2A
0  -0.000001 4.246670 6.940450  -0.206679 0.732917 0.648164  -0.300415 0.096375 1 12 1.000000
0  -0.000001 4.797815 6.975550  -0.015621 -0.149460 0.988644  -0.329712 0.047974 1 12 1.000000
0  -0.102236 4.808800 6.890710  -0.977077 0.193491 0.088774  -0.318909 0.039368 1 12 1.000000
Leo2A
0  -0.000001 4.246670 6.940450  -0.206679 0.732917 0.648164  -0.300415 0.096375 1 12 1.000000
0  0.111999 4.063870 6.924280  0.990371 0.115623 0.076139  -0.283203 0.117859 1 12 1.000000
0  -0.000001 4.797815 6.975550  -0.015621 -0.149460 0.988644  -0.329712 0.047974 1 12 1.000000
Leo2A
0  0.111999 4.063870 6.924280  0.990371 0.115623 0.076139  -0.283203 0.117859 1 12 1.000000
0  0.102234 4.808800 6.890710  0.973399 0.216157 0.075970  -0.318909 0.039368 1 12 1.000000
0  -0.000001 4.797815 6.975550  -0.015621 -0.149460 0.988644  -0.329712 0.047974 1 12 1.000000
Leo2A
0  0.111999 4.063870 6.924280  0.990371 0.115623 0.076139  -0.283203 0.117859 1 12 1.000000
0  0.113524 4.425195 6.776575  0.941016 0.123392 -0.315062  -0.287598 0.072571 1 12 1.000000
0  0.102234 4.808800 6.890710  0.973399 0.216157 0.075970  -0.318909 0.039368 1 12 1.000000
Leo2A
0  0.102234 4.808800 6.890710  0.973399 0.216157 0.075970  -0.318909 0.039368 1 12 1.000000
0  0.113524 4.425195 6.776575  0.941016 0.123392 -0.315062  -0.287598 0.072571 1 12 1.000000
0  -0.000001 4.841455 6.760705  0.000000 0.519431 -0.854513  -0.306030 0.027771 1 12 1.000000
Leo2A
0  -0.000001 4.841455 6.760705  0.000000 0.519431 -0.854513  -0.306030 0.027771 1 12 1.000000
0  0.113524 4.425195 6.776575  0.941016 0.123392 -0.315062  -0.287598 0.072571 1 12 1.000000
0  -0.000001 4.352870 6.628870  0.000001 0.410417 -0.911898  -0.256531 0.080261 1 12 1.000000
Leo2A
0  -0.113526 4.425195 6.776575  -0.941016 0.123391 -0.315062  -0.287598 0.072571 1 12 1.000000
0  -0.000001 4.841455 6.760705  0.000000 0.519431 -0.854513  -0.306030 0.027771 1 12 1.000000
0  -0.000001 4.352870 6.628870  0.000001 0.410417 -0.911898  -0.256531 0.080261 1 12 1.000000
Leo2A
0  -0.122376 4.171900 6.669455  -0.927098 0.216703 -0.305826  -0.261169 0.104675 1 12 1.000000
0  -0.113526 4.425195 6.776575  -0.941016 0.123391 -0.315062  -0.287598 0.072571 1 12 1.000000
0  -0.000001 4.352870 6.628870  0.000001 0.410417 -0.911898  -0.256531 0.080261 1 12 1.000000
Leo2A
0  -0.122376 4.171900 6.669455  -0.927098 0.216703 -0.305826  -0.261169 0.104675 1 12 1.000000
0  -0.000001 4.352870 6.628870  0.000001 0.410417 -0.911898  -0.256531 0.080261 1 12 1.000000
0  -0.116576 3.897400 6.502380  -0.891886 0.280939 -0.354419  -0.236572 0.126465 2 12 0.900000 11 0.100000
Leo2A
0  -0.262755 3.256530 6.479185  -0.961024 -0.208435 0.181626  -0.200378 0.192871 2 12 0.800000 11 0.200000
0  -0.122376 4.171900 6.669455  -0.927098 0.216703 -0.305826  -0.261169 0.104675 1 12 1.000000
0  -0.116576 3.897400 6.502380  -0.891886 0.280939 -0.354419  -0.236572 0.126465 2 12 0.900000 11 0.100000
Leo2A
0  -0.262755 3.256530 6.479185  -0.961024 -0.208435 0.181626  -0.200378 0.192871 2 12 0.800000 11 0.200000
0  -0.116576 3.897400 6.502380  -0.891886 0.280939 -0.354419  -0.236572 0.126465 2 12 0.900000 11 0.100000
0  -0.151060 3.080445 6.044005  -0.973673 -0.197660 -0.113544  -0.154541 0.182983 2 12 0.800000 11 0.200000
Leo2A
0  -0.000000 2.859800 6.458740  -0.000000 -0.915179 0.403048  -0.190064 0.219605 2 12 0.800000 11 0.200000
0  -0.262755 3.256530 6.479185  -0.961024 -0.208435 0.181626  -0.200378 0.192871 2 12 0.800000 11 0.200000
0  -0.151060 3.080445 6.044005  -0.973673 -0.197660 -0.113544  -0.154541 0.182983 2 12 0.800000 11 0.200000
Leo2A
0  -0.151060 3.080445 6.044005  -0.973673 -0.197660 -0.113544  -0.154541 0.182983 2 12 0.800000 11 0.200000
0  -0.075685 2.922055 5.607605  -0.989420 -0.113248 -0.090679  -0.115418 0.174561 3 12 0.500000 11 0.300000 10 0.200000
0  -0.000000 2.859800 6.458740  -0.000000 -0.915179 0.403048  -0.190064 0.219605 2 12 0.800000 11 0.200000
Leo2A
0  -0.051271 3.807065 6.115725  -0.977578 0.164344 -0.131649  -0.194214 0.110352 2 12 0.800000 11 0.200000
0  -0.075685 2.922055 5.607605  -0.989420 -0.113248 -0.090679  -0.115418 0.174561 3 12 0.500000 11 0.300000 10 0.200000
0  -0.151060 3.080445 6.044005  -0.973673 -0.197660 -0.113544  -0.154541 0.182983 2 12 0.800000 11 0.200000
Leo2A
0  -0.075685 2.922055 5.607605  -0.989420 -0.113248 -0.090679  -0.115418 0.174561 3 12 0.500000 11 0.300000 10 0.200000
0  -0.051271 3.807065 6.115725  -0.977578 0.164344 -0.131649  -0.194214 0.110352 2 12 0.800000 11 0.200000
0  -0.000001 4.145810 5.953675  -0.000000 0.916909 -0.399096  -0.209656 0.076538 2 12 0.800000 11 0.200000
Leo2A
0  -0.102236 4.808800 6.890710  -0.977077 0.193491 0.088774  -0.318909 0.039368 1 12 1.000000
0  -0.000001 4.797815 6.975550  -0.015621 -0.149460 0.988644  -0.329712 0.047974 1 12 1.000000
0  -0.000001 5.102380 7.065880  0.000002 0.845263 0.534351  -0.370911 0.018005 1 12 1.000000
Leo2A
0  -0.000001 4.797815 6.975550  -0.015621 -0.149460 0.988644  -0.329712 0.047974 1 12 1.000000
0  0.102234 4.808800 6.890710  0.973399 0.216157 0.075970  -0.318909 0.039368 1 12 1.000000
0  -0.000001 5.102380 7.065880  0.000002 0.845263 0.534351  -0.370911 0.018005 1 12 1.000000
Leo2A
0  0.102234 4.808800 6.890710  0.973399 0.216157 0.075970  -0.318909 0.039368 1 12 1.000000
0  -0.000001 4.841455 6.760705  0.000000 0.519431 -0.854513  -0.306030 0.027771 1 12 1.000000
0  -0.000001 5.102380 7.065880  0.000002 0.845263 0.534351  -0.370911 0.018005 1 12 1.000000
Leo2A
0  -0.000001 5.102380 7.065880  0.000002 0.845263 0.534351  -0.370911 0.018005 1 12 1.000000
0  -0.000001 4.841455 6.760705  0.000000 0.519431 -0.854513  -0.306030 0.027771 1 12 1.000000
0  -0.102236 4.808800 6.890710  -0.977077 0.193491 0.088774  -0.318909 0.039368 1 12 1.000000
Leo2A
0  -0.102236 4.808800 6.890710  -0.977077 0.193491 0.088774  -0.318909 0.039368 1 12 1.000000
0  -0.000001 4.841455 6.760705  0.000000 0.519431 -0.854513  -0.306030 0.027771 1 12 1.000000
0  -0.113526 4.425195 6.776575  -0.941016 0.123391 -0.315062  -0.287598 0.072571 1 12 1.000000
Leo2A
0  -0.075685 2.922055 5.607605  -0.989420 -0.113248 -0.090679  -0.115418 0.174561 3 12 0.500000 11 0.300000 10 0.200000
0  -0.000001 4.145810 5.953675  -0.000000 0.916909 -0.399096  -0.209656 0.076538 2 12 0.800000 11 0.200000
0  -0.000000 2.953795 5.393980  -0.000000 0.730147 -0.683291  -0.102905 0.161987 3 12 0.500000 11 0.300000 10 0.200000
Leo2A
0  -0.000000 2.953795 5.393980  -0.000000 0.730147 -0.683291  -0.102905 0.161987 3 12 0.500000 11 0.300000 10 0.200000
0  -0.000001 4.145810 5.953675  -0.000000 0.916909 -0.399096  -0.209656 0.076538 2 12 0.800000 11 0.200000
0  0.075685 2.922055 5.607605  0.989420 -0.113248 -0.090679  -0.115418 0.174561 3 12 0.500000 11 0.300000 10 0.200000
Leo2A
0  -0.000001 4.145810 5.953675  -0.000000 0.916909 -0.399096  -0.209656 0.076538 2 12 0.800000 11 0.200000
0  0.051269 3.807065 6.115725  0.977578 0.164345 -0.131649  -0.194214 0.110352 2 12 0.800000 11 0.200000
0  0.075685 2.922055 5.607605  0.989420 -0.113248 -0.090679  -0.115418 0.174561 3 12 0.500000 11 0.300000 10 0.200000
Leo2A
0  0.051269 3.807065 6.115725  0.977578 0.164345 -0.131649  -0.194214 0.110352 2 12 0.800000 11 0.200000
0  0.151060 3.080445 6.044005  0.973673 -0.197660 -0.113544  -0.154541 0.182983 2 12 0.800000 11 0.200000
0  0.075685 2.922055 5.607605  0.989420 -0.113248 -0.090679  -0.115418 0.174561 3 12 0.500000 11 0.300000 10 0.200000
Leo2A
0  0.075685 2.922055 5.607605  0.989420 -0.113248 -0.090679  -0.115418 0.174561 3 12 0.500000 11 0.300000 10 0.200000
0  0.151060 3.080445 6.044005  0.973673 -0.197660 -0.113544  -0.154541 0.182983 2 12 0.800000 11 0.200000
0  -0.000000 2.859800 6.458740  -0.000000 -0.915179 0.403048  -0.190064 0.219605 2 12 0.800000 11 0.200000
Leo2A
0  0.075685 2.922055 5.607605  0.989420 -0.113248 -0.090679  -0.193604 0.790222 3 12 0.500000 11 0.300000 10 0.200000
0  0.047915 2.480775 4.875490  0.999635 -0.015097 0.022411  -0.126892 0.758850 3 10 0.400000 11 0.400000 12 0.200000
0  -0.000000 2.953795 5.393980  -0.000000 0.730147 -0.683291  -0.179321 0.795227 3 12 0.500000 11 0.300000 10 0.200000
Leo2A
0  0.075685 2.922055 5.607605  0.989420 -0.113248 -0.090679  -0.193604 0.790222 3 12 0.500000 11 0.300000 10 0.200000
0  -0.000000 2.337645 4.923705  0.000000 -0.819641 0.572877  -0.127808 0.741638 3 10 0.400000 11 0.400000 12 0.200000
0  0.047915 2.480775 4.875490  0.999635 -0.015097 0.022411  -0.126892 0.758850 3 10 0.400000 11 0.400000 12 0.200000
Leo2A
0  0.047915 2.480775 4.875490  0.999635 -0.015097 0.022411  -0.126892 0.758850 3 10 0.400000 11 0.400000 12 0.200000
0  -0.000000 2.337645 4.923705  0.000000 -0.819641 0.572877  -0.127808 0.741638 3 10 0.400000 11 0.400000 12 0.200000
0  -0.000000 1.765745 4.260865  0.000000 -0.541628 0.840618  -0.094849 0.710510 3 10 0.700000 11 0.200000 3 0.100000
Leo2A
0  -0.000000 2.337645 4.923705  0.000000 -0.819641 0.572877  -0.127808 0.741638 3 10 0.400000 11 0.400000 12 0.200000
0  -0.047915 2.480775 4.875490  -0.999635 -0.015098 0.022411  -0.126892 0.758850 3 10 0.400000 11 0.400000 12 0.200000
0  -0.000000 1.765745 4.260865  0.000000 -0.541628 0.840618  -0.094849 0.710510 3 10 0.700000 11 0.200000 3 0.100000
Leo2A
0  0.134585 1.285400 4.017335  0.999789 0.003629 0.020216  -0.088196 0.669006 2 3 0.500000 10 0.500000
0  0.224000 1.672055 4.490355  0.296714 0.668734 0.681730  -0.133667 0.692322 2 3 0.700000 10 0.300000
0  0.042420 0.764770 3.883055  0.908556 -0.139533 0.393772  -0.061279 0.618958 3 3 0.800000 10 0.100000 13 0.100000
Leo2A
0  -0.000000 1.501770 4.115905  0.000000 0.583838 0.811870  -0.104004 0.701233 2 10 0.700000 3 0.300000
0  0.224000 1.672055 4.490355  0.296714 0.668734 0.681730  -0.133667 0.692322 2 3 0.700000 10 0.300000
0  0.134585 1.285400 4.017335  0.999789 0.003629 0.020216  -0.088196 0.669006 2 3 0.500000 10 0.500000
Leo2A
0  0.120850 1.813660 3.974915  0.982133 0.117966 0.146622  -0.067383 0.715698 3 10 0.800000 3 0.100000 11 0.100000
0  -0.000000 1.501770 4.115905  0.000000 0.583838 0.811870  -0.104004 0.701233 2 10 0.700000 3 0.300000
0  0.134585 1.285400 4.017335  0.999789 0.003629 0.020216  -0.088196 0.669006 2 3 0.500000 10 0.500000
Leo2A
0  -0.000000 1.765745 4.260865  0.000000 -0.541628 0.840618  -0.094849 0.710510 3 10 0.700000 11 0.200000 3 0.100000
0  -0.000000 1.501770 4.115905  0.000000 0.583838 0.811870  -0.104004 0.701233 2 10 0.700000 3 0.300000
0  0.120850 1.813660 3.974915  0.982133 0.117966 0.146622  -0.067383 0.715698 3 10 0.800000 3 0.100000 11 0.100000
Leo2A
0  0.073545 2.033080 4.196475  0.992204 0.122233 -0.024316  -0.083618 0.727905 3 10 0.700000 11 0.200000 3 0.100000
0  -0.000000 1.765745 4.260865  0.000000 -0.541628 0.840618  -0.094849 0.710510 3 10 0.700000 11 0.200000 3 0.100000
0  0.120850 1.813660 3.974915  0.982133 0.117966 0.146622  -0.067383 0.715698 3 10 0.800000 3 0.100000 11 0.100000
Leo2A
0  -0.000000 1.765745 4.260865  0.000000 -0.541628 0.840618  -0.094849 0.710510 3 10 0.700000 11 0.200000 3 0.100000
0  0.073545 2.033080 4.196475  0.992204 0.122233 -0.024316  -0.083618 0.727905 3 10 0.700000 11 0.200000 3 0.100000
0  0.047915 2.480775 4.875490  0.999635 -0.015097 0.022411  -0.126892 0.758850 3 10 0.400000 11 0.400000 12 0.200000
Leo2A
0  0.047915 2.480775 4.875490  0.999635 -0.015097 0.022411  -0.126892 0.758850 3 10 0.400000 11 0.400000 12 0.200000
0  0.073545 2.033080 4.196475  0.992204 0.122233 -0.024316  -0.083618 0.727905 3 10 0.700000 11 0.200000 3 0.100000
0  -0.000000 2.662355 4.802245  -0.000000 0.888130 -0.459593  -0.126587 0.777954 3 10 0.400000 11 0.400000 12 0.200000
Leo2A
0  -0.000000 2.953795 5.393980  -0.000000 0.730147 -0.683291  -0.179321 0.795227 3 12 0.500000 11 0.300000 10 0.200000
0  0.047915 2.480775 4.875490  0.999635 -0.015097 0.022411  -0.126892 0.758850 3 10 0.400000 11 0.400000 12 0.200000
0  -0.000000 2.662355 4.802245  -0.000000 0.888130 -0.459593  -0.126587 0.777954 3 10 0.400000 11 0.400000 12 0.200000
Leo2A
0  -0.047915 2.480775 4.875490  -0.999635 -0.015098 0.022411  -0.126892 0.758850 3 10 0.400000 11 0.400000 12 0.200000
0  -0.000000 2.953795 5.393980  -0.000000 0.730147 -0.683291  -0.179321 0.795227 3 12 0.500000 11 0.300000 10 0.200000
0  -0.000000 2.662355 4.802245  -0.000000 0.888130 -0.459593  -0.126587 0.777954 3 10 0.400000 11 0.400000 12 0.200000
Leo2A
0  -0.075685 2.922055 5.607605  -0.989420 -0.113248 -0.090679  -0.193604 0.790222 3 12 0.500000 11 0.300000 10 0.200000
0  -0.000000 2.953795 5.393980  -0.000000 0.730147 -0.683291  -0.179321 0.795227 3 12 0.500000 11 0.300000 10 0.200000
0  -0.047915 2.480775 4.875490  -0.999635 -0.015098 0.022411  -0.126892 0.758850 3 10 0.400000 11 0.400000 12 0.200000
Leo2A
0  -0.000000 2.337645 4.923705  0.000000 -0.819641 0.572877  -0.127808 0.741638 3 10 0.400000 11 0.400000 12 0.200000
0  -0.075685 2.922055 5.607605  -0.989420 -0.113248 -0.090679  -0.193604 0.790222 3 12 0.500000 11 0.300000 10 0.200000
0  -0.047915 2.480775 4.875490  -0.999635 -0.015098 0.022411  -0.126892 0.758850 3 10 0.400000 11 0.400000 12 0.200000
Leo2A
0  -0.000000 2.742920 5.554505  -0.000000 -0.889188 0.457542  -0.186157 0.776611 3 12 0.500000 11 0.300000 10 0.200000
0  -0.075685 2.922055 5.607605  -0.989420 -0.113248 -0.090679  -0.193604 0.790222 3 12 0.500000 11 0.300000 10 0.200000
0  -0.000000 2.337645 4.923705  0.000000 -0.819641 0.572877  -0.127808 0.741638 3 10 0.400000 11 0.400000 12 0.200000
Leo2A
0  0.075685 2.922055 5.607605  0.989420 -0.113248 -0.090679  -0.193604 0.790222 3 12 0.500000 11 0.300000 10 0.200000
0  -0.000000 2.742920 5.554505  -0.000000 -0.889188 0.457542  -0.186157 0.776611 3 12 0.500000 11 0.300000 10 0.200000
0  -0.000000 2.337645 4.923705  0.000000 -0.819641 0.572877  -0.127808 0.741638 3 10 0.400000 11 0.400000 12 0.200000
Leo2A
0  -0.000000 2.827455 5.937500  -0.000000 -0.996626 0.082082  -0.220276 0.782227 2 12 0.700000 11 0.300000
0  -0.000000 2.742920 5.554505  -0.000000 -0.889188 0.457542  -0.186157 0.776611 3 12 0.500000 11 0.300000 10 0.200000
0  0.075685 2.922055 5.607605  0.989420 -0.113248 -0.090679  -0.193604 0.790222 3 12 0.500000 11 0.300000 10 0.200000
Leo2A
0  -0.000000 2.859800 6.458740  -0.000000 -0.915179 0.403048  -0.263916 0.788391 2 12 0.800000 11 0.200000
0  -0.000000 2.827455 5.937500  -0.000000 -0.996626 0.082082  -0.220276 0.782227 2 12 0.700000 11 0.300000
0  0.075685 2.922055 5.607605  0.989420 -0.113248 -0.090679  -0.193604 0.790222 3 12 0.500000 11 0.300000 10 0.200000
Leo2A
0  -0.075685 2.922055 5.607605  -0.989420 -0.113248 -0.090679  -0.193604 0.790222 3 12 0.500000 11 0.300000 10 0.200000
0  -0.000000 2.827455 5.937500  -0.000000 -0.996626 0.082082  -0.220276 0.782227 2 12 0.700000 11 0.300000
0  -0.000000 2.859800 6.458740  -0.000000 -0.915179 0.403048  -0.263916 0.788391 2 12 0.800000 11 0.200000
Leo2A
0  -0.075685 2.922055 5.607605  -0.989420 -0.113248 -0.090679  -0.193604 0.790222 3 12 0.500000 11 0.300000 10 0.200000
0  -0.000000 2.742920 5.554505  -0.000000 -0.889188 0.457542  -0.186157 0.776611 3 12 0.500000 11 0.300000 10 0.200000
0  -0.000000 2.827455 5.937500  -0.000000 -0.996626 0.082082  -0.220276 0.782227 2 12 0.700000 11 0.300000
Leo2A
0  -0.134585 1.285400 4.017335  -0.999789 0.003629 0.020216  -0.088196 0.669006 2 3 0.500000 10 0.500000
0  -0.138550 1.574095 3.704580  -0.995588 0.093345 -0.009591  -0.045288 0.702637 1 3 1.000000
0  -0.144350 1.136170 3.817800  -0.971646 -0.134538 0.194431  -0.044006 0.643738 1 3 1.000000
Leo2A
0  -0.120850 1.813660 3.974915  -0.981851 0.123787 0.143688  -0.067383 0.715698 3 10 0.800000 3 0.100000 11 0.100000
0  -0.138550 1.574095 3.704580  -0.995588 0.093345 -0.009591  -0.045288 0.702637 1 3 1.000000
0  -0.134585 1.285400 4.017335  -0.999789 0.003629 0.020216  -0.088196 0.669006 2 3 0.500000 10 0.500000
Leo2A
0  -0.000000 1.501770 4.115905  0.000000 0.583838 0.811870  -0.104004 0.701233 2 10 0.700000 3 0.300000
0  -0.120850 1.813660 3.974915  -0.981851 0.123787 0.143688  -0.067383 0.715698 3 10 0.800000 3 0.100000 11 0.100000
0  -0.134585 1.285400 4.017335  -0.999789 0.003629 0.020216  -0.088196 0.669006 2 3 0.500000 10 0.500000
Leo2A
0  -0.000000 1.765745 4.260865  0.000000 -0.541628 0.840618  -0.094849 0.710510 3 10 0.700000 11 0.200000 3 0.100000
0  -0.120850 1.813660 3.974915  -0.981851 0.123787 0.143688  -0.067383 0.715698 3 10 0.800000 3 0.100000 11 0.100000
0  -0.000000 1.501770 4.115905  0.000000 0.583838 0.811870  -0.104004 0.701233 2 10 0.700000 3 0.300000
Leo2A
0  -0.073545 2.033080 4.196475  -0.992204 0.122232 -0.024316  -0.083618 0.727905 3 10 0.700000 11 0.200000 3 0.100000
0  -0.120850 1.813660 3.974915  -0.981851 0.123787 0.143688  -0.067383 0.715698 3 10 0.800000 3 0.100000 11 0.100000
0  -0.000000 1.765745 4.260865  0.000000 -0.541628 0.840618  -0.094849 0.710510 3 10 0.700000 11 0.200000 3 0.100000
Leo2A
0  -0.000000 1.765745 4.260865  0.000000 -0.541628 0.840618  -0.094849 0.710510 3 10 0.700000 11 0.200000 3 0.100000
0  -0.047915 2.480775 4.875490  -0.999635 -0.015098 0.022411  -0.126892 0.758850 3 10 0.400000 11 0.400000 12 0.200000
0  -0.073545 2.033080 4.196475  -0.992204 0.122232 -0.024316  -0.083618 0.727905 3 10 0.700000 11 0.200000 3 0.100000
Leo2A
0  -0.047915 2.480775 4.875490  -0.999635 -0.015098 0.022411  -0.126892 0.758850 3 10 0.400000 11 0.400000 12 0.200000
0  -0.000000 2.662355 4.802245  -0.000000 0.888130 -0.459593  -0.126587 0.777954 3 10 0.400000 11 0.400000 12 0.200000
0  -0.073545 2.033080 4.196475  -0.992204 0.122232 -0.024316  -0.083618 0.727905 3 10 0.700000 11 0.200000 3 0.100000
Leo2A
0  -0.073545 2.033080 4.196475  -0.992204 0.122232 -0.024316  -0.083618 0.727905 3 10 0.700000 11 0.200000 3 0.100000
0  -0.000000 2.662355 4.802245  -0.000000 0.888130 -0.459593  -0.126587 0.777954 3 10 0.400000 11 0.400000 12 0.200000
0  -0.000000 2.085875 4.038085  -0.003836 0.934766 -0.355243  -0.074158 0.735352 3 10 0.700000 11 0.200000 3 0.100000
Leo2A
0  -0.000000 2.662355 4.802245  -0.000000 0.888130 -0.459593  -0.126587 0.777954 3 10 0.400000 11 0.400000 12 0.200000
0  0.073545 2.033080 4.196475  0.992204 0.122233 -0.024316  -0.083618 0.727905 3 10 0.700000 11 0.200000 3 0.100000
0  -0.000000 2.085875 4.038085  -0.003836 0.934766 -0.355243  -0.074158 0.735352 3 10 0.700000 11 0.200000 3 0.100000
Leo2A
0  0.073545 2.033080 4.196475  0.992204 0.122233 -0.024316  -0.083618 0.727905 3 10 0.700000 11 0.200000 3 0.100000
0  0.120850 1.813660 3.974915  0.982133 0.117966 0.146622  -0.067383 0.715698 3 10 0.800000 3 0.100000 11 0.100000
0  -0.000000 2.085875 4.038085  -0.003836 0.934766 -0.355243  -0.074158 0.735352 3 10 0.700000 11 0.200000 3 0.100000
Leo2A
0  -0.000000 2.085875 4.038085  -0.003836 0.934766 -0.355243  -0.074158 0.735352 3 10 0.700000 11 0.200000 3 0.100000
0  -0.120850 1.813660 3.974915  -0.981851 0.123787 0.143688  -0.067383 0.715698 3 10 0.800000 3 0.100000 11 0.100000
0  -0.073545 2.033080 4.196475  -0.992204 0.122232 -0.024316  -0.083618 0.727905 3 10 0.700000 11 0.200000 3 0.100000
Leo2A
0  -0.079650 -0.103760 3.615110  -0.998409 -0.007600 0.055867  -0.031006 0.560425 2 3 0.500000 13 0.500000
0  -0.077210 -0.039065 3.765565  -0.999297 -0.037430 -0.002082  -0.067383 0.571838 2 3 0.500000 13 0.500000
0  -0.074160 0.105590 3.612060  -0.998479 -0.033630 -0.043696  -0.031311 0.576111 2 3 0.700000 13 0.300000
Leo2A
0  -0.074160 0.105590 3.612060  -0.998479 -0.033630 -0.043696  -0.031311 0.576111 2 3 0.700000 13 0.300000
0  -0.077210 -0.039065 3.765565  -0.999297 -0.037430 -0.002082  -0.067383 0.571838 2 3 0.500000 13 0.500000
0  -0.091860 0.212095 3.797910  -0.999721 -0.009510 -0.021598  -0.067261 0.582275 2 3 0.700000 13 0.300000
Leo2A
0  -0.091860 0.212095 3.797910  -0.999721 -0.009510 -0.021598  -0.067261 0.582275 2 3 0.700000 13 0.300000
0  -0.116270 0.614320 3.742370  -0.903359 -0.029924 0.427840  -0.043274 0.609680 2 3 0.900000 13 0.100000
0  -0.074160 0.105590 3.612060  -0.998479 -0.033630 -0.043696  -0.031311 0.576111 2 3 0.700000 13 0.300000
Leo2A
0  -0.042420 0.764770 3.883055  -0.908556 -0.139534 0.393772  -0.061279 0.618958 3 3 0.800000 10 0.100000 13 0.100000
0  -0.116270 0.614320 3.742370  -0.903359 -0.029924 0.427840  -0.043274 0.609680 2 3 0.900000 13 0.100000
0  -0.091860 0.212095 3.797910  -0.999721 -0.009510 -0.021598  -0.067261 0.582275 2 3 0.700000 13 0.300000
Leo2A
0  -0.042420 0.764770 3.883055  -0.908556 -0.139534 0.393772  -0.061279 0.618958 3 3 0.800000 10 0.100000 13 0.100000
0  -0.144350 1.136170 3.817800  -0.971646 -0.134538 0.194431  -0.044006 0.643738 1 3 1.000000
0  -0.116270 0.614320 3.742370  -0.903359 -0.029924 0.427840  -0.043274 0.609680 2 3 0.900000 13 0.100000
Leo2A
0  -0.134585 1.285400 4.017335  -0.999789 0.003629 0.020216  -0.088196 0.669006 2 3 0.500000 10 0.500000
0  -0.144350 1.136170 3.817800  -0.971646 -0.134538 0.194431  -0.044006 0.643738 1 3 1.000000
0  -0.042420 0.764770 3.883055  -0.908556 -0.139534 0.393772  -0.061279 0.618958 3 3 0.800000 10 0.100000 13 0.100000
Leo2A
0  -0.224000 1.672055 4.490355  -0.296714 0.668736 0.681728  -0.133667 0.692322 2 3 0.700000 10 0.300000
0  -0.134585 1.285400 4.017335  -0.999789 0.003629 0.020216  -0.088196 0.669006 2 3 0.500000 10 0.500000
0  -0.042420 0.764770 3.883055  -0.908556 -0.139534 0.393772  -0.061279 0.618958 3 3 0.800000 10 0.100000 13 0.100000
Leo2A
0  -0.000000 1.501770 4.115905  0.000000 0.583838 0.811870  -0.104004 0.701233 2 10 0.700000 3 0.300000
0  -0.134585 1.285400 4.017335  -0.999789 0.003629 0.020216  -0.088196 0.669006 2 3 0.500000 10 0.500000
0  -0.224000 1.672055 4.490355  -0.296714 0.668736 0.681728  -0.133667 0.692322 2 3 0.700000 10 0.300000
Leo2A
0  -0.000000 1.136170 4.132995  0.000000 -0.151402 0.988472  -0.102478 0.677124 2 3 0.600000 10 0.400000
0  -0.000000 1.501770 4.115905  0.000000 0.583838 0.811870  -0.104004 0.701233 2 10 0.700000 3 0.300000
0  -0.224000 1.672055 4.490355  -0.296714 0.668736 0.681728  -0.133667 0.692322 2 3 0.700000 10 0.300000
Leo2A
0  0.224000 1.672055 4.490355  0.296714 0.668734 0.681730  -0.133667 0.692322 2 3 0.700000 10 0.300000
0  -0.000000 1.501770 4.115905  0.000000 0.583838 0.811870  -0.104004 0.701233 2 10 0.700000 3 0.300000
0  -0.000000 1.136170 4.132995  0.000000 -0.151402 0.988472  -0.102478 0.677124 2 3 0.600000 10 0.400000
Leo2A
0  -0.000000 0.836485 4.074710  0.000000 -0.645510 0.763751  -0.075134 0.619812 3 3 0.800000 10 0.100000 13 0.100000
0  0.224000 1.672055 4.490355  0.296714 0.668734 0.681730  -0.133667 0.692322 2 3 0.700000 10 0.300000
0  -0.000000 1.136170 4.132995  0.000000 -0.151402 0.988472  -0.102478 0.677124 2 3 0.600000 10 0.400000
Leo2A
0  0.224000 1.672055 4.490355  0.296714 0.668734 0.681730  -0.133667 0.692322 2 3 0.700000 10 0.300000
0  -0.000000 0.836485 4.074710  0.000000 -0.645510 0.763751  -0.075134 0.619812 3 3 0.800000 10 0.100000 13 0.100000
0  0.042420 0.764770 3.883055  0.908556 -0.139533 0.393772  -0.061279 0.618958 3 3 0.800000 10 0.100000 13 0.100000
Leo2A
0  0.042420 0.764770 3.883055  0.908556 -0.139533 0.393772  -0.061279 0.618958 3 3 0.800000 10 0.100000 13 0.100000
0  -0.000000 0.836485 4.074710  0.000000 -0.645510 0.763751  -0.075134 0.619812 3 3 0.800000 10 0.100000 13 0.100000
0  -0.000000 0.450440 3.929750  -0.000001 0.523398 0.852088  -0.075806 0.600342 2 3 0.700000 13 0.300000
Leo2A
0  -0.000000 0.450440 3.929750  -0.000001 0.523398 0.852088  -0.075806 0.600342 2 3 0.700000 13 0.300000
0  0.091860 0.212095 3.797910  0.999722 -0.009509 -0.021598  -0.067261 0.582275 2 3 0.700000 13 0.300000
0  0.042420 0.764770 3.883055  0.908556 -0.139533 0.393772  -0.061279 0.618958 3 3 0.800000 10 0.100000 13 0.100000
Leo2A
0  -0.000000 0.450440 3.929750  -0.000001 0.523398 0.852088  -0.075806 0.600342 2 3 0.700000 13 0.300000
0  0.133970 0.460815 4.143370  0.318823 0.566822 0.759647  -0.108460 0.598389 2 3 0.700000 13 0.300000
0  0.091860 0.212095 3.797910  0.999722 -0.009509 -0.021598  -0.067261 0.582275 2 3 0.700000 13 0.300000
Leo2A
0  0.091860 0.212095 3.797910  0.999722 -0.009509 -0.021598  -0.067261 0.582275 2 3 0.700000 13 0.300000
0  0.133970 0.460815 4.143370  0.318823 0.566822 0.759647  -0.108460 0.598389 2 3 0.700000 13 0.300000
0  0.081175 0.036315 3.927610  0.459886 -0.361583 0.811026  -0.088013 0.577393 2 3 0.500000 13 0.500000
Leo2A
0  0.081175 0.036315 3.927610  0.459886 -0.361583 0.811026  -0.088013 0.577393 2 3 0.500000 13 0.500000
0  0.133970 0.460815 4.143370  0.318823 0.566822 0.759647  -0.108460 0.598389 2 3 0.700000 13 0.300000
0  -0.000000 0.236205 3.942260  0.000000 -0.295607 0.955310  -0.083557 0.585266 2 3 0.700000 13 0.300000
Leo2A
0  -0.000000 0.236205 3.942260  0.000000 -0.295607 0.955310  -0.083557 0.585266 2 3 0.700000 13 0.300000
0  0.000000 -0.012820 3.852540  -0.000000 -0.280708 0.959793  -0.081848 0.574829 2 3 0.500000 13 0.500000
0  0.081175 0.036315 3.927610  0.459886 -0.361583 0.811026  -0.088013 0.577393 2 3 0.500000 13 0.500000
Leo2A
0  -0.224000 1.672055 4.490355  -0.296714 0.668736 0.681728  -0.133667 0.692322 2 3 0.700000 10 0.300000
0  -0.000000 0.836485 4.074710  0.000000 -0.645510 0.763751  -0.075134 0.619812 3 3 0.800000 10 0.100000 13 0.100000
0  -0.000000 1.136170 4.132995  0.000000 -0.151402 0.988472  -0.102478 0.677124 2 3 0.600000 10 0.400000
Leo2A
0  -0.042420 0.764770 3.883055  -0.908556 -0.139534 0.393772  -0.061279 0.618958 3 3 0.800000 10 0.100000 13 0.100000
0  -0.000000 0.836485 4.074710  0.000000 -0.645510 0.763751  -0.075134 0.619812 3 3 0.800000 10 0.100000 13 0.100000
0  -0.224000 1.672055 4.490355  -0.296714 0.668736 0.681728  -0.133667 0.692322 2 3 0.700000 10 0.300000
Leo2A
0  -0.000000 0.836485 4.074710  0.000000 -0.645510 0.763751  -0.075134 0.619812 3 3 0.800000 10 0.100000 13 0.100000
0  -0.042420 0.764770 3.883055  -0.908556 -0.139534 0.393772  -0.061279 0.618958 3 3 0.800000 10 0.100000 13 0.100000
0  -0.000000 0.450440 3.929750  -0.000001 0.523398 0.852088  -0.075806 0.600342 2 3 0.700000 13 0.300000
Leo2A
0  -0.000000 0.450440 3.929750  -0.000001 0.523398 0.852088  -0.075806 0.600342 2 3 0.700000 13 0.300000
0  -0.042420 0.764770 3.883055  -0.908556 -0.139534 0.393772  -0.061279 0.618958 3 3 0.800000 10 0.100000 13 0.100000
0  -0.091860 0.212095 3.797910  -0.999721 -0.009510 -0.021598  -0.067261 0.582275 2 3 0.700000 13 0.300000
Leo2A
0  -0.000000 0.450440 3.929750  -0.000001 0.523398 0.852088  -0.075806 0.600342 2 3 0.700000 13 0.300000
0  -0.091860 0.212095 3.797910  -0.999721 -0.009510 -0.021598  -0.067261 0.582275 2 3 0.700000 13 0.300000
0  -0.133970 0.460815 4.143370  -0.318825 0.566821 0.759648  -0.108460 0.598389 2 3 0.700000 13 0.300000
Leo2A
0  -0.091860 0.212095 3.797910  -0.999721 -0.009510 -0.021598  -0.067261 0.582275 2 3 0.700000 13 0.300000
0  -0.081175 0.036315 3.927610  -0.459886 -0.361583 0.811026  -0.088013 0.577393 2 3 0.500000 13 0.500000
0  -0.133970 0.460815 4.143370  -0.318825 0.566821 0.759648  -0.108460 0.598389 2 3 0.700000 13 0.300000
Leo2A
0  -0.133970 0.460815 4.143370  -0.318825 0.566821 0.759648  -0.108460 0.598389 2 3 0.700000 13 0.300000
0  -0.081175 0.036315 3.927610  -0.459886 -0.361583 0.811026  -0.088013 0.577393 2 3 0.500000 13 0.500000
0  -0.000000 0.236205 3.942260  0.000000 -0.295607 0.955310  -0.083557 0.585266 2 3 0.700000 13 0.300000
Leo2A
0  -0.000000 0.236205 3.942260  0.000000 -0.295607 0.955310  -0.083557 0.585266 2 3 0.700000 13 0.300000
0  -0.000000 0.450440 3.929750  -0.000001 0.523398 0.852088  -0.075806 0.600342 2 3 0.700000 13 0.300000
0  -0.133970 0.460815 4.143370  -0.318825 0.566821 0.759648  -0.108460 0.598389 2 3 0.700000 13 0.300000
Leo2A
0  0.133970 0.460815 4.143370  0.318823 0.566822 0.759647  -0.108460 0.598389 2 3 0.700000 13 0.300000
0  -0.000000 0.450440 3.929750  -0.000001 0.523398 0.852088  -0.075806 0.600342 2 3 0.700000 13 0.300000
0  -0.000000 0.236205 3.942260  0.000000 -0.295607 0.955310  -0.083557 0.585266 2 3 0.700000 13 0.300000
Leo2A
0  0.091860 0.212095 3.797910  0.999722 -0.009509 -0.021598  -0.067261 0.582275 2 3 0.700000 13 0.300000
0  0.081175 0.036315 3.927610  0.459886 -0.361583 0.811026  -0.088013 0.577393 2 3 0.500000 13 0.500000
0  0.077210 -0.039065 3.765565  0.999297 -0.037429 -0.002082  -0.067383 0.571838 2 3 0.500000 13 0.500000
Leo2A
0  0.077210 -0.039065 3.765565  0.999297 -0.037429 -0.002082  -0.067383 0.571838 2 3 0.500000 13 0.500000
0  0.081175 0.036315 3.927610  0.459886 -0.361583 0.811026  -0.088013 0.577393 2 3 0.500000 13 0.500000
0  0.058595 -0.410155 3.757630  0.661960 -0.081281 0.745119  -0.067566 0.556396 2 13 0.700000 3 0.300000
Leo2A
0  0.063780 -0.947570 3.689320  0.720481 0.039945 0.692324  -0.047485 0.495300 1 13 1.000000
0  0.000000 -1.458435 3.804625  -0.000001 0.907712 0.419593  -0.068542 0.473511 2 13 0.500000 14 0.500000
0  0.083010 -1.468200 3.788450  0.810559 0.545809 0.212337  -0.053772 0.461487 2 13 0.500000 14 0.500000
Leo2A
0  0.000000 -0.903930 3.719230  0.000001 -0.034313 0.999411  -0.060791 0.497742 1 13 1.000000
0  0.000000 -1.458435 3.804625  -0.000001 0.907712 0.419593  -0.068542 0.473511 2 13 0.500000 14 0.500000
0  0.063780 -0.947570 3.689320  0.720481 0.039945 0.692324  -0.047485 0.495300 1 13 1.000000
Leo2A
0  0.058595 -0.410155 3.757630  0.661960 -0.081281 0.745119  -0.067566 0.556396 2 13 0.700000 3 0.300000
0  0.000000 -0.903930 3.719230  0.000001 -0.034313 0.999411  -0.060791 0.497742 1 13 1.000000
0  0.063780 -0.947570 3.689320  0.720481 0.039945 0.692324  -0.047485 0.495300 1 13 1.000000
Leo2A
0  0.000000 -0.312500 3.773805  0.000001 -0.292647 0.956221  -0.079895 0.562927 2 13 0.700000 3 0.300000
0  0.000000 -0.903930 3.719230  0.000001 -0.034313 0.999411  -0.060791 0.497742 1 13 1.000000
0  0.058595 -0.410155 3.757630  0.661960 -0.081281 0.745119  -0.067566 0.556396 2 13 0.700000 3 0.300000
Leo2A
0  0.081175 0.036315 3.927610  0.459886 -0.361583 0.811026  -0.088013 0.577393 2 3 0.500000 13 0.500000
0  0.000000 -0.312500 3.773805  0.000001 -0.292647 0.956221  -0.079895 0.562927 2 13 0.700000 3 0.300000
0  0.058595 -0.410155 3.757630  0.661960 -0.081281 0.745119  -0.067566 0.556396 2 13 0.700000 3 0.300000
Leo2A
0  0.000000 -0.012820 3.852540  -0.000000 -0.280708 0.959793  -0.081848 0.574829 2 3 0.500000 13 0.500000
0  0.000000 -0.312500 3.773805  0.000001 -0.292647 0.956221  -0.079895 0.562927 2 13 0.700000 3 0.300000
0  0.081175 0.036315 3.927610  0.459886 -0.361583 0.811026  -0.088013 0.577393 2 3 0.500000 13 0.500000
Leo2A
0  -0.081175 0.036315 3.927610  -0.459886 -0.361583 0.811026  -0.088013 0.577393 2 3 0.500000 13 0.500000
0  0.000000 -0.012820 3.852540  -0.000000 -0.280708 0.959793  -0.081848 0.574829 2 3 0.500000 13 0.500000
0  -0.000000 0.236205 3.942260  0.000000 -0.295607 0.955310  -0.083557 0.585266 2 3 0.700000 13 0.300000
Leo2A
0  -0.081175 0.036315 3.927610  -0.459886 -0.361583 0.811026  -0.088013 0.577393 2 3 0.500000 13 0.500000
0  0.000000 -0.312500 3.773805  0.000001 -0.292647 0.956221  -0.079895 0.562927 2 13 0.700000 3 0.300000
0  0.000000 -0.012820 3.852540  -0.000000 -0.280708 0.959793  -0.081848 0.574829 2 3 0.500000 13 0.500000
Leo2A
0  -0.058595 -0.410155 3.757630  -0.661959 -0.081282 0.745119  -0.067566 0.556396 2 13 0.700000 3 0.300000
0  0.000000 -0.312500 3.773805  0.000001 -0.292647 0.956221  -0.079895 0.562927 2 13 0.700000 3 0.300000
0  -0.081175 0.036315 3.927610  -0.459886 -0.361583 0.811026  -0.088013 0.577393 2 3 0.500000 13 0.500000
Leo2A
0  0.000000 -0.312500 3.773805  0.000001 -0.292647 0.956221  -0.079895 0.562927 2 13 0.700000 3 0.300000
0  -0.058595 -0.410155 3.757630  -0.661959 -0.081282 0.745119  -0.067566 0.556396 2 13 0.700000 3 0.300000
0  0.000000 -0.903930 3.719230  0.000001 -0.034313 0.999411  -0.060791 0.497742 1 13 1.000000
Leo2A
0  0.000000 -0.903930 3.719230  0.000001 -0.034313 0.999411  -0.060791 0.497742 1 13 1.000000
0  -0.058595 -0.410155 3.757630  -0.661959 -0.081282 0.745119  -0.067566 0.556396 2 13 0.700000 3 0.300000
0  -0.063780 -0.947570 3.689320  -0.720481 0.039945 0.692324  -0.047485 0.495300 1 13 1.000000
Leo2A
0  0.000000 -0.903930 3.719230  0.000001 -0.034313 0.999411  -0.060791 0.497742 1 13 1.000000
0  -0.063780 -0.947570 3.689320  -0.720481 0.039945 0.692324  -0.047485 0.495300 1 13 1.000000
0  0.000000 -1.458435 3.804625  -0.000001 0.907712 0.419593  -0.068542 0.473511 2 13 0.500000 14 0.500000
Leo2A
0  0.000000 -1.458435 3.804625  -0.000001 0.907712 0.419593  -0.068542 0.473511 2 13 0.500000 14 0.500000
0  -0.063780 -0.947570 3.689320  -0.720481 0.039945 0.692324  -0.047485 0.495300 1 13 1.000000
0  -0.083010 -1.468200 3.788450  -0.810559 0.545808 0.212337  -0.053772 0.461487 2 13 0.500000 14 0.500000
Leo2A
0  -0.063780 -0.947570 3.689320  -0.720481 0.039945 0.692324  -0.047485 0.495300 1 13 1.000000
0  -0.101320 -1.060485 3.621880  -0.924916 0.079645 0.371735  -0.028076 0.481934 1 13 1.000000
0  -0.083010 -1.468200 3.788450  -0.810559 0.545808 0.212337  -0.053772 0.461487 2 13 0.500000 14 0.500000
Leo2A
0  -0.083010 -1.468200 3.788450  -0.810559 0.545808 0.212337  -0.053772 0.461487 2 13 0.500000 14 0.500000
0  -0.101320 -1.060485 3.621880  -0.924916 0.079645 0.371735  -0.028076 0.481934 1 13 1.000000
0  -0.128175 -1.556700 3.668515  -0.687143 0.724815 0.049769  -0.032959 0.432678 2 13 0.500000 14 0.500000
Leo2A
0  -0.063780 -0.947570 3.689320  -0.720481 0.039945 0.692324  -0.047485 0.495300 1 13 1.000000
0  -0.097960 -0.473635 3.628235  -0.954043 0.003372 0.299652  -0.030457 0.532349 2 13 0.700000 3 0.300000
0  -0.101320 -1.060485 3.621880  -0.924916 0.079645 0.371735  -0.028076 0.481934 1 13 1.000000
Leo2A
0  -0.058595 -0.410155 3.757630  -0.661959 -0.081282 0.745119  -0.067566 0.556396 2 13 0.700000 3 0.300000
0  -0.097960 -0.473635 3.628235  -0.954043 0.003372 0.299652  -0.030457 0.532349 2 13 0.700000 3 0.300000
0  -0.063780 -0.947570 3.689320  -0.720481 0.039945 0.692324  -0.047485 0.495300 1 13 1.000000
Leo2A
0  -0.058595 -0.410155 3.757630  -0.661959 -0.081282 0.745119  -0.067566 0.556396 2 13 0.700000 3 0.300000
0  -0.079650 -0.103760 3.615110  -0.998409 -0.007600 0.055867  -0.031006 0.560425 2 3 0.500000 13 0.500000
0  -0.097960 -0.473635 3.628235  -0.954043 0.003372 0.299652  -0.030457 0.532349 2 13 0.700000 3 0.300000
Leo2A
0  -0.077210 -0.039065 3.765565  -0.999297 -0.037430 -0.002082  -0.067383 0.571838 2 3 0.500000 13 0.500000
0  -0.079650 -0.103760 3.615110  -0.998409 -0.007600 0.055867  -0.031006 0.560425 2 3 0.500000 13 0.500000
0  -0.058595 -0.410155 3.757630  -0.661959 -0.081282 0.745119  -0.067566 0.556396 2 13 0.700000 3 0.300000
Leo2A
0  -0.081175 0.036315 3.927610  -0.459886 -0.361583 0.811026  -0.088013 0.577393 2 3 0.500000 13 0.500000
0  -0.077210 -0.039065 3.765565  -0.999297 -0.037430 -0.002082  -0.067383 0.571838 2 3 0.500000 13 0.500000
0  -0.058595 -0.410155 3.757630  -0.661959 -0.081282 0.745119  -0.067566 0.556396 2 13 0.700000 3 0.300000
Leo2A
0  -0.091860 0.212095 3.797910  -0.999721 -0.009510 -0.021598  -0.067261 0.582275 2 3 0.700000 13 0.300000
0  -0.077210 -0.039065 3.765565  -0.999297 -0.037430 -0.002082  -0.067383 0.571838 2 3 0.500000 13 0.500000
0  -0.081175 0.036315 3.927610  -0.459886 -0.361583 0.811026  -0.088013 0.577393 2 3 0.500000 13 0.500000
Leo2A
0  0.101320 -1.060485 3.621880  0.924916 0.079645 0.371735  -0.028076 0.481934 1 13 1.000000
0  0.083010 -1.468200 3.788450  0.810559 0.545809 0.212337  -0.053772 0.461487 2 13 0.500000 14 0.500000
0  0.128175 -1.556700 3.668515  0.687143 0.724815 0.049768  -0.032959 0.432678 2 13 0.500000 14 0.500000
Leo2A
0  0.063780 -0.947570 3.689320  0.720481 0.039945 0.692324  -0.047485 0.495300 1 13 1.000000
0  0.083010 -1.468200 3.788450  0.810559 0.545809 0.212337  -0.053772 0.461487 2 13 0.500000 14 0.500000
0  0.101320 -1.060485 3.621880  0.924916 0.079645 0.371735  -0.028076 0.481934 1 13 1.000000
Leo2A
0  0.097960 -0.473635 3.628235  0.954042 0.003372 0.299652  -0.030457 0.532349 2 13 0.700000 3 0.300000
0  0.063780 -0.947570 3.689320  0.720481 0.039945 0.692324  -0.047485 0.495300 1 13 1.000000
0  0.101320 -1.060485 3.621880  0.924916 0.079645 0.371735  -0.028076 0.481934 1 13 1.000000
Leo2A
0  0.058595 -0.410155 3.757630  0.661960 -0.081281 0.745119  -0.067566 0.556396 2 13 0.700000 3 0.300000
0  0.063780 -0.947570 3.689320  0.720481 0.039945 0.692324  -0.047485 0.495300 1 13 1.000000
0  0.097960 -0.473635 3.628235  0.954042 0.003372 0.299652  -0.030457 0.532349 2 13 0.700000 3 0.300000
Leo2A
0  0.079650 -0.103760 3.615110  0.998409 -0.007600 0.055867  -0.031006 0.560425 2 3 0.500000 13 0.500000
0  0.058595 -0.410155 3.757630  0.661960 -0.081281 0.745119  -0.067566 0.556396 2 13 0.700000 3 0.300000
0  0.097960 -0.473635 3.628235  0.954042 0.003372 0.299652  -0.030457 0.532349 2 13 0.700000 3 0.300000
Leo2A
0  0.077210 -0.039065 3.765565  0.999297 -0.037429 -0.002082  -0.067383 0.571838 2 3 0.500000 13 0.500000
0  0.058595 -0.410155 3.757630  0.661960 -0.081281 0.745119  -0.067566 0.556396 2 13 0.700000 3 0.300000
0  0.079650 -0.103760 3.615110  0.998409 -0.007600 0.055867  -0.031006 0.560425 2 3 0.500000 13 0.500000
Leo2A
0  0.074160 0.105590 3.612060  0.998479 -0.033630 -0.043696  -0.031311 0.576111 2 3 0.700000 13 0.300000
0  0.077210 -0.039065 3.765565  0.999297 -0.037429 -0.002082  -0.067383 0.571838 2 3 0.500000 13 0.500000
0  0.079650 -0.103760 3.615110  0.998409 -0.007600 0.055867  -0.031006 0.560425 2 3 0.500000 13 0.500000
Leo2A
0  0.091860 0.212095 3.797910  0.999722 -0.009509 -0.021598  -0.067261 0.582275 2 3 0.700000 13 0.300000
0  0.077210 -0.039065 3.765565  0.999297 -0.037429 -0.002082  -0.067383 0.571838 2 3 0.500000 13 0.500000
0  0.074160 0.105590 3.612060  0.998479 -0.033630 -0.043696  -0.031311 0.576111 2 3 0.700000 13 0.300000
Leo2A
0  0.116270 0.614320 3.742370  0.903359 -0.029924 0.427840  -0.043274 0.609680 2 3 0.900000 13 0.100000
0  0.091860 0.212095 3.797910  0.999722 -0.009509 -0.021598  -0.067261 0.582275 2 3 0.700000 13 0.300000
0  0.074160 0.105590 3.612060  0.998479 -0.033630 -0.043696  -0.031311 0.576111 2 3 0.700000 13 0.300000
Leo2A
0  0.042420 0.764770 3.883055  0.908556 -0.139533 0.393772  -0.061279 0.618958 3 3 0.800000 10 0.100000 13 0.100000
0  0.091860 0.212095 3.797910  0.999722 -0.009509 -0.021598  -0.067261 0.582275 2 3 0.700000 13 0.300000
0  0.116270 0.614320 3.742370  0.903359 -0.029924 0.427840  -0.043274 0.609680 2 3 0.900000 13 0.100000
Leo2A
0  0.144350 1.136170 3.817800  0.971646 -0.134538 0.194431  -0.044006 0.643738 1 3 1.000000
0  0.042420 0.764770 3.883055  0.908556 -0.139533 0.393772  -0.061279 0.618958 3 3 0.800000 10 0.100000 13 0.100000
0  0.116270 0.614320 3.742370  0.903359 -0.029924 0.427840  -0.043274 0.609680 2 3 0.900000 13 0.100000
Leo2A
0  0.134585 1.285400 4.017335  0.999789 0.003629 0.020216  -0.088196 0.669006 2 3 0.500000 10 0.500000
0  0.042420 0.764770 3.883055  0.908556 -0.139533 0.393772  -0.061279 0.618958 3 3 0.800000 10 0.100000 13 0.100000
0  0.144350 1.136170 3.817800  0.971646 -0.134538 0.194431  -0.044006 0.643738 1 3 1.000000
Leo2A
0  0.138550 1.574095 3.704580  0.995588 0.093345 -0.009591  -0.045288 0.702637 1 3 1.000000
0  0.134585 1.285400 4.017335  0.999789 0.003629 0.020216  -0.088196 0.669006 2 3 0.500000 10 0.500000
0  0.144350 1.136170 3.817800  0.971646 -0.134538 0.194431  -0.044006 0.643738 1 3 1.000000
Leo2A
0  0.120850 1.813660 3.974915  0.982133 0.117966 0.146622  -0.067383 0.715698 3 10 0.800000 3 0.100000 11 0.100000
0  0.134585 1.285400 4.017335  0.999789 0.003629 0.020216  -0.088196 0.669006 2 3 0.500000 10 0.500000
0  0.138550 1.574095 3.704580  0.995588 0.093345 -0.009591  -0.045288 0.702637 1 3 1.000000
Leo2A
0  0.055235 2.012330 3.624575  0.984663 0.111667 0.134050  -0.044250 0.732117 2 3 0.500000 10 0.500000
0  0.120850 1.813660 3.974915  0.982133 0.117966 0.146622  -0.067383 0.715698 3 10 0.800000 3 0.100000 11 0.100000
0  0.138550 1.574095 3.704580  0.995588 0.093345 -0.009591  -0.045288 0.702637 1 3 1.000000
Leo2A
0  -0.000000 2.085875 4.038085  -0.003836 0.934766 -0.355243  -0.074158 0.735352 3 10 0.700000 11 0.200000 3 0.100000
0  0.120850 1.813660 3.974915  0.982133 0.117966 0.146622  -0.067383 0.715698 3 10 0.800000 3 0.100000 11 0.100000
0  0.055235 2.012330 3.624575  0.984663 0.111667 0.134050  -0.044250 0.732117 2 3 0.500000 10 0.500000
Leo2A
0  -0.000000 2.095030 3.727110  -0.039835 0.675357 0.736414  -0.051514 0.736145 2 3 0.500000 10 0.500000
0  -0.000000 2.085875 4.038085  -0.003836 0.934766 -0.355243  -0.074158 0.735352 3 10 0.700000 11 0.200000 3 0.100000
0  0.055235 2.012330 3.624575  0.984663 0.111667 0.134050  -0.044250 0.732117 2 3 0.500000 10 0.500000
Leo2A
0  -0.120850 1.813660 3.974915  -0.981851 0.123787 0.143688  -0.067383 0.715698 3 10 0.800000 3 0.100000 11 0.100000
0  -0.000000 2.085875 4.038085  -0.003836 0.934766 -0.355243  -0.074158 0.735352 3 10 0.700000 11 0.200000 3 0.100000
0  -0.000000 2.095030 3.727110  -0.039835 0.675357 0.736414  -0.051514 0.736145 2 3 0.500000 10 0.500000
Leo2A
0  0.072325 1.871335 3.388115  0.952475 0.202328 -0.227717  -0.028198 0.735229 1 3 1.000000
0  0.055235 2.012330 3.624575  0.984663 0.111667 0.134050  -0.044250 0.732117 2 3 0.500000 10 0.500000
0  0.138550 1.574095 3.704580  0.995588 0.093345 -0.009591  -0.045288 0.702637 1 3 1.000000
Leo2A
0  0.081480 2.155455 3.583070  0.970803 0.100755 -0.217692  -0.046692 0.746521 2 3 0.500000 10 0.500000
0  0.055235 2.012330 3.624575  0.984663 0.111667 0.134050  -0.044250 0.732117 2 3 0.500000 10 0.500000
0  0.072325 1.871335 3.388115  0.952475 0.202328 -0.227717  -0.028198 0.735229 1 3 1.000000
Leo2A
0  0.055235 2.012330 3.624575  0.984663 0.111667 0.134050  -0.044250 0.732117 2 3 0.500000 10 0.500000
0  0.081480 2.155455 3.583070  0.970803 0.100755 -0.217692  -0.046692 0.746521 2 3 0.500000 10 0.500000
0  -0.000000 2.095030 3.727110  -0.039835 0.675357 0.736414  -0.051514 0.736145 2 3 0.500000 10 0.500000
Leo2A
0  0.081480 2.155455 3.583070  0.970803 0.100755 -0.217692  -0.046692 0.746521 2 3 0.500000 10 0.500000
0  0.108335 2.283020 3.766175  0.182085 -0.324360 0.928243  -0.080383 0.762573 2 3 0.500000 10 0.500000
0  -0.000000 2.095030 3.727110  -0.039835 0.675357 0.736414  -0.051514 0.736145 2 3 0.500000 10 0.500000
Leo2A
0  -0.000000 1.933290 3.299310  0.000001 0.562369 -0.826887  -0.021484 0.750183 1 3 1.000000
0  0.081480 2.155455 3.583070  0.970803 0.100755 -0.217692  -0.046692 0.746521 2 3 0.500000 10 0.500000
0  0.072325 1.871335 3.388115  0.952475 0.202328 -0.227717  -0.028198 0.735229 1 3 1.000000
Leo2A
0  -0.000000 2.095030 3.727110  -0.039835 0.675357 0.736414  -0.051514 0.736145 2 3 0.500000 10 0.500000
0  -0.081480 2.155455 3.583070  -0.970803 0.100755 -0.217692  -0.046692 0.746521 2 3 0.500000 10 0.500000
0  -0.055235 2.012330 3.624575  -0.982674 0.112872 0.147010  -0.044250 0.732117 2 3 0.500000 10 0.500000
Leo2A
0  -0.055235 2.012330 3.624575  -0.982674 0.112872 0.147010  -0.044250 0.732117 2 3 0.500000 10 0.500000
0  -0.120850 1.813660 3.974915  -0.981851 0.123787 0.143688  -0.067383 0.715698 3 10 0.800000 3 0.100000 11 0.100000
0  -0.000000 2.095030 3.727110  -0.039835 0.675357 0.736414  -0.051514 0.736145 2 3 0.500000 10 0.500000
Leo2A
0  -0.138550 1.574095 3.704580  -0.995588 0.093345 -0.009591  -0.045288 0.702637 1 3 1.000000
0  -0.120850 1.813660 3.974915  -0.981851 0.123787 0.143688  -0.067383 0.715698 3 10 0.800000 3 0.100000 11 0.100000
0  -0.055235 2.012330 3.624575  -0.982674 0.112872 0.147010  -0.044250 0.732117 2 3 0.500000 10 0.500000
Leo2A
0  -0.072325 1.871335 3.388115  -0.952475 0.202328 -0.227718  -0.028198 0.735229 1 3 1.000000
0  -0.138550 1.574095 3.704580  -0.995588 0.093345 -0.009591  -0.045288 0.702637 1 3 1.000000
0  -0.055235 2.012330 3.624575  -0.982674 0.112872 0.147010  -0.044250 0.732117 2 3 0.500000 10 0.500000
Leo2A
0  -0.055235 2.012330 3.624575  -0.982674 0.112872 0.147010  -0.044250 0.732117 2 3 0.500000 10 0.500000
0  -0.081480 2.155455 3.583070  -0.970803 0.100755 -0.217692  -0.046692 0.746521 2 3 0.500000 10 0.500000
0  -0.072325 1.871335 3.388115  -0.952475 0.202328 -0.227718  -0.028198 0.735229 1 3 1.000000
Leo2A
0  -0.072325 1.871335 3.388115  -0.952475 0.202328 -0.227718  -0.028198 0.735229 1 3 1.000000
0  -0.081480 2.155455 3.583070  -0.970803 0.100755 -0.217692  -0.046692 0.746521 2 3 0.500000 10 0.500000
0  -0.000000 1.933290 3.299310  0.000001 0.562369 -0.826887  -0.021484 0.750183 1 3 1.000000
Leo2A
0  -0.081480 2.155455 3.583070  -0.970803 0.100755 -0.217692  -0.046692 0.746521 2 3 0.500000 10 0.500000
0  -0.000000 2.207945 3.532410  -0.000000 0.774703 -0.632325  -0.041016 0.753784 2 3 0.500000 10 0.500000
0  -0.000000 1.933290 3.299310  0.000001 0.562369 -0.826887  -0.021484 0.750183 1 3 1.000000
Leo2A
0  -0.000000 2.207945 3.532410  -0.000000 0.774703 -0.632325  -0.041016 0.753784 2 3 0.500000 10 0.500000
0  0.081480 2.155455 3.583070  0.970803 0.100755 -0.217692  -0.046692 0.746521 2 3 0.500000 10 0.500000
0  -0.000000 1.933290 3.299310  0.000001 0.562369 -0.826887  -0.021484 0.750183 1 3 1.000000
Leo2A
0  -0.000000 2.207945 3.532410  -0.000000 0.774703 -0.632325  -0.041016 0.753784 2 3 0.500000 10 0.500000
0  0.162355 2.524720 3.863220  0.240458 0.795433 0.556297  -0.085327 0.783752 2 3 0.500000 10 0.500000
0  0.081480 2.155455 3.583070  0.970803 0.100755 -0.217692  -0.046692 0.746521 2 3 0.500000 10 0.500000
Leo2A
0  0.162355 2.524720 3.863220  0.240458 0.795433 0.556297  -0.085327 0.783752 2 3 0.500000 10 0.500000
0  0.108335 2.283020 3.766175  0.182085 -0.324360 0.928243  -0.080383 0.762573 2 3 0.500000 10 0.500000
0  0.081480 2.155455 3.583070  0.970803 0.100755 -0.217692  -0.046692 0.746521 2 3 0.500000 10 0.500000
Leo2A
0  0.108335 2.283020 3.766175  0.182085 -0.324360 0.928243  -0.080383 0.762573 2 3 0.500000 10 0.500000
0  0.162355 2.524720 3.863220  0.240458 0.795433 0.556297  -0.085327 0.783752 2 3 0.500000 10 0.500000
0  -0.000000 2.207945 3.532410  -0.000000 0.774703 -0.632325  -0.041016 0.753784 2 3 0.500000 10 0.500000
Leo2A
0  0.108335 2.283020 3.766175  0.182085 -0.324360 0.928243  -0.080383 0.762573 2 3 0.500000 10 0.500000
0  -0.000000 2.207945 3.532410  -0.000000 0.774703 -0.632325  -0.041016 0.753784 2 3 0.500000 10 0.500000
0  -0.000000 2.095030 3.727110  -0.039835 0.675357 0.736414  -0.051514 0.736145 2 3 0.500000 10 0.500000
Leo2A
0  -0.000000 2.095030 3.727110  -0.039835 0.675357 0.736414  -0.051514 0.736145 2 3 0.500000 10 0.500000
0  -0.000000 2.207945 3.532410  -0.000000 0.774703 -0.632325  -0.041016 0.753784 2 3 0.500000 10 0.500000
0  -0.108335 2.283020 3.766175  -0.182085 -0.324359 0.928244  -0.080383 0.762573 2 3 0.500000 10 0.500000
Leo2A
0  -0.108335 2.283020 3.766175  -0.182085 -0.324359 0.928244  -0.080383 0.762573 2 3 0.500000 10 0.500000
0  -0.081480 2.155455 3.583070  -0.970803 0.100755 -0.217692  -0.046692 0.746521 2 3 0.500000 10 0.500000
0  -0.000000 2.095030 3.727110  -0.039835 0.675357 0.736414  -0.051514 0.736145 2 3 0.500000 10 0.500000
Leo2A
0  -0.108335 2.283020 3.766175  -0.182085 -0.324359 0.928244  -0.080383 0.762573 2 3 0.500000 10 0.500000
0  -0.162355 2.524720 3.863220  -0.240539 0.795432 0.556264  -0.085327 0.783752 2 3 0.500000 10 0.500000
0  -0.081480 2.155455 3.583070  -0.970803 0.100755 -0.217692  -0.046692 0.746521 2 3 0.500000 10 0.500000
Leo2A
0  -0.162355 2.524720 3.863220  -0.240539 0.795432 0.556264  -0.085327 0.783752 2 3 0.500000 10 0.500000
0  -0.000000 2.207945 3.532410  -0.000000 0.774703 -0.632325  -0.041016 0.753784 2 3 0.500000 10 0.500000
0  -0.081480 2.155455 3.583070  -0.970803 0.100755 -0.217692  -0.046692 0.746521 2 3 0.500000 10 0.500000
Leo2A
0  -0.000000 2.207945 3.532410  -0.000000 0.774703 -0.632325  -0.041016 0.753784 2 3 0.500000 10 0.500000
0  -0.162355 2.524720 3.863220  -0.240539 0.795432 0.556264  -0.085327 0.783752 2 3 0.500000 10 0.500000
0  -0.108335 2.283020 3.766175  -0.182085 -0.324359 0.928244  -0.080383 0.762573 2 3 0.500000 10 0.500000
Leo2A
0  1.691175 -0.886330 3.717735  0.305935 0.897132 0.318681  -0.326843 0.851624 1 16 1.000000
0  1.508070 -1.214090 3.495265  -0.226657 0.540202 -0.810437  -0.352905 0.899170 1 16 1.000000
0  1.632275 -1.073100 3.699730  -0.032321 -0.075969 0.996586  -0.332458 0.881104 1 16 1.000000
Leo2A
0  1.632275 -1.073100 3.699730  -0.032321 -0.075969 0.996586  -0.332458 0.881104 1 16 1.000000
0  1.508070 -1.214090 3.495265  -0.226657 0.540202 -0.810437  -0.352905 0.899170 1 16 1.000000
0  1.493725 -1.334635 3.690885  -0.566727 0.759751 0.318744  -0.337402 0.907532 1 16 1.000000
Leo2A
0  1.508070 -1.214090 3.495265  -0.226657 0.540202 -0.810437  -0.352905 0.899170 1 16 1.000000
0  1.218760 -1.691080 3.284390  -0.513630 0.491566 -0.703240  -0.372253 0.938110 1 16 1.000000
0  1.493725 -1.334635 3.690885  -0.566727 0.759751 0.318744  -0.337402 0.907532 1 16 1.000000
Leo2A
0  0.999755 -2.225955 3.156740  -0.333664 0.509226 -0.793321  -0.387024 0.967835 3 16 0.500000 14 0.450000 15 0.050000
0  1.316115 -2.052715 3.886500  -0.923696 0.338613 0.179240  -0.317993 0.951050 1 16 1.000000
0  1.218760 -1.691080 3.284390  -0.513630 0.491566 -0.703240  -0.372253 0.938110 1 16 1.000000
Leo2A
0  1.316115 -2.052715 3.886500  -0.923696 0.338613 0.179240  -0.317993 0.951050 1 16 1.000000
0  1.599315 -1.284585 4.091580  -0.667012 0.738428 -0.099090  -0.313904 0.921997 1 16 1.000000
0  1.218760 -1.691080 3.284390  -0.513630 0.491566 -0.703240  -0.372253 0.938110 1 16 1.000000
Leo2A
0  1.218760 -1.691080 3.284390  -0.513630 0.491566 -0.703240  -0.372253 0.938110 1 16 1.000000
0  1.599315 -1.284585 4.091580  -0.667012 0.738428 -0.099090  -0.313904 0.921997 1 16 1.000000
0  1.493725 -1.334635 3.690885  -0.566727 0.759751 0.318744  -0.337402 0.907532 1 16 1.000000
Leo2A
0  1.493725 -1.334635 3.690885  -0.566727 0.759751 0.318744  -0.337402 0.907532 1 16 1.000000
0  1.599315 -1.284585 4.091580  -0.667012 0.738428 -0.099090  -0.313904 0.921997 1 16 1.000000
0  1.700635 -1.055400 4.093410  -0.259990 0.093676 0.961057  -0.289490 0.879089 1 16 1.000000
Leo2A
0  1.493725 -1.334635 3.690885  -0.566727 0.759751 0.318744  -0.337402 0.907532 1 16 1.000000
0  1.700635 -1.055400 4.093410  -0.259990 0.093676 0.961057  -0.289490 0.879089 1 16 1.000000
0  1.740615 -0.915320 3.928310  -0.199867 0.671626 -0.713423  -0.305420 0.874573 1 16 1.000000
Leo2A
0  1.740615 -0.915320 3.928310  -0.199867 0.671626 -0.713423  -0.305420 0.874573 1 16 1.000000
0  1.700635 -1.055400 4.093410  -0.259990 0.093676 0.961057  -0.289490 0.879089 1 16 1.000000
0  1.897475 -0.682780 4.162380  0.385207 0.814971 0.432941  -0.266113 0.839478 1 16 1.000000
Leo2A
0  1.763805 -1.025185 4.300930  -0.189038 0.773191 -0.605344  -0.258667 0.888062 1 16 1.000000
0  2.069285 -0.505775 5.001610  0.284797 0.712324 0.641472  -0.164551 0.846985 1 16 1.000000
0  1.894420 -0.797830 4.571010  -0.224990 0.821908 -0.523303  -0.207825 0.862549 1 16 1.000000
Leo2A
0  1.828200 -0.904030 4.789515  -0.525257 0.000897 0.850943  -0.197144 0.875977 1 16 1.000000
0  2.069285 -0.505775 5.001610  0.284797 0.712324 0.641472  -0.164551 0.846985 1 16 1.000000
0  1.763805 -1.025185 4.300930  -0.189038 0.773191 -0.605344  -0.258667 0.888062 1 16 1.000000
Leo2A
0  1.599315 -1.284585 4.091580  -0.667012 0.738428 -0.099090  -0.313904 0.921997 1 16 1.000000
0  1.828200 -0.904030 4.789515  -0.525257 0.000897 0.850943  -0.197144 0.875977 1 16 1.000000
0  1.763805 -1.025185 4.300930  -0.189038 0.773191 -0.605344  -0.258667 0.888062 1 16 1.000000
Leo2A
0  1.645095 -1.153055 4.713220  -0.642005 0.759707 -0.103323  -0.229187 0.906982 1 16 1.000000
0  1.828200 -0.904030 4.789515  -0.525257 0.000897 0.850943  -0.197144 0.875977 1 16 1.000000
0  1.599315 -1.284585 4.091580  -0.667012 0.738428 -0.099090  -0.313904 0.921997 1 16 1.000000
Leo2A
0  1.338085 -1.986490 4.188625  -0.934236 0.351852 -0.058338  -0.294983 0.952515 1 16 1.000000
0  1.645095 -1.153055 4.713220  -0.642005 0.759707 -0.103323  -0.229187 0.906982 1 16 1.000000
0  1.599315 -1.284585 4.091580  -0.667012 0.738428 -0.099090  -0.313904 0.921997 1 16 1.000000
Leo2A
0  1.338085 -1.986490 4.188625  -0.934236 0.351852 -0.058338  -0.294983 0.952515 1 16 1.000000
0  1.599315 -1.284585 4.091580  -0.667012 0.738428 -0.099090  -0.313904 0.921997 1 16 1.000000
0  1.316115 -2.052715 3.886500  -0.923696 0.338613 0.179240  -0.317993 0.951050 1 16 1.000000
Leo2A
0  1.338085 -1.986490 4.188625  -0.934236 0.351852 -0.058338  -0.294983 0.952515 1 16 1.000000
0  1.316115 -2.052715 3.886500  -0.923696 0.338613 0.179240  -0.317993 0.951050 1 16 1.000000
0  1.199950 -2.401260 4.064130  -0.994856 0.087118 -0.051698  -0.314209 0.965820 1 14 1.000000
Leo2A
0  1.199950 -2.401260 4.064130  -0.994856 0.087118 -0.051698  -0.314209 0.965820 1 14 1.000000
0  1.316115 -2.052715 3.886500  -0.923696 0.338613 0.179240  -0.317993 0.951050 1 16 1.000000
0  1.180725 -2.305435 3.848065  0.020905 0.998644 0.047685  -0.323914 0.967651 1 14 1.000000
Leo2A
0  1.180725 -2.305435 3.848065  0.020905 0.998644 0.047685  -0.323914 0.967651 1 14 1.000000
0  1.316115 -2.052715 3.886500  -0.923696 0.338613 0.179240  -0.317993 0.951050 1 16 1.000000
0  0.999755 -2.225955 3.156740  -0.333664 0.509226 -0.793321  -0.387024 0.967835 3 16 0.500000 14 0.450000 15 0.050000
Leo2A
0  1.034850 -2.338695 3.477275  -0.051489 0.977997 -0.202163  -0.342529 0.973999 1 14 1.000000
0  1.180725 -2.305435 3.848065  0.020905 0.998644 0.047685  -0.323914 0.967651 1 14 1.000000
0  0.999755 -2.225955 3.156740  -0.333664 0.509226 -0.793321  -0.387024 0.967835 3 16 0.500000 14 0.450000 15 0.050000
Leo2A
0  1.767165 -0.887550 5.082790  0.137291 0.870346 -0.472916  -0.195435 0.900269 1 16 1.000000
0  1.645095 -1.153055 4.713220  -0.642005 0.759707 -0.103323  -0.229187 0.906982 1 16 1.000000
0  1.787610 -0.724895 5.464260  -0.019309 0.930105 -0.366787  -0.146179 0.891663 1 16 1.000000
Leo2A
0  1.645095 -1.153055 4.713220  -0.642005 0.759707 -0.103323  -0.229187 0.906982 1 16 1.000000
0  1.649670 -0.875345 5.564965  -0.738118 -0.298811 0.604892  -0.140564 0.902405 1 16 1.000000
0  1.787610 -0.724895 5.464260  -0.019309 0.930105 -0.366787  -0.146179 0.891663 1 16 1.000000
Leo2A
0  1.483960 -1.196695 5.234460  -0.620142 0.783349 -0.042273  -0.184143 0.916016 1 16 1.000000
0  1.649670 -0.875345 5.564965  -0.738118 -0.298811 0.604892  -0.140564 0.902405 1 16 1.000000
0  1.645095 -1.153055 4.713220  -0.642005 0.759707 -0.103323  -0.229187 0.906982 1 16 1.000000
Leo2A
0  1.787610 -0.724895 5.464260  -0.019309 0.930105 -0.366787  -0.146179 0.891663 1 16 1.000000
0  1.649670 -0.875345 5.564965  -0.738118 -0.298811 0.604892  -0.140564 0.902405 1 16 1.000000
0  1.782115 -0.583595 5.904935  0.025875 0.487040 0.872997  -0.103271 0.892822 1 16 1.000000
Leo2A
0  1.048475 -0.958965 6.228420  -0.284949 0.906213 -0.312382  -0.071289 0.950317 1 16 1.000000
0  0.605665 -0.902810 6.839990  -0.640639 0.204906 0.739996  -0.007812 0.988098 1 16 1.000000
0  0.827525 -0.913490 6.576320  -0.033426 0.994573 -0.098529  -0.035461 0.968567 1 16 1.000000
Leo2A
0  0.874525 -1.187540 6.306545  -0.819012 -0.572806 0.033364  -0.085144 0.971191 1 16 1.000000
0  0.605665 -0.902810 6.839990  -0.640639 0.204906 0.739996  -0.007812 0.988098 1 16 1.000000
0  1.048475 -0.958965 6.228420  -0.284949 0.906213 -0.312382  -0.071289 0.950317 1 16 1.000000
Leo2A
0  1.266370 -1.032510 5.802395  -0.294004 0.895616 -0.333817  -0.122314 0.932373 1 16 1.000000
0  0.874525 -1.187540 6.306545  -0.819012 -0.572806 0.033364  -0.085144 0.971191 1 16 1.000000
0  1.048475 -0.958965 6.228420  -0.284949 0.906213 -0.312382  -0.071289 0.950317 1 16 1.000000
Leo2A
0  1.078075 -1.483560 5.880215  -0.758592 -0.629914 0.166574  -0.135803 0.965820 1 16 1.000000
0  0.874525 -1.187540 6.306545  -0.819012 -0.572806 0.033364  -0.085144 0.971191 1 16 1.000000
0  1.266370 -1.032510 5.802395  -0.294004 0.895616 -0.333817  -0.122314 0.932373 1 16 1.000000
Leo2A
0  1.483960 -1.196695 5.234460  -0.620142 0.783349 -0.042273  -0.184143 0.916016 1 16 1.000000
0  1.078075 -1.483560 5.880215  -0.758592 -0.629914 0.166574  -0.135803 0.965820 1 16 1.000000
0  1.266370 -1.032510 5.802395  -0.294004 0.895616 -0.333817  -0.122314 0.932373 1 16 1.000000
Leo2A
0  1.186110 -1.832985 5.379420  -0.751236 -0.574719 0.324564  -0.183105 0.963989 1 16 1.000000
0  1.078075 -1.483560 5.880215  -0.758592 -0.629914 0.166574  -0.135803 0.965820 1 16 1.000000
0  1.483960 -1.196695 5.234460  -0.620142 0.783349 -0.042273  -0.184143 0.916016 1 16 1.000000
Leo2A
0  1.645095 -1.153055 4.713220  -0.642005 0.759707 -0.103323  -0.229187 0.906982 1 16 1.000000
0  1.186110 -1.832985 5.379420  -0.751236 -0.574719 0.324564  -0.183105 0.963989 1 16 1.000000
0  1.483960 -1.196695 5.234460  -0.620142 0.783349 -0.042273  -0.184143 0.916016 1 16 1.000000
Leo2A
0  1.167295 -2.181395 4.855345  -0.759735 -0.452256 0.467190  -0.226135 0.967529 2 16 0.900000 14 0.100000
0  1.186110 -1.832985 5.379420  -0.751236 -0.574719 0.324564  -0.183105 0.963989 1 16 1.000000
0  1.645095 -1.153055 4.713220  -0.642005 0.759707 -0.103323  -0.229187 0.906982 1 16 1.000000
Leo2A
0  1.167295 -2.181395 4.855345  -0.759735 -0.452256 0.467190  -0.226135 0.967529 2 16 0.900000 14 0.100000
0  1.645095 -1.153055 4.713220  -0.642005 0.759707 -0.103323  -0.229187 0.906982 1 16 1.000000
0  1.338085 -1.986490 4.188625  -0.934236 0.351852 -0.058338  -0.294983 0.952515 1 16 1.000000
Leo2A
0  1.167295 -2.181395 4.855345  -0.759735 -0.452256 0.467190  -0.226135 0.967529 2 16 0.900000 14 0.100000
0  1.338085 -1.986490 4.188625  -0.934236 0.351852 -0.058338  -0.294983 0.952515 1 16 1.000000
0  1.076965 -2.688430 4.285380  -0.647279 -0.757630 -0.083822  -0.276062 0.982971 1 14 1.000000
Leo2A
0  1.076965 -2.688430 4.285380  -0.647279 -0.757630 -0.083822  -0.276062 0.982971 1 14 1.000000
0  1.338085 -1.986490 4.188625  -0.934236 0.351852 -0.058338  -0.294983 0.952515 1 16 1.000000
0  1.199950 -2.401260 4.064130  -0.994856 0.087118 -0.051698  -0.314209 0.965820 1 14 1.000000
Leo2A
0  1.199950 -2.401260 4.064130  -0.994856 0.087118 -0.051698  -0.314209 0.965820 1 14 1.000000
0  1.245725 -2.644790 4.279280  0.069622 -0.988026 0.137688  -0.307556 0.992127 1 14 1.000000
0  1.076965 -2.688430 4.285380  -0.647279 -0.757630 -0.083822  -0.276062 0.982971 1 14 1.000000
Leo2A
0  1.180725 -2.305435 3.848065  0.020905 0.998644 0.047685  -0.323914 0.967651 1 14 1.000000
0  1.245725 -2.644790 4.279280  0.069622 -0.988026 0.137688  -0.307556 0.992127 1 14 1.000000
0  1.199950 -2.401260 4.064130  -0.994856 0.087118 -0.051698  -0.314209 0.965820 1 14 1.000000
Leo2A
0  1.245725 -2.644790 4.279280  0.069622 -0.988026 0.137688  -0.307556 0.992127 1 14 1.000000
0  1.180725 -2.305435 3.848065  0.020905 0.998644 0.047685  -0.323914 0.967651 1 14 1.000000
0  1.292115 -2.972545 4.173990  0.856806 -0.371084 0.358023  -0.314636 0.997803 1 14 1.000000
Leo2A
0  1.133315 -1.128030 6.336755  0.396884 -0.649532 0.648530  -0.322510 0.667725 1 16 1.000000
0  1.265455 -1.023050 6.284265  0.762475 0.418788 0.493203  -0.300964 0.668335 1 16 1.000000
0  0.934950 -0.955910 6.629420  0.596529 0.165704 0.785299  -0.296631 0.750671 1 16 1.000000
Leo2A
0  1.479385 -1.500955 5.718775  0.578440 -0.582733 0.570815  -0.373230 0.546265 1 16 1.000000
0  1.265455 -1.023050 6.284265  0.762475 0.418788 0.493203  -0.300964 0.668335 1 16 1.000000
0  1.133315 -1.128030 6.336755  0.396884 -0.649532 0.648530  -0.322510 0.667725 1 16 1.000000
Leo2A
0  1.479385 -1.500955 5.718775  0.578440 -0.582733 0.570815  -0.373230 0.546265 1 16 1.000000
0  1.659130 -1.194255 5.600670  0.857902 0.485431 0.168405  -0.329529 0.535523 1 16 1.000000
0  1.265455 -1.023050 6.284265  0.762475 0.418788 0.493203  -0.300964 0.668335 1 16 1.000000
Leo2A
0  1.607250 -1.799720 5.219810  0.669816 -0.594225 0.445246  -0.417175 0.463867 1 16 1.000000
0  1.659130 -1.194255 5.600670  0.857902 0.485431 0.168405  -0.329529 0.535523 1 16 1.000000
0  1.479385 -1.500955 5.718775  0.578440 -0.582733 0.570815  -0.373230 0.546265 1 16 1.000000
Leo2A
0  1.607250 -1.799720 5.219810  0.669816 -0.594225 0.445246  -0.417175 0.463867 1 16 1.000000
0  1.779065 -1.385600 5.061425  0.962611 -0.163560 0.215935  -0.348022 0.444153 1 16 1.000000
0  1.659130 -1.194255 5.600670  0.857902 0.485431 0.168405  -0.329529 0.535523 1 16 1.000000
Leo2A
0  1.619565 -2.151185 4.696960  0.783349 -0.561721 0.266145  -0.455811 0.409424 2 16 0.900000 14 0.100000
0  1.779065 -1.385600 5.061425  0.962611 -0.163560 0.215935  -0.348022 0.444153 1 16 1.000000
0  1.607250 -1.799720 5.219810  0.669816 -0.594225 0.445246  -0.417175 0.463867 1 16 1.000000
Leo2A
0  1.619565 -2.151185 4.696960  0.783349 -0.561721 0.266145  -0.455811 0.409424 2 16 0.900000 14 0.100000
0  1.730540 -1.379495 4.549340  0.944098 -0.278415 0.176534  -0.388489 0.358826 1 16 1.000000
0  1.779065 -1.385600 5.061425  0.962611 -0.163560 0.215935  -0.348022 0.444153 1 16 1.000000
Leo2A
0  1.619565 -2.151185 4.696960  0.783349 -0.561721 0.266145  -0.455811 0.409424 2 16 0.900000 14 0.100000
0  1.533510 -2.206420 4.233705  0.924632 -0.343730 -0.164030  -0.512817 0.288513 2 16 0.900000 14 0.100000
0  1.730540 -1.379495 4.549340  0.944098 -0.278415 0.176534  -0.388489 0.358826 1 16 1.000000
Leo2A
0  1.659130 -1.194255 5.600670  0.857902 0.485431 0.168405  -0.329529 0.535523 1 16 1.000000
0  1.779065 -1.385600 5.061425  0.962611 -0.163560 0.215935  -0.348022 0.444153 1 16 1.000000
0  1.266370 -1.032510 5.802395  -0.294004 0.895616 -0.333817  -0.311157 0.568542 1 16 1.000000
Leo2A
0  1.048475 -0.958965 6.228420  -0.284949 0.906213 -0.312382  -0.292480 0.666748 1 16 1.000000
0  1.659130 -1.194255 5.600670  0.857902 0.485431 0.168405  -0.329529 0.535523 1 16 1.000000
0  1.266370 -1.032510 5.802395  -0.294004 0.895616 -0.333817  -0.311157 0.568542 1 16 1.000000
Leo2A
0  1.265455 -1.023050 6.284265  0.762475 0.418788 0.493203  -0.300964 0.668335 1 16 1.000000
0  1.659130 -1.194255 5.600670  0.857902 0.485431 0.168405  -0.329529 0.535523 1 16 1.000000
0  1.048475 -0.958965 6.228420  -0.284949 0.906213 -0.312382  -0.292480 0.666748 1 16 1.000000
Leo2A
0  0.827525 -0.913490 6.576320  -0.033426 0.994573 -0.098529  -0.289062 0.741211 1 16 1.000000
0  1.265455 -1.023050 6.284265  0.762475 0.418788 0.493203  -0.300964 0.668335 1 16 1.000000
0  1.048475 -0.958965 6.228420  -0.284949 0.906213 -0.312382  -0.292480 0.666748 1 16 1.000000
Leo2A
0  0.934950 -0.955910 6.629420  0.596529 0.165704 0.785299  -0.296631 0.750671 1 16 1.000000
0  1.265455 -1.023050 6.284265  0.762475 0.418788 0.493203  -0.300964 0.668335 1 16 1.000000
0  0.827525 -0.913490 6.576320  -0.033426 0.994573 -0.098529  -0.289062 0.741211 1 16 1.000000
Leo2A
0  0.827525 -0.913490 6.576320  -0.033426 0.994573 -0.098529  -0.289062 0.741211 1 16 1.000000
0  0.605665 -0.902810 6.839990  -0.640639 0.204906 0.739996  -0.294006 0.801453 1 16 1.000000
0  0.934950 -0.955910 6.629420  0.596529 0.165704 0.785299  -0.296631 0.750671 1 16 1.000000
Leo2A
0  0.605665 -0.902810 6.839990  -0.640639 0.204906 0.739996  -0.294006 0.801453 1 16 1.000000
0  0.874525 -1.187540 6.306545  -0.819012 -0.572806 0.033364  -0.339783 0.661987 1 16 1.000000
0  0.934950 -0.955910 6.629420  0.596529 0.165704 0.785299  -0.296631 0.750671 1 16 1.000000
Leo2A
0  0.934950 -0.955910 6.629420  0.596529 0.165704 0.785299  -0.296631 0.750671 1 16 1.000000
0  0.874525 -1.187540 6.306545  -0.819012 -0.572806 0.033364  -0.339783 0.661987 1 16 1.000000
0  1.133315 -1.128030 6.336755  0.396884 -0.649532 0.648530  -0.322510 0.667725 1 16 1.000000
Leo2A
0  0.874525 -1.187540 6.306545  -0.819012 -0.572806 0.033364  -0.339783 0.661987 1 16 1.000000
0  1.078075 -1.483560 5.880215  -0.758592 -0.629914 0.166574  -0.378906 0.575256 1 16 1.000000
0  1.133315 -1.128030 6.336755  0.396884 -0.649532 0.648530  -0.322510 0.667725 1 16 1.000000
Leo2A
0  1.133315 -1.128030 6.336755  0.396884 -0.649532 0.648530  -0.322510 0.667725 1 16 1.000000
0  1.078075 -1.483560 5.880215  -0.758592 -0.629914 0.166574  -0.378906 0.575256 1 16 1.000000
0  1.479385 -1.500955 5.718775  0.578440 -0.582733 0.570815  -0.373230 0.546265 1 16 1.000000
Leo2A
0  1.078075 -1.483560 5.880215  -0.758592 -0.629914 0.166574  -0.378906 0.575256 1 16 1.000000
0  1.186110 -1.832985 5.379420  -0.751236 -0.574719 0.324564  -0.420349 0.496460 1 16 1.000000
0  1.479385 -1.500955 5.718775  0.578440 -0.582733 0.570815  -0.373230 0.546265 1 16 1.000000
Leo2A
0  1.479385 -1.500955 5.718775  0.578440 -0.582733 0.570815  -0.373230 0.546265 1 16 1.000000
0  1.186110 -1.832985 5.379420  -0.751236 -0.574719 0.324564  -0.420349 0.496460 1 16 1.000000
0  1.607250 -1.799720 5.219810  0.669816 -0.594225 0.445246  -0.417175 0.463867 1 16 1.000000
Leo2A
0  1.186110 -1.832985 5.379420  -0.751236 -0.574719 0.324564  -0.420349 0.496460 1 16 1.000000
0  1.167295 -2.181395 4.855345  -0.759735 -0.452256 0.467190  -0.466126 0.428589 2 16 0.900000 14 0.100000
0  1.607250 -1.799720 5.219810  0.669816 -0.594225 0.445246  -0.417175 0.463867 1 16 1.000000
Leo2A
0  1.607250 -1.799720 5.219810  0.669816 -0.594225 0.445246  -0.417175 0.463867 1 16 1.000000
0  1.167295 -2.181395 4.855345  -0.759735 -0.452256 0.467190  -0.466126 0.428589 2 16 0.900000 14 0.100000
0  1.619565 -2.151185 4.696960  0.783349 -0.561721 0.266145  -0.455811 0.409424 2 16 0.900000 14 0.100000
Leo2A
0  1.167295 -2.181395 4.855345  -0.759735 -0.452256 0.467190  -0.466126 0.428589 2 16 0.900000 14 0.100000
0  1.076965 -2.688430 4.285380  -0.647279 -0.757630 -0.083822  -0.537964 0.359497 1 14 1.000000
0  1.619565 -2.151185 4.696960  0.783349 -0.561721 0.266145  -0.455811 0.409424 2 16 0.900000 14 0.100000
Leo2A
0  1.619565 -2.151185 4.696960  0.783349 -0.561721 0.266145  -0.455811 0.409424 2 16 0.900000 14 0.100000
0  1.076965 -2.688430 4.285380  -0.647279 -0.757630 -0.083822  -0.537964 0.359497 1 14 1.000000
0  1.412660 -2.583755 4.354350  0.595064 -0.793071 0.130143  -0.560059 0.323853 1 14 1.000000
Leo2A
0  1.076965 -2.688430 4.285380  -0.647279 -0.757630 -0.083822  -0.537964 0.359497 1 14 1.000000
0  1.245725 -2.644790 4.279280  0.069622 -0.988026 0.137688  -0.576477 0.313721 1 14 1.000000
0  1.412660 -2.583755 4.354350  0.595064 -0.793071 0.130143  -0.560059 0.323853 1 14 1.000000
Leo2A
0  1.245725 -2.644790 4.279280  0.069622 -0.988026 0.137688  -0.576477 0.313721 1 14 1.000000
0  1.378480 -2.488100 4.226380  0.937798 -0.337343 0.082060  -0.547913 0.301147 2 14 0.900000 16 0.100000
0  1.412660 -2.583755 4.354350  0.595064 -0.793071 0.130143  -0.560059 0.323853 1 14 1.000000
Leo2A
0  1.412660 -2.583755 4.354350  0.595064 -0.793071 0.130143  -0.560059 0.323853 1 14 1.000000
0  1.378480 -2.488100 4.226380  0.937798 -0.337343 0.082060  -0.547913 0.301147 2 14 0.900000 16 0.100000
0  1.474000 -2.415160 4.346925  0.895282 -0.372153 -0.244892  -0.531250 0.314026 2 16 0.900000 14 0.100000
Leo2A
0  1.412660 -2.583755 4.354350  0.595064 -0.793071 0.130143  -0.560059 0.323853 1 14 1.000000
0  1.474000 -2.415160 4.346925  0.895282 -0.372153 -0.244892  -0.531250 0.314026 2 16 0.900000 14 0.100000
0  1.619565 -2.151185 4.696960  0.783349 -0.561721 0.266145  -0.455811 0.409424 2 16 0.900000 14 0.100000
Leo2A
0  1.474000 -2.415160 4.346925  0.895282 -0.372153 -0.244892  -0.531250 0.314026 2 16 0.900000 14 0.100000
0  1.533510 -2.206420 4.233705  0.924632 -0.343730 -0.164030  -0.512817 0.288513 2 16 0.900000 14 0.100000
0  1.619565 -2.151185 4.696960  0.783349 -0.561721 0.266145  -0.455811 0.409424 2 16 0.900000 14 0.100000
Leo2A
0  1.474000 -2.415160 4.346925  0.895282 -0.372153 -0.244892  -0.531250 0.314026 2 16 0.900000 14 0.100000
0  1.412965 -2.377015 4.155580  0.955791 -0.260076 -0.137199  -0.538025 0.282654 2 14 0.900000 16 0.100000
0  1.533510 -2.206420 4.233705  0.924632 -0.343730 -0.164030  -0.512817 0.288513 2 16 0.900000 14 0.100000
Leo2A
0  1.412965 -2.377015 4.155580  0.955791 -0.260076 -0.137199  -0.538025 0.282654 2 14 0.900000 16 0.100000
0  1.377260 -2.368165 3.943175  0.944074 -0.321857 -0.071637  -0.547852 0.261047 2 14 0.900000 16 0.100000
0  1.533510 -2.206420 4.233705  0.924632 -0.343730 -0.164030  -0.512817 0.288513 2 16 0.900000 14 0.100000
Leo2A
0  1.416320 -2.527465 3.911130  0.953545 0.044843 -0.297893  -0.573303 0.272644 2 14 0.900000 16 0.100000
0  1.377260 -2.368165 3.943175  0.944074 -0.321857 -0.071637  -0.547852 0.261047 2 14 0.900000 16 0.100000
0  1.412965 -2.377015 4.155580  0.955791 -0.260076 -0.137199  -0.538025 0.282654 2 14 0.900000 16 0.100000
Leo2A
0  1.304320 -2.716065 3.606870  0.937520 -0.125770 -0.324404  -0.613586 0.234558 2 14 0.900000 16 0.100000
0  1.377260 -2.368165 3.943175  0.944074 -0.321857 -0.071637  -0.547852 0.261047 2 14 0.900000 16 0.100000
0  1.416320 -2.527465 3.911130  0.953545 0.044843 -0.297893  -0.573303 0.272644 2 14 0.900000 16 0.100000
Leo2A
0  1.260375 -2.794800 3.652040  0.988840 -0.136564 -0.059551  -0.615906 0.244812 2 14 0.900000 16 0.100000
0  1.304320 -2.716065 3.606870  0.937520 -0.125770 -0.324404  -0.613586 0.234558 2 14 0.900000 16 0.100000
0  1.416320 -2.527465 3.911130  0.953545 0.044843 -0.297893  -0.573303 0.272644 2 14 0.900000 16 0.100000
Leo2A
0  1.261290 -2.907715 3.568420  0.834708 -0.279806 -0.474312  -0.635620 0.236267 2 14 0.900000 16 0.100000
0  1.304320 -2.716065 3.606870  0.937520 -0.125770 -0.324404  -0.613586 0.234558 2 14 0.900000 16 0.100000
0  1.260375 -2.794800 3.652040  0.988840 -0.136564 -0.059551  -0.615906 0.244812 2 14 0.900000 16 0.100000
Leo2A
0  1.239930 -2.619325 3.522340  0.851146 -0.093857 -0.516470  -0.613220 0.209412 2 14 0.888889 16 0.111111
0  1.304320 -2.716065 3.606870  0.937520 -0.125770 -0.324404  -0.613586 0.234558 2 14 0.900000 16 0.100000
0  1.261290 -2.907715 3.568420  0.834708 -0.279806 -0.474312  -0.635620 0.236267 2 14 0.900000 16 0.100000
Leo2A
0  1.377260 -2.368165 3.943175  0.944074 -0.321857 -0.071637  -0.547852 0.261047 2 14 0.900000 16 0.100000
0  1.304320 -2.716065 3.606870  0.937520 -0.125770 -0.324404  -0.613586 0.234558 2 14 0.900000 16 0.100000
0  1.239930 -2.619325 3.522340  0.851146 -0.093857 -0.516470  -0.613220 0.209412 2 14 0.888889 16 0.111111
Leo2A
0  1.377260 -2.368165 3.943175  0.944074 -0.321857 -0.071637  -0.547852 0.261047 2 14 0.900000 16 0.100000
0  1.239930 -2.619325 3.522340  0.851146 -0.093857 -0.516470  -0.613220 0.209412 2 14 0.888889 16 0.111111
0  1.463010 -2.280885 3.948975  0.878044 -0.457132 -0.141668  -0.537170 0.250915 2 16 0.900000 14 0.100000
Leo2A
0  1.533510 -2.206420 4.233705  0.924632 -0.343730 -0.164030  -0.512817 0.288513 2 16 0.900000 14 0.100000
0  1.377260 -2.368165 3.943175  0.944074 -0.321857 -0.071637  -0.547852 0.261047 2 14 0.900000 16 0.100000
0  1.463010 -2.280885 3.948975  0.878044 -0.457132 -0.141668  -0.537170 0.250915 2 16 0.900000 14 0.100000
Leo2A
0  1.664320 -1.552225 3.943570  0.928992 -0.173050 -0.327150  -0.497253 0.247559 1 16 1.000000
0  1.533510 -2.206420 4.233705  0.924632 -0.343730 -0.164030  -0.512817 0.288513 2 16 0.900000 14 0.100000
0  1.463010 -2.280885 3.948975  0.878044 -0.457132 -0.141668  -0.537170 0.250915 2 16 0.900000 14 0.100000
Leo2A
0  1.918530 -1.128335 4.373255  0.937071 -0.023265 -0.348364  -0.359497 0.331665 1 16 1.000000
0  1.533510 -2.206420 4.233705  0.924632 -0.343730 -0.164030  -0.512817 0.288513 2 16 0.900000 14 0.100000
0  1.664320 -1.552225 3.943570  0.928992 -0.173050 -0.327150  -0.497253 0.247559 1 16 1.000000
Leo2A
0  1.533510 -2.206420 4.233705  0.924632 -0.343730 -0.164030  -0.512817 0.288513 2 16 0.900000 14 0.100000
0  1.918530 -1.128335 4.373255  0.937071 -0.023265 -0.348364  -0.359497 0.331665 1 16 1.000000
0  1.730540 -1.379495 4.549340  0.944098 -0.278415 0.176534  -0.388489 0.358826 1 16 1.000000
Leo2A
0  1.730540 -1.379495 4.549340  0.944098 -0.278415 0.176534  -0.388489 0.358826 1 16 1.000000
0  1.918530 -1.128335 4.373255  0.937071 -0.023265 -0.348364  -0.359497 0.331665 1 16 1.000000
0  2.054640 -0.795390 4.745570  0.992129 -0.115782 0.047682  -0.268189 0.393921 1 16 1.000000
Leo2A
0  1.416320 -2.527465 3.911130  0.953545 0.044843 -0.297893  -0.573303 0.272644 2 14 0.900000 16 0.100000
0  1.412965 -2.377015 4.155580  0.955791 -0.260076 -0.137199  -0.538025 0.282654 2 14 0.900000 16 0.100000
0  1.449890 -2.515870 4.123840  0.986594 0.044933 0.156886  -0.560242 0.291016 2 14 0.900000 16 0.100000
Leo2A
0  1.449890 -2.515870 4.123840  0.986594 0.044933 0.156886  -0.560242 0.291016 2 14 0.900000 16 0.100000
0  1.412965 -2.377015 4.155580  0.955791 -0.260076 -0.137199  -0.538025 0.282654 2 14 0.900000 16 0.100000
0  1.378480 -2.488100 4.226380  0.937798 -0.337343 0.082060  -0.547913 0.301147 2 14 0.900000 16 0.100000
Leo2A
0  1.378480 -2.488100 4.226380  0.937798 -0.337343 0.082060  -0.547913 0.301147 2 14 0.900000 16 0.100000
0  1.412965 -2.377015 4.155580  0.955791 -0.260076 -0.137199  -0.538025 0.282654 2 14 0.900000 16 0.100000
0  1.474000 -2.415160 4.346925  0.895282 -0.372153 -0.244892  -0.531250 0.314026 2 16 0.900000 14 0.100000
Leo2A
0  1.426390 -2.714675 4.151715  0.916353 -0.209688 0.341070  -0.579529 0.304749 1 14 1.000000
0  1.378480 -2.488100 4.226380  0.937798 -0.337343 0.082060  -0.547913 0.301147 2 14 0.900000 16 0.100000
0  1.245725 -2.644790 4.279280  0.069622 -0.988026 0.137688  -0.576477 0.313721 1 14 1.000000
Leo2A
0  1.449890 -2.515870 4.123840  0.986594 0.044933 0.156886  -0.560242 0.291016 2 14 0.900000 16 0.100000
0  1.378480 -2.488100 4.226380  0.937798 -0.337343 0.082060  -0.547913 0.301147 2 14 0.900000 16 0.100000
0  1.426390 -2.714675 4.151715  0.916353 -0.209688 0.341070  -0.579529 0.304749 1 14 1.000000
Leo2A
0  1.374510 -2.731460 3.989665  0.942131 -0.234902 -0.239189  -0.602539 0.284363 1 14 1.000000
0  1.449890 -2.515870 4.123840  0.986594 0.044933 0.156886  -0.560242 0.291016 2 14 0.900000 16 0.100000
0  1.426390 -2.714675 4.151715  0.916353 -0.209688 0.341070  -0.579529 0.304749 1 14 1.000000
Leo2A
0  1.416320 -2.527465 3.911130  0.953545 0.044843 -0.297893  -0.573303 0.272644 2 14 0.900000 16 0.100000
0  1.449890 -2.515870 4.123840  0.986594 0.044933 0.156886  -0.560242 0.291016 2 14 0.900000 16 0.100000
0  1.374510 -2.731460 3.989665  0.942131 -0.234902 -0.239189  -0.602539 0.284363 1 14 1.000000
Leo2A
0  1.295470 -2.761535 3.737485  0.945865 -0.087183 -0.312631  -0.607666 0.258118 2 14 0.900000 16 0.100000
0  1.416320 -2.527465 3.911130  0.953545 0.044843 -0.297893  -0.573303 0.272644 2 14 0.900000 16 0.100000
0  1.374510 -2.731460 3.989665  0.942131 -0.234902 -0.239189  -0.602539 0.284363 1 14 1.000000
Leo2A
0  1.260375 -2.794800 3.652040  0.988840 -0.136564 -0.059551  -0.615906 0.244812 2 14 0.900000 16 0.100000
0  1.416320 -2.527465 3.911130  0.953545 0.044843 -0.297893  -0.573303 0.272644 2 14 0.900000 16 0.100000
0  1.295470 -2.761535 3.737485  0.945865 -0.087183 -0.312631  -0.607666 0.258118 2 14 0.900000 16 0.100000
Leo2A
0  1.298525 -2.896425 3.692320  0.948503 -0.220345 -0.227575  -0.624146 0.261169 2 14 0.900000 16 0.100000
0  1.260375 -2.794800 3.652040  0.988840 -0.136564 -0.059551  -0.615906 0.244812 2 14 0.900000 16 0.100000
0  1.295470 -2.761535 3.737485  0.945865 -0.087183 -0.312631  -0.607666 0.258118 2 14 0.900000 16 0.100000
Leo2A
0  1.261290 -2.907715 3.568420  0.834708 -0.279806 -0.474312  -0.635620 0.236267 2 14 0.900000 16 0.100000
0  1.260375 -2.794800 3.652040  0.988840 -0.136564 -0.059551  -0.615906 0.244812 2 14 0.900000 16 0.100000
0  1.298525 -2.896425 3.692320  0.948503 -0.220345 -0.227575  -0.624146 0.261169 2 14 0.900000 16 0.100000
Leo2A
0  1.091920 -3.090820 3.474425  0.891955 -0.292263 -0.344962  -0.671570 0.225952 2 14 0.900000 15 0.100000
0  1.261290 -2.907715 3.568420  0.834708 -0.279806 -0.474312  -0.635620 0.236267 2 14 0.900000 16 0.100000
0  1.298525 -2.896425 3.692320  0.948503 -0.220345 -0.227575  -0.624146 0.261169 2 14 0.900000 16 0.100000
Leo2A
0  1.239930 -2.619325 3.522340  0.851146 -0.093857 -0.516470  -0.613220 0.209412 2 14 0.888889 16 0.111111
0  1.261290 -2.907715 3.568420  0.834708 -0.279806 -0.474312  -0.635620 0.236267 2 14 0.900000 16 0.100000
0  1.091920 -3.090820 3.474425  0.891955 -0.292263 -0.344962  -0.671570 0.225952 2 14 0.900000 15 0.100000
Leo2A
0  1.013795 -3.137210 3.260805  0.826861 -0.188323 -0.529939  -0.727539 0.187134 2 15 0.900000 14 0.100000
0  1.239930 -2.619325 3.522340  0.851146 -0.093857 -0.516470  -0.613220 0.209412 2 14 0.888889 16 0.111111
0  1.091920 -3.090820 3.474425  0.891955 -0.292263 -0.344962  -0.671570 0.225952 2 14 0.900000 15 0.100000
Leo2A
0  1.035460 -2.435000 3.208310  0.716756 -0.117752 -0.687311  -0.606628 0.168579 2 16 0.526316 14 0.473684
0  1.239930 -2.619325 3.522340  0.851146 -0.093857 -0.516470  -0.613220 0.209412 2 14 0.888889 16 0.111111
0  1.013795 -3.137210 3.260805  0.826861 -0.188323 -0.529939  -0.727539 0.187134 2 15 0.900000 14 0.100000
Leo2A
0  0.896300 -3.107190 3.124770  0.668989 -0.147469 -0.728496  -0.732605 0.173279 1 15 1.000000
0  1.035460 -2.435000 3.208310  0.716756 -0.117752 -0.687311  -0.606628 0.168579 2 16 0.526316 14 0.473684
0  1.013795 -3.137210 3.260805  0.826861 -0.188323 -0.529939  -0.727539 0.187134 2 15 0.900000 14 0.100000
Leo2A
0  1.035460 -2.435000 3.208310  0.716756 -0.117752 -0.687311  -0.606628 0.168579 2 16 0.526316 14 0.473684
0  0.896300 -3.107190 3.124770  0.668989 -0.147469 -0.728496  -0.732605 0.173279 1 15 1.000000
0  0.999755 -2.225955 3.156740  -0.333664 0.509226 -0.793321  -0.605957 0.138367 3 16 0.500000 14 0.450000 15 0.050000
Leo2A
0  0.999755 -2.225955 3.156740  -0.333664 0.509226 -0.793321  -0.605957 0.138367 3 16 0.500000 14 0.450000 15 0.050000
0  0.896300 -3.107190 3.124770  0.668989 -0.147469 -0.728496  -0.732605 0.173279 1 15 1.000000
0  0.778811 -2.975660 3.019485  0.569335 -0.081343 -0.818071  -0.737305 0.156372 1 15 1.000000
Leo2A
0  0.724181 -3.515515 3.085095  0.617991 -0.245976 -0.746715  -0.802979 0.178589 1 15 1.000000
0  0.778811 -2.975660 3.019485  0.569335 -0.081343 -0.818071  -0.737305 0.156372 1 15 1.000000
0  0.896300 -3.107190 3.124770  0.668989 -0.147469 -0.728496  -0.732605 0.173279 1 15 1.000000
Leo2A
0  0.618896 -3.411145 2.976760  0.510920 -0.202752 -0.835376  -0.800659 0.158081 1 15 1.000000
0  0.778811 -2.975660 3.019485  0.569335 -0.081343 -0.818071  -0.737305 0.156372 1 15 1.000000
0  0.724181 -3.515515 3.085095  0.617991 -0.245976 -0.746715  -0.802979 0.178589 1 15 1.000000
Leo2A
0  0.464786 -3.704115 2.993850  0.465334 -0.309855 -0.829129  -0.854614 0.174927 1 15 1.000000
0  0.618896 -3.411145 2.976760  0.510920 -0.202752 -0.835376  -0.800659 0.158081 1 15 1.000000
0  0.724181 -3.515515 3.085095  0.617991 -0.245976 -0.746715  -0.802979 0.178589 1 15 1.000000
Leo2A
0  1.374510 -2.731460 3.989665  0.942131 -0.234902 -0.239189  -0.602539 0.284363 1 14 1.000000
0  1.298525 -2.896425 3.692320  0.948503 -0.220345 -0.227575  -0.624146 0.261169 2 14 0.900000 16 0.100000
0  1.295470 -2.761535 3.737485  0.945865 -0.087183 -0.312631  -0.607666 0.258118 2 14 0.900000 16 0.100000
Leo2A
0  1.228335 -3.033145 3.752135  0.891376 -0.381511 -0.244743  -0.639526 0.267517 2 14 0.900000 16 0.100000
0  1.298525 -2.896425 3.692320  0.948503 -0.220345 -0.227575  -0.624146 0.261169 2 14 0.900000 16 0.100000
0  1.374510 -2.731460 3.989665  0.942131 -0.234902 -0.239189  -0.602539 0.284363 1 14 1.000000
Leo2A
0  1.298525 -2.896425 3.692320  0.948503 -0.220345 -0.227575  -0.624146 0.261169 2 14 0.900000 16 0.100000
0  1.228335 -3.033145 3.752135  0.891376 -0.381511 -0.244743  -0.639526 0.267517 2 14 0.900000 16 0.100000
0  1.091920 -3.090820 3.474425  0.891955 -0.292263 -0.344962  -0.671570 0.225952 2 14 0.900000 15 0.100000
Leo2A
0  1.091920 -3.090820 3.474425  0.891955 -0.292263 -0.344962  -0.671570 0.225952 2 14 0.900000 15 0.100000
0  1.228335 -3.033145 3.752135  0.891376 -0.381511 -0.244743  -0.639526 0.267517 2 14 0.900000 16 0.100000
0  1.087646 -3.433365 3.744915  0.786011 -0.604428 0.129820  -0.721375 0.237244 1 14 1.000000
Leo2A
0  1.087646 -3.433365 3.744915  0.786011 -0.604428 0.129820  -0.721375 0.237244 1 14 1.000000
0  1.013795 -3.137210 3.260805  0.826861 -0.188323 -0.529939  -0.727539 0.187134 2 15 0.900000 14 0.100000
0  1.091920 -3.090820 3.474425  0.891955 -0.292263 -0.344962  -0.671570 0.225952 2 14 0.900000 15 0.100000
Leo2A
0  1.052245 -3.454895 3.439635  0.896491 -0.360102 -0.258128  -0.790894 0.201050 2 14 0.900000 15 0.100000
0  1.013795 -3.137210 3.260805  0.826861 -0.188323 -0.529939  -0.727539 0.187134 2 15 0.900000 14 0.100000
0  1.087646 -3.433365 3.744915  0.786011 -0.604428 0.129820  -0.721375 0.237244 1 14 1.000000
Leo2A
0  1.052245 -3.454895 3.439635  0.896491 -0.360102 -0.258128  -0.790894 0.201050 2 14 0.900000 15 0.100000
0  0.896300 -3.107190 3.124770  0.668989 -0.147469 -0.728496  -0.732605 0.173279 1 15 1.000000
0  1.013795 -3.137210 3.260805  0.826861 -0.188323 -0.529939  -0.727539 0.187134 2 15 0.900000 14 0.100000
Leo2A
0  0.724181 -3.515515 3.085095  0.617991 -0.245976 -0.746715  -0.802979 0.178589 1 15 1.000000
0  0.896300 -3.107190 3.124770  0.668989 -0.147469 -0.728496  -0.732605 0.173279 1 15 1.000000
0  1.052245 -3.454895 3.439635  0.896491 -0.360102 -0.258128  -0.790894 0.201050 2 14 0.900000 15 0.100000
Leo2A
0  1.087646 -3.433365 3.744915  0.786011 -0.604428 0.129820  -0.721375 0.237244 1 14 1.000000
0  1.228335 -3.033145 3.752135  0.891376 -0.381511 -0.244743  -0.639526 0.267517 2 14 0.900000 16 0.100000
0  1.250610 -3.151380 3.964030  0.847328 -0.524202 0.085127  -0.655456 0.292480 1 14 1.000000
Leo2A
0  1.228335 -3.033145 3.752135  0.891376 -0.381511 -0.244743  -0.639526 0.267517 2 14 0.900000 16 0.100000
0  1.374510 -2.731460 3.989665  0.942131 -0.234902 -0.239189  -0.602539 0.284363 1 14 1.000000
0  1.250610 -3.151380 3.964030  0.847328 -0.524202 0.085127  -0.655456 0.292480 1 14 1.000000
Leo2A
0  1.250610 -3.151380 3.964030  0.847328 -0.524202 0.085127  -0.655456 0.292480 1 14 1.000000
0  1.374510 -2.731460 3.989665  0.942131 -0.234902 -0.239189  -0.602539 0.284363 1 14 1.000000
0  1.370240 -2.923110 4.134625  0.874032 -0.372052 0.312482  -0.601196 0.304932 1 14 1.000000
Leo2A
0  1.426390 -2.714675 4.151715  0.916353 -0.209688 0.341070  -0.579529 0.304749 1 14 1.000000
0  1.370240 -2.923110 4.134625  0.874032 -0.372052 0.312482  -0.601196 0.304932 1 14 1.000000
0  1.374510 -2.731460 3.989665  0.942131 -0.234902 -0.239189  -0.602539 0.284363 1 14 1.000000
Leo2A
0  0.415651 -3.659865 2.951125  0.455426 -0.285223 -0.843347  -0.854370 0.168884 1 15 1.000000
0  0.618896 -3.411145 2.976760  0.510920 -0.202752 -0.835376  -0.800659 0.158081 1 15 1.000000
0  0.464786 -3.704115 2.993850  0.465334 -0.309855 -0.829129  -0.854614 0.174927 1 15 1.000000
Leo2A
0  0.347596 -3.782240 2.962110  0.335431 -0.326545 -0.883660  -0.876770 0.173340 1 15 1.000000
0  0.415651 -3.659865 2.951125  0.455426 -0.285223 -0.843347  -0.854370 0.168884 1 15 1.000000
0  0.464786 -3.704115 2.993850  0.465334 -0.309855 -0.829129  -0.854614 0.174927 1 15 1.000000
Leo2A
0  0.347596 -3.782240 2.962110  0.335431 -0.326545 -0.883660  -0.876770 0.173340 1 15 1.000000
0  0.464786 -3.704115 2.993850  0.465334 -0.309855 -0.829129  -0.854614 0.174927 1 15 1.000000
0  0.596926 -3.852235 3.124390  0.617967 -0.358233 -0.699847  -0.849609 0.201050 2 15 0.800000 14 0.200000
Leo2A
0  0.596926 -3.852235 3.124390  0.617967 -0.358233 -0.699847  -0.849609 0.201050 2 15 0.800000 14 0.200000
0  0.464786 -3.704115 2.993850  0.465334 -0.309855 -0.829129  -0.854614 0.174927 1 15 1.000000
0  0.724181 -3.515515 3.085095  0.617991 -0.245976 -0.746715  -0.802979 0.178589 1 15 1.000000
Leo2A
0  0.596926 -3.852235 3.124390  0.617967 -0.358233 -0.699847  -0.849609 0.201050 2 15 0.800000 14 0.200000
0  0.724181 -3.515515 3.085095  0.617991 -0.245976 -0.746715  -0.802979 0.178589 1 15 1.000000
0  0.861816 -3.643190 3.256835  0.769579 -0.417630 -0.483046  -0.827454 0.200745 2 14 0.500000 15 0.500000
Leo2A
0  0.861816 -3.643190 3.256835  0.769579 -0.417630 -0.483046  -0.827454 0.200745 2 14 0.500000 15 0.500000
0  0.724181 -3.515515 3.085095  0.617991 -0.245976 -0.746715  -0.802979 0.178589 1 15 1.000000
0  1.052245 -3.454895 3.439635  0.896491 -0.360102 -0.258128  -0.790894 0.201050 2 14 0.900000 15 0.100000
Leo2A
0  0.861816 -3.643190 3.256835  0.769579 -0.417630 -0.483046  -0.827454 0.200745 2 14 0.500000 15 0.500000
0  1.052245 -3.454895 3.439635  0.896491 -0.360102 -0.258128  -0.790894 0.201050 2 14 0.900000 15 0.100000
0  0.974426 -3.527525 3.437805  0.801427 -0.592281 -0.083173  -0.808106 0.217163 2 14 0.900000 15 0.100000
Leo2A
0  0.974426 -3.527525 3.437805  0.801427 -0.592281 -0.083173  -0.808106 0.217163 2 14 0.900000 15 0.100000
0  1.052245 -3.454895 3.439635  0.896491 -0.360102 -0.258128  -0.790894 0.201050 2 14 0.900000 15 0.100000
0  1.087646 -3.433365 3.744915  0.786011 -0.604428 0.129820  -0.721375 0.237244 1 14 1.000000
Leo2A
0  1.087646 -3.433365 3.744915  0.786011 -0.604428 0.129820  -0.721375 0.237244 1 14 1.000000
0  0.997621 -3.502945 3.737590  0.900401 -0.412440 -0.138458  -0.726013 0.251587 1 14 1.000000
0  0.974426 -3.527525 3.437805  0.801427 -0.592281 -0.083173  -0.808106 0.217163 2 14 0.900000 15 0.100000
Leo2A
0  1.250610 -3.151380 3.964030  0.847328 -0.524202 0.085127  -0.655456 0.292480 1 14 1.000000
0  0.997621 -3.502945 3.737590  0.900401 -0.412440 -0.138458  -0.726013 0.251587 1 14 1.000000
0  1.087646 -3.433365 3.744915  0.786011 -0.604428 0.129820  -0.721375 0.237244 1 14 1.000000
Leo2A
0  1.250610 -3.151380 3.964030  0.847328 -0.524202 0.085127  -0.655456 0.292480 1 14 1.000000
0  1.188355 -3.185865 4.001875  0.874511 -0.484901 -0.010079  -0.671448 0.311523 1 14 1.000000
0  0.997621 -3.502945 3.737590  0.900401 -0.412440 -0.138458  -0.726013 0.251587 1 14 1.000000
Leo2A
0  1.370240 -2.923110 4.134625  0.874032 -0.372052 0.312482  -0.601196 0.304932 1 14 1.000000
0  1.188355 -3.185865 4.001875  0.874511 -0.484901 -0.010079  -0.671448 0.311523 1 14 1.000000
0  1.250610 -3.151380 3.964030  0.847328 -0.524202 0.085127  -0.655456 0.292480 1 14 1.000000
Leo2A
0  1.292115 -2.972545 4.173990  0.856806 -0.371084 0.358023  -0.612305 0.325440 1 14 1.000000
0  1.188355 -3.185865 4.001875  0.874511 -0.484901 -0.010079  -0.671448 0.311523 1 14 1.000000
0  1.370240 -2.923110 4.134625  0.874032 -0.372052 0.312482  -0.601196 0.304932 1 14 1.000000
Leo2A
0  1.292115 -2.972545 4.173990  0.856806 -0.371084 0.358023  -0.612305 0.325440 1 14 1.000000
0  1.370240 -2.923110 4.134625  0.874032 -0.372052 0.312482  -0.601196 0.304932 1 14 1.000000
0  1.426390 -2.714675 4.151715  0.916353 -0.209688 0.341070  -0.579529 0.304749 1 14 1.000000
Leo2A
0  1.245725 -2.644790 4.279280  0.069622 -0.988026 0.137688  -0.576477 0.313721 1 14 1.000000
0  1.292115 -2.972545 4.173990  0.856806 -0.371084 0.358023  -0.612305 0.325440 1 14 1.000000
0  1.426390 -2.714675 4.151715  0.916353 -0.209688 0.341070  -0.579529 0.304749 1 14 1.000000
Leo2A
0  0.861816 -3.643190 3.256835  0.769579 -0.417630 -0.483046  -0.827454 0.200745 2 14 0.500000 15 0.500000
0  0.974426 -3.527525 3.437805  0.801427 -0.592281 -0.083173  -0.808106 0.217163 2 14 0.900000 15 0.100000
0  0.842896 -3.679200 3.291320  0.713794 -0.695619 -0.081316  -0.829102 0.204529 2 14 0.500000 15 0.500000
Leo2A
0  0.842896 -3.679200 3.291320  0.713794 -0.695619 -0.081316  -0.829102 0.204529 2 14 0.500000 15 0.500000
0  0.974426 -3.527525 3.437805  0.801427 -0.592281 -0.083173  -0.808106 0.217163 2 14 0.900000 15 0.100000
0  0.814211 -3.698120 3.326110  0.759870 -0.517771 -0.393079  -0.827759 0.210266 2 14 0.500000 15 0.500000
Leo2A
0  1.740615 -0.915320 3.928310  -0.199867 0.671626 -0.713423  -0.405151 0.214722 1 16 1.000000
0  1.693005 -1.319985 3.868800  0.954541 -0.115305 -0.274874  -0.477844 0.221863 1 16 1.000000
0  1.493725 -1.334635 3.690885  -0.566727 0.759751 0.318744  -0.470032 0.197144 1 16 1.000000
Leo2A
0  1.520885 -1.497905 3.635950  0.941878 -0.204298 -0.266699  -0.495056 0.198181 1 16 1.000000
0  1.664320 -1.552225 3.943570  0.928992 -0.173050 -0.327150  -0.497253 0.247559 1 16 1.000000
0  1.463010 -2.280885 3.948975  0.878044 -0.457132 -0.141668  -0.537170 0.250915 2 16 0.900000 14 0.100000
Leo2A
0  1.463010 -2.280885 3.948975  0.878044 -0.457132 -0.141668  -0.537170 0.250915 2 16 0.900000 14 0.100000
0  1.239930 -2.619325 3.522340  0.851146 -0.093857 -0.516470  -0.613220 0.209412 2 14 0.888889 16 0.111111
0  1.520885 -1.497905 3.635950  0.941878 -0.204298 -0.266699  -0.495056 0.198181 1 16 1.000000
Leo2A
0  1.520885 -1.497905 3.635950  0.941878 -0.204298 -0.266699  -0.495056 0.198181 1 16 1.000000
0  1.239930 -2.619325 3.522340  0.851146 -0.093857 -0.516470  -0.613220 0.209412 2 14 0.888889 16 0.111111
0  1.360670 -1.844890 3.342370  0.749147 -0.085680 -0.656840  -0.540283 0.169617 1 16 1.000000
Leo2A
0  1.360670 -1.844890 3.342370  0.749147 -0.085680 -0.656840  -0.540283 0.169617 1 16 1.000000
0  1.239930 -2.619325 3.522340  0.851146 -0.093857 -0.516470  -0.613220 0.209412 2 14 0.888889 16 0.111111
0  1.035460 -2.435000 3.208310  0.716756 -0.117752 -0.687311  -0.606628 0.168579 2 16 0.526316 14 0.473684
Leo2A
0  1.360670 -1.844890 3.342370  0.749147 -0.085680 -0.656840  -0.540283 0.169617 1 16 1.000000
0  1.035460 -2.435000 3.208310  0.716756 -0.117752 -0.687311  -0.606628 0.168579 2 16 0.526316 14 0.473684
0  0.999755 -2.225955 3.156740  -0.333664 0.509226 -0.793321  -0.605957 0.138367 3 16 0.500000 14 0.450000 15 0.050000
Leo2A
0  0.999755 -2.225955 3.156740  -0.333664 0.509226 -0.793321  -0.605957 0.138367 3 16 0.500000 14 0.450000 15 0.050000
0  1.218760 -1.691080 3.284390  -0.513630 0.491566 -0.703240  -0.547241 0.142212 1 16 1.000000
0  1.360670 -1.844890 3.342370  0.749147 -0.085680 -0.656840  -0.540283 0.169617 1 16 1.000000
Leo2A
0  1.360670 -1.844890 3.342370  0.749147 -0.085680 -0.656840  -0.540283 0.169617 1 16 1.000000
0  1.218760 -1.691080 3.284390  -0.513630 0.491566 -0.703240  -0.547241 0.142212 1 16 1.000000
0  1.645400 -1.128335 3.631370  0.966328 -0.181186 -0.182704  -0.427368 0.171387 1 16 1.000000
Leo2A
0  1.218760 -1.691080 3.284390  -0.513630 0.491566 -0.703240  -0.547241 0.142212 1 16 1.000000
0  1.508070 -1.214090 3.495265  -0.226657 0.540202 -0.810437  -0.470459 0.147278 1 16 1.000000
0  1.645400 -1.128335 3.631370  0.966328 -0.181186 -0.182704  -0.427368 0.171387 1 16 1.000000
Leo2A
0  1.508070 -1.214090 3.495265  -0.226657 0.540202 -0.810437  -0.470459 0.147278 1 16 1.000000
0  1.691175 -0.886330 3.717735  0.305935 0.897132 0.318681  -0.371094 0.166138 1 16 1.000000
0  1.645400 -1.128335 3.631370  0.966328 -0.181186 -0.182704  -0.427368 0.171387 1 16 1.000000
Leo2A
0  1.645400 -1.128335 3.631370  0.966328 -0.181186 -0.182704  -0.427368 0.171387 1 16 1.000000
0  1.691175 -0.886330 3.717735  0.305935 0.897132 0.318681  -0.371094 0.166138 1 16 1.000000
0  1.632275 -1.073100 3.699730  -0.032321 -0.075969 0.996586  -0.419373 0.187195 1 16 1.000000
Leo2A
0  1.632275 -1.073100 3.699730  -0.032321 -0.075969 0.996586  -0.419373 0.187195 1 16 1.000000
0  1.493725 -1.334635 3.690885  -0.566727 0.759751 0.318744  -0.470032 0.197144 1 16 1.000000
0  1.645400 -1.128335 3.631370  0.966328 -0.181186 -0.182704  -0.427368 0.171387 1 16 1.000000
Leo2A
0  1.493725 -1.334635 3.690885  -0.566727 0.759751 0.318744  -0.470032 0.197144 1 16 1.000000
0  1.520885 -1.497905 3.635950  0.941878 -0.204298 -0.266699  -0.495056 0.198181 1 16 1.000000
0  1.645400 -1.128335 3.631370  0.966328 -0.181186 -0.182704  -0.427368 0.171387 1 16 1.000000
Leo2A
0  1.493725 -1.334635 3.690885  -0.566727 0.759751 0.318744  -0.470032 0.197144 1 16 1.000000
0  1.693005 -1.319985 3.868800  0.954541 -0.115305 -0.274874  -0.477844 0.221863 1 16 1.000000
0  1.520885 -1.497905 3.635950  0.941878 -0.204298 -0.266699  -0.495056 0.198181 1 16 1.000000
Leo2A
0  1.693005 -1.319985 3.868800  0.954541 -0.115305 -0.274874  -0.477844 0.221863 1 16 1.000000
0  1.664320 -1.552225 3.943570  0.928992 -0.173050 -0.327150  -0.497253 0.247559 1 16 1.000000
0  1.520885 -1.497905 3.635950  0.941878 -0.204298 -0.266699  -0.495056 0.198181 1 16 1.000000
Leo2A
0  1.645400 -1.128335 3.631370  0.966328 -0.181186 -0.182704  -0.427368 0.171387 1 16 1.000000
0  1.520885 -1.497905 3.635950  0.941878 -0.204298 -0.266699  -0.495056 0.198181 1 16 1.000000
0  1.360670 -1.844890 3.342370  0.749147 -0.085680 -0.656840  -0.540283 0.169617 1 16 1.000000
Leo2A
0  1.815990 -0.990090 3.999110  0.964384 -0.232435 -0.126242  -0.399231 0.236145 1 16 1.000000
0  1.897475 -0.682780 4.162380  0.385207 0.814971 0.432941  -0.321228 0.254395 1 16 1.000000
0  1.700635 -1.055400 4.093410  -0.259990 0.093676 0.961057  -0.399719 0.245422 1 16 1.000000
Leo2A
0  1.740615 -0.915320 3.928310  -0.199867 0.671626 -0.713423  -0.405151 0.214722 1 16 1.000000
0  1.897475 -0.682780 4.162380  0.385207 0.814971 0.432941  -0.321228 0.254395 1 16 1.000000
0  1.815990 -0.990090 3.999110  0.964384 -0.232435 -0.126242  -0.399231 0.236145 1 16 1.000000
Leo2A
0  1.693005 -1.319985 3.868800  0.954541 -0.115305 -0.274874  -0.477844 0.221863 1 16 1.000000
0  1.740615 -0.915320 3.928310  -0.199867 0.671626 -0.713423  -0.405151 0.214722 1 16 1.000000
0  1.815990 -0.990090 3.999110  0.964384 -0.232435 -0.126242  -0.399231 0.236145 1 16 1.000000
Leo2A
0  1.815990 -0.990090 3.999110  0.964384 -0.232435 -0.126242  -0.399231 0.236145 1 16 1.000000
0  1.599315 -1.284585 4.091580  -0.667012 0.738428 -0.099090  -0.470032 0.243469 1 16 1.000000
0  1.693005 -1.319985 3.868800  0.954541 -0.115305 -0.274874  -0.477844 0.221863 1 16 1.000000
Leo2A
0  1.693005 -1.319985 3.868800  0.954541 -0.115305 -0.274874  -0.477844 0.221863 1 16 1.000000
0  1.599315 -1.284585 4.091580  -0.667012 0.738428 -0.099090  -0.470032 0.243469 1 16 1.000000
0  1.664320 -1.552225 3.943570  0.928992 -0.173050 -0.327150  -0.497253 0.247559 1 16 1.000000
Leo2A
0  1.664320 -1.552225 3.943570  0.928992 -0.173050 -0.327150  -0.497253 0.247559 1 16 1.000000
0  1.599315 -1.284585 4.091580  -0.667012 0.738428 -0.099090  -0.470032 0.243469 1 16 1.000000
0  1.763805 -1.025185 4.300930  -0.189038 0.773191 -0.605344  -0.367676 0.309753 1 16 1.000000
Leo2A
0  1.763805 -1.025185 4.300930  -0.189038 0.773191 -0.605344  -0.367676 0.309753 1 16 1.000000
0  1.918530 -1.128335 4.373255  0.937071 -0.023265 -0.348364  -0.359497 0.331665 1 16 1.000000
0  1.664320 -1.552225 3.943570  0.928992 -0.173050 -0.327150  -0.497253 0.247559 1 16 1.000000
Leo2A
0  1.894420 -0.797830 4.571010  -0.224990 0.821908 -0.523303  -0.278931 0.372436 1 16 1.000000
0  1.918530 -1.128335 4.373255  0.937071 -0.023265 -0.348364  -0.359497 0.331665 1 16 1.000000
0  1.763805 -1.025185 4.300930  -0.189038 0.773191 -0.605344  -0.367676 0.309753 1 16 1.000000
Leo2A
0  1.918530 -1.128335 4.373255  0.937071 -0.023265 -0.348364  -0.359497 0.331665 1 16 1.000000
0  1.894420 -0.797830 4.571010  -0.224990 0.821908 -0.523303  -0.278931 0.372436 1 16 1.000000
0  2.054640 -0.795390 4.745570  0.992129 -0.115782 0.047682  -0.268189 0.393921 1 16 1.000000
Leo2A
0  1.894420 -0.797830 4.571010  -0.224990 0.821908 -0.523303  -0.278931 0.372436 1 16 1.000000
0  2.069285 -0.505775 5.001610  0.284797 0.712324 0.641472  -0.212830 0.429871 1 16 1.000000
0  2.054640 -0.795390 4.745570  0.992129 -0.115782 0.047682  -0.268189 0.393921 1 16 1.000000
Leo2A
0  2.054640 -0.795390 4.745570  0.992129 -0.115782 0.047682  -0.268189 0.393921 1 16 1.000000
0  2.069285 -0.505775 5.001610  0.284797 0.712324 0.641472  -0.212830 0.429871 1 16 1.000000
0  1.828200 -0.904030 4.789515  -0.525257 0.000897 0.850943  -0.290100 0.400024 1 16 1.000000
Leo2A
0  1.645095 -1.153055 4.713220  -0.642005 0.759707 -0.103323  -0.371460 0.374695 1 16 1.000000
0  2.054640 -0.795390 4.745570  0.992129 -0.115782 0.047682  -0.268189 0.393921 1 16 1.000000
0  1.828200 -0.904030 4.789515  -0.525257 0.000897 0.850943  -0.290100 0.400024 1 16 1.000000
Leo2A
0  1.730540 -1.379495 4.549340  0.944098 -0.278415 0.176534  -0.388489 0.358826 1 16 1.000000
0  2.054640 -0.795390 4.745570  0.992129 -0.115782 0.047682  -0.268189 0.393921 1 16 1.000000
0  1.645095 -1.153055 4.713220  -0.642005 0.759707 -0.103323  -0.371460 0.374695 1 16 1.000000
Leo2A
0  1.767165 -0.887550 5.082790  0.137291 0.870346 -0.472916  -0.328369 0.423462 1 16 1.000000
0  1.730540 -1.379495 4.549340  0.944098 -0.278415 0.176534  -0.388489 0.358826 1 16 1.000000
0  1.645095 -1.153055 4.713220  -0.642005 0.759707 -0.103323  -0.371460 0.374695 1 16 1.000000
Leo2A
0  1.874280 -1.037090 5.162135  0.982211 -0.112206 0.150573  -0.322144 0.451660 1 16 1.000000
0  1.730540 -1.379495 4.549340  0.944098 -0.278415 0.176534  -0.388489 0.358826 1 16 1.000000
0  1.767165 -0.887550 5.082790  0.137291 0.870346 -0.472916  -0.328369 0.423462 1 16 1.000000
Leo2A
0  1.730540 -1.379495 4.549340  0.944098 -0.278415 0.176534  -0.388489 0.358826 1 16 1.000000
0  1.874280 -1.037090 5.162135  0.982211 -0.112206 0.150573  -0.322144 0.451660 1 16 1.000000
0  1.779065 -1.385600 5.061425  0.962611 -0.163560 0.215935  -0.348022 0.444153 1 16 1.000000
Leo2A
0  1.779065 -1.385600 5.061425  0.962611 -0.163560 0.215935  -0.348022 0.444153 1 16 1.000000
0  1.874280 -1.037090 5.162135  0.982211 -0.112206 0.150573  -0.322144 0.451660 1 16 1.000000
0  1.483960 -1.196695 5.234460  -0.620142 0.783349 -0.042273  -0.343262 0.454895 1 16 1.000000
Leo2A
0  1.266370 -1.032510 5.802395  -0.294004 0.895616 -0.333817  -0.311157 0.568542 1 16 1.000000
0  1.779065 -1.385600 5.061425  0.962611 -0.163560 0.215935  -0.348022 0.444153 1 16 1.000000
0  1.483960 -1.196695 5.234460  -0.620142 0.783349 -0.042273  -0.343262 0.454895 1 16 1.000000
Leo2A
0  1.700635 -1.055400 4.093410  -0.259990 0.093676 0.961057  -0.399719 0.245422 1 16 1.000000
0  1.599315 -1.284585 4.091580  -0.667012 0.738428 -0.099090  -0.470032 0.243469 1 16 1.000000
0  1.815990 -0.990090 3.999110  0.964384 -0.232435 -0.126242  -0.399231 0.236145 1 16 1.000000
Leo2A
0  1.649670 -0.875345 5.564965  -0.738118 -0.298811 0.604892  -0.279663 0.513977 1 16 1.000000
0  1.880385 -0.818885 5.486535  0.981867 -0.101117 0.160350  -0.271301 0.505066 1 16 1.000000
0  1.782115 -0.583595 5.904935  0.025875 0.487040 0.872997  -0.227722 0.565125 1 16 1.000000
Leo2A
0  1.483960 -1.196695 5.234460  -0.620142 0.783349 -0.042273  -0.343262 0.454895 1 16 1.000000
0  1.880385 -0.818885 5.486535  0.981867 -0.101117 0.160350  -0.271301 0.505066 1 16 1.000000
0  1.649670 -0.875345 5.564965  -0.738118 -0.298811 0.604892  -0.279663 0.513977 1 16 1.000000
Leo2A
0  1.874280 -1.037090 5.162135  0.982211 -0.112206 0.150573  -0.322144 0.451660 1 16 1.000000
0  1.880385 -0.818885 5.486535  0.981867 -0.101117 0.160350  -0.271301 0.505066 1 16 1.000000
0  1.483960 -1.196695 5.234460  -0.620142 0.783349 -0.042273  -0.343262 0.454895 1 16 1.000000
Leo2A
0  1.880385 -0.818885 5.486535  0.981867 -0.101117 0.160350  -0.271301 0.505066 1 16 1.000000
0  1.874280 -1.037090 5.162135  0.982211 -0.112206 0.150573  -0.322144 0.451660 1 16 1.000000
0  1.787610 -0.724895 5.464260  -0.019309 0.930105 -0.366787  -0.267212 0.495605 1 16 1.000000
Leo2A
0  1.787610 -0.724895 5.464260  -0.019309 0.930105 -0.366787  -0.267212 0.495605 1 16 1.000000
0  1.874280 -1.037090 5.162135  0.982211 -0.112206 0.150573  -0.322144 0.451660 1 16 1.000000
0  1.767165 -0.887550 5.082790  0.137291 0.870346 -0.472916  -0.328369 0.423462 1 16 1.000000
Leo2A
0  1.782115 -0.583595 5.904935  0.025875 0.487040 0.872997  -0.227722 0.565125 1 16 1.000000
0  1.880385 -0.818885 5.486535  0.981867 -0.101117 0.160350  -0.271301 0.505066 1 16 1.000000
0  1.787610 -0.724895 5.464260  -0.019309 0.930105 -0.366787  -0.267212 0.495605 1 16 1.000000
Leo2A
0  -1.599320 -1.284590 4.091579  0.667014 0.738426 -0.099092  -0.470032 0.243469 1 17 1.000000
0  -1.664320 -1.552225 3.943569  -0.928992 -0.173058 -0.327147  -0.497253 0.247559 1 17 1.000000
0  -1.763810 -1.025190 4.300930  0.189033 0.773188 -0.605348  -0.367676 0.309753 1 17 1.000000
Leo2A
0  -1.360675 -1.844890 3.342370  -0.749148 -0.085682 -0.656838  -0.540283 0.169617 1 17 1.000000
0  -1.520890 -1.497905 3.635950  -0.941878 -0.204297 -0.266700  -0.495056 0.198181 1 17 1.000000
0  -1.645400 -1.128340 3.631369  -0.966325 -0.181194 -0.182714  -0.427368 0.171387 1 17 1.000000
Leo2A
0  -1.645400 -1.128340 3.631369  -0.966325 -0.181194 -0.182714  -0.427368 0.171387 1 17 1.000000
0  -1.520890 -1.497905 3.635950  -0.941878 -0.204297 -0.266700  -0.495056 0.198181 1 17 1.000000
0  -1.493730 -1.334635 3.690885  0.566726 0.759746 0.318761  -0.470032 0.197144 1 17 1.000000
Leo2A
0  -1.520890 -1.497905 3.635950  -0.941878 -0.204297 -0.266700  -0.495056 0.198181 1 17 1.000000
0  -1.693010 -1.319990 3.868799  -0.954540 -0.115312 -0.274874  -0.477844 0.221863 1 17 1.000000
0  -1.493730 -1.334635 3.690885  0.566726 0.759746 0.318761  -0.470032 0.197144 1 17 1.000000
Leo2A
0  -1.493730 -1.334635 3.690885  0.566726 0.759746 0.318761  -0.470032 0.197144 1 17 1.000000
0  -1.693010 -1.319990 3.868799  -0.954540 -0.115312 -0.274874  -0.477844 0.221863 1 17 1.000000
0  -1.740615 -0.915325 3.928309  0.199887 0.671625 -0.713418  -0.405151 0.214722 1 17 1.000000
Leo2A
0  -1.740615 -0.915325 3.928309  0.199887 0.671625 -0.713418  -0.405151 0.214722 1 17 1.000000
0  -1.693010 -1.319990 3.868799  -0.954540 -0.115312 -0.274874  -0.477844 0.221863 1 17 1.000000
0  -1.815995 -0.990095 3.999109  -0.964385 -0.232429 -0.126247  -0.399231 0.236145 1 17 1.000000
Leo2A
0  -1.897480 -0.682780 4.162379  -0.385210 0.814970 0.432940  -0.321228 0.254395 1 17 1.000000
0  -1.740615 -0.915325 3.928309  0.199887 0.671625 -0.713418  -0.405151 0.214722 1 17 1.000000
0  -1.815995 -0.990095 3.999109  -0.964385 -0.232429 -0.126247  -0.399231 0.236145 1 17 1.000000
Leo2A
0  -1.815995 -0.990095 3.999109  -0.964385 -0.232429 -0.126247  -0.399231 0.236145 1 17 1.000000
0  -1.700640 -1.055400 4.093410  0.259997 0.093670 0.961055  -0.399719 0.245422 1 17 1.000000
0  -1.897480 -0.682780 4.162379  -0.385210 0.814970 0.432940  -0.321228 0.254395 1 17 1.000000
Leo2A
0  -1.599320 -1.284590 4.091579  0.667014 0.738426 -0.099092  -0.470032 0.243469 1 17 1.000000
0  -1.700640 -1.055400 4.093410  0.259997 0.093670 0.961055  -0.399719 0.245422 1 17 1.000000
0  -1.815995 -0.990095 3.999109  -0.964385 -0.232429 -0.126247  -0.399231 0.236145 1 17 1.000000
Leo2A
0  -1.815995 -0.990095 3.999109  -0.964385 -0.232429 -0.126247  -0.399231 0.236145 1 17 1.000000
0  -1.693010 -1.319990 3.868799  -0.954540 -0.115312 -0.274874  -0.477844 0.221863 1 17 1.000000
0  -1.599320 -1.284590 4.091579  0.667014 0.738426 -0.099092  -0.470032 0.243469 1 17 1.000000
Leo2A
0  -1.693010 -1.319990 3.868799  -0.954540 -0.115312 -0.274874  -0.477844 0.221863 1 17 1.000000
0  -1.664320 -1.552225 3.943569  -0.928992 -0.173058 -0.327147  -0.497253 0.247559 1 17 1.000000
0  -1.599320 -1.284590 4.091579  0.667014 0.738426 -0.099092  -0.470032 0.243469 1 17 1.000000
Leo2A
0  -1.520890 -1.497905 3.635950  -0.941878 -0.204297 -0.266700  -0.495056 0.198181 1 17 1.000000
0  -1.664320 -1.552225 3.943569  -0.928992 -0.173058 -0.327147  -0.497253 0.247559 1 17 1.000000
0  -1.693010 -1.319990 3.868799  -0.954540 -0.115312 -0.274874  -0.477844 0.221863 1 17 1.000000
Leo2A
0  -1.632280 -1.073100 3.699729  0.032295 -0.075972 0.996587  -0.419373 0.187195 1 17 1.000000
0  -1.645400 -1.128340 3.631369  -0.966325 -0.181194 -0.182714  -0.427368 0.171387 1 17 1.000000
0  -1.493730 -1.334635 3.690885  0.566726 0.759746 0.318761  -0.470032 0.197144 1 17 1.000000
Leo2A
0  -1.632280 -1.073100 3.699729  0.032295 -0.075972 0.996587  -0.419373 0.187195 1 17 1.000000
0  -1.691180 -0.886335 3.717734  -0.306034 0.897112 0.318641  -0.371094 0.166138 1 17 1.000000
0  -1.645400 -1.128340 3.631369  -0.966325 -0.181194 -0.182714  -0.427368 0.171387 1 17 1.000000
Leo2A
0  -1.691180 -0.886335 3.717734  -0.306034 0.897112 0.318641  -0.371094 0.166138 1 17 1.000000
0  -1.508070 -1.214090 3.495265  0.226674 0.540218 -0.810422  -0.470459 0.147278 1 17 1.000000
0  -1.645400 -1.128340 3.631369  -0.966325 -0.181194 -0.182714  -0.427368 0.171387 1 17 1.000000
Leo2A
0  -1.645400 -1.128340 3.631369  -0.966325 -0.181194 -0.182714  -0.427368 0.171387 1 17 1.000000
0  -1.508070 -1.214090 3.495265  0.226674 0.540218 -0.810422  -0.470459 0.147278 1 17 1.000000
0  -1.218765 -1.691080 3.284390  0.513625 0.491571 -0.703240  -0.547241 0.142212 1 17 1.000000
Leo2A
0  -1.218765 -1.691080 3.284390  0.513625 0.491571 -0.703240  -0.547241 0.142212 1 17 1.000000
0  -1.360675 -1.844890 3.342370  -0.749148 -0.085682 -0.656838  -0.540283 0.169617 1 17 1.000000
0  -1.645400 -1.128340 3.631369  -0.966325 -0.181194 -0.182714  -0.427368 0.171387 1 17 1.000000
Leo2A
0  -0.999755 -2.225955 3.156740  0.333666 0.509225 -0.793320  -0.605957 0.138367 3 17 0.500000 14 0.450000 15 0.050000
0  -1.360675 -1.844890 3.342370  -0.749148 -0.085682 -0.656838  -0.540283 0.169617 1 17 1.000000
0  -1.218765 -1.691080 3.284390  0.513625 0.491571 -0.703240  -0.547241 0.142212 1 17 1.000000
Leo2A
0  -0.999755 -2.225955 3.156740  0.333666 0.509225 -0.793320  -0.605957 0.138367 3 17 0.500000 14 0.450000 15 0.050000
0  -1.035460 -2.435000 3.208310  -0.716754 -0.117754 -0.687312  -0.606628 0.168579 2 17 0.526316 14 0.473684
0  -1.360675 -1.844890 3.342370  -0.749148 -0.085682 -0.656838  -0.540283 0.169617 1 17 1.000000
Leo2A
0  -1.035460 -2.435000 3.208310  -0.716754 -0.117754 -0.687312  -0.606628 0.168579 2 17 0.526316 14 0.473684
0  -1.239930 -2.619325 3.522340  -0.851146 -0.093859 -0.516470  -0.613220 0.209412 2 14 0.888889 17 0.111111
0  -1.360675 -1.844890 3.342370  -0.749148 -0.085682 -0.656838  -0.540283 0.169617 1 17 1.000000
Leo2A
0  -1.360675 -1.844890 3.342370  -0.749148 -0.085682 -0.656838  -0.540283 0.169617 1 17 1.000000
0  -1.239930 -2.619325 3.522340  -0.851146 -0.093859 -0.516470  -0.613220 0.209412 2 14 0.888889 17 0.111111
0  -1.520890 -1.497905 3.635950  -0.941878 -0.204297 -0.266700  -0.495056 0.198181 1 17 1.000000
Leo2A
0  -1.239930 -2.619325 3.522340  -0.851146 -0.093859 -0.516470  -0.613220 0.209412 2 14 0.888889 17 0.111111
0  -1.463010 -2.280885 3.948975  -0.878043 -0.457133 -0.141666  -0.537170 0.250915 2 17 0.900000 14 0.100000
0  -1.520890 -1.497905 3.635950  -0.941878 -0.204297 -0.266700  -0.495056 0.198181 1 17 1.000000
Leo2A
0  -1.463010 -2.280885 3.948975  -0.878043 -0.457133 -0.141666  -0.537170 0.250915 2 17 0.900000 14 0.100000
0  -1.664320 -1.552225 3.943569  -0.928992 -0.173058 -0.327147  -0.497253 0.247559 1 17 1.000000
0  -1.520890 -1.497905 3.635950  -0.941878 -0.204297 -0.266700  -0.495056 0.198181 1 17 1.000000
Leo2A
0  -1.533510 -2.206420 4.233705  -0.924631 -0.343732 -0.164031  -0.512817 0.288513 2 17 0.900000 14 0.100000
0  -1.664320 -1.552225 3.943569  -0.928992 -0.173058 -0.327147  -0.497253 0.247559 1 17 1.000000
0  -1.463010 -2.280885 3.948975  -0.878043 -0.457133 -0.141666  -0.537170 0.250915 2 17 0.900000 14 0.100000
Leo2A
0  -1.918535 -1.128340 4.373254  -0.937072 -0.023268 -0.348360  -0.359497 0.331665 1 17 1.000000
0  -1.664320 -1.552225 3.943569  -0.928992 -0.173058 -0.327147  -0.497253 0.247559 1 17 1.000000
0  -1.533510 -2.206420 4.233705  -0.924631 -0.343732 -0.164031  -0.512817 0.288513 2 17 0.900000 14 0.100000
Leo2A
0  -1.664320 -1.552225 3.943569  -0.928992 -0.173058 -0.327147  -0.497253 0.247559 1 17 1.000000
0  -1.918535 -1.128340 4.373254  -0.937072 -0.023268 -0.348360  -0.359497 0.331665 1 17 1.000000
0  -1.763810 -1.025190 4.300930  0.189033 0.773188 -0.605348  -0.367676 0.309753 1 17 1.000000
Leo2A
0  -1.763810 -1.025190 4.300930  0.189033 0.773188 -0.605348  -0.367676 0.309753 1 17 1.000000
0  -1.918535 -1.128340 4.373254  -0.937072 -0.023268 -0.348360  -0.359497 0.331665 1 17 1.000000
0  -1.894425 -0.797830 4.571009  0.225028 0.821905 -0.523291  -0.278931 0.372436 1 17 1.000000
Leo2A
0  -1.426390 -2.714675 4.151715  -0.916353 -0.209688 0.341070  -0.579529 0.304749 1 14 1.000000
0  -1.378480 -2.488100 4.226380  -0.937798 -0.337343 0.082060  -0.547913 0.301147 2 14 0.900000 17 0.100000
0  -1.449890 -2.515870 4.123840  -0.986594 0.044933 0.156886  -0.560242 0.291016 2 14 0.900000 17 0.100000
Leo2A
0  -1.449890 -2.515870 4.123840  -0.986594 0.044933 0.156886  -0.560242 0.291016 2 14 0.900000 17 0.100000
0  -1.378480 -2.488100 4.226380  -0.937798 -0.337343 0.082060  -0.547913 0.301147 2 14 0.900000 17 0.100000
0  -1.412965 -2.377015 4.155580  -0.955791 -0.260076 -0.137199  -0.538025 0.282654 2 14 0.900000 17 0.100000
Leo2A
0  -1.378480 -2.488100 4.226380  -0.937798 -0.337343 0.082060  -0.547913 0.301147 2 14 0.900000 17 0.100000
0  -1.474000 -2.415160 4.346925  -0.895282 -0.372153 -0.244892  -0.531250 0.314026 2 17 0.900000 14 0.100000
0  -1.412965 -2.377015 4.155580  -0.955791 -0.260076 -0.137199  -0.538025 0.282654 2 14 0.900000 17 0.100000
Leo2A
0  -1.412965 -2.377015 4.155580  -0.955791 -0.260076 -0.137199  -0.538025 0.282654 2 14 0.900000 17 0.100000
0  -1.474000 -2.415160 4.346925  -0.895282 -0.372153 -0.244892  -0.531250 0.314026 2 17 0.900000 14 0.100000
0  -1.533510 -2.206420 4.233705  -0.924631 -0.343732 -0.164031  -0.512817 0.288513 2 17 0.900000 14 0.100000
Leo2A
0  -1.412965 -2.377015 4.155580  -0.955791 -0.260076 -0.137199  -0.538025 0.282654 2 14 0.900000 17 0.100000
0  -1.533510 -2.206420 4.233705  -0.924631 -0.343732 -0.164031  -0.512817 0.288513 2 17 0.900000 14 0.100000
0  -1.377260 -2.368165 3.943175  -0.944074 -0.321858 -0.071636  -0.547852 0.261047 2 14 0.900000 17 0.100000
Leo2A
0  -1.377260 -2.368165 3.943175  -0.944074 -0.321858 -0.071636  -0.547852 0.261047 2 14 0.900000 17 0.100000
0  -1.533510 -2.206420 4.233705  -0.924631 -0.343732 -0.164031  -0.512817 0.288513 2 17 0.900000 14 0.100000
0  -1.463010 -2.280885 3.948975  -0.878043 -0.457133 -0.141666  -0.537170 0.250915 2 17 0.900000 14 0.100000
Leo2A
0  -1.463010 -2.280885 3.948975  -0.878043 -0.457133 -0.141666  -0.537170 0.250915 2 17 0.900000 14 0.100000
0  -1.239930 -2.619325 3.522340  -0.851146 -0.093859 -0.516470  -0.613220 0.209412 2 14 0.888889 17 0.111111
0  -1.377260 -2.368165 3.943175  -0.944074 -0.321858 -0.071636  -0.547852 0.261047 2 14 0.900000 17 0.100000
Leo2A
0  -1.239930 -2.619325 3.522340  -0.851146 -0.093859 -0.516470  -0.613220 0.209412 2 14 0.888889 17 0.111111
0  -1.304320 -2.716065 3.606870  -0.937520 -0.125771 -0.324403  -0.613586 0.234558 2 14 0.900000 17 0.100000
0  -1.377260 -2.368165 3.943175  -0.944074 -0.321858 -0.071636  -0.547852 0.261047 2 14 0.900000 17 0.100000
Leo2A
0  -1.239930 -2.619325 3.522340  -0.851146 -0.093859 -0.516470  -0.613220 0.209412 2 14 0.888889 17 0.111111
0  -1.261289 -2.907715 3.568420  -0.834708 -0.279806 -0.474312  -0.635620 0.236267 2 14 0.900000 17 0.100000
0  -1.304320 -2.716065 3.606870  -0.937520 -0.125771 -0.324403  -0.613586 0.234558 2 14 0.900000 17 0.100000
Leo2A
0  -1.304320 -2.716065 3.606870  -0.937520 -0.125771 -0.324403  -0.613586 0.234558 2 14 0.900000 17 0.100000
0  -1.261289 -2.907715 3.568420  -0.834708 -0.279806 -0.474312  -0.635620 0.236267 2 14 0.900000 17 0.100000
0  -1.260375 -2.794800 3.652040  -0.988840 -0.136565 -0.059550  -0.615906 0.244812 2 14 0.900000 17 0.100000
Leo2A
0  -1.304320 -2.716065 3.606870  -0.937520 -0.125771 -0.324403  -0.613586 0.234558 2 14 0.900000 17 0.100000
0  -1.260375 -2.794800 3.652040  -0.988840 -0.136565 -0.059550  -0.615906 0.244812 2 14 0.900000 17 0.100000
0  -1.416320 -2.527465 3.911130  -0.953545 0.044843 -0.297893  -0.573303 0.272644 2 14 0.900000 17 0.100000
Leo2A
0  -1.377260 -2.368165 3.943175  -0.944074 -0.321858 -0.071636  -0.547852 0.261047 2 14 0.900000 17 0.100000
0  -1.304320 -2.716065 3.606870  -0.937520 -0.125771 -0.324403  -0.613586 0.234558 2 14 0.900000 17 0.100000
0  -1.416320 -2.527465 3.911130  -0.953545 0.044843 -0.297893  -0.573303 0.272644 2 14 0.900000 17 0.100000
Leo2A
0  -1.416320 -2.527465 3.911130  -0.953545 0.044843 -0.297893  -0.573303 0.272644 2 14 0.900000 17 0.100000
0  -1.412965 -2.377015 4.155580  -0.955791 -0.260076 -0.137199  -0.538025 0.282654 2 14 0.900000 17 0.100000
0  -1.377260 -2.368165 3.943175  -0.944074 -0.321858 -0.071636  -0.547852 0.261047 2 14 0.900000 17 0.100000
Leo2A
0  -1.449890 -2.515870 4.123840  -0.986594 0.044933 0.156886  -0.560242 0.291016 2 14 0.900000 17 0.100000
0  -1.412965 -2.377015 4.155580  -0.955791 -0.260076 -0.137199  -0.538025 0.282654 2 14 0.900000 17 0.100000
0  -1.416320 -2.527465 3.911130  -0.953545 0.044843 -0.297893  -0.573303 0.272644 2 14 0.900000 17 0.100000
Leo2A
0  -1.374510 -2.731460 3.989665  -0.942130 -0.234902 -0.239189  -0.602539 0.284363 1 14 1.000000
0  -1.449890 -2.515870 4.123840  -0.986594 0.044933 0.156886  -0.560242 0.291016 2 14 0.900000 17 0.100000
0  -1.416320 -2.527465 3.911130  -0.953545 0.044843 -0.297893  -0.573303 0.272644 2 14 0.900000 17 0.100000
Leo2A
0  -1.295470 -2.761535 3.737485  -0.945864 -0.087182 -0.312634  -0.607666 0.258118 2 14 0.900000 17 0.100000
0  -1.374510 -2.731460 3.989665  -0.942130 -0.234902 -0.239189  -0.602539 0.284363 1 14 1.000000
0  -1.416320 -2.527465 3.911130  -0.953545 0.044843 -0.297893  -0.573303 0.272644 2 14 0.900000 17 0.100000
Leo2A
0  -1.416320 -2.527465 3.911130  -0.953545 0.044843 -0.297893  -0.573303 0.272644 2 14 0.900000 17 0.100000
0  -1.260375 -2.794800 3.652040  -0.988840 -0.136565 -0.059550  -0.615906 0.244812 2 14 0.900000 17 0.100000
0  -1.295470 -2.761535 3.737485  -0.945864 -0.087182 -0.312634  -0.607666 0.258118 2 14 0.900000 17 0.100000
Leo2A
0  -1.260375 -2.794800 3.652040  -0.988840 -0.136565 -0.059550  -0.615906 0.244812 2 14 0.900000 17 0.100000
0  -1.298524 -2.896425 3.692320  -0.948503 -0.220346 -0.227575  -0.624146 0.261169 2 14 0.900000 17 0.100000
0  -1.295470 -2.761535 3.737485  -0.945864 -0.087182 -0.312634  -0.607666 0.258118 2 14 0.900000 17 0.100000
Leo2A
0  -1.261289 -2.907715 3.568420  -0.834708 -0.279806 -0.474312  -0.635620 0.236267 2 14 0.900000 17 0.100000
0  -1.298524 -2.896425 3.692320  -0.948503 -0.220346 -0.227575  -0.624146 0.261169 2 14 0.900000 17 0.100000
0  -1.260375 -2.794800 3.652040  -0.988840 -0.136565 -0.059550  -0.615906 0.244812 2 14 0.900000 17 0.100000
Leo2A
0  -1.091920 -3.090820 3.474425  -0.891955 -0.292263 -0.344962  -0.671570 0.225952 2 14 0.900000 15 0.100000
0  -1.298524 -2.896425 3.692320  -0.948503 -0.220346 -0.227575  -0.624146 0.261169 2 14 0.900000 17 0.100000
0  -1.261289 -2.907715 3.568420  -0.834708 -0.279806 -0.474312  -0.635620 0.236267 2 14 0.900000 17 0.100000
Leo2A
0  -1.091920 -3.090820 3.474425  -0.891955 -0.292263 -0.344962  -0.671570 0.225952 2 14 0.900000 15 0.100000
0  -1.261289 -2.907715 3.568420  -0.834708 -0.279806 -0.474312  -0.635620 0.236267 2 14 0.900000 17 0.100000
0  -1.239930 -2.619325 3.522340  -0.851146 -0.093859 -0.516470  -0.613220 0.209412 2 14 0.888889 17 0.111111
Leo2A
0  -1.239930 -2.619325 3.522340  -0.851146 -0.093859 -0.516470  -0.613220 0.209412 2 14 0.888889 17 0.111111
0  -1.013795 -3.137210 3.260805  -0.826861 -0.188323 -0.529939  -0.727539 0.187134 2 15 0.900000 14 0.100000
0  -1.091920 -3.090820 3.474425  -0.891955 -0.292263 -0.344962  -0.671570 0.225952 2 14 0.900000 15 0.100000
Leo2A
0  -1.035460 -2.435000 3.208310  -0.716754 -0.117754 -0.687312  -0.606628 0.168579 2 17 0.526316 14 0.473684
0  -1.013795 -3.137210 3.260805  -0.826861 -0.188323 -0.529939  -0.727539 0.187134 2 15 0.900000 14 0.100000
0  -1.239930 -2.619325 3.522340  -0.851146 -0.093859 -0.516470  -0.613220 0.209412 2 14 0.888889 17 0.111111
Leo2A
0  -0.896300 -3.107190 3.124770  -0.668989 -0.147469 -0.728496  -0.732605 0.173279 1 15 1.000000
0  -1.013795 -3.137210 3.260805  -0.826861 -0.188323 -0.529939  -0.727539 0.187134 2 15 0.900000 14 0.100000
0  -1.035460 -2.435000 3.208310  -0.716754 -0.117754 -0.687312  -0.606628 0.168579 2 17 0.526316 14 0.473684
Leo2A
0  -1.035460 -2.435000 3.208310  -0.716754 -0.117754 -0.687312  -0.606628 0.168579 2 17 0.526316 14 0.473684
0  -0.999755 -2.225955 3.156740  0.333666 0.509225 -0.793320  -0.605957 0.138367 3 17 0.500000 14 0.450000 15 0.050000
0  -0.896300 -3.107190 3.124770  -0.668989 -0.147469 -0.728496  -0.732605 0.173279 1 15 1.000000
Leo2A
0  -0.896300 -3.107190 3.124770  -0.668989 -0.147469 -0.728496  -0.732605 0.173279 1 15 1.000000
0  -0.999755 -2.225955 3.156740  0.333666 0.509225 -0.793320  -0.605957 0.138367 3 17 0.500000 14 0.450000 15 0.050000
0  -0.778810 -2.975660 3.019485  -0.569336 -0.081343 -0.818071  -0.737305 0.156372 1 15 1.000000
Leo2A
0  -0.778810 -2.975660 3.019485  -0.569336 -0.081343 -0.818071  -0.737305 0.156372 1 15 1.000000
0  -0.724179 -3.515515 3.085095  -0.617990 -0.245976 -0.746715  -0.802979 0.178589 1 15 1.000000
0  -0.896300 -3.107190 3.124770  -0.668989 -0.147469 -0.728496  -0.732605 0.173279 1 15 1.000000
Leo2A
0  -0.618894 -3.411145 2.976760  -0.510920 -0.202752 -0.835376  -0.800659 0.158081 1 15 1.000000
0  -0.724179 -3.515515 3.085095  -0.617990 -0.245976 -0.746715  -0.802979 0.178589 1 15 1.000000
0  -0.778810 -2.975660 3.019485  -0.569336 -0.081343 -0.818071  -0.737305 0.156372 1 15 1.000000
Leo2A
0  -0.724179 -3.515515 3.085095  -0.617990 -0.245976 -0.746715  -0.802979 0.178589 1 15 1.000000
0  -0.618894 -3.411145 2.976760  -0.510920 -0.202752 -0.835376  -0.800659 0.158081 1 15 1.000000
0  -0.464784 -3.704115 2.993850  -0.465334 -0.309855 -0.829128  -0.854614 0.174927 1 15 1.000000
Leo2A
0  -0.464784 -3.704115 2.993850  -0.465334 -0.309855 -0.829128  -0.854614 0.174927 1 15 1.000000
0  -0.618894 -3.411145 2.976760  -0.510920 -0.202752 -0.835376  -0.800659 0.158081 1 15 1.000000
0  -0.415649 -3.659865 2.951125  -0.455427 -0.285224 -0.843347  -0.854370 0.168884 1 15 1.000000
Leo2A
0  -0.415649 -3.659865 2.951125  -0.455427 -0.285224 -0.843347  -0.854370 0.168884 1 15 1.000000
0  -0.347594 -3.782240 2.962110  -0.335431 -0.326545 -0.883660  -0.876770 0.173340 1 15 1.000000
0  -0.464784 -3.704115 2.993850  -0.465334 -0.309855 -0.829128  -0.854614 0.174927 1 15 1.000000
Leo2A
0  -0.347594 -3.782240 2.962110  -0.335431 -0.326545 -0.883660  -0.876770 0.173340 1 15 1.000000
0  -0.596924 -3.852235 3.124390  -0.617965 -0.358232 -0.699850  -0.849609 0.201050 2 15 0.800000 14 0.200000
0  -0.464784 -3.704115 2.993850  -0.465334 -0.309855 -0.829128  -0.854614 0.174927 1 15 1.000000
Leo2A
0  -1.298524 -2.896425 3.692320  -0.948503 -0.220346 -0.227575  -0.624146 0.261169 2 14 0.900000 17 0.100000
0  -1.374510 -2.731460 3.989665  -0.942130 -0.234902 -0.239189  -0.602539 0.284363 1 14 1.000000
0  -1.295470 -2.761535 3.737485  -0.945864 -0.087182 -0.312634  -0.607666 0.258118 2 14 0.900000 17 0.100000
Leo2A
0  -1.228335 -3.033145 3.752135  -0.891376 -0.381511 -0.244743  -0.639526 0.267517 2 14 0.900000 17 0.100000
0  -1.374510 -2.731460 3.989665  -0.942130 -0.234902 -0.239189  -0.602539 0.284363 1 14 1.000000
0  -1.298524 -2.896425 3.692320  -0.948503 -0.220346 -0.227575  -0.624146 0.261169 2 14 0.900000 17 0.100000
Leo2A
0  -1.228335 -3.033145 3.752135  -0.891376 -0.381511 -0.244743  -0.639526 0.267517 2 14 0.900000 17 0.100000
0  -1.298524 -2.896425 3.692320  -0.948503 -0.220346 -0.227575  -0.624146 0.261169 2 14 0.900000 17 0.100000
0  -1.091920 -3.090820 3.474425  -0.891955 -0.292263 -0.344962  -0.671570 0.225952 2 14 0.900000 15 0.100000
Leo2A
0  -1.087645 -3.433365 3.744915  -0.786010 -0.604429 0.129820  -0.721375 0.237244 1 14 1.000000
0  -1.228335 -3.033145 3.752135  -0.891376 -0.381511 -0.244743  -0.639526 0.267517 2 14 0.900000 17 0.100000
0  -1.091920 -3.090820 3.474425  -0.891955 -0.292263 -0.344962  -0.671570 0.225952 2 14 0.900000 15 0.100000
Leo2A
0  -1.013795 -3.137210 3.260805  -0.826861 -0.188323 -0.529939  -0.727539 0.187134 2 15 0.900000 14 0.100000
0  -1.087645 -3.433365 3.744915  -0.786010 -0.604429 0.129820  -0.721375 0.237244 1 14 1.000000
0  -1.091920 -3.090820 3.474425  -0.891955 -0.292263 -0.344962  -0.671570 0.225952 2 14 0.900000 15 0.100000
Leo2A
0  -1.052245 -3.454895 3.439635  -0.896491 -0.360102 -0.258129  -0.790894 0.201050 2 14 0.900000 15 0.100000
0  -1.087645 -3.433365 3.744915  -0.786010 -0.604429 0.129820  -0.721375 0.237244 1 14 1.000000
0  -1.013795 -3.137210 3.260805  -0.826861 -0.188323 -0.529939  -0.727539 0.187134 2 15 0.900000 14 0.100000
Leo2A
0  -1.052245 -3.454895 3.439635  -0.896491 -0.360102 -0.258129  -0.790894 0.201050 2 14 0.900000 15 0.100000
0  -1.013795 -3.137210 3.260805  -0.826861 -0.188323 -0.529939  -0.727539 0.187134 2 15 0.900000 14 0.100000
0  -0.896300 -3.107190 3.124770  -0.668989 -0.147469 -0.728496  -0.732605 0.173279 1 15 1.000000
Leo2A
0  -0.724179 -3.515515 3.085095  -0.617990 -0.245976 -0.746715  -0.802979 0.178589 1 15 1.000000
0  -1.052245 -3.454895 3.439635  -0.896491 -0.360102 -0.258129  -0.790894 0.201050 2 14 0.900000 15 0.100000
0  -0.896300 -3.107190 3.124770  -0.668989 -0.147469 -0.728496  -0.732605 0.173279 1 15 1.000000
Leo2A
0  -0.464784 -3.704115 2.993850  -0.465334 -0.309855 -0.829128  -0.854614 0.174927 1 15 1.000000
0  -0.596924 -3.852235 3.124390  -0.617965 -0.358232 -0.699850  -0.849609 0.201050 2 15 0.800000 14 0.200000
0  -0.724179 -3.515515 3.085095  -0.617990 -0.245976 -0.746715  -0.802979 0.178589 1 15 1.000000
Leo2A
0  -0.596924 -3.852235 3.124390  -0.617965 -0.358232 -0.699850  -0.849609 0.201050 2 15 0.800000 14 0.200000
0  -0.861814 -3.643190 3.256835  -0.769580 -0.417630 -0.483044  -0.827454 0.200745 2 14 0.500000 15 0.500000
0  -0.724179 -3.515515 3.085095  -0.617990 -0.245976 -0.746715  -0.802979 0.178589 1 15 1.000000
Leo2A
0  -0.861814 -3.643190 3.256835  -0.769580 -0.417630 -0.483044  -0.827454 0.200745 2 14 0.500000 15 0.500000
0  -1.052245 -3.454895 3.439635  -0.896491 -0.360102 -0.258129  -0.790894 0.201050 2 14 0.900000 15 0.100000
0  -0.724179 -3.515515 3.085095  -0.617990 -0.245976 -0.746715  -0.802979 0.178589 1 15 1.000000
Leo2A
0  -1.052245 -3.454895 3.439635  -0.896491 -0.360102 -0.258129  -0.790894 0.201050 2 14 0.900000 15 0.100000
0  -0.861814 -3.643190 3.256835  -0.769580 -0.417630 -0.483044  -0.827454 0.200745 2 14 0.500000 15 0.500000
0  -0.974424 -3.527525 3.437805  -0.801427 -0.592281 -0.083174  -0.808106 0.217163 2 14 0.900000 15 0.100000
Leo2A
0  -1.052245 -3.454895 3.439635  -0.896491 -0.360102 -0.258129  -0.790894 0.201050 2 14 0.900000 15 0.100000
0  -0.974424 -3.527525 3.437805  -0.801427 -0.592281 -0.083174  -0.808106 0.217163 2 14 0.900000 15 0.100000
0  -1.087645 -3.433365 3.744915  -0.786010 -0.604429 0.129820  -0.721375 0.237244 1 14 1.000000
Leo2A
0  -1.087645 -3.433365 3.744915  -0.786010 -0.604429 0.129820  -0.721375 0.237244 1 14 1.000000
0  -0.974424 -3.527525 3.437805  -0.801427 -0.592281 -0.083174  -0.808106 0.217163 2 14 0.900000 15 0.100000
0  -0.997619 -3.502945 3.737590  -0.900401 -0.412440 -0.138459  -0.726013 0.251587 1 14 1.000000
Leo2A
0  -0.997619 -3.502945 3.737590  -0.900401 -0.412440 -0.138459  -0.726013 0.251587 1 14 1.000000
0  -1.250610 -3.151380 3.964030  -0.847328 -0.524203 0.085126  -0.655456 0.292480 1 14 1.000000
0  -1.087645 -3.433365 3.744915  -0.786010 -0.604429 0.129820  -0.721375 0.237244 1 14 1.000000
Leo2A
0  -1.188354 -3.185865 4.001875  -0.874511 -0.484901 -0.010080  -0.671448 0.311523 1 14 1.000000
0  -1.250610 -3.151380 3.964030  -0.847328 -0.524203 0.085126  -0.655456 0.292480 1 14 1.000000
0  -0.997619 -3.502945 3.737590  -0.900401 -0.412440 -0.138459  -0.726013 0.251587 1 14 1.000000
Leo2A
0  -1.188354 -3.185865 4.001875  -0.874511 -0.484901 -0.010080  -0.671448 0.311523 1 14 1.000000
0  -1.370239 -2.923110 4.134625  -0.874032 -0.372052 0.312482  -0.601196 0.304932 1 14 1.000000
0  -1.250610 -3.151380 3.964030  -0.847328 -0.524203 0.085126  -0.655456 0.292480 1 14 1.000000
Leo2A
0  -1.188354 -3.185865 4.001875  -0.874511 -0.484901 -0.010080  -0.671448 0.311523 1 14 1.000000
0  -1.292114 -2.972545 4.173990  -0.856806 -0.371083 0.358023  -0.612305 0.325440 1 14 1.000000
0  -1.370239 -2.923110 4.134625  -0.874032 -0.372052 0.312482  -0.601196 0.304932 1 14 1.000000
Leo2A
0  -1.292114 -2.972545 4.173990  -0.856806 -0.371083 0.358023  -0.612305 0.325440 1 14 1.000000
0  -1.426390 -2.714675 4.151715  -0.916353 -0.209688 0.341070  -0.579529 0.304749 1 14 1.000000
0  -1.370239 -2.923110 4.134625  -0.874032 -0.372052 0.312482  -0.601196 0.304932 1 14 1.000000
Leo2A
0  -1.292114 -2.972545 4.173990  -0.856806 -0.371083 0.358023  -0.612305 0.325440 1 14 1.000000
0  -1.245725 -2.644790 4.279280  -0.069621 -0.988026 0.137686  -0.576477 0.313721 1 14 1.000000
0  -1.426390 -2.714675 4.151715  -0.916353 -0.209688 0.341070  -0.579529 0.304749 1 14 1.000000
Leo2A
0  -1.426390 -2.714675 4.151715  -0.916353 -0.209688 0.341070  -0.579529 0.304749 1 14 1.000000
0  -1.245725 -2.644790 4.279280  -0.069621 -0.988026 0.137686  -0.576477 0.313721 1 14 1.000000
0  -1.378480 -2.488100 4.226380  -0.937798 -0.337343 0.082060  -0.547913 0.301147 2 14 0.900000 17 0.100000
Leo2A
0  -1.412660 -2.583755 4.354350  -0.595064 -0.793071 0.130143  -0.560059 0.323853 1 14 1.000000
0  -1.378480 -2.488100 4.226380  -0.937798 -0.337343 0.082060  -0.547913 0.301147 2 14 0.900000 17 0.100000
0  -1.245725 -2.644790 4.279280  -0.069621 -0.988026 0.137686  -0.576477 0.313721 1 14 1.000000
Leo2A
0  -1.474000 -2.415160 4.346925  -0.895282 -0.372153 -0.244892  -0.531250 0.314026 2 17 0.900000 14 0.100000
0  -1.378480 -2.488100 4.226380  -0.937798 -0.337343 0.082060  -0.547913 0.301147 2 14 0.900000 17 0.100000
0  -1.412660 -2.583755 4.354350  -0.595064 -0.793071 0.130143  -0.560059 0.323853 1 14 1.000000
Leo2A
0  -1.619565 -2.151185 4.696960  -0.783347 -0.561725 0.266142  -0.455811 0.409424 2 17 0.900000 14 0.100000
0  -1.474000 -2.415160 4.346925  -0.895282 -0.372153 -0.244892  -0.531250 0.314026 2 17 0.900000 14 0.100000
0  -1.412660 -2.583755 4.354350  -0.595064 -0.793071 0.130143  -0.560059 0.323853 1 14 1.000000
Leo2A
0  -1.533510 -2.206420 4.233705  -0.924631 -0.343732 -0.164031  -0.512817 0.288513 2 17 0.900000 14 0.100000
0  -1.474000 -2.415160 4.346925  -0.895282 -0.372153 -0.244892  -0.531250 0.314026 2 17 0.900000 14 0.100000
0  -1.619565 -2.151185 4.696960  -0.783347 -0.561725 0.266142  -0.455811 0.409424 2 17 0.900000 14 0.100000
Leo2A
0  -1.730545 -1.379500 4.549339  -0.944098 -0.278415 0.176533  -0.388489 0.358826 1 17 1.000000
0  -1.533510 -2.206420 4.233705  -0.924631 -0.343732 -0.164031  -0.512817 0.288513 2 17 0.900000 14 0.100000
0  -1.619565 -2.151185 4.696960  -0.783347 -0.561725 0.266142  -0.455811 0.409424 2 17 0.900000 14 0.100000
Leo2A
0  -1.426390 -2.714675 4.151715  -0.916353 -0.209688 0.341070  -0.579529 0.304749 1 14 1.000000
0  -1.449890 -2.515870 4.123840  -0.986594 0.044933 0.156886  -0.560242 0.291016 2 14 0.900000 17 0.100000
0  -1.374510 -2.731460 3.989665  -0.942130 -0.234902 -0.239189  -0.602539 0.284363 1 14 1.000000
Leo2A
0  -1.370239 -2.923110 4.134625  -0.874032 -0.372052 0.312482  -0.601196 0.304932 1 14 1.000000
0  -1.426390 -2.714675 4.151715  -0.916353 -0.209688 0.341070  -0.579529 0.304749 1 14 1.000000
0  -1.374510 -2.731460 3.989665  -0.942130 -0.234902 -0.239189  -0.602539 0.284363 1 14 1.000000
Leo2A
0  -1.250610 -3.151380 3.964030  -0.847328 -0.524203 0.085126  -0.655456 0.292480 1 14 1.000000
0  -1.370239 -2.923110 4.134625  -0.874032 -0.372052 0.312482  -0.601196 0.304932 1 14 1.000000
0  -1.374510 -2.731460 3.989665  -0.942130 -0.234902 -0.239189  -0.602539 0.284363 1 14 1.000000
Leo2A
0  -1.250610 -3.151380 3.964030  -0.847328 -0.524203 0.085126  -0.655456 0.292480 1 14 1.000000
0  -1.374510 -2.731460 3.989665  -0.942130 -0.234902 -0.239189  -0.602539 0.284363 1 14 1.000000
0  -1.228335 -3.033145 3.752135  -0.891376 -0.381511 -0.244743  -0.639526 0.267517 2 14 0.900000 17 0.100000
Leo2A
0  -1.250610 -3.151380 3.964030  -0.847328 -0.524203 0.085126  -0.655456 0.292480 1 14 1.000000
0  -1.228335 -3.033145 3.752135  -0.891376 -0.381511 -0.244743  -0.639526 0.267517 2 14 0.900000 17 0.100000
0  -1.087645 -3.433365 3.744915  -0.786010 -0.604429 0.129820  -0.721375 0.237244 1 14 1.000000
Leo2A
0  -0.861814 -3.643190 3.256835  -0.769580 -0.417630 -0.483044  -0.827454 0.200745 2 14 0.500000 15 0.500000
0  -0.842894 -3.679200 3.291320  -0.713794 -0.695619 -0.081310  -0.829102 0.204529 2 14 0.500000 15 0.500000
0  -0.974424 -3.527525 3.437805  -0.801427 -0.592281 -0.083174  -0.808106 0.217163 2 14 0.900000 15 0.100000
Leo2A
0  -0.974424 -3.527525 3.437805  -0.801427 -0.592281 -0.083174  -0.808106 0.217163 2 14 0.900000 15 0.100000
0  -0.842894 -3.679200 3.291320  -0.713794 -0.695619 -0.081310  -0.829102 0.204529 2 14 0.500000 15 0.500000
0  -0.814209 -3.698120 3.326110  -0.759869 -0.517773 -0.393078  -0.827759 0.210266 2 14 0.500000 15 0.500000
Leo2A
0  -1.730545 -1.379500 4.549339  -0.944098 -0.278415 0.176533  -0.388489 0.358826 1 17 1.000000
0  -1.779070 -1.385599 5.061425  -0.962611 -0.163562 0.215936  -0.348022 0.444153 1 17 1.000000
0  -1.874285 -1.037089 5.162134  -0.981167 -0.110949 0.158121  -0.322144 0.451660 1 17 1.000000
Leo2A
0  -1.619565 -2.151185 4.696960  -0.783347 -0.561725 0.266142  -0.455811 0.409424 2 17 0.900000 14 0.100000
0  -1.779070 -1.385599 5.061425  -0.962611 -0.163562 0.215936  -0.348022 0.444153 1 17 1.000000
0  -1.730545 -1.379500 4.549339  -0.944098 -0.278415 0.176533  -0.388489 0.358826 1 17 1.000000
Leo2A
0  -1.619565 -2.151185 4.696960  -0.783347 -0.561725 0.266142  -0.455811 0.409424 2 17 0.900000 14 0.100000
0  -1.607255 -1.799724 5.219810  -0.669817 -0.594226 0.445243  -0.417175 0.463867 1 17 1.000000
0  -1.779070 -1.385599 5.061425  -0.962611 -0.163562 0.215936  -0.348022 0.444153 1 17 1.000000
Leo2A
0  -1.779070 -1.385599 5.061425  -0.962611 -0.163562 0.215936  -0.348022 0.444153 1 17 1.000000
0  -1.607255 -1.799724 5.219810  -0.669817 -0.594226 0.445243  -0.417175 0.463867 1 17 1.000000
0  -1.659135 -1.194254 5.600669  -0.857901 0.485435 0.168404  -0.329529 0.535523 1 17 1.000000
Leo2A
0  -1.607255 -1.799724 5.219810  -0.669817 -0.594226 0.445243  -0.417175 0.463867 1 17 1.000000
0  -1.479385 -1.500959 5.718774  -0.578437 -0.582735 0.570816  -0.373230 0.546265 1 17 1.000000
0  -1.659135 -1.194254 5.600669  -0.857901 0.485435 0.168404  -0.329529 0.535523 1 17 1.000000
Leo2A
0  -1.659135 -1.194254 5.600669  -0.857901 0.485435 0.168404  -0.329529 0.535523 1 17 1.000000
0  -1.479385 -1.500959 5.718774  -0.578437 -0.582735 0.570816  -0.373230 0.546265 1 17 1.000000
0  -1.265461 -1.023049 6.284265  -0.762474 0.418785 0.493206  -0.300964 0.668335 1 17 1.000000
Leo2A
0  -1.479385 -1.500959 5.718774  -0.578437 -0.582735 0.570816  -0.373230 0.546265 1 17 1.000000
0  -1.133316 -1.128034 6.336754  -0.396877 -0.649539 0.648527  -0.322510 0.667725 1 17 1.000000
0  -1.265461 -1.023049 6.284265  -0.762474 0.418785 0.493206  -0.300964 0.668335 1 17 1.000000
Leo2A
0  -1.265461 -1.023049 6.284265  -0.762474 0.418785 0.493206  -0.300964 0.668335 1 17 1.000000
0  -1.133316 -1.128034 6.336754  -0.396877 -0.649539 0.648527  -0.322510 0.667725 1 17 1.000000
0  -0.934956 -0.955914 6.629419  -0.596527 0.165697 0.785302  -0.296631 0.750671 1 17 1.000000
Leo2A
0  -1.048481 -0.958964 6.228419  0.284950 0.906214 -0.312378  -0.292480 0.666748 1 17 1.000000
0  -1.266375 -1.032514 5.802394  0.294015 0.895609 -0.333827  -0.311157 0.568542 1 17 1.000000
0  -1.659135 -1.194254 5.600669  -0.857901 0.485435 0.168404  -0.329529 0.535523 1 17 1.000000
Leo2A
0  -1.265461 -1.023049 6.284265  -0.762474 0.418785 0.493206  -0.300964 0.668335 1 17 1.000000
0  -1.048481 -0.958964 6.228419  0.284950 0.906214 -0.312378  -0.292480 0.666748 1 17 1.000000
0  -1.659135 -1.194254 5.600669  -0.857901 0.485435 0.168404  -0.329529 0.535523 1 17 1.000000
Leo2A
0  -0.827531 -0.913494 6.576320  0.033400 0.994576 -0.098504  -0.289062 0.741211 1 17 1.000000
0  -1.048481 -0.958964 6.228419  0.284950 0.906214 -0.312378  -0.292480 0.666748 1 17 1.000000
0  -1.265461 -1.023049 6.284265  -0.762474 0.418785 0.493206  -0.300964 0.668335 1 17 1.000000
Leo2A
0  -0.934956 -0.955914 6.629419  -0.596527 0.165697 0.785302  -0.296631 0.750671 1 17 1.000000
0  -0.827531 -0.913494 6.576320  0.033400 0.994576 -0.098504  -0.289062 0.741211 1 17 1.000000
0  -1.265461 -1.023049 6.284265  -0.762474 0.418785 0.493206  -0.300964 0.668335 1 17 1.000000
Leo2A
0  -0.827531 -0.913494 6.576320  0.033400 0.994576 -0.098504  -0.289062 0.741211 1 17 1.000000
0  -0.934956 -0.955914 6.629419  -0.596527 0.165697 0.785302  -0.296631 0.750671 1 17 1.000000
0  -0.605671 -0.902814 6.839990  0.640723 0.205385 0.739792  -0.294006 0.801453 1 17 1.000000
Leo2A
0  -0.605671 -0.902814 6.839990  0.640723 0.205385 0.739792  -0.294006 0.801453 1 17 1.000000
0  -0.934956 -0.955914 6.629419  -0.596527 0.165697 0.785302  -0.296631 0.750671 1 17 1.000000
0  -0.874531 -1.187539 6.306544  0.819017 -0.572799 0.033359  -0.339783 0.661987 1 17 1.000000
Leo2A
0  -0.934956 -0.955914 6.629419  -0.596527 0.165697 0.785302  -0.296631 0.750671 1 17 1.000000
0  -1.133316 -1.128034 6.336754  -0.396877 -0.649539 0.648527  -0.322510 0.667725 1 17 1.000000
0  -0.874531 -1.187539 6.306544  0.819017 -0.572799 0.033359  -0.339783 0.661987 1 17 1.000000
Leo2A
0  -0.874531 -1.187539 6.306544  0.819017 -0.572799 0.033359  -0.339783 0.661987 1 17 1.000000
0  -1.133316 -1.128034 6.336754  -0.396877 -0.649539 0.648527  -0.322510 0.667725 1 17 1.000000
0  -1.078081 -1.483564 5.880215  0.758590 -0.629915 0.166579  -0.378906 0.575256 1 17 1.000000
Leo2A
0  -1.133316 -1.128034 6.336754  -0.396877 -0.649539 0.648527  -0.322510 0.667725 1 17 1.000000
0  -1.479385 -1.500959 5.718774  -0.578437 -0.582735 0.570816  -0.373230 0.546265 1 17 1.000000
0  -1.078081 -1.483564 5.880215  0.758590 -0.629915 0.166579  -0.378906 0.575256 1 17 1.000000
Leo2A
0  -1.078081 -1.483564 5.880215  0.758590 -0.629915 0.166579  -0.378906 0.575256 1 17 1.000000
0  -1.479385 -1.500959 5.718774  -0.578437 -0.582735 0.570816  -0.373230 0.546265 1 17 1.000000
0  -1.186110 -1.832989 5.379420  0.751237 -0.574715 0.324568  -0.420349 0.496460 1 17 1.000000
Leo2A
0  -1.479385 -1.500959 5.718774  -0.578437 -0.582735 0.570816  -0.373230 0.546265 1 17 1.000000
0  -1.607255 -1.799724 5.219810  -0.669817 -0.594226 0.445243  -0.417175 0.463867 1 17 1.000000
0  -1.186110 -1.832989 5.379420  0.751237 -0.574715 0.324568  -0.420349 0.496460 1 17 1.000000
Leo2A
0  -1.186110 -1.832989 5.379420  0.751237 -0.574715 0.324568  -0.420349 0.496460 1 17 1.000000
0  -1.607255 -1.799724 5.219810  -0.669817 -0.594226 0.445243  -0.417175 0.463867 1 17 1.000000
0  -1.167295 -2.181395 4.855345  0.759738 -0.452258 0.467184  -0.466126 0.428589 2 17 0.900000 14 0.100000
Leo2A
0  -1.607255 -1.799724 5.219810  -0.669817 -0.594226 0.445243  -0.417175 0.463867 1 17 1.000000
0  -1.619565 -2.151185 4.696960  -0.783347 -0.561725 0.266142  -0.455811 0.409424 2 17 0.900000 14 0.100000
0  -1.167295 -2.181395 4.855345  0.759738 -0.452258 0.467184  -0.466126 0.428589 2 17 0.900000 14 0.100000
Leo2A
0  -1.167295 -2.181395 4.855345  0.759738 -0.452258 0.467184  -0.466126 0.428589 2 17 0.900000 14 0.100000
0  -1.619565 -2.151185 4.696960  -0.783347 -0.561725 0.266142  -0.455811 0.409424 2 17 0.900000 14 0.100000
0  -1.076965 -2.688430 4.285380  0.647281 -0.757628 -0.083823  -0.537964 0.359497 1 14 1.000000
Leo2A
0  -1.619565 -2.151185 4.696960  -0.783347 -0.561725 0.266142  -0.455811 0.409424 2 17 0.900000 14 0.100000
0  -1.412660 -2.583755 4.354350  -0.595064 -0.793071 0.130143  -0.560059 0.323853 1 14 1.000000
0  -1.076965 -2.688430 4.285380  0.647281 -0.757628 -0.083823  -0.537964 0.359497 1 14 1.000000
Leo2A
0  -1.076965 -2.688430 4.285380  0.647281 -0.757628 -0.083823  -0.537964 0.359497 1 14 1.000000
0  -1.412660 -2.583755 4.354350  -0.595064 -0.793071 0.130143  -0.560059 0.323853 1 14 1.000000
0  -1.245725 -2.644790 4.279280  -0.069621 -0.988026 0.137686  -0.576477 0.313721 1 14 1.000000
Leo2A
0  -1.918535 -1.128340 4.373254  -0.937072 -0.023268 -0.348360  -0.359497 0.331665 1 17 1.000000
0  -1.533510 -2.206420 4.233705  -0.924631 -0.343732 -0.164031  -0.512817 0.288513 2 17 0.900000 14 0.100000
0  -1.730545 -1.379500 4.549339  -0.944098 -0.278415 0.176533  -0.388489 0.358826 1 17 1.000000
Leo2A
0  -2.054640 -0.795389 4.745569  -0.992129 -0.115788 0.047677  -0.268189 0.393921 1 17 1.000000
0  -1.918535 -1.128340 4.373254  -0.937072 -0.023268 -0.348360  -0.359497 0.331665 1 17 1.000000
0  -1.730545 -1.379500 4.549339  -0.944098 -0.278415 0.176533  -0.388489 0.358826 1 17 1.000000
Leo2A
0  -1.894425 -0.797830 4.571009  0.225028 0.821905 -0.523291  -0.278931 0.372436 1 17 1.000000
0  -1.918535 -1.128340 4.373254  -0.937072 -0.023268 -0.348360  -0.359497 0.331665 1 17 1.000000
0  -2.054640 -0.795389 4.745569  -0.992129 -0.115788 0.047677  -0.268189 0.393921 1 17 1.000000
Leo2A
0  -2.069290 -0.505779 5.001609  -0.284815 0.712312 0.641476  -0.212830 0.429871 1 17 1.000000
0  -1.894425 -0.797830 4.571009  0.225028 0.821905 -0.523291  -0.278931 0.372436 1 17 1.000000
0  -2.054640 -0.795389 4.745569  -0.992129 -0.115788 0.047677  -0.268189 0.393921 1 17 1.000000
Leo2A
0  -2.054640 -0.795389 4.745569  -0.992129 -0.115788 0.047677  -0.268189 0.393921 1 17 1.000000
0  -1.828200 -0.904034 4.789514  0.525258 0.000896 0.850943  -0.290100 0.400024 1 17 1.000000
0  -2.069290 -0.505779 5.001609  -0.284815 0.712312 0.641476  -0.212830 0.429871 1 17 1.000000
Leo2A
0  -1.645095 -1.153054 4.713220  0.641736 0.760059 -0.102394  -0.371460 0.374695 1 17 1.000000
0  -1.828200 -0.904034 4.789514  0.525258 0.000896 0.850943  -0.290100 0.400024 1 17 1.000000
0  -2.054640 -0.795389 4.745569  -0.992129 -0.115788 0.047677  -0.268189 0.393921 1 17 1.000000
Leo2A
0  -1.730545 -1.379500 4.549339  -0.944098 -0.278415 0.176533  -0.388489 0.358826 1 17 1.000000
0  -1.645095 -1.153054 4.713220  0.641736 0.760059 -0.102394  -0.371460 0.374695 1 17 1.000000
0  -2.054640 -0.795389 4.745569  -0.992129 -0.115788 0.047677  -0.268189 0.393921 1 17 1.000000
Leo2A
0  -1.767165 -0.887554 5.082789  -0.099636 0.880690 -0.463096  -0.328369 0.423462 1 17 1.000000
0  -1.645095 -1.153054 4.713220  0.641736 0.760059 -0.102394  -0.371460 0.374695 1 17 1.000000
0  -1.730545 -1.379500 4.549339  -0.944098 -0.278415 0.176533  -0.388489 0.358826 1 17 1.000000
Leo2A
0  -1.874285 -1.037089 5.162134  -0.981167 -0.110949 0.158121  -0.322144 0.451660 1 17 1.000000
0  -1.767165 -0.887554 5.082789  -0.099636 0.880690 -0.463096  -0.328369 0.423462 1 17 1.000000
0  -1.730545 -1.379500 4.549339  -0.944098 -0.278415 0.176533  -0.388489 0.358826 1 17 1.000000
Leo2A
0  -1.787615 -0.724894 5.464259  0.022760 0.927401 -0.373376  -0.267212 0.495605 1 17 1.000000
0  -1.767165 -0.887554 5.082789  -0.099636 0.880690 -0.463096  -0.328369 0.423462 1 17 1.000000
0  -1.874285 -1.037089 5.162134  -0.981167 -0.110949 0.158121  -0.322144 0.451660 1 17 1.000000
Leo2A
0  -1.880080 -0.818889 5.486534  -0.981307 -0.112330 0.156263  -0.271301 0.505066 1 17 1.000000
0  -1.787615 -0.724894 5.464259  0.022760 0.927401 -0.373376  -0.267212 0.495605 1 17 1.000000
0  -1.874285 -1.037089 5.162134  -0.981167 -0.110949 0.158121  -0.322144 0.451660 1 17 1.000000
Leo2A
0  -1.782120 -0.583599 5.904934  -0.026083 0.487031 0.872995  -0.227722 0.565125 1 17 1.000000
0  -1.787615 -0.724894 5.464259  0.022760 0.927401 -0.373376  -0.267212 0.495605 1 17 1.000000
0  -1.880080 -0.818889 5.486534  -0.981307 -0.112330 0.156263  -0.271301 0.505066 1 17 1.000000
Leo2A
0  -1.649675 -0.875344 5.564964  0.743840 -0.318298 0.587697  -0.279663 0.513977 1 17 1.000000
0  -1.782120 -0.583599 5.904934  -0.026083 0.487031 0.872995  -0.227722 0.565125 1 17 1.000000
0  -1.880080 -0.818889 5.486534  -0.981307 -0.112330 0.156263  -0.271301 0.505066 1 17 1.000000
Leo2A
0  -1.874285 -1.037089 5.162134  -0.981167 -0.110949 0.158121  -0.322144 0.451660 1 17 1.000000
0  -1.649675 -0.875344 5.564964  0.743840 -0.318298 0.587697  -0.279663 0.513977 1 17 1.000000
0  -1.880080 -0.818889 5.486534  -0.981307 -0.112330 0.156263  -0.271301 0.505066 1 17 1.000000
Leo2A
0  -1.483965 -1.196694 5.234459  0.617088 0.785833 -0.040856  -0.343262 0.454895 1 17 1.000000
0  -1.649675 -0.875344 5.564964  0.743840 -0.318298 0.587697  -0.279663 0.513977 1 17 1.000000
0  -1.874285 -1.037089 5.162134  -0.981167 -0.110949 0.158121  -0.322144 0.451660 1 17 1.000000
Leo2A
0  -1.779070 -1.385599 5.061425  -0.962611 -0.163562 0.215936  -0.348022 0.444153 1 17 1.000000
0  -1.483965 -1.196694 5.234459  0.617088 0.785833 -0.040856  -0.343262 0.454895 1 17 1.000000
0  -1.874285 -1.037089 5.162134  -0.981167 -0.110949 0.158121  -0.322144 0.451660 1 17 1.000000
Leo2A
0  -1.266375 -1.032514 5.802394  0.294015 0.895609 -0.333827  -0.311157 0.568542 1 17 1.000000
0  -1.483965 -1.196694 5.234459  0.617088 0.785833 -0.040856  -0.343262 0.454895 1 17 1.000000
0  -1.779070 -1.385599 5.061425  -0.962611 -0.163562 0.215936  -0.348022 0.444153 1 17 1.000000
Leo2A
0  -1.659135 -1.194254 5.600669  -0.857901 0.485435 0.168404  -0.329529 0.535523 1 17 1.000000
0  -1.266375 -1.032514 5.802394  0.294015 0.895609 -0.333827  -0.311157 0.568542 1 17 1.000000
0  -1.779070 -1.385599 5.061425  -0.962611 -0.163562 0.215936  -0.348022 0.444153 1 17 1.000000
Leo2A
0  -0.999755 -2.225955 3.156740  0.333666 0.509225 -0.793320  -0.387024 0.967835 3 17 0.500000 14 0.450000 15 0.050000
0  -1.180725 -2.305435 3.848065  -0.020906 0.998644 0.047685  -0.323914 0.967651 1 14 1.000000
0  -1.034850 -2.338695 3.477275  0.051491 0.977997 -0.202164  -0.342529 0.973999 1 14 1.000000
Leo2A
0  -1.292114 -2.972545 4.173990  -0.856806 -0.371083 0.358023  -0.314636 0.997803 1 14 1.000000
0  -1.180725 -2.305435 3.848065  -0.020906 0.998644 0.047685  -0.323914 0.967651 1 14 1.000000
0  -1.245725 -2.644790 4.279280  -0.069621 -0.988026 0.137686  -0.307556 0.992127 1 14 1.000000
Leo2A
0  -1.245725 -2.644790 4.279280  -0.069621 -0.988026 0.137686  -0.307556 0.992127 1 14 1.000000
0  -1.199950 -2.401260 4.064130  0.994856 0.087123 -0.051692  -0.314209 0.965820 1 14 1.000000
0  -1.076965 -2.688430 4.285380  0.647281 -0.757628 -0.083823  -0.276062 0.982971 1 14 1.000000
Leo2A
0  -1.180725 -2.305435 3.848065  -0.020906 0.998644 0.047685  -0.323914 0.967651 1 14 1.000000
0  -1.199950 -2.401260 4.064130  0.994856 0.087123 -0.051692  -0.314209 0.965820 1 14 1.000000
0  -1.245725 -2.644790 4.279280  -0.069621 -0.988026 0.137686  -0.307556 0.992127 1 14 1.000000
Leo2A
0  -1.316115 -2.052715 3.886500  0.923693 0.338618 0.179244  -0.317993 0.951050 1 17 1.000000
0  -1.199950 -2.401260 4.064130  0.994856 0.087123 -0.051692  -0.314209 0.965820 1 14 1.000000
0  -1.180725 -2.305435 3.848065  -0.020906 0.998644 0.047685  -0.323914 0.967651 1 14 1.000000
Leo2A
0  -1.180725 -2.305435 3.848065  -0.020906 0.998644 0.047685  -0.323914 0.967651 1 14 1.000000
0  -0.999755 -2.225955 3.156740  0.333666 0.509225 -0.793320  -0.387024 0.967835 3 17 0.500000 14 0.450000 15 0.050000
0  -1.316115 -2.052715 3.886500  0.923693 0.338618 0.179244  -0.317993 0.951050 1 17 1.000000
Leo2A
0  -0.999755 -2.225955 3.156740  0.333666 0.509225 -0.793320  -0.387024 0.967835 3 17 0.500000 14 0.450000 15 0.050000
0  -1.218765 -1.691080 3.284390  0.513625 0.491571 -0.703240  -0.372253 0.938110 1 17 1.000000
0  -1.316115 -2.052715 3.886500  0.923693 0.338618 0.179244  -0.317993 0.951050 1 17 1.000000
Leo2A
0  -1.316115 -2.052715 3.886500  0.923693 0.338618 0.179244  -0.317993 0.951050 1 17 1.000000
0  -1.218765 -1.691080 3.284390  0.513625 0.491571 -0.703240  -0.372253 0.938110 1 17 1.000000
0  -1.599320 -1.284590 4.091579  0.667014 0.738426 -0.099092  -0.313904 0.921997 1 17 1.000000
Leo2A
0  -1.218765 -1.691080 3.284390  0.513625 0.491571 -0.703240  -0.372253 0.938110 1 17 1.000000
0  -1.493730 -1.334635 3.690885  0.566726 0.759746 0.318761  -0.337402 0.907532 1 17 1.000000
0  -1.599320 -1.284590 4.091579  0.667014 0.738426 -0.099092  -0.313904 0.921997 1 17 1.000000
Leo2A
0  -1.599320 -1.284590 4.091579  0.667014 0.738426 -0.099092  -0.313904 0.921997 1 17 1.000000
0  -1.493730 -1.334635 3.690885  0.566726 0.759746 0.318761  -0.337402 0.907532 1 17 1.000000
0  -1.700640 -1.055400 4.093410  0.259997 0.093670 0.961055  -0.289490 0.879089 1 17 1.000000
Leo2A
0  -1.493730 -1.334635 3.690885  0.566726 0.759746 0.318761  -0.337402 0.907532 1 17 1.000000
0  -1.740615 -0.915325 3.928309  0.199887 0.671625 -0.713418  -0.305420 0.874573 1 17 1.000000
0  -1.700640 -1.055400 4.093410  0.259997 0.093670 0.961055  -0.289490 0.879089 1 17 1.000000
Leo2A
0  -1.700640 -1.055400 4.093410  0.259997 0.093670 0.961055  -0.289490 0.879089 1 17 1.000000
0  -1.740615 -0.915325 3.928309  0.199887 0.671625 -0.713418  -0.305420 0.874573 1 17 1.000000
0  -1.897480 -0.682780 4.162379  -0.385210 0.814970 0.432940  -0.266113 0.839478 1 17 1.000000
Leo2A
0  -1.508070 -1.214090 3.495265  0.226674 0.540218 -0.810422  -0.352905 0.899170 1 17 1.000000
0  -1.493730 -1.334635 3.690885  0.566726 0.759746 0.318761  -0.337402 0.907532 1 17 1.000000
0  -1.218765 -1.691080 3.284390  0.513625 0.491571 -0.703240  -0.372253 0.938110 1 17 1.000000
Leo2A
0  -1.632280 -1.073100 3.699729  0.032295 -0.075972 0.996587  -0.332458 0.881104 1 17 1.000000
0  -1.493730 -1.334635 3.690885  0.566726 0.759746 0.318761  -0.337402 0.907532 1 17 1.000000
0  -1.508070 -1.214090 3.495265  0.226674 0.540218 -0.810422  -0.352905 0.899170 1 17 1.000000
Leo2A
0  -1.691180 -0.886335 3.717734  -0.306034 0.897112 0.318641  -0.326843 0.851624 1 17 1.000000
0  -1.632280 -1.073100 3.699729  0.032295 -0.075972 0.996587  -0.332458 0.881104 1 17 1.000000
0  -1.508070 -1.214090 3.495265  0.226674 0.540218 -0.810422  -0.352905 0.899170 1 17 1.000000
Leo2A
0  -1.186110 -1.832989 5.379420  0.751237 -0.574715 0.324568  -0.183105 0.963989 1 17 1.000000
0  -1.167295 -2.181395 4.855345  0.759738 -0.452258 0.467184  -0.226135 0.967529 2 17 0.900000 14 0.100000
0  -1.645095 -1.153054 4.713220  0.641736 0.760059 -0.102394  -0.229187 0.906982 1 17 1.000000
Leo2A
0  -1.645095 -1.153054 4.713220  0.641736 0.760059 -0.102394  -0.229187 0.906982 1 17 1.000000
0  -1.167295 -2.181395 4.855345  0.759738 -0.452258 0.467184  -0.226135 0.967529 2 17 0.900000 14 0.100000
0  -1.338090 -1.986490 4.188625  0.934235 0.351856 -0.058334  -0.294983 0.952515 1 17 1.000000
Leo2A
0  -1.167295 -2.181395 4.855345  0.759738 -0.452258 0.467184  -0.226135 0.967529 2 17 0.900000 14 0.100000
0  -1.076965 -2.688430 4.285380  0.647281 -0.757628 -0.083823  -0.276062 0.982971 1 14 1.000000
0  -1.338090 -1.986490 4.188625  0.934235 0.351856 -0.058334  -0.294983 0.952515 1 17 1.000000
Leo2A
0  -1.338090 -1.986490 4.188625  0.934235 0.351856 -0.058334  -0.294983 0.952515 1 17 1.000000
0  -1.076965 -2.688430 4.285380  0.647281 -0.757628 -0.083823  -0.276062 0.982971 1 14 1.000000
0  -1.199950 -2.401260 4.064130  0.994856 0.087123 -0.051692  -0.314209 0.965820 1 14 1.000000
Leo2A
0  -1.338090 -1.986490 4.188625  0.934235 0.351856 -0.058334  -0.294983 0.952515 1 17 1.000000
0  -1.199950 -2.401260 4.064130  0.994856 0.087123 -0.051692  -0.314209 0.965820 1 14 1.000000
0  -1.316115 -2.052715 3.886500  0.923693 0.338618 0.179244  -0.317993 0.951050 1 17 1.000000
Leo2A
0  -1.599320 -1.284590 4.091579  0.667014 0.738426 -0.099092  -0.313904 0.921997 1 17 1.000000
0  -1.338090 -1.986490 4.188625  0.934235 0.351856 -0.058334  -0.294983 0.952515 1 17 1.000000
0  -1.316115 -2.052715 3.886500  0.923693 0.338618 0.179244  -0.317993 0.951050 1 17 1.000000
Leo2A
0  -1.645095 -1.153054 4.713220  0.641736 0.760059 -0.102394  -0.229187 0.906982 1 17 1.000000
0  -1.338090 -1.986490 4.188625  0.934235 0.351856 -0.058334  -0.294983 0.952515 1 17 1.000000
0  -1.599320 -1.284590 4.091579  0.667014 0.738426 -0.099092  -0.313904 0.921997 1 17 1.000000
Leo2A
0  -1.828200 -0.904034 4.789514  0.525258 0.000896 0.850943  -0.197144 0.875977 1 17 1.000000
0  -1.645095 -1.153054 4.713220  0.641736 0.760059 -0.102394  -0.229187 0.906982 1 17 1.000000
0  -1.599320 -1.284590 4.091579  0.667014 0.738426 -0.099092  -0.313904 0.921997 1 17 1.000000
Leo2A
0  -1.763810 -1.025190 4.300930  0.189033 0.773188 -0.605348  -0.258667 0.888062 1 17 1.000000
0  -1.828200 -0.904034 4.789514  0.525258 0.000896 0.850943  -0.197144 0.875977 1 17 1.000000
0  -1.599320 -1.284590 4.091579  0.667014 0.738426 -0.099092  -0.313904 0.921997 1 17 1.000000
Leo2A
0  -2.069290 -0.505779 5.001609  -0.284815 0.712312 0.641476  -0.164551 0.846985 1 17 1.000000
0  -1.828200 -0.904034 4.789514  0.525258 0.000896 0.850943  -0.197144 0.875977 1 17 1.000000
0  -1.763810 -1.025190 4.300930  0.189033 0.773188 -0.605348  -0.258667 0.888062 1 17 1.000000
Leo2A
0  -1.894425 -0.797830 4.571009  0.225028 0.821905 -0.523291  -0.207825 0.862549 1 17 1.000000
0  -2.069290 -0.505779 5.001609  -0.284815 0.712312 0.641476  -0.164551 0.846985 1 17 1.000000
0  -1.763810 -1.025190 4.300930  0.189033 0.773188 -0.605348  -0.258667 0.888062 1 17 1.000000
Leo2A
0  -1.649675 -0.875344 5.564964  0.743840 -0.318298 0.587697  -0.140564 0.902405 1 17 1.000000
0  -1.787615 -0.724894 5.464259  0.022760 0.927401 -0.373376  -0.146179 0.891663 1 17 1.000000
0  -1.782120 -0.583599 5.904934  -0.026083 0.487031 0.872995  -0.103271 0.892822 1 17 1.000000
Leo2A
0  -1.767165 -0.887554 5.082789  -0.099636 0.880690 -0.463096  -0.195435 0.900269 1 17 1.000000
0  -1.787615 -0.724894 5.464259  0.022760 0.927401 -0.373376  -0.146179 0.891663 1 17 1.000000
0  -1.649675 -0.875344 5.564964  0.743840 -0.318298 0.587697  -0.140564 0.902405 1 17 1.000000
Leo2A
0  -1.645095 -1.153054 4.713220  0.641736 0.760059 -0.102394  -0.229187 0.906982 1 17 1.000000
0  -1.767165 -0.887554 5.082789  -0.099636 0.880690 -0.463096  -0.195435 0.900269 1 17 1.000000
0  -1.649675 -0.875344 5.564964  0.743840 -0.318298 0.587697  -0.140564 0.902405 1 17 1.000000
Leo2A
0  -1.483965 -1.196694 5.234459  0.617088 0.785833 -0.040856  -0.184143 0.916016 1 17 1.000000
0  -1.645095 -1.153054 4.713220  0.641736 0.760059 -0.102394  -0.229187 0.906982 1 17 1.000000
0  -1.649675 -0.875344 5.564964  0.743840 -0.318298 0.587697  -0.140564 0.902405 1 17 1.000000
Leo2A
0  -1.483965 -1.196694 5.234459  0.617088 0.785833 -0.040856  -0.184143 0.916016 1 17 1.000000
0  -1.186110 -1.832989 5.379420  0.751237 -0.574715 0.324568  -0.183105 0.963989 1 17 1.000000
0  -1.645095 -1.153054 4.713220  0.641736 0.760059 -0.102394  -0.229187 0.906982 1 17 1.000000
Leo2A
0  -1.078081 -1.483564 5.880215  0.758590 -0.629915 0.166579  -0.135803 0.965820 1 17 1.000000
0  -1.186110 -1.832989 5.379420  0.751237 -0.574715 0.324568  -0.183105 0.963989 1 17 1.000000
0  -1.483965 -1.196694 5.234459  0.617088 0.785833 -0.040856  -0.184143 0.916016 1 17 1.000000
Leo2A
0  -1.266375 -1.032514 5.802394  0.294015 0.895609 -0.333827  -0.122314 0.932373 1 17 1.000000
0  -1.078081 -1.483564 5.880215  0.758590 -0.629915 0.166579  -0.135803 0.965820 1 17 1.000000
0  -1.483965 -1.196694 5.234459  0.617088 0.785833 -0.040856  -0.184143 0.916016 1 17 1.000000
Leo2A
0  -0.874531 -1.187539 6.306544  0.819017 -0.572799 0.033359  -0.085144 0.971191 1 17 1.000000
0  -1.078081 -1.483564 5.880215  0.758590 -0.629915 0.166579  -0.135803 0.965820 1 17 1.000000
0  -1.266375 -1.032514 5.802394  0.294015 0.895609 -0.333827  -0.122314 0.932373 1 17 1.000000
Leo2A
0  -1.048481 -0.958964 6.228419  0.284950 0.906214 -0.312378  -0.071289 0.950317 1 17 1.000000
0  -0.874531 -1.187539 6.306544  0.819017 -0.572799 0.033359  -0.085144 0.971191 1 17 1.000000
0  -1.266375 -1.032514 5.802394  0.294015 0.895609 -0.333827  -0.122314 0.932373 1 17 1.000000
Leo2A
0  -0.605671 -0.902814 6.839990  0.640723 0.205385 0.739792  -0.007812 0.988098 1 17 1.000000
0  -0.874531 -1.187539 6.306544  0.819017 -0.572799 0.033359  -0.085144 0.971191 1 17 1.000000
0  -1.048481 -0.958964 6.228419  0.284950 0.906214 -0.312378  -0.071289 0.950317 1 17 1.000000
Leo2A
0  -0.827531 -0.913494 6.576320  0.033400 0.994576 -0.098504  -0.035461 0.968567 1 17 1.000000
0  -0.605671 -0.902814 6.839990  0.640723 0.205385 0.739792  -0.007812 0.988098 1 17 1.000000
0  -1.048481 -0.958964 6.228419  0.284950 0.906214 -0.312378  -0.071289 0.950317 1 17 1.000000
Leo2A
0  -0.699160 -2.840880 2.958985  -0.500360 -0.007791 -0.865783  -0.962891 0.321167 2 15 0.900000 14 0.100000
0  -0.357665 -3.130190 2.840880  -0.298699 -0.071511 -0.951664  -0.959229 0.238281 2 15 0.900000 14 0.100000
0  -0.537720 -3.313490 2.918470  -0.411108 -0.116858 -0.904066  -0.939331 0.245483 1 15 1.000000
Leo2A
0  -0.874635 -2.304520 3.308515  -0.725511 0.404207 -0.557002  -0.977844 0.398682 1 14 1.000000
0  -0.699160 -2.840880 2.958985  -0.500360 -0.007791 -0.865783  -0.962891 0.321167 2 15 0.900000 14 0.100000
0  -0.912170 -2.342360 3.294475  0.232248 0.887411 -0.398200  -0.962158 0.411865 1 14 1.000000
Leo2A
0  0.357665 -3.130190 2.840880  0.298699 -0.071511 -0.951664  -0.959229 0.238281 2 15 0.900000 14 0.100000
0  0.000000 -3.249820 2.766115  0.000000 -0.076715 -0.997053  -0.966736 0.161377 2 15 0.900000 14 0.100000
0  0.260620 -2.910155 2.794800  0.244224 -0.042706 -0.968778  -0.980347 0.212646 3 15 0.550000 14 0.350000 13 0.100000
Leo2A
0  0.260620 -2.910155 2.794800  0.244224 -0.042706 -0.968778  -0.980347 0.212646 3 15 0.550000 14 0.350000 13 0.100000
0  0.000000 -3.249820 2.766115  0.000000 -0.076715 -0.997053  -0.966736 0.161377 2 15 0.900000 14 0.100000
0  0.000000 -2.986145 2.756040  0.000000 -0.029190 -0.999574  -0.980896 0.161438 3 15 0.550000 14 0.350000 13 0.100000
Leo2A
0  0.000000 -3.249820 2.766115  0.000000 -0.076715 -0.997053  -0.966736 0.161377 2 15 0.900000 14 0.100000
0  -0.260620 -2.910155 2.794800  -0.244224 -0.042706 -0.968778  -0.980347 0.212646 3 15 0.550000 14 0.350000 13 0.100000
0  0.000000 -2.986145 2.756040  0.000000 -0.029190 -0.999574  -0.980896 0.161438 3 15 0.550000 14 0.350000 13 0.100000
Leo2A
0  0.000000 -3.249820 2.766115  0.000000 -0.076715 -0.997053  -0.966736 0.161377 2 15 0.900000 14 0.100000
0  -0.357665 -3.130190 2.840880  -0.298699 -0.071511 -0.951664  -0.959229 0.238281 2 15 0.900000 14 0.100000
0  -0.260620 -2.910155 2.794800  -0.244224 -0.042706 -0.968778  -0.980347 0.212646 3 15 0.550000 14 0.350000 13 0.100000
Leo2A
0  -0.357665 -3.130190 2.840880  -0.298699 -0.071511 -0.951664  -0.959229 0.238281 2 15 0.900000 14 0.100000
0  0.000000 -3.249820 2.766115  0.000000 -0.076715 -0.997053  -0.966736 0.161377 2 15 0.900000 14 0.100000
0  -0.343324 -3.484995 2.865370  -0.326300 -0.170998 -0.929671  -0.942139 0.216187 1 15 1.000000
Leo2A
0  -0.357665 -3.130190 2.840880  -0.298699 -0.071511 -0.951664  -0.959229 0.238281 2 15 0.900000 14 0.100000
0  -0.343324 -3.484995 2.865370  -0.326300 -0.170998 -0.929671  -0.942139 0.216187 1 15 1.000000
0  -0.537720 -3.313490 2.918470  -0.411108 -0.116858 -0.904066  -0.939331 0.245483 1 15 1.000000
Leo2A
0  -0.537720 -3.313490 2.918470  -0.411108 -0.116858 -0.904066  -0.939331 0.245483 1 15 1.000000
0  -0.343324 -3.484995 2.865370  -0.326300 -0.170998 -0.929671  -0.942139 0.216187 1 15 1.000000
0  -0.415649 -3.659865 2.951125  -0.455427 -0.285224 -0.843347  -0.931458 0.229675 1 15 1.000000
Leo2A
0  -0.618894 -3.411145 2.976760  -0.510920 -0.202752 -0.835376  -0.931274 0.251465 1 15 1.000000
0  -0.537720 -3.313490 2.918470  -0.411108 -0.116858 -0.904066  -0.939331 0.245483 1 15 1.000000
0  -0.415649 -3.659865 2.951125  -0.455427 -0.285224 -0.843347  -0.931458 0.229675 1 15 1.000000
Leo2A
0  -0.699160 -2.840880 2.958985  -0.500360 -0.007791 -0.865783  -0.962891 0.321167 2 15 0.900000 14 0.100000
0  -0.537720 -3.313490 2.918470  -0.411108 -0.116858 -0.904066  -0.939331 0.245483 1 15 1.000000
0  -0.618894 -3.411145 2.976760  -0.510920 -0.202752 -0.835376  -0.931274 0.251465 1 15 1.000000
Leo2A
0  -0.778810 -2.975660 3.019485  -0.569336 -0.081343 -0.818071  -0.933106 0.325012 1 15 1.000000
0  -0.699160 -2.840880 2.958985  -0.500360 -0.007791 -0.865783  -0.962891 0.321167 2 15 0.900000 14 0.100000
0  -0.618894 -3.411145 2.976760  -0.510920 -0.202752 -0.835376  -0.931274 0.251465 1 15 1.000000
Leo2A
0  -0.778810 -2.975660 3.019485  -0.569336 -0.081343 -0.818071  -0.933106 0.325012 1 15 1.000000
0  -0.999755 -2.225955 3.156740  0.333666 0.509225 -0.793320  -0.933594 0.403931 3 17 0.500000 14 0.450000 15 0.050000
0  -0.699160 -2.840880 2.958985  -0.500360 -0.007791 -0.865783  -0.962891 0.321167 2 15 0.900000 14 0.100000
Leo2A
0  -0.699160 -2.840880 2.958985  -0.500360 -0.007791 -0.865783  -0.962891 0.321167 2 15 0.900000 14 0.100000
0  -0.999755 -2.225955 3.156740  0.333666 0.509225 -0.793320  -0.933594 0.403931 3 17 0.500000 14 0.450000 15 0.050000
0  -0.912170 -2.342360 3.294475  0.232248 0.887411 -0.398200  -0.962158 0.411865 1 14 1.000000
Leo2A
0  -0.912170 -2.342360 3.294475  0.232248 0.887411 -0.398200  -0.962158 0.411865 1 14 1.000000
0  -0.999755 -2.225955 3.156740  0.333666 0.509225 -0.793320  -0.933594 0.403931 3 17 0.500000 14 0.450000 15 0.050000
0  -1.034850 -2.338695 3.477275  0.051491 0.977997 -0.202164  -0.944214 0.416565 1 14 1.000000
Leo2A
0  -0.415649 -3.659865 2.951125  -0.455427 -0.285224 -0.843347  -0.931458 0.229675 1 15 1.000000
0  -0.348814 -3.635450 2.904740  -0.368867 -0.273315 -0.888389  -0.936035 0.219055 1 15 1.000000
0  -0.347594 -3.782240 2.962110  -0.335431 -0.326545 -0.883660  -0.929932 0.221985 1 15 1.000000
Leo2A
0  -0.343324 -3.484995 2.865370  -0.326300 -0.170998 -0.929671  -0.942139 0.216187 1 15 1.000000
0  -0.348814 -3.635450 2.904740  -0.368867 -0.273315 -0.888389  -0.936035 0.219055 1 15 1.000000
0  -0.415649 -3.659865 2.951125  -0.455427 -0.285224 -0.843347  -0.931458 0.229675 1 15 1.000000
Leo2A
0  -0.343324 -3.484995 2.865370  -0.326300 -0.170998 -0.929671  -0.942139 0.216187 1 15 1.000000
0  0.000001 -3.546030 2.791825  0.000000 -0.199523 -0.979893  -0.951965 0.161377 1 15 1.000000
0  -0.348814 -3.635450 2.904740  -0.368867 -0.273315 -0.888389  -0.936035 0.219055 1 15 1.000000
Leo2A
0  0.000000 -3.249820 2.766115  0.000000 -0.076715 -0.997053  -0.966736 0.161377 2 15 0.900000 14 0.100000
0  0.000001 -3.546030 2.791825  0.000000 -0.199523 -0.979893  -0.951965 0.161377 1 15 1.000000
0  -0.343324 -3.484995 2.865370  -0.326300 -0.170998 -0.929671  -0.942139 0.216187 1 15 1.000000
Leo2A
0  0.000001 -3.546030 2.791825  0.000000 -0.199523 -0.979893  -0.951965 0.161377 1 15 1.000000
0  0.000000 -3.249820 2.766115  0.000000 -0.076715 -0.997053  -0.966736 0.161377 2 15 0.900000 14 0.100000
0  0.343326 -3.484995 2.865370  0.326301 -0.170997 -0.929671  -0.942139 0.216187 1 15 1.000000
Leo2A
0  0.343326 -3.484995 2.865370  0.326301 -0.170997 -0.929671  -0.942139 0.216187 1 15 1.000000
0  0.000000 -3.249820 2.766115  0.000000 -0.076715 -0.997053  -0.966736 0.161377 2 15 0.900000 14 0.100000
0  0.357665 -3.130190 2.840880  0.298699 -0.071511 -0.951664  -0.959229 0.238281 2 15 0.900000 14 0.100000
Leo2A
0  0.343326 -3.484995 2.865370  0.326301 -0.170997 -0.929671  -0.942139 0.216187 1 15 1.000000
0  0.357665 -3.130190 2.840880  0.298699 -0.071511 -0.951664  -0.959229 0.238281 2 15 0.900000 14 0.100000
0  0.537721 -3.313490 2.918470  0.411107 -0.116858 -0.904066  -0.939331 0.245483 1 15 1.000000
Leo2A
0  0.537721 -3.313490 2.918470  0.411107 -0.116858 -0.904066  -0.939331 0.245483 1 15 1.000000
0  0.357665 -3.130190 2.840880  0.298699 -0.071511 -0.951664  -0.959229 0.238281 2 15 0.900000 14 0.100000
0  0.699160 -2.840880 2.958985  0.500360 -0.007791 -0.865782  -0.962891 0.321167 2 15 0.900000 14 0.100000
Leo2A
0  0.537721 -3.313490 2.918470  0.411107 -0.116858 -0.904066  -0.939331 0.245483 1 15 1.000000
0  0.699160 -2.840880 2.958985  0.500360 -0.007791 -0.865782  -0.962891 0.321167 2 15 0.900000 14 0.100000
0  0.618896 -3.411145 2.976760  0.510920 -0.202752 -0.835376  -0.931274 0.251465 1 15 1.000000
Leo2A
0  0.415651 -3.659865 2.951125  0.455426 -0.285223 -0.843347  -0.931458 0.229675 1 15 1.000000
0  0.537721 -3.313490 2.918470  0.411107 -0.116858 -0.904066  -0.939331 0.245483 1 15 1.000000
0  0.618896 -3.411145 2.976760  0.510920 -0.202752 -0.835376  -0.931274 0.251465 1 15 1.000000
Leo2A
0  0.343326 -3.484995 2.865370  0.326301 -0.170997 -0.929671  -0.942139 0.216187 1 15 1.000000
0  0.537721 -3.313490 2.918470  0.411107 -0.116858 -0.904066  -0.939331 0.245483 1 15 1.000000
0  0.415651 -3.659865 2.951125  0.455426 -0.285223 -0.843347  -0.931458 0.229675 1 15 1.000000
Leo2A
0  0.348816 -3.635450 2.904740  0.368867 -0.273315 -0.888389  -0.936035 0.219055 1 15 1.000000
0  0.343326 -3.484995 2.865370  0.326301 -0.170997 -0.929671  -0.942139 0.216187 1 15 1.000000
0  0.415651 -3.659865 2.951125  0.455426 -0.285223 -0.843347  -0.931458 0.229675 1 15 1.000000
Leo2A
0  0.000001 -3.546030 2.791825  0.000000 -0.199523 -0.979893  -0.951965 0.161377 1 15 1.000000
0  0.343326 -3.484995 2.865370  0.326301 -0.170997 -0.929671  -0.942139 0.216187 1 15 1.000000
0  0.348816 -3.635450 2.904740  0.368867 -0.273315 -0.888389  -0.936035 0.219055 1 15 1.000000
Leo2A
0  0.000001 -3.684580 2.836990  -0.000001 -0.310255 -0.950653  -0.944580 0.161316 1 15 1.000000
0  0.000001 -3.546030 2.791825  0.000000 -0.199523 -0.979893  -0.951965 0.161377 1 15 1.000000
0  0.348816 -3.635450 2.904740  0.368867 -0.273315 -0.888389  -0.936035 0.219055 1 15 1.000000
Leo2A
0  -0.348814 -3.635450 2.904740  -0.368867 -0.273315 -0.888389  -0.936035 0.219055 1 15 1.000000
0  0.000001 -3.546030 2.791825  0.000000 -0.199523 -0.979893  -0.951965 0.161377 1 15 1.000000
0  0.000001 -3.684580 2.836990  -0.000001 -0.310255 -0.950653  -0.944580 0.161316 1 15 1.000000
Leo2A
0  0.000001 -3.822825 2.882155  -0.000000 -0.327538 -0.944838  -0.937256 0.161316 1 15 1.000000
0  -0.348814 -3.635450 2.904740  -0.368867 -0.273315 -0.888389  -0.936035 0.219055 1 15 1.000000
0  0.000001 -3.684580 2.836990  -0.000001 -0.310255 -0.950653  -0.944580 0.161316 1 15 1.000000
Leo2A
0  -0.347594 -3.782240 2.962110  -0.335431 -0.326545 -0.883660  -0.929932 0.221985 1 15 1.000000
0  -0.348814 -3.635450 2.904740  -0.368867 -0.273315 -0.888389  -0.936035 0.219055 1 15 1.000000
0  0.000001 -3.822825 2.882155  -0.000000 -0.327538 -0.944838  -0.937256 0.161316 1 15 1.000000
Leo2A
0  0.000001 -3.989760 2.940445  -0.000000 -0.491550 -0.870849  -0.924377 0.161316 1 15 1.000000
0  -0.347594 -3.782240 2.962110  -0.335431 -0.326545 -0.883660  -0.929932 0.221985 1 15 1.000000
0  0.000001 -3.822825 2.882155  -0.000000 -0.327538 -0.944838  -0.937256 0.161316 1 15 1.000000
Leo2A
0  0.000001 -4.141128 3.047560  0.000000 -0.657970 -0.753044  -0.910889 0.161316 1 15 1.000000
0  -0.347594 -3.782240 2.962110  -0.335431 -0.326545 -0.883660  -0.929932 0.221985 1 15 1.000000
0  0.000001 -3.989760 2.940445  -0.000000 -0.491550 -0.870849  -0.924377 0.161316 1 15 1.000000
Leo2A
0  0.347596 -3.782240 2.962110  0.335431 -0.326545 -0.883660  -0.929932 0.221985 1 15 1.000000
0  0.000001 -4.141128 3.047560  0.000000 -0.657970 -0.753044  -0.910889 0.161316 1 15 1.000000
0  0.000001 -3.989760 2.940445  -0.000000 -0.491550 -0.870849  -0.924377 0.161316 1 15 1.000000
Leo2A
0  0.344851 -4.039805 3.045120  0.287729 -0.467399 -0.835913  -0.910889 0.229126 1 15 1.000000
0  0.000001 -4.141128 3.047560  0.000000 -0.657970 -0.753044  -0.910889 0.161316 1 15 1.000000
0  0.347596 -3.782240 2.962110  0.335431 -0.326545 -0.883660  -0.929932 0.221985 1 15 1.000000
Leo2A
0  0.499576 -3.941040 3.076475  0.543229 -0.386664 -0.745247  -0.910889 0.245117 2 15 0.900000 14 0.100000
0  0.344851 -4.039805 3.045120  0.287729 -0.467399 -0.835913  -0.910889 0.229126 1 15 1.000000
0  0.347596 -3.782240 2.962110  0.335431 -0.326545 -0.883660  -0.929932 0.221985 1 15 1.000000
Leo2A
0  0.520326 -3.968810 3.125000  0.660295 -0.598270 -0.453965  -0.903320 0.253540 2 15 0.900000 14 0.100000
0  0.344851 -4.039805 3.045120  0.287729 -0.467399 -0.835913  -0.910889 0.229126 1 15 1.000000
0  0.499576 -3.941040 3.076475  0.543229 -0.386664 -0.745247  -0.910889 0.245117 2 15 0.900000 14 0.100000
Leo2A
0  0.602416 -3.885500 3.157350  0.725614 -0.533437 -0.434660  -0.904236 0.275207 2 15 0.800000 14 0.200000
0  0.520326 -3.968810 3.125000  0.660295 -0.598270 -0.453965  -0.903320 0.253540 2 15 0.900000 14 0.100000
0  0.499576 -3.941040 3.076475  0.543229 -0.386664 -0.745247  -0.910889 0.245117 2 15 0.900000 14 0.100000
Leo2A
0  0.603946 -3.905030 3.200990  0.719764 -0.374107 -0.584794  -0.897644 0.289246 2 14 0.500000 15 0.500000
0  0.520326 -3.968810 3.125000  0.660295 -0.598270 -0.453965  -0.903320 0.253540 2 15 0.900000 14 0.100000
0  0.602416 -3.885500 3.157350  0.725614 -0.533437 -0.434660  -0.904236 0.275207 2 15 0.800000 14 0.200000
Leo2A
0  0.347596 -3.782240 2.962110  0.335431 -0.326545 -0.883660  -0.929932 0.221985 1 15 1.000000
0  0.348816 -3.635450 2.904740  0.368867 -0.273315 -0.888389  -0.936035 0.219055 1 15 1.000000
0  0.415651 -3.659865 2.951125  0.455426 -0.285223 -0.843347  -0.931458 0.229675 1 15 1.000000
Leo2A
0  0.000001 -3.822825 2.882155  -0.000000 -0.327538 -0.944838  -0.937256 0.161316 1 15 1.000000
0  0.348816 -3.635450 2.904740  0.368867 -0.273315 -0.888389  -0.936035 0.219055 1 15 1.000000
0  0.347596 -3.782240 2.962110  0.335431 -0.326545 -0.883660  -0.929932 0.221985 1 15 1.000000
Leo2A
0  0.000001 -3.989760 2.940445  -0.000000 -0.491550 -0.870849  -0.924377 0.161316 1 15 1.000000
0  0.000001 -3.822825 2.882155  -0.000000 -0.327538 -0.944838  -0.937256 0.161316 1 15 1.000000
0  0.347596 -3.782240 2.962110  0.335431 -0.326545 -0.883660  -0.929932 0.221985 1 15 1.000000
Leo2A
0  0.000001 -3.822825 2.882155  -0.000000 -0.327538 -0.944838  -0.937256 0.161316 1 15 1.000000
0  0.000001 -3.684580 2.836990  -0.000001 -0.310255 -0.950653  -0.944580 0.161316 1 15 1.000000
0  0.348816 -3.635450 2.904740  0.368867 -0.273315 -0.888389  -0.936035 0.219055 1 15 1.000000
Leo2A
0  0.602416 -3.885500 3.157350  0.725614 -0.533437 -0.434660  -0.904236 0.275207 2 15 0.800000 14 0.200000
0  0.499576 -3.941040 3.076475  0.543229 -0.386664 -0.745247  -0.910889 0.245117 2 15 0.900000 14 0.100000
0  0.596926 -3.852235 3.124390  0.617967 -0.358233 -0.699847  -0.910889 0.261108 2 15 0.800000 14 0.200000
Leo2A
0  0.596926 -3.852235 3.124390  0.617967 -0.358233 -0.699847  -0.910889 0.261108 2 15 0.800000 14 0.200000
0  0.499576 -3.941040 3.076475  0.543229 -0.386664 -0.745247  -0.910889 0.245117 2 15 0.900000 14 0.100000
0  0.347596 -3.782240 2.962110  0.335431 -0.326545 -0.883660  -0.929932 0.221985 1 15 1.000000
Leo2A
0  0.603946 -3.905030 3.200990  0.719764 -0.374107 -0.584794  -0.897644 0.289246 2 14 0.500000 15 0.500000
0  0.602416 -3.885500 3.157350  0.725614 -0.533437 -0.434660  -0.904236 0.275207 2 15 0.800000 14 0.200000
0  0.814211 -3.698120 3.326110  0.759870 -0.517771 -0.393079  -0.910889 0.321106 2 14 0.500000 15 0.500000
Leo2A
0  0.814211 -3.698120 3.326110  0.759870 -0.517771 -0.393079  -0.910889 0.321106 2 14 0.500000 15 0.500000
0  0.602416 -3.885500 3.157350  0.725614 -0.533437 -0.434660  -0.904236 0.275207 2 15 0.800000 14 0.200000
0  0.842896 -3.679200 3.291320  0.713794 -0.695619 -0.081316  -0.910889 0.291077 2 14 0.500000 15 0.500000
Leo2A
0  0.602416 -3.885500 3.157350  0.725614 -0.533437 -0.434660  -0.904236 0.275207 2 15 0.800000 14 0.200000
0  0.596926 -3.852235 3.124390  0.617967 -0.358233 -0.699847  -0.910889 0.261108 2 15 0.800000 14 0.200000
0  0.842896 -3.679200 3.291320  0.713794 -0.695619 -0.081316  -0.910889 0.291077 2 14 0.500000 15 0.500000
Leo2A
0  0.842896 -3.679200 3.291320  0.713794 -0.695619 -0.081316  -0.910889 0.291077 2 14 0.500000 15 0.500000
0  0.596926 -3.852235 3.124390  0.617967 -0.358233 -0.699847  -0.910889 0.261108 2 15 0.800000 14 0.200000
0  0.861816 -3.643190 3.256835  0.769579 -0.417630 -0.483046  -0.910889 0.280579 2 14 0.500000 15 0.500000
Leo2A
0  0.778811 -2.975660 3.019485  0.569335 -0.081343 -0.818071  -0.933106 0.325012 1 15 1.000000
0  0.699160 -2.840880 2.958985  0.500360 -0.007791 -0.865782  -0.962891 0.321167 2 15 0.900000 14 0.100000
0  0.999755 -2.225955 3.156740  -0.333664 0.509226 -0.793321  -0.933594 0.403931 3 16 0.500000 14 0.450000 15 0.050000
Leo2A
0  0.618896 -3.411145 2.976760  0.510920 -0.202752 -0.835376  -0.931274 0.251465 1 15 1.000000
0  0.699160 -2.840880 2.958985  0.500360 -0.007791 -0.865782  -0.962891 0.321167 2 15 0.900000 14 0.100000
0  0.778811 -2.975660 3.019485  0.569335 -0.081343 -0.818071  -0.933106 0.325012 1 15 1.000000
Leo2A
0  0.259096 -4.159130 3.121410  0.299588 -0.801614 -0.517361  -0.898987 0.207520 1 15 1.000000
0  0.153811 -4.197275 3.143385  0.149912 -0.883110 -0.444571  -0.896851 0.186829 1 15 1.000000
0  0.000001 -4.141128 3.047560  0.000000 -0.657970 -0.753044  -0.910889 0.161316 1 15 1.000000
Leo2A
0  0.344851 -4.039805 3.045120  0.287729 -0.467399 -0.835913  -0.910889 0.229126 1 15 1.000000
0  0.259096 -4.159130 3.121410  0.299588 -0.801614 -0.517361  -0.898987 0.207520 1 15 1.000000
0  0.000001 -4.141128 3.047560  0.000000 -0.657970 -0.753044  -0.910889 0.161316 1 15 1.000000
Leo2A
0  0.389406 -4.086500 3.110120  0.508809 -0.699064 -0.502416  -0.900635 0.229065 1 15 1.000000
0  0.259096 -4.159130 3.121410  0.299588 -0.801614 -0.517361  -0.898987 0.207520 1 15 1.000000
0  0.344851 -4.039805 3.045120  0.287729 -0.467399 -0.835913  -0.910889 0.229126 1 15 1.000000
Leo2A
0  0.520326 -3.968810 3.125000  0.660295 -0.598270 -0.453965  -0.903320 0.253540 2 15 0.900000 14 0.100000
0  0.389406 -4.086500 3.110120  0.508809 -0.699064 -0.502416  -0.900635 0.229065 1 15 1.000000
0  0.344851 -4.039805 3.045120  0.287729 -0.467399 -0.835913  -0.910889 0.229126 1 15 1.000000
Leo2A
0  0.389406 -4.086500 3.110120  0.508809 -0.699064 -0.502416  -0.900635 0.229065 1 15 1.000000
0  0.520326 -3.968810 3.125000  0.660295 -0.598270 -0.453965  -0.903320 0.253540 2 15 0.900000 14 0.100000
0  0.536196 -3.991700 3.215330  0.689841 -0.667747 -0.279702  -0.895752 0.262024 2 15 0.750000 14 0.250000
Leo2A
0  0.536196 -3.991700 3.215330  0.689841 -0.667747 -0.279702  -0.895752 0.262024 2 15 0.750000 14 0.250000
0  0.520326 -3.968810 3.125000  0.660295 -0.598270 -0.453965  -0.903320 0.253540 2 15 0.900000 14 0.100000
0  0.603946 -3.905030 3.200990  0.719764 -0.374107 -0.584794  -0.897644 0.289246 2 14 0.500000 15 0.500000
Leo2A
0  0.000001 -4.243361 3.254165  0.000000 -0.978367 -0.206876  -0.889099 0.161438 1 15 1.000000
0  0.153811 -4.197275 3.143385  0.149912 -0.883110 -0.444571  -0.896851 0.186829 1 15 1.000000
0  0.211791 -4.209180 3.231275  0.268845 -0.930736 -0.247898  -0.892151 0.195252 1 15 1.000000
Leo2A
0  0.153811 -4.197275 3.143385  0.149912 -0.883110 -0.444571  -0.896851 0.186829 1 15 1.000000
0  0.259096 -4.159130 3.121410  0.299588 -0.801614 -0.517361  -0.898987 0.207520 1 15 1.000000
0  0.211791 -4.209180 3.231275  0.268845 -0.930736 -0.247898  -0.892151 0.195252 1 15 1.000000
Leo2A
0  0.211791 -4.209180 3.231275  0.268845 -0.930736 -0.247898  -0.892151 0.195252 1 15 1.000000
0  0.259096 -4.159130 3.121410  0.299588 -0.801614 -0.517361  -0.898987 0.207520 1 15 1.000000
0  0.391236 -4.120790 3.218080  0.531113 -0.809186 -0.251271  -0.894775 0.229065 2 15 0.900000 14 0.100000
Leo2A
0  0.259096 -4.159130 3.121410  0.299588 -0.801614 -0.517361  -0.898987 0.207520 1 15 1.000000
0  0.389406 -4.086500 3.110120  0.508809 -0.699064 -0.502416  -0.900635 0.229065 1 15 1.000000
0  0.391236 -4.120790 3.218080  0.531113 -0.809186 -0.251271  -0.894775 0.229065 2 15 0.900000 14 0.100000
Leo2A
0  0.391236 -4.120790 3.218080  0.531113 -0.809186 -0.251271  -0.894775 0.229065 2 15 0.900000 14 0.100000
0  0.389406 -4.086500 3.110120  0.508809 -0.699064 -0.502416  -0.900635 0.229065 1 15 1.000000
0  0.536196 -3.991700 3.215330  0.689841 -0.667747 -0.279702  -0.895752 0.262024 2 15 0.750000 14 0.250000
Leo2A
0  0.699160 -2.840880 2.958985  0.500360 -0.007791 -0.865782  -0.962891 0.321167 2 15 0.900000 14 0.100000
0  0.788270 -2.163695 3.165585  0.929902 0.187290 -0.316551  -0.989380 0.390442 2 13 0.600000 14 0.400000
0  0.874635 -2.304520 3.308515  0.725511 0.404207 -0.557002  -0.977844 0.398682 1 14 1.000000
Leo2A
0  0.874635 -2.304520 3.308515  0.725511 0.404207 -0.557002  -0.977844 0.398682 1 14 1.000000
0  0.912170 -2.342360 3.294475  -0.232246 0.887411 -0.398200  -0.962158 0.411865 1 14 1.000000
0  0.699160 -2.840880 2.958985  0.500360 -0.007791 -0.865782  -0.962891 0.321167 2 15 0.900000 14 0.100000
Leo2A
0  0.699160 -2.840880 2.958985  0.500360 -0.007791 -0.865782  -0.962891 0.321167 2 15 0.900000 14 0.100000
0  0.912170 -2.342360 3.294475  -0.232246 0.887411 -0.398200  -0.962158 0.411865 1 14 1.000000
0  0.999755 -2.225955 3.156740  -0.333664 0.509226 -0.793321  -0.933594 0.403931 3 16 0.500000 14 0.450000 15 0.050000
Leo2A
0  0.999755 -2.225955 3.156740  -0.333664 0.509226 -0.793321  -0.933594 0.403931 3 16 0.500000 14 0.450000 15 0.050000
0  0.912170 -2.342360 3.294475  -0.232246 0.887411 -0.398200  -0.962158 0.411865 1 14 1.000000
0  1.034850 -2.338695 3.477275  -0.051489 0.977997 -0.202163  -0.944214 0.416565 1 14 1.000000
Leo2A
0  0.874635 -2.304520 3.308515  0.725511 0.404207 -0.557002  -0.977844 0.398682 1 14 1.000000
0  0.788270 -2.163695 3.165585  0.929902 0.187290 -0.316551  -0.989380 0.390442 2 13 0.600000 14 0.400000
0  0.740965 -1.926405 3.399455  0.940295 0.340187 -0.010917  -0.951477 0.490356 1 14 1.000000
Leo2A
0  0.788270 -2.163695 3.165585  0.929902 0.187290 -0.316551  -0.989380 0.390442 2 13 0.600000 14 0.400000
0  0.774535 -1.804810 3.337095  0.822121 0.063196 0.565794  -0.989624 0.456848 2 13 0.500000 14 0.500000
0  0.740965 -1.926405 3.399455  0.940295 0.340187 -0.010917  -0.951477 0.490356 1 14 1.000000
Leo2A
0  0.740965 -1.926405 3.399455  0.940295 0.340187 -0.010917  -0.951477 0.490356 1 14 1.000000
0  0.774535 -1.804810 3.337095  0.822121 0.063196 0.565794  -0.989624 0.456848 2 13 0.500000 14 0.500000
0  0.655825 -1.762390 3.438720  0.691166 0.709195 0.139041  -0.989014 0.539734 2 13 0.500000 14 0.500000
Leo2A
0  0.000001 -4.141128 3.047560  0.000000 -0.657970 -0.753044  -0.910889 0.161316 1 15 1.000000
0  -0.344849 -4.039805 3.045120  -0.287729 -0.467399 -0.835913  -0.910889 0.229126 1 15 1.000000
0  -0.347594 -3.782240 2.962110  -0.335431 -0.326545 -0.883660  -0.929932 0.221985 1 15 1.000000
Leo2A
0  -0.344849 -4.039805 3.045120  -0.287729 -0.467399 -0.835913  -0.910889 0.229126 1 15 1.000000
0  -0.499574 -3.941040 3.076475  -0.543229 -0.386665 -0.745247  -0.910889 0.245117 2 15 0.900000 14 0.100000
0  -0.347594 -3.782240 2.962110  -0.335431 -0.326545 -0.883660  -0.929932 0.221985 1 15 1.000000
Leo2A
0  -0.347594 -3.782240 2.962110  -0.335431 -0.326545 -0.883660  -0.929932 0.221985 1 15 1.000000
0  -0.499574 -3.941040 3.076475  -0.543229 -0.386665 -0.745247  -0.910889 0.245117 2 15 0.900000 14 0.100000
0  -0.596924 -3.852235 3.124390  -0.617965 -0.358232 -0.699850  -0.910889 0.261108 2 15 0.800000 14 0.200000
Leo2A
0  -0.499574 -3.941040 3.076475  -0.543229 -0.386665 -0.745247  -0.910889 0.245117 2 15 0.900000 14 0.100000
0  -0.602414 -3.885500 3.157350  -0.725613 -0.533435 -0.434664  -0.904236 0.275207 2 15 0.800000 14 0.200000
0  -0.596924 -3.852235 3.124390  -0.617965 -0.358232 -0.699850  -0.910889 0.261108 2 15 0.800000 14 0.200000
Leo2A
0  -0.602414 -3.885500 3.157350  -0.725613 -0.533435 -0.434664  -0.904236 0.275207 2 15 0.800000 14 0.200000
0  -0.842894 -3.679200 3.291320  -0.713794 -0.695619 -0.081310  -0.910889 0.291077 2 14 0.500000 15 0.500000
0  -0.596924 -3.852235 3.124390  -0.617965 -0.358232 -0.699850  -0.910889 0.261108 2 15 0.800000 14 0.200000
Leo2A
0  -0.842894 -3.679200 3.291320  -0.713794 -0.695619 -0.081310  -0.910889 0.291077 2 14 0.500000 15 0.500000
0  -0.602414 -3.885500 3.157350  -0.725613 -0.533435 -0.434664  -0.904236 0.275207 2 15 0.800000 14 0.200000
0  -0.814209 -3.698120 3.326110  -0.759869 -0.517773 -0.393078  -0.910889 0.321106 2 14 0.500000 15 0.500000
Leo2A
0  -0.814209 -3.698120 3.326110  -0.759869 -0.517773 -0.393078  -0.910889 0.321106 2 14 0.500000 15 0.500000
0  -0.602414 -3.885500 3.157350  -0.725613 -0.533435 -0.434664  -0.904236 0.275207 2 15 0.800000 14 0.200000
0  -0.603944 -3.905030 3.200990  -0.719764 -0.374106 -0.584794  -0.897644 0.289246 2 14 0.500000 15 0.500000
Leo2A
0  -0.602414 -3.885500 3.157350  -0.725613 -0.533435 -0.434664  -0.904236 0.275207 2 15 0.800000 14 0.200000
0  -0.520324 -3.968810 3.125000  -0.660295 -0.598270 -0.453964  -0.903320 0.253540 2 15 0.900000 14 0.100000
0  -0.603944 -3.905030 3.200990  -0.719764 -0.374106 -0.584794  -0.897644 0.289246 2 14 0.500000 15 0.500000
Leo2A
0  -0.603944 -3.905030 3.200990  -0.719764 -0.374106 -0.584794  -0.897644 0.289246 2 14 0.500000 15 0.500000
0  -0.520324 -3.968810 3.125000  -0.660295 -0.598270 -0.453964  -0.903320 0.253540 2 15 0.900000 14 0.100000
0  -0.536194 -3.991700 3.215330  -0.689841 -0.667747 -0.279702  -0.895752 0.262024 2 15 0.750000 14 0.250000
Leo2A
0  -0.520324 -3.968810 3.125000  -0.660295 -0.598270 -0.453964  -0.903320 0.253540 2 15 0.900000 14 0.100000
0  -0.389404 -4.086500 3.110120  -0.508809 -0.699065 -0.502416  -0.900635 0.229065 1 15 1.000000
0  -0.536194 -3.991700 3.215330  -0.689841 -0.667747 -0.279702  -0.895752 0.262024 2 15 0.750000 14 0.250000
Leo2A
0  -0.536194 -3.991700 3.215330  -0.689841 -0.667747 -0.279702  -0.895752 0.262024 2 15 0.750000 14 0.250000
0  -0.389404 -4.086500 3.110120  -0.508809 -0.699065 -0.502416  -0.900635 0.229065 1 15 1.000000
0  -0.391234 -4.120790 3.218080  -0.531113 -0.809186 -0.251272  -0.894775 0.229065 2 15 0.900000 14 0.100000
Leo2A
0  -0.391234 -4.120790 3.218080  -0.531113 -0.809186 -0.251272  -0.894775 0.229065 2 15 0.900000 14 0.100000
0  -0.389404 -4.086500 3.110120  -0.508809 -0.699065 -0.502416  -0.900635 0.229065 1 15 1.000000
0  -0.259094 -4.159130 3.121410  -0.299588 -0.801614 -0.517360  -0.898987 0.207520 1 15 1.000000
Leo2A
0  -0.211789 -4.209180 3.231275  -0.268845 -0.930736 -0.247895  -0.892151 0.195252 1 15 1.000000
0  -0.391234 -4.120790 3.218080  -0.531113 -0.809186 -0.251272  -0.894775 0.229065 2 15 0.900000 14 0.100000
0  -0.259094 -4.159130 3.121410  -0.299588 -0.801614 -0.517360  -0.898987 0.207520 1 15 1.000000
Leo2A
0  -0.211789 -4.209180 3.231275  -0.268845 -0.930736 -0.247895  -0.892151 0.195252 1 15 1.000000
0  -0.259094 -4.159130 3.121410  -0.299588 -0.801614 -0.517360  -0.898987 0.207520 1 15 1.000000
0  -0.153809 -4.197275 3.143385  -0.149913 -0.883110 -0.444571  -0.896851 0.186829 1 15 1.000000
Leo2A
0  0.000001 -4.243361 3.254165  0.000000 -0.978367 -0.206876  -0.889099 0.161438 1 15 1.000000
0  -0.211789 -4.209180 3.231275  -0.268845 -0.930736 -0.247895  -0.892151 0.195252 1 15 1.000000
0  -0.153809 -4.197275 3.143385  -0.149913 -0.883110 -0.444571  -0.896851 0.186829 1 15 1.000000
Leo2A
0  -0.153809 -4.197275 3.143385  -0.149913 -0.883110 -0.444571  -0.896851 0.186829 1 15 1.000000
0  0.000001 -4.229015 3.183670  0.000000 -0.938953 -0.344046  -0.896545 0.161438 1 15 1.000000
0  0.000001 -4.243361 3.254165  0.000000 -0.978367 -0.206876  -0.889099 0.161438 1 15 1.000000
Leo2A
0  0.000001 -4.229015 3.183670  0.000000 -0.938953 -0.344046  -0.896545 0.161438 1 15 1.000000
0  0.153811 -4.197275 3.143385  0.149912 -0.883110 -0.444571  -0.896851 0.186829 1 15 1.000000
0  0.000001 -4.243361 3.254165  0.000000 -0.978367 -0.206876  -0.889099 0.161438 1 15 1.000000
Leo2A
0  0.000001 -4.141128 3.047560  0.000000 -0.657970 -0.753044  -0.910889 0.161316 1 15 1.000000
0  0.153811 -4.197275 3.143385  0.149912 -0.883110 -0.444571  -0.896851 0.186829 1 15 1.000000
0  0.000001 -4.229015 3.183670  0.000000 -0.938953 -0.344046  -0.896545 0.161438 1 15 1.000000
Leo2A
0  0.000001 -4.141128 3.047560  0.000000 -0.657970 -0.753044  -0.910889 0.161316 1 15 1.000000
0  0.000001 -4.229015 3.183670  0.000000 -0.938953 -0.344046  -0.896545 0.161438 1 15 1.000000
0  -0.153809 -4.197275 3.143385  -0.149913 -0.883110 -0.444571  -0.896851 0.186829 1 15 1.000000
Leo2A
0  -0.153809 -4.197275 3.143385  -0.149913 -0.883110 -0.444571  -0.896851 0.186829 1 15 1.000000
0  -0.259094 -4.159130 3.121410  -0.299588 -0.801614 -0.517360  -0.898987 0.207520 1 15 1.000000
0  0.000001 -4.141128 3.047560  0.000000 -0.657970 -0.753044  -0.910889 0.161316 1 15 1.000000
Leo2A
0  -0.259094 -4.159130 3.121410  -0.299588 -0.801614 -0.517360  -0.898987 0.207520 1 15 1.000000
0  -0.344849 -4.039805 3.045120  -0.287729 -0.467399 -0.835913  -0.910889 0.229126 1 15 1.000000
0  0.000001 -4.141128 3.047560  0.000000 -0.657970 -0.753044  -0.910889 0.161316 1 15 1.000000
Leo2A
0  -0.259094 -4.159130 3.121410  -0.299588 -0.801614 -0.517360  -0.898987 0.207520 1 15 1.000000
0  -0.389404 -4.086500 3.110120  -0.508809 -0.699065 -0.502416  -0.900635 0.229065 1 15 1.000000
0  -0.344849 -4.039805 3.045120  -0.287729 -0.467399 -0.835913  -0.910889 0.229126 1 15 1.000000
Leo2A
0  -0.389404 -4.086500 3.110120  -0.508809 -0.699065 -0.502416  -0.900635 0.229065 1 15 1.000000
0  -0.520324 -3.968810 3.125000  -0.660295 -0.598270 -0.453964  -0.903320 0.253540 2 15 0.900000 14 0.100000
0  -0.344849 -4.039805 3.045120  -0.287729 -0.467399 -0.835913  -0.910889 0.229126 1 15 1.000000
Leo2A
0  -0.344849 -4.039805 3.045120  -0.287729 -0.467399 -0.835913  -0.910889 0.229126 1 15 1.000000
0  -0.520324 -3.968810 3.125000  -0.660295 -0.598270 -0.453964  -0.903320 0.253540 2 15 0.900000 14 0.100000
0  -0.499574 -3.941040 3.076475  -0.543229 -0.386665 -0.745247  -0.910889 0.245117 2 15 0.900000 14 0.100000
Leo2A
0  -0.520324 -3.968810 3.125000  -0.660295 -0.598270 -0.453964  -0.903320 0.253540 2 15 0.900000 14 0.100000
0  -0.602414 -3.885500 3.157350  -0.725613 -0.533435 -0.434664  -0.904236 0.275207 2 15 0.800000 14 0.200000
0  -0.499574 -3.941040 3.076475  -0.543229 -0.386665 -0.745247  -0.910889 0.245117 2 15 0.900000 14 0.100000
Leo2A
0  -0.596924 -3.852235 3.124390  -0.617965 -0.358232 -0.699850  -0.910889 0.261108 2 15 0.800000 14 0.200000
0  -0.842894 -3.679200 3.291320  -0.713794 -0.695619 -0.081310  -0.910889 0.291077 2 14 0.500000 15 0.500000
0  -0.861814 -3.643190 3.256835  -0.769580 -0.417630 -0.483044  -0.910889 0.280579 2 14 0.500000 15 0.500000
Leo2A
0  -0.222170 -2.634890 2.781370  -0.218296 -0.020220 -0.975673  -0.996460 0.206909 2 13 0.500000 14 0.500000
0  -0.419310 -2.816470 2.845155  -0.309126 -0.038187 -0.950254  -0.980896 0.244690 3 15 0.550000 14 0.350000 13 0.100000
0  -0.441285 -2.539370 2.840270  -0.347961 0.014078 -0.937403  -0.996521 0.239990 2 13 0.500000 14 0.500000
Leo2A
0  -0.419310 -2.816470 2.845155  -0.309126 -0.038187 -0.950254  -0.980896 0.244690 3 15 0.550000 14 0.350000 13 0.100000
0  -0.578615 -2.679750 2.891235  -0.431808 0.007673 -0.901933  -0.979797 0.280640 3 15 0.550000 14 0.350000 13 0.100000
0  -0.441285 -2.539370 2.840270  -0.347961 0.014078 -0.937403  -0.996521 0.239990 2 13 0.500000 14 0.500000
Leo2A
0  -0.441285 -2.539370 2.840270  -0.347961 0.014078 -0.937403  -0.996521 0.239990 2 13 0.500000 14 0.500000
0  -0.578615 -2.679750 2.891235  -0.431808 0.007673 -0.901933  -0.979797 0.280640 3 15 0.550000 14 0.350000 13 0.100000
0  -0.639345 -2.421265 2.949220  -0.673024 0.092276 -0.733842  -0.996521 0.303162 2 13 0.500000 14 0.500000
Leo2A
0  0.699160 -2.840880 2.958985  0.500360 -0.007791 -0.865782  -0.962891 0.321167 2 15 0.900000 14 0.100000
0  0.639345 -2.421265 2.949220  0.673023 0.092276 -0.733842  -0.996521 0.303162 2 13 0.500000 14 0.500000
0  0.788270 -2.163695 3.165585  0.929902 0.187290 -0.316551  -0.989380 0.390442 2 13 0.600000 14 0.400000
Leo2A
0  0.578615 -2.679750 2.891235  0.431808 0.007673 -0.901933  -0.979797 0.280640 3 15 0.550000 14 0.350000 13 0.100000
0  0.639345 -2.421265 2.949220  0.673023 0.092276 -0.733842  -0.996521 0.303162 2 13 0.500000 14 0.500000
0  0.699160 -2.840880 2.958985  0.500360 -0.007791 -0.865782  -0.962891 0.321167 2 15 0.900000 14 0.100000
Leo2A
0  0.357665 -3.130190 2.840880  0.298699 -0.071511 -0.951664  -0.959229 0.238281 2 15 0.900000 14 0.100000
0  0.578615 -2.679750 2.891235  0.431808 0.007673 -0.901933  -0.979797 0.280640 3 15 0.550000 14 0.350000 13 0.100000
0  0.699160 -2.840880 2.958985  0.500360 -0.007791 -0.865782  -0.962891 0.321167 2 15 0.900000 14 0.100000
Leo2A
0  0.578615 -2.679750 2.891235  0.431808 0.007673 -0.901933  -0.979797 0.280640 3 15 0.550000 14 0.350000 13 0.100000
0  0.357665 -3.130190 2.840880  0.298699 -0.071511 -0.951664  -0.959229 0.238281 2 15 0.900000 14 0.100000
0  0.419310 -2.816470 2.845155  0.309126 -0.038187 -0.950254  -0.980896 0.244690 3 15 0.550000 14 0.350000 13 0.100000
Leo2A
0  0.419310 -2.816470 2.845155  0.309126 -0.038187 -0.950254  -0.980896 0.244690 3 15 0.550000 14 0.350000 13 0.100000
0  0.357665 -3.130190 2.840880  0.298699 -0.071511 -0.951664  -0.959229 0.238281 2 15 0.900000 14 0.100000
0  0.260620 -2.910155 2.794800  0.244224 -0.042706 -0.968778  -0.980347 0.212646 3 15 0.550000 14 0.350000 13 0.100000
Leo2A
0  0.260620 -2.910155 2.794800  0.244224 -0.042706 -0.968778  -0.980347 0.212646 3 15 0.550000 14 0.350000 13 0.100000
0  0.222170 -2.634890 2.781370  0.218296 -0.020220 -0.975673  -0.996460 0.206909 2 13 0.500000 14 0.500000
0  0.419310 -2.816470 2.845155  0.309126 -0.038187 -0.950254  -0.980896 0.244690 3 15 0.550000 14 0.350000 13 0.100000
Leo2A
0  0.000000 -2.986145 2.756040  0.000000 -0.029190 -0.999574  -0.980896 0.161438 3 15 0.550000 14 0.350000 13 0.100000
0  0.222170 -2.634890 2.781370  0.218296 -0.020220 -0.975673  -0.996460 0.206909 2 13 0.500000 14 0.500000
0  0.260620 -2.910155 2.794800  0.244224 -0.042706 -0.968778  -0.980347 0.212646 3 15 0.550000 14 0.350000 13 0.100000
Leo2A
0  0.000000 -2.678530 2.755125  -0.000000 -0.002975 -0.999996  -0.996460 0.161499 2 13 0.500000 14 0.500000
0  0.222170 -2.634890 2.781370  0.218296 -0.020220 -0.975673  -0.996460 0.206909 2 13 0.500000 14 0.500000
0  0.000000 -2.986145 2.756040  0.000000 -0.029190 -0.999574  -0.980896 0.161438 3 15 0.550000 14 0.350000 13 0.100000
Leo2A
0  -0.222170 -2.634890 2.781370  -0.218296 -0.020220 -0.975673  -0.996460 0.206909 2 13 0.500000 14 0.500000
0  0.000000 -2.678530 2.755125  -0.000000 -0.002975 -0.999996  -0.996460 0.161499 2 13 0.500000 14 0.500000
0  0.000000 -2.986145 2.756040  0.000000 -0.029190 -0.999574  -0.980896 0.161438 3 15 0.550000 14 0.350000 13 0.100000
Leo2A
0  0.000000 -2.986145 2.756040  0.000000 -0.029190 -0.999574  -0.980896 0.161438 3 15 0.550000 14 0.350000 13 0.100000
0  -0.260620 -2.910155 2.794800  -0.244224 -0.042706 -0.968778  -0.980347 0.212646 3 15 0.550000 14 0.350000 13 0.100000
0  -0.222170 -2.634890 2.781370  -0.218296 -0.020220 -0.975673  -0.996460 0.206909 2 13 0.500000 14 0.500000
Leo2A
0  -0.260620 -2.910155 2.794800  -0.244224 -0.042706 -0.968778  -0.980347 0.212646 3 15 0.550000 14 0.350000 13 0.100000
0  -0.419310 -2.816470 2.845155  -0.309126 -0.038187 -0.950254  -0.980896 0.244690 3 15 0.550000 14 0.350000 13 0.100000
0  -0.222170 -2.634890 2.781370  -0.218296 -0.020220 -0.975673  -0.996460 0.206909 2 13 0.500000 14 0.500000
Leo2A
0  -0.260620 -2.910155 2.794800  -0.244224 -0.042706 -0.968778  -0.980347 0.212646 3 15 0.550000 14 0.350000 13 0.100000
0  -0.357665 -3.130190 2.840880  -0.298699 -0.071511 -0.951664  -0.959229 0.238281 2 15 0.900000 14 0.100000
0  -0.419310 -2.816470 2.845155  -0.309126 -0.038187 -0.950254  -0.980896 0.244690 3 15 0.550000 14 0.350000 13 0.100000
Leo2A
0  -0.419310 -2.816470 2.845155  -0.309126 -0.038187 -0.950254  -0.980896 0.244690 3 15 0.550000 14 0.350000 13 0.100000
0  -0.357665 -3.130190 2.840880  -0.298699 -0.071511 -0.951664  -0.959229 0.238281 2 15 0.900000 14 0.100000
0  -0.578615 -2.679750 2.891235  -0.431808 0.007673 -0.901933  -0.979797 0.280640 3 15 0.550000 14 0.350000 13 0.100000
Leo2A
0  -0.578615 -2.679750 2.891235  -0.431808 0.007673 -0.901933  -0.979797 0.280640 3 15 0.550000 14 0.350000 13 0.100000
0  -0.357665 -3.130190 2.840880  -0.298699 -0.071511 -0.951664  -0.959229 0.238281 2 15 0.900000 14 0.100000
0  -0.699160 -2.840880 2.958985  -0.500360 -0.007791 -0.865783  -0.962891 0.321167 2 15 0.900000 14 0.100000
Leo2A
0  -0.578615 -2.679750 2.891235  -0.431808 0.007673 -0.901933  -0.979797 0.280640 3 15 0.550000 14 0.350000 13 0.100000
0  -0.699160 -2.840880 2.958985  -0.500360 -0.007791 -0.865783  -0.962891 0.321167 2 15 0.900000 14 0.100000
0  -0.639345 -2.421265 2.949220  -0.673024 0.092276 -0.733842  -0.996521 0.303162 2 13 0.500000 14 0.500000
Leo2A
0  -0.639345 -2.421265 2.949220  -0.673024 0.092276 -0.733842  -0.996521 0.303162 2 13 0.500000 14 0.500000
0  -0.699160 -2.840880 2.958985  -0.500360 -0.007791 -0.865783  -0.962891 0.321167 2 15 0.900000 14 0.100000
0  -0.788270 -2.163695 3.165585  -0.929903 0.187290 -0.316550  -0.989380 0.390442 2 13 0.600000 14 0.400000
Leo2A
0  -0.699160 -2.840880 2.958985  -0.500360 -0.007791 -0.865783  -0.962891 0.321167 2 15 0.900000 14 0.100000
0  -0.874635 -2.304520 3.308515  -0.725511 0.404207 -0.557002  -0.977844 0.398682 1 14 1.000000
0  -0.788270 -2.163695 3.165585  -0.929903 0.187290 -0.316550  -0.989380 0.390442 2 13 0.600000 14 0.400000
Leo2A
0  -0.788270 -2.163695 3.165585  -0.929903 0.187290 -0.316550  -0.989380 0.390442 2 13 0.600000 14 0.400000
0  -0.874635 -2.304520 3.308515  -0.725511 0.404207 -0.557002  -0.977844 0.398682 1 14 1.000000
0  -0.740965 -1.926405 3.399455  -0.940295 0.340186 -0.010917  -0.951477 0.490356 1 14 1.000000
Leo2A
0  -0.788270 -2.163695 3.165585  -0.929903 0.187290 -0.316550  -0.989380 0.390442 2 13 0.600000 14 0.400000
0  -0.740965 -1.926405 3.399455  -0.940295 0.340186 -0.010917  -0.951477 0.490356 1 14 1.000000
0  -0.774535 -1.804810 3.337095  -0.822121 0.063196 0.565794  -0.989624 0.456848 2 13 0.500000 14 0.500000
Leo2A
0  -0.774535 -1.804810 3.337095  -0.822121 0.063196 0.565794  -0.989624 0.456848 2 13 0.500000 14 0.500000
0  -0.740965 -1.926405 3.399455  -0.940295 0.340186 -0.010917  -0.951477 0.490356 1 14 1.000000
0  -0.655825 -1.762390 3.438720  -0.691166 0.709194 0.139041  -0.989014 0.539734 2 13 0.500000 14 0.500000
Leo2A
0  0.639345 -2.421265 2.949220  0.673023 0.092276 -0.733842  -0.996521 0.303162 2 13 0.500000 14 0.500000
0  0.578615 -2.679750 2.891235  0.431808 0.007673 -0.901933  -0.979797 0.280640 3 15 0.550000 14 0.350000 13 0.100000
0  0.441285 -2.539370 2.840270  0.347961 0.014078 -0.937403  -0.996521 0.239990 2 13 0.500000 14 0.500000
Leo2A
0  0.441285 -2.539370 2.840270  0.347961 0.014078 -0.937403  -0.996521 0.239990 2 13 0.500000 14 0.500000
0  0.578615 -2.679750 2.891235  0.431808 0.007673 -0.901933  -0.979797 0.280640 3 15 0.550000 14 0.350000 13 0.100000
0  0.419310 -2.816470 2.845155  0.309126 -0.038187 -0.950254  -0.980896 0.244690 3 15 0.550000 14 0.350000 13 0.100000
Leo2A
0  0.419310 -2.816470 2.845155  0.309126 -0.038187 -0.950254  -0.980896 0.244690 3 15 0.550000 14 0.350000 13 0.100000
0  0.222170 -2.634890 2.781370  0.218296 -0.020220 -0.975673  -0.996460 0.206909 2 13 0.500000 14 0.500000
0  0.441285 -2.539370 2.840270  0.347961 0.014078 -0.937403  -0.996521 0.239990 2 13 0.500000 14 0.500000
Leo2A
0  0.083010 -1.468200 3.788450  0.810559 0.545809 0.212337  -0.109131 0.466614 2 13 0.500000 14 0.500000
0  0.125730 -1.553785 3.741865  0.611479 0.781635 -0.123042  -0.131287 0.454651 1 14 1.000000
0  0.128175 -1.556700 3.668515  0.687143 0.724815 0.049768  -0.144104 0.470886 2 13 0.500000 14 0.500000
Leo2A
0  0.136110 -1.489700 3.968000  0.532963 0.840029 -0.101498  -0.105774 0.428101 1 14 1.000000
0  0.125730 -1.553785 3.741865  0.611479 0.781635 -0.123042  -0.131287 0.454651 1 14 1.000000
0  0.083010 -1.468200 3.788450  0.810559 0.545809 0.212337  -0.109131 0.466614 2 13 0.500000 14 0.500000
Leo2A
0  -0.125730 -1.553785 3.741865  -0.611480 0.781635 -0.123042  -0.131287 0.454651 1 14 1.000000
0  -0.083010 -1.468200 3.788450  -0.810559 0.545808 0.212337  -0.109131 0.466614 2 13 0.500000 14 0.500000
0  -0.128175 -1.556700 3.668515  -0.687143 0.724815 0.049769  -0.144104 0.470886 2 13 0.500000 14 0.500000
Leo2A
0  -0.136110 -1.489700 3.968000  -0.532963 0.840029 -0.101497  -0.105774 0.428101 1 14 1.000000
0  -0.083010 -1.468200 3.788450  -0.810559 0.545808 0.212337  -0.109131 0.466614 2 13 0.500000 14 0.500000
0  -0.125730 -1.553785 3.741865  -0.611480 0.781635 -0.123042  -0.131287 0.454651 1 14 1.000000
Leo2A
0  -0.136110 -1.489700 3.968000  -0.532963 0.840029 -0.101497  -0.105774 0.428101 1 14 1.000000
0  0.000000 -1.361220 4.045515  -0.000000 0.987862 -0.155337  -0.075562 0.448425 1 14 1.000000
0  -0.083010 -1.468200 3.788450  -0.810559 0.545808 0.212337  -0.109131 0.466614 2 13 0.500000 14 0.500000
Leo2A
0  -0.083010 -1.468200 3.788450  -0.810559 0.545808 0.212337  -0.109131 0.466614 2 13 0.500000 14 0.500000
0  0.000000 -1.361220 4.045515  -0.000000 0.987862 -0.155337  -0.075562 0.448425 1 14 1.000000
0  0.000000 -1.458435 3.804625  -0.000001 0.907712 0.419593  -0.094604 0.463562 2 13 0.500000 14 0.500000
Leo2A
0  0.000000 -1.458435 3.804625  -0.000001 0.907712 0.419593  -0.094604 0.463562 2 13 0.500000 14 0.500000
0  0.000000 -1.361220 4.045515  -0.000000 0.987862 -0.155337  -0.075562 0.448425 1 14 1.000000
0  0.083010 -1.468200 3.788450  0.810559 0.545809 0.212337  -0.109131 0.466614 2 13 0.500000 14 0.500000
Leo2A
0  0.000000 -1.361220 4.045515  -0.000000 0.987862 -0.155337  -0.075562 0.448425 1 14 1.000000
0  0.136110 -1.489700 3.968000  0.532963 0.840029 -0.101498  -0.105774 0.428101 1 14 1.000000
0  0.083010 -1.468200 3.788450  0.810559 0.545809 0.212337  -0.109131 0.466614 2 13 0.500000 14 0.500000
Leo2A
0  0.000000 -1.330700 4.297285  -0.000000 0.998267 0.058845  -0.058838 0.411926 1 14 1.000000
0  0.136110 -1.489700 3.968000  0.532963 0.840029 -0.101498  -0.105774 0.428101 1 14 1.000000
0  0.000000 -1.361220 4.045515  -0.000000 0.987862 -0.155337  -0.075562 0.448425 1 14 1.000000
Leo2A
0  0.000000 -1.330700 4.297285  -0.000000 0.998267 0.058845  -0.058838 0.411926 1 14 1.000000
0  0.109255 -1.479015 4.314985  0.621292 0.780430 0.070181  -0.084106 0.403809 1 14 1.000000
0  0.136110 -1.489700 3.968000  0.532963 0.840029 -0.101498  -0.105774 0.428101 1 14 1.000000
Leo2A
0  0.000000 -1.363965 4.560345  0.000000 0.986500 0.163761  -0.039185 0.404419 1 14 1.000000
0  0.109255 -1.479015 4.314985  0.621292 0.780430 0.070181  -0.084106 0.403809 1 14 1.000000
0  0.000000 -1.330700 4.297285  -0.000000 0.998267 0.058845  -0.058838 0.411926 1 14 1.000000
Leo2A
0  0.000000 -1.363965 4.560345  0.000000 0.986500 0.163761  -0.039185 0.404419 1 14 1.000000
0  0.165405 -1.571180 4.664715  0.531564 0.798353 0.282971  -0.078186 0.382996 1 14 1.000000
0  0.109255 -1.479015 4.314985  0.621292 0.780430 0.070181  -0.084106 0.403809 1 14 1.000000
Leo2A
0  0.000000 -1.423170 4.744975  0.000000 0.880223 0.474560  -0.045471 0.379578 1 14 1.000000
0  0.165405 -1.571180 4.664715  0.531564 0.798353 0.282971  -0.078186 0.382996 1 14 1.000000
0  0.000000 -1.363965 4.560345  0.000000 0.986500 0.163761  -0.039185 0.404419 1 14 1.000000
Leo2A
0  0.000000 -1.611770 4.979045  0.000000 0.768892 0.639379  -0.040039 0.345703 1 14 1.000000
0  0.165405 -1.571180 4.664715  0.531564 0.798353 0.282971  -0.078186 0.382996 1 14 1.000000
0  0.000000 -1.423170 4.744975  0.000000 0.880223 0.474560  -0.045471 0.379578 1 14 1.000000
Leo2A
0  0.000000 -1.611770 4.979045  0.000000 0.768892 0.639379  -0.040039 0.345703 1 14 1.000000
0  0.000000 -1.423170 4.744975  0.000000 0.880223 0.474560  -0.045471 0.379578 1 14 1.000000
0  -0.165405 -1.571180 4.664715  -0.531564 0.798353 0.282971  -0.078186 0.382996 1 14 1.000000
Leo2A
0  -0.256655 -1.717055 4.900005  -0.392978 0.752228 0.528886  -0.076294 0.357849 1 14 1.000000
0  0.000000 -1.611770 4.979045  0.000000 0.768892 0.639379  -0.040039 0.345703 1 14 1.000000
0  -0.165405 -1.571180 4.664715  -0.531564 0.798353 0.282971  -0.078186 0.382996 1 14 1.000000
Leo2A
0  0.000000 -1.962720 5.264690  -0.000000 0.631997 0.774971  -0.043823 0.330505 1 14 1.000000
0  0.000000 -1.611770 4.979045  0.000000 0.768892 0.639379  -0.040039 0.345703 1 14 1.000000
0  -0.256655 -1.717055 4.900005  -0.392978 0.752228 0.528886  -0.076294 0.357849 1 14 1.000000
Leo2A
0  -0.363770 -2.053360 5.202740  -0.372796 0.524655 0.765350  -0.082031 0.340027 1 14 1.000000
0  0.000000 -1.962720 5.264690  -0.000000 0.631997 0.774971  -0.043823 0.330505 1 14 1.000000
0  -0.256655 -1.717055 4.900005  -0.392978 0.752228 0.528886  -0.076294 0.357849 1 14 1.000000
Leo2A
0  0.000000 -2.303905 5.497235  -0.000000 0.201449 0.979499  -0.022949 0.306213 1 14 1.000000
0  0.000000 -1.962720 5.264690  -0.000000 0.631997 0.774971  -0.043823 0.330505 1 14 1.000000
0  -0.363770 -2.053360 5.202740  -0.372796 0.524655 0.765350  -0.082031 0.340027 1 14 1.000000
Leo2A
0  -0.262755 -2.414990 5.342815  -0.418730 0.067811 0.905575  -0.095886 0.321899 1 14 1.000000
0  0.000000 -2.303905 5.497235  -0.000000 0.201449 0.979499  -0.022949 0.306213 1 14 1.000000
0  -0.363770 -2.053360 5.202740  -0.372796 0.524655 0.765350  -0.082031 0.340027 1 14 1.000000
Leo2A
0  -0.136110 -1.489700 3.968000  -0.532963 0.840029 -0.101497  -0.105774 0.428101 1 14 1.000000
0  0.000000 -1.330700 4.297285  -0.000000 0.998267 0.058845  -0.058838 0.411926 1 14 1.000000
0  0.000000 -1.361220 4.045515  -0.000000 0.987862 -0.155337  -0.075562 0.448425 1 14 1.000000
Leo2A
0  -0.109255 -1.479015 4.314985  -0.621292 0.780430 0.070181  -0.084106 0.403809 1 14 1.000000
0  0.000000 -1.330700 4.297285  -0.000000 0.998267 0.058845  -0.058838 0.411926 1 14 1.000000
0  -0.136110 -1.489700 3.968000  -0.532963 0.840029 -0.101497  -0.105774 0.428101 1 14 1.000000
Leo2A
0  -0.109255 -1.479015 4.314985  -0.621292 0.780430 0.070181  -0.084106 0.403809 1 14 1.000000
0  0.000000 -1.363965 4.560345  0.000000 0.986500 0.163761  -0.039185 0.404419 1 14 1.000000
0  0.000000 -1.330700 4.297285  -0.000000 0.998267 0.058845  -0.058838 0.411926 1 14 1.000000
Leo2A
0  -0.165405 -1.571180 4.664715  -0.531564 0.798353 0.282971  -0.078186 0.382996 1 14 1.000000
0  0.000000 -1.363965 4.560345  0.000000 0.986500 0.163761  -0.039185 0.404419 1 14 1.000000
0  -0.109255 -1.479015 4.314985  -0.621292 0.780430 0.070181  -0.084106 0.403809 1 14 1.000000
Leo2A
0  -0.165405 -1.571180 4.664715  -0.531564 0.798353 0.282971  -0.078186 0.382996 1 14 1.000000
0  0.000000 -1.423170 4.744975  0.000000 0.880223 0.474560  -0.045471 0.379578 1 14 1.000000
0  0.000000 -1.363965 4.560345  0.000000 0.986500 0.163761  -0.039185 0.404419 1 14 1.000000
Leo2A
0  0.000000 -3.120255 5.431015  0.000000 -0.251756 0.967791  -0.104004 0.275818 1 14 1.000000
0  0.000000 -2.303905 5.497235  -0.000000 0.201449 0.979499  -0.022949 0.306213 1 14 1.000000
0  -0.262755 -2.414990 5.342815  -0.418730 0.067811 0.905575  -0.095886 0.321899 1 14 1.000000
Leo2A
0  -0.167845 -3.110180 5.302835  -0.462551 -0.219499 0.858992  -0.122314 0.305420 1 14 1.000000
0  0.000000 -3.120255 5.431015  0.000000 -0.251756 0.967791  -0.104004 0.275818 1 14 1.000000
0  -0.262755 -2.414990 5.342815  -0.418730 0.067811 0.905575  -0.095886 0.321899 1 14 1.000000
Leo2A
0  0.000001 -3.789810 5.158185  0.000000 -0.606761 0.794884  -0.146729 0.263855 1 14 1.000000
0  0.000000 -3.120255 5.431015  0.000000 -0.251756 0.967791  -0.104004 0.275818 1 14 1.000000
0  -0.167845 -3.110180 5.302835  -0.462551 -0.219499 0.858992  -0.122314 0.305420 1 14 1.000000
Leo2A
0  -0.089109 -3.738235 5.046795  -0.555457 -0.513267 0.654236  -0.154968 0.297485 1 14 1.000000
0  0.000001 -3.789810 5.158185  0.000000 -0.606761 0.794884  -0.146729 0.263855 1 14 1.000000
0  -0.167845 -3.110180 5.302835  -0.462551 -0.219499 0.858992  -0.122314 0.305420 1 14 1.000000
Leo2A
0  0.000001 -4.129775 4.783430  0.000000 -0.782925 0.622117  -0.181702 0.261169 1 14 1.000000
0  0.000001 -3.789810 5.158185  0.000000 -0.606761 0.794884  -0.146729 0.263855 1 14 1.000000
0  -0.089109 -3.738235 5.046795  -0.555457 -0.513267 0.654236  -0.154968 0.297485 1 14 1.000000
Leo2A
0  -0.054624 -4.115125 4.717510  -0.479027 -0.707874 0.519083  -0.184876 0.284180 1 14 1.000000
0  0.000001 -4.129775 4.783430  0.000000 -0.782925 0.622117  -0.181702 0.261169 1 14 1.000000
0  -0.089109 -3.738235 5.046795  -0.555457 -0.513267 0.654236  -0.154968 0.297485 1 14 1.000000
Leo2A
0  0.000001 -4.370560 4.313150  -0.000000 -0.939864 0.341550  -0.210877 0.263367 1 14 1.000000
0  0.000001 -4.129775 4.783430  0.000000 -0.782925 0.622117  -0.181702 0.261169 1 14 1.000000
0  -0.054624 -4.115125 4.717510  -0.479027 -0.707874 0.519083  -0.184876 0.284180 1 14 1.000000
Leo2A
0  0.054626 -4.115125 4.717510  0.479028 -0.707874 0.519082  -0.184876 0.284180 1 14 1.000000
0  0.000001 -4.129775 4.783430  0.000000 -0.782925 0.622117  -0.181702 0.261169 1 14 1.000000
0  0.000001 -4.370560 4.313150  -0.000000 -0.939864 0.341550  -0.210877 0.263367 1 14 1.000000
Leo2A
0  0.089111 -3.738235 5.046795  0.555457 -0.513267 0.654236  -0.154968 0.297485 1 14 1.000000
0  0.000001 -4.129775 4.783430  0.000000 -0.782925 0.622117  -0.181702 0.261169 1 14 1.000000
0  0.054626 -4.115125 4.717510  0.479028 -0.707874 0.519082  -0.184876 0.284180 1 14 1.000000
Leo2A
0  0.089111 -3.738235 5.046795  0.555457 -0.513267 0.654236  -0.154968 0.297485 1 14 1.000000
0  0.000001 -3.789810 5.158185  0.000000 -0.606761 0.794884  -0.146729 0.263855 1 14 1.000000
0  0.000001 -4.129775 4.783430  0.000000 -0.782925 0.622117  -0.181702 0.261169 1 14 1.000000
Leo2A
0  0.167845 -3.110180 5.302835  0.462551 -0.219498 0.858992  -0.122314 0.305420 1 14 1.000000
0  0.000001 -3.789810 5.158185  0.000000 -0.606761 0.794884  -0.146729 0.263855 1 14 1.000000
0  0.089111 -3.738235 5.046795  0.555457 -0.513267 0.654236  -0.154968 0.297485 1 14 1.000000
Leo2A
0  0.167845 -3.110180 5.302835  0.462551 -0.219498 0.858992  -0.122314 0.305420 1 14 1.000000
0  0.000000 -3.120255 5.431015  0.000000 -0.251756 0.967791  -0.104004 0.275818 1 14 1.000000
0  0.000001 -3.789810 5.158185  0.000000 -0.606761 0.794884  -0.146729 0.263855 1 14 1.000000
Leo2A
0  0.262755 -2.414990 5.342815  0.418730 0.067811 0.905575  -0.095886 0.321899 1 14 1.000000
0  0.000000 -3.120255 5.431015  0.000000 -0.251756 0.967791  -0.104004 0.275818 1 14 1.000000
0  0.167845 -3.110180 5.302835  0.462551 -0.219498 0.858992  -0.122314 0.305420 1 14 1.000000
Leo2A
0  0.262755 -2.414990 5.342815  0.418730 0.067811 0.905575  -0.095886 0.321899 1 14 1.000000
0  0.000000 -2.303905 5.497235  -0.000000 0.201449 0.979499  -0.022949 0.306213 1 14 1.000000
0  0.000000 -3.120255 5.431015  0.000000 -0.251756 0.967791  -0.104004 0.275818 1 14 1.000000
Leo2A
0  0.363770 -2.053360 5.202740  0.372796 0.524655 0.765350  -0.082031 0.340027 1 14 1.000000
0  0.000000 -2.303905 5.497235  -0.000000 0.201449 0.979499  -0.022949 0.306213 1 14 1.000000
0  0.262755 -2.414990 5.342815  0.418730 0.067811 0.905575  -0.095886 0.321899 1 14 1.000000
Leo2A
0  0.363770 -2.053360 5.202740  0.372796 0.524655 0.765350  -0.082031 0.340027 1 14 1.000000
0  0.000000 -1.962720 5.264690  -0.000000 0.631997 0.774971  -0.043823 0.330505 1 14 1.000000
0  0.000000 -2.303905 5.497235  -0.000000 0.201449 0.979499  -0.022949 0.306213 1 14 1.000000
Leo2A
0  0.256655 -1.717055 4.900005  0.392978 0.752229 0.528886  -0.076294 0.357849 1 14 1.000000
0  0.000000 -1.962720 5.264690  -0.000000 0.631997 0.774971  -0.043823 0.330505 1 14 1.000000
0  0.363770 -2.053360 5.202740  0.372796 0.524655 0.765350  -0.082031 0.340027 1 14 1.000000
Leo2A
0  0.000000 -1.962720 5.264690  -0.000000 0.631997 0.774971  -0.043823 0.330505 1 14 1.000000
0  0.256655 -1.717055 4.900005  0.392978 0.752229 0.528886  -0.076294 0.357849 1 14 1.000000
0  0.000000 -1.611770 4.979045  0.000000 0.768892 0.639379  -0.040039 0.345703 1 14 1.000000
Leo2A
0  0.256655 -1.717055 4.900005  0.392978 0.752229 0.528886  -0.076294 0.357849 1 14 1.000000
0  0.165405 -1.571180 4.664715  0.531564 0.798353 0.282971  -0.078186 0.382996 1 14 1.000000
0  0.000000 -1.611770 4.979045  0.000000 0.768892 0.639379  -0.040039 0.345703 1 14 1.000000
Leo2A
0  0.730895 -3.074780 5.211895  0.494967 -0.167557 0.852603  -0.489136 0.838501 1 14 1.000000
0  0.705870 -3.114455 5.218305  0.342955 -0.195188 0.918849  -0.498779 0.849854 1 14 1.000000
0  0.764160 -3.101940 5.172835  0.436360 0.037792 0.898978  -0.498779 0.832825 1 14 1.000000
Leo2A
0  0.928955 -2.949050 5.113020  0.617434 -0.006621 0.786595  -0.479004 0.801636 1 14 1.000000
0  0.730895 -3.074780 5.211895  0.494967 -0.167557 0.852603  -0.489136 0.838501 1 14 1.000000
0  0.764160 -3.101940 5.172835  0.436360 0.037792 0.898978  -0.498779 0.832825 1 14 1.000000
Leo2A
0  0.775450 -3.174880 5.193280  0.424551 -0.327838 0.843966  -0.509827 0.827698 1 14 1.000000
0  0.928955 -2.949050 5.113020  0.617434 -0.006621 0.786595  -0.479004 0.801636 1 14 1.000000
0  0.764160 -3.101940 5.172835  0.436360 0.037792 0.898978  -0.498779 0.832825 1 14 1.000000
Leo2A
0  0.920105 -3.029310 5.126445  0.552165 -0.081825 0.829710  -0.504700 0.803650 1 14 1.000000
0  0.928955 -2.949050 5.113020  0.617434 -0.006621 0.786595  -0.479004 0.801636 1 14 1.000000
0  0.775450 -3.174880 5.193280  0.424551 -0.327838 0.843966  -0.509827 0.827698 1 14 1.000000
Leo2A
0  0.775450 -3.174880 5.193280  0.424551 -0.327838 0.843966  -0.509827 0.827698 1 14 1.000000
0  0.724180 -3.293590 5.127970  0.421325 -0.430285 0.798336  -0.531250 0.838562 1 14 1.000000
0  0.920105 -3.029310 5.126445  0.552165 -0.081825 0.829710  -0.504700 0.803650 1 14 1.000000
Leo2A
0  0.724180 -3.293590 5.127970  0.421325 -0.430285 0.798336  -0.531250 0.838562 1 14 1.000000
0  1.092530 -3.138260 4.939375  0.836793 -0.148012 0.527134  -0.518616 0.787537 1 14 1.000000
0  0.920105 -3.029310 5.126445  0.552165 -0.081825 0.829710  -0.504700 0.803650 1 14 1.000000
Leo2A
0  0.920105 -3.029310 5.126445  0.552165 -0.081825 0.829710  -0.504700 0.803650 1 14 1.000000
0  1.092530 -3.138260 4.939375  0.836793 -0.148012 0.527134  -0.518616 0.787537 1 14 1.000000
0  0.928955 -2.949050 5.113020  0.617434 -0.006621 0.786595  -0.479004 0.801636 1 14 1.000000
Leo2A
0  -0.000001 4.834435 7.968895  -0.000000 0.885698 -0.464263  -0.470093 0.062561 1 12 1.000000
0  -0.054626 4.492030 7.730555  -0.999627 0.018771 0.019827  -0.433899 0.097534 1 12 1.000000
0  -0.000001 5.115505 8.504480  -0.000000 0.984032 -0.177994  -0.537415 0.071777 1 12 1.000000
Leo2A
0  -0.040896 4.411465 7.429040  -0.994480 0.080676 0.067084  -0.396912 0.079590 1 12 1.000000
0  -0.054626 4.492030 7.730555  -0.999627 0.018771 0.019827  -0.433899 0.097534 1 12 1.000000
0  -0.000001 4.834435 7.968895  -0.000000 0.885698 -0.464263  -0.470093 0.062561 1 12 1.000000
Leo2A
0  -0.000001 4.596095 7.573080  -0.000001 0.820087 0.572239  -0.417786 0.069641 1 12 1.000000
0  -0.040896 4.411465 7.429040  -0.994480 0.080676 0.067084  -0.396912 0.079590 1 12 1.000000
0  -0.000001 4.834435 7.968895  -0.000000 0.885698 -0.464263  -0.470093 0.062561 1 12 1.000000
Leo2A
0  -0.071411 4.548485 7.337180  -0.996758 0.076159 -0.025954  -0.393127 0.061157 1 12 1.000000
0  -0.040896 4.411465 7.429040  -0.994480 0.080676 0.067084  -0.396912 0.079590 1 12 1.000000
0  -0.000001 4.596095 7.573080  -0.000001 0.820087 0.572239  -0.417786 0.069641 1 12 1.000000
Leo2A
0  -0.050051 4.881740 7.629540  -0.996412 0.018121 0.082678  -0.440552 0.041016 1 12 1.000000
0  -0.071411 4.548485 7.337180  -0.996758 0.076159 -0.025954  -0.393127 0.061157 1 12 1.000000
0  -0.000001 4.596095 7.573080  -0.000001 0.820087 0.572239  -0.417786 0.069641 1 12 1.000000
Leo2A
0  -0.000001 5.015710 7.440940  -0.000000 0.841325 -0.540530  -0.435730 0.025452 1 12 1.000000
0  -0.071411 4.548485 7.337180  -0.996758 0.076159 -0.025954  -0.393127 0.061157 1 12 1.000000
0  -0.050051 4.881740 7.629540  -0.996412 0.018121 0.082678  -0.440552 0.041016 1 12 1.000000
Leo2A
0  -0.050051 4.881740 7.629540  -0.996412 0.018121 0.082678  -0.440552 0.041016 1 12 1.000000
0  -0.000001 5.186305 8.129109  -0.000001 0.489142 0.872204  -0.519775 0.041077 1 12 1.000000
0  -0.000001 5.015710 7.440940  -0.000000 0.841325 -0.540530  -0.435730 0.025452 1 12 1.000000
Leo2A
0  -0.000001 5.186305 8.129109  -0.000001 0.489142 0.872204  -0.519775 0.041077 1 12 1.000000
0  0.050049 4.881740 7.629540  0.996412 0.018122 0.082678  -0.440552 0.041016 1 12 1.000000
0  -0.000001 5.015710 7.440940  -0.000000 0.841325 -0.540530  -0.435730 0.025452 1 12 1.000000
Leo2A
0  0.050049 4.881740 7.629540  0.996412 0.018122 0.082678  -0.440552 0.041016 1 12 1.000000
0  -0.000001 5.186305 8.129109  -0.000001 0.489142 0.872204  -0.519775 0.041077 1 12 1.000000
0  -0.000001 4.876245 7.791895  0.000000 -0.705343 0.708866  -0.457703 0.052368 1 12 1.000000
Leo2A
0  0.050049 4.881740 7.629540  0.996412 0.018122 0.082678  -0.440552 0.041016 1 12 1.000000
0  -0.000001 4.876245 7.791895  0.000000 -0.705343 0.708866  -0.457703 0.052368 1 12 1.000000
0  -0.000001 4.596095 7.573080  -0.000001 0.820087 0.572239  -0.417786 0.069641 1 12 1.000000
Leo2A
0  -0.000001 4.596095 7.573080  -0.000001 0.820087 0.572239  -0.417786 0.069641 1 12 1.000000
0  -0.000001 4.876245 7.791895  0.000000 -0.705343 0.708866  -0.457703 0.052368 1 12 1.000000
0  -0.050051 4.881740 7.629540  -0.996412 0.018121 0.082678  -0.440552 0.041016 1 12 1.000000
Leo2A
0  -0.000001 4.876245 7.791895  0.000000 -0.705343 0.708866  -0.457703 0.052368 1 12 1.000000
0  -0.000001 5.186305 8.129109  -0.000001 0.489142 0.872204  -0.519775 0.041077 1 12 1.000000
0  -0.050051 4.881740 7.629540  -0.996412 0.018121 0.082678  -0.440552 0.041016 1 12 1.000000
Leo2A
0  0.261536 -4.110855 3.301190  -0.959213 0.011441 -0.282453  -0.991943 0.646667 1 14 1.000000
0  0.331881 -4.014420 3.066205  0.027890 0.331745 -0.942957  -0.811096 0.647095 1 14 1.000000
0  0.325776 -4.154340 3.284405  0.067788 -0.840718 -0.537213  -0.991943 0.601440 1 14 1.000000
Leo2A
0  0.320436 -4.041120 3.339185  -0.128100 0.987557 0.091223  -0.991943 0.691895 1 14 1.000000
0  0.331881 -4.014420 3.066205  0.027890 0.331745 -0.942957  -0.811096 0.647095 1 14 1.000000
0  0.261536 -4.110855 3.301190  -0.959213 0.011441 -0.282453  -0.991943 0.646667 1 14 1.000000
Leo2A
0  0.388336 -4.090865 3.306070  0.966826 0.194516 -0.165564  -0.991943 0.646545 1 14 1.000000
0  0.331881 -4.014420 3.066205  0.027890 0.331745 -0.942957  -0.811096 0.647095 1 14 1.000000
0  0.320436 -4.041120 3.339185  -0.128100 0.987557 0.091223  -0.991943 0.691895 1 14 1.000000
Leo2A
0  0.325776 -4.154340 3.284405  0.067788 -0.840718 -0.537213  -0.991943 0.601318 1 14 1.000000
0  0.331881 -4.014420 3.066205  0.027890 0.331745 -0.942957  -0.811096 0.647095 1 14 1.000000
0  0.388336 -4.090865 3.306070  0.966826 0.194516 -0.165564  -0.991943 0.646545 1 14 1.000000
Leo2A
0  -0.508424 -4.099255 3.827925  -0.216857 -0.100814 -0.970984  -0.853638 0.881287 1 14 1.000000
0  -0.372924 -4.168835 3.799540  -0.488112 -0.617655 -0.616643  -0.853210 0.909668 1 14 1.000000
0  -0.321959 -4.209120 3.795575  -0.274190 -0.449358 -0.850234  -0.850586 0.922180 1 14 1.000000
Leo2A
0  -0.372924 -4.168835 3.799540  -0.488112 -0.617655 -0.616643  -0.853210 0.909668 1 14 1.000000
0  -0.364684 -4.144730 3.738200  -0.626316 -0.779145 0.025719  -0.863586 0.910339 1 14 1.000000
0  -0.321959 -4.209120 3.795575  -0.274190 -0.449358 -0.850234  -0.850586 0.922180 1 14 1.000000
Leo2A
0  -0.321959 -4.209120 3.795575  -0.274190 -0.449358 -0.850234  -0.850586 0.922180 1 14 1.000000
0  -0.364684 -4.144730 3.738200  -0.626316 -0.779145 0.025719  -0.863586 0.910339 1 14 1.000000
0  -0.328674 -4.186535 3.726910  -0.615812 -0.667115 0.419206  -0.865601 0.920532 1 14 1.000000
Leo2A
0  -0.364684 -4.144730 3.738200  -0.626316 -0.779145 0.025719  -0.863586 0.910339 1 14 1.000000
0  -0.501099 -4.079725 3.649700  -0.554495 -0.465283 0.689961  -0.885864 0.884460 1 14 1.000000
0  -0.328674 -4.186535 3.726910  -0.615812 -0.667115 0.419206  -0.865601 0.920532 1 14 1.000000
Leo2A
0  -0.328674 -4.186535 3.726910  -0.615812 -0.667115 0.419206  -0.865601 0.920532 1 14 1.000000
0  -0.501099 -4.079725 3.649700  -0.554495 -0.465283 0.689961  -0.885864 0.884460 1 14 1.000000
0  -0.390014 -4.336380 3.631085  -0.449427 -0.645074 0.617976  -0.889954 0.915649 1 14 1.000000
Leo2A
0  -0.501099 -4.079725 3.649700  -0.554495 -0.465283 0.689961  -0.885864 0.884460 1 14 1.000000
0  -0.622864 -4.173415 3.543195  -0.666397 -0.567893 0.483128  -0.908142 0.878540 1 14 1.000000
0  -0.390014 -4.336380 3.631085  -0.449427 -0.645074 0.617976  -0.889954 0.915649 1 14 1.000000
Leo2A
0  -0.390014 -4.336380 3.631085  -0.449427 -0.645074 0.617976  -0.889954 0.915649 1 14 1.000000
0  -0.622864 -4.173415 3.543195  -0.666397 -0.567893 0.483128  -0.908142 0.878540 1 14 1.000000
0  -0.409544 -4.365980 3.523970  -0.510887 -0.848666 0.136967  -0.910583 0.909607 1 14 1.000000
Leo2A
0  -0.622864 -4.173415 3.543195  -0.666397 -0.567893 0.483128  -0.908142 0.878540 1 14 1.000000
0  -0.392454 -4.372390 3.372295  -0.421198 -0.862181 -0.281491  -0.945374 0.901306 1 14 1.000000
0  -0.409544 -4.365980 3.523970  -0.510887 -0.848666 0.136967  -0.910583 0.909607 1 14 1.000000
Leo2A
0  -0.392454 -4.372390 3.372295  -0.421198 -0.862181 -0.281491  -0.945374 0.901306 1 14 1.000000
0  -0.195924 -4.438610 3.543500  -0.212927 -0.969028 0.125085  -0.912964 0.951050 1 14 1.000000
0  -0.409544 -4.365980 3.523970  -0.510887 -0.848666 0.136967  -0.910583 0.909607 1 14 1.000000
Leo2A
0  0.000001 -4.440445 3.368025  0.000000 -0.946576 -0.322481  -0.938416 0.988648 1 14 1.000000
0  -0.195924 -4.438610 3.543500  -0.212927 -0.969028 0.125085  -0.912964 0.951050 1 14 1.000000
0  -0.392454 -4.372390 3.372295  -0.421198 -0.862181 -0.281491  -0.945374 0.901306 1 14 1.000000
Leo2A
0  0.000001 -4.462110 3.559980  0.000000 -0.990034 0.140828  -0.910400 0.988648 1 14 1.000000
0  -0.195924 -4.438610 3.543500  -0.212927 -0.969028 0.125085  -0.912964 0.951050 1 14 1.000000
0  0.000001 -4.440445 3.368025  0.000000 -0.946576 -0.322481  -0.938416 0.988648 1 14 1.000000
Leo2A
0  0.195926 -4.438610 3.543500  0.212927 -0.969028 0.125087  -0.912964 0.951050 1 14 1.000000
0  0.000001 -4.462110 3.559980  0.000000 -0.990034 0.140828  -0.910400 0.988648 1 14 1.000000
0  0.000001 -4.440445 3.368025  0.000000 -0.946576 -0.322481  -0.938416 0.988648 1 14 1.000000
Leo2A
0  0.181581 -4.393140 3.657635  0.273398 -0.808579 0.521012  -0.887390 0.952881 1 14 1.000000
0  0.000001 -4.462110 3.559980  0.000000 -0.990034 0.140828  -0.910400 0.988648 1 14 1.000000
0  0.195926 -4.438610 3.543500  0.212927 -0.969028 0.125087  -0.912964 0.951050 1 14 1.000000
Leo2A
0  0.390016 -4.336380 3.631085  0.449427 -0.645074 0.617977  -0.889954 0.915649 1 14 1.000000
0  0.181581 -4.393140 3.657635  0.273398 -0.808579 0.521012  -0.887390 0.952881 1 14 1.000000
0  0.195926 -4.438610 3.543500  0.212927 -0.969028 0.125087  -0.912964 0.951050 1 14 1.000000
Leo2A
0  0.328676 -4.186535 3.726910  0.615812 -0.667116 0.419205  -0.865601 0.920532 1 14 1.000000
0  0.181581 -4.393140 3.657635  0.273398 -0.808579 0.521012  -0.887390 0.952881 1 14 1.000000
0  0.390016 -4.336380 3.631085  0.449427 -0.645074 0.617977  -0.889954 0.915649 1 14 1.000000
Leo2A
0  0.501101 -4.079725 3.649700  0.554496 -0.465284 0.689960  -0.885864 0.884460 1 14 1.000000
0  0.328676 -4.186535 3.726910  0.615812 -0.667116 0.419205  -0.865601 0.920532 1 14 1.000000
0  0.390016 -4.336380 3.631085  0.449427 -0.645074 0.617977  -0.889954 0.915649 1 14 1.000000
Leo2A
0  0.364686 -4.144730 3.738200  0.626315 -0.779145 0.025721  -0.863586 0.910339 1 14 1.000000
0  0.328676 -4.186535 3.726910  0.615812 -0.667116 0.419205  -0.865601 0.920532 1 14 1.000000
0  0.501101 -4.079725 3.649700  0.554496 -0.465284 0.689960  -0.885864 0.884460 1 14 1.000000
Leo2A
0  0.497741 -4.066605 3.669230  0.612468 -0.763279 0.205641  -0.879456 0.877197 1 14 1.000000
0  0.364686 -4.144730 3.738200  0.626315 -0.779145 0.025721  -0.863586 0.910339 1 14 1.000000
0  0.501101 -4.079725 3.649700  0.554496 -0.465284 0.689960  -0.885864 0.884460 1 14 1.000000
Leo2A
0  -0.764160 -3.101940 5.172835  -0.436365 0.037792 0.898976  -0.498779 0.832825 1 14 1.000000
0  -0.705869 -3.114455 5.218305  -0.342955 -0.195188 0.918849  -0.498779 0.849854 1 14 1.000000
0  -0.730895 -3.074780 5.211895  -0.494969 -0.167557 0.852602  -0.489136 0.838501 1 14 1.000000
Leo2A
0  -0.775450 -3.174880 5.193280  -0.424550 -0.327838 0.843966  -0.509827 0.827698 1 14 1.000000
0  -0.705869 -3.114455 5.218305  -0.342955 -0.195188 0.918849  -0.498779 0.849854 1 14 1.000000
0  -0.764160 -3.101940 5.172835  -0.436365 0.037792 0.898976  -0.498779 0.832825 1 14 1.000000
Leo2A
0  -0.705869 -3.114455 5.218305  -0.342955 -0.195188 0.918849  -0.498779 0.849854 1 14 1.000000
0  -0.775450 -3.174880 5.193280  -0.424550 -0.327838 0.843966  -0.509827 0.827698 1 14 1.000000
0  -0.724180 -3.293590 5.127970  -0.421325 -0.430286 0.798336  -0.531250 0.838562 1 14 1.000000
Leo2A
0  -0.724180 -3.293590 5.127970  -0.421325 -0.430286 0.798336  -0.531250 0.838562 1 14 1.000000
0  -0.775450 -3.174880 5.193280  -0.424550 -0.327838 0.843966  -0.509827 0.827698 1 14 1.000000
0  -0.920105 -3.029310 5.126445  -0.552159 -0.081827 0.829714  -0.504700 0.803650 1 14 1.000000
Leo2A
0  -1.092530 -3.138260 4.939375  -0.836793 -0.148012 0.527134  -0.518616 0.787537 1 14 1.000000
0  -0.724180 -3.293590 5.127970  -0.421325 -0.430286 0.798336  -0.531250 0.838562 1 14 1.000000
0  -0.920105 -3.029310 5.126445  -0.552159 -0.081827 0.829714  -0.504700 0.803650 1 14 1.000000
Leo2A
0  -0.920105 -3.029310 5.126445  -0.552159 -0.081827 0.829714  -0.504700 0.803650 1 14 1.000000
0  -0.928955 -2.949050 5.113020  -0.617433 -0.006622 0.786596  -0.479004 0.801636 1 14 1.000000
0  -1.092530 -3.138260 4.939375  -0.836793 -0.148012 0.527134  -0.518616 0.787537 1 14 1.000000
Leo2A
0  -0.928955 -2.949050 5.113020  -0.617433 -0.006622 0.786596  -0.479004 0.801636 1 14 1.000000
0  -1.113280 -3.092480 4.880780  -0.901351 -0.110818 0.418672  -0.511780 0.768005 1 14 1.000000
0  -1.092530 -3.138260 4.939375  -0.836793 -0.148012 0.527134  -0.518616 0.787537 1 14 1.000000
Leo2A
0  -0.928955 -2.949050 5.113020  -0.617433 -0.006622 0.786596  -0.479004 0.801636 1 14 1.000000
0  -1.180725 -2.817215 4.835920  -0.871827 -0.073667 0.484242  -0.469177 0.753052 1 14 1.000000
0  -1.113280 -3.092480 4.880780  -0.901351 -0.110818 0.418672  -0.511780 0.768005 1 14 1.000000
Leo2A
0  -1.180725 -2.817215 4.835920  -0.871827 -0.073667 0.484242  -0.469177 0.753052 1 14 1.000000
0  -1.239320 -2.964005 4.614360  -0.921316 -0.190251 0.339089  -0.553833 0.724243 1 14 1.000000
0  -1.113280 -3.092480 4.880780  -0.901351 -0.110818 0.418672  -0.511780 0.768005 1 14 1.000000
Leo2A
0  -1.239320 -2.964005 4.614360  -0.921316 -0.190251 0.339089  -0.553833 0.724243 1 14 1.000000
0  -1.180725 -2.817215 4.835920  -0.871827 -0.073667 0.484242  -0.469177 0.753052 1 14 1.000000
0  -1.217345 -2.540115 4.774275  -0.932611 0.126424 0.338013  -0.471985 0.697754 1 14 1.000000
Leo2A
0  -1.314090 -2.826675 4.508465  -0.975039 -0.080424 0.206958  -0.596863 0.677979 1 14 1.000000
0  -1.239320 -2.964005 4.614360  -0.921316 -0.190251 0.339089  -0.553833 0.724243 1 14 1.000000
0  -1.217345 -2.540115 4.774275  -0.932611 0.126424 0.338013  -0.471985 0.697754 1 14 1.000000
Leo2A
0  -1.217345 -2.540115 4.774275  -0.932611 0.126424 0.338013  -0.471985 0.697754 1 14 1.000000
0  -1.156615 -2.316115 4.795635  -0.805994 0.393339 0.442333  -0.419556 0.693909 1 14 1.000000
0  -1.314090 -2.826675 4.508465  -0.975039 -0.080424 0.206958  -0.596863 0.677979 1 14 1.000000
Leo2A
0  -0.775450 -3.174880 5.193280  -0.424550 -0.327838 0.843966  -0.509827 0.827698 1 14 1.000000
0  -0.928955 -2.949050 5.113020  -0.617433 -0.006622 0.786596  -0.479004 0.801636 1 14 1.000000
0  -0.920105 -3.029310 5.126445  -0.552159 -0.081827 0.829714  -0.504700 0.803650 1 14 1.000000
Leo2A
0  -0.928955 -2.949050 5.113020  -0.617433 -0.006622 0.786596  -0.479004 0.801636 1 14 1.000000
0  -0.775450 -3.174880 5.193280  -0.424550 -0.327838 0.843966  -0.509827 0.827698 1 14 1.000000
0  -0.764160 -3.101940 5.172835  -0.436365 0.037792 0.898976  -0.498779 0.832825 1 14 1.000000
Leo2A
0  -0.730895 -3.074780 5.211895  -0.494969 -0.167557 0.852602  -0.489136 0.838501 1 14 1.000000
0  -0.928955 -2.949050 5.113020  -0.617433 -0.006622 0.786596  -0.479004 0.801636 1 14 1.000000
0  -0.764160 -3.101940 5.172835  -0.436365 0.037792 0.898976  -0.498779 0.832825 1 14 1.000000
Leo2A
0  -1.092530 -3.138260 4.939375  -0.836793 -0.148012 0.527134  -0.518616 0.787537 1 14 1.000000
0  -1.113280 -3.092480 4.880780  -0.901351 -0.110818 0.418672  -0.511780 0.768005 1 14 1.000000
0  -1.041564 -3.445265 4.798990  -0.762970 -0.512522 0.393952  -0.561340 0.808533 1 14 1.000000
Leo2A
0  -1.041564 -3.445265 4.798990  -0.762970 -0.512522 0.393952  -0.561340 0.808533 1 14 1.000000
0  -0.690309 -3.661330 4.957990  -0.334920 -0.763698 0.551900  -0.566040 0.866638 1 14 1.000000
0  -1.092530 -3.138260 4.939375  -0.836793 -0.148012 0.527134  -0.518616 0.787537 1 14 1.000000
Leo2A
0  -0.690309 -3.661330 4.957990  -0.334920 -0.763698 0.551900  -0.566040 0.866638 1 14 1.000000
0  -0.724180 -3.293590 5.127970  -0.421325 -0.430286 0.798336  -0.531250 0.838562 1 14 1.000000
0  -1.092530 -3.138260 4.939375  -0.836793 -0.148012 0.527134  -0.518616 0.787537 1 14 1.000000
Leo2A
0  -0.690309 -3.661330 4.957990  -0.334920 -0.763698 0.551900  -0.566040 0.866638 1 14 1.000000
0  -0.347290 -3.385145 5.222885  0.041119 -0.333535 0.941840  -0.509338 0.901245 1 14 1.000000
0  -0.724180 -3.293590 5.127970  -0.421325 -0.430286 0.798336  -0.531250 0.838562 1 14 1.000000
Leo2A
0  -0.347290 -3.385145 5.222885  0.041119 -0.333535 0.941840  -0.509338 0.901245 1 14 1.000000
0  -0.705869 -3.114455 5.218305  -0.342955 -0.195188 0.918849  -0.498779 0.849854 1 14 1.000000
0  -0.724180 -3.293590 5.127970  -0.421325 -0.430286 0.798336  -0.531250 0.838562 1 14 1.000000
Leo2A
0  -1.235350 -3.357375 4.288130  -0.935855 -0.333675 0.113295  -0.693909 0.747986 1 14 1.000000
0  -1.239320 -2.964005 4.614360  -0.921316 -0.190251 0.339089  -0.553833 0.724243 1 14 1.000000
0  -1.314090 -2.826675 4.508465  -0.975039 -0.080424 0.206958  -0.596863 0.677979 1 14 1.000000
Leo2A
0  -1.239320 -2.964005 4.614360  -0.921316 -0.190251 0.339089  -0.553833 0.724243 1 14 1.000000
0  -1.235350 -3.357375 4.288130  -0.935855 -0.333675 0.113295  -0.693909 0.747986 1 14 1.000000
0  -1.181030 -3.424515 4.469400  -0.861294 -0.481554 0.162109  -0.657104 0.758240 1 14 1.000000
Leo2A
0  -1.113280 -3.092480 4.880780  -0.901351 -0.110818 0.418672  -0.511780 0.768005 1 14 1.000000
0  -1.239320 -2.964005 4.614360  -0.921316 -0.190251 0.339089  -0.553833 0.724243 1 14 1.000000
0  -1.181030 -3.424515 4.469400  -0.861294 -0.481554 0.162109  -0.657104 0.758240 1 14 1.000000
Leo2A
0  -1.113280 -3.092480 4.880780  -0.901351 -0.110818 0.418672  -0.511780 0.768005 1 14 1.000000
0  -1.181030 -3.424515 4.469400  -0.861294 -0.481554 0.162109  -0.657104 0.758240 1 14 1.000000
0  -1.050110 -3.456860 4.738875  -0.795487 -0.491235 0.354809  -0.571045 0.800354 1 14 1.000000
Leo2A
0  -1.113280 -3.092480 4.880780  -0.901351 -0.110818 0.418672  -0.511780 0.768005 1 14 1.000000
0  -1.050110 -3.456860 4.738875  -0.795487 -0.491235 0.354809  -0.571045 0.800354 1 14 1.000000
0  -1.041564 -3.445265 4.798990  -0.762970 -0.512522 0.393952  -0.561340 0.808533 1 14 1.000000
Leo2A
0  -1.041564 -3.445265 4.798990  -0.762970 -0.512522 0.393952  -0.561340 0.808533 1 14 1.000000
0  -1.050110 -3.456860 4.738875  -0.795487 -0.491235 0.354809  -0.571045 0.800354 1 14 1.000000
0  -0.652159 -3.697950 4.882915  -0.346100 -0.751105 0.562188  -0.577576 0.876099 1 14 1.000000
Leo2A
0  -0.652159 -3.697950 4.882915  -0.346100 -0.751105 0.562188  -0.577576 0.876099 1 14 1.000000
0  -0.690309 -3.661330 4.957990  -0.334920 -0.763698 0.551900  -0.566040 0.866638 1 14 1.000000
0  -1.041564 -3.445265 4.798990  -0.762970 -0.512522 0.393952  -0.561340 0.808533 1 14 1.000000
Leo2A
0  -0.652159 -3.697950 4.882915  -0.346100 -0.751105 0.562188  -0.577576 0.876099 1 14 1.000000
0  -0.280759 -3.464795 5.180465  -0.031477 -0.457304 0.888753  -0.517700 0.914673 1 14 1.000000
0  -0.690309 -3.661330 4.957990  -0.334920 -0.763698 0.551900  -0.566040 0.866638 1 14 1.000000
Leo2A
0  -0.280759 -3.464795 5.180465  -0.031477 -0.457304 0.888753  -0.517700 0.914673 1 14 1.000000
0  -0.347290 -3.385145 5.222885  0.041119 -0.333535 0.941840  -0.509338 0.901245 1 14 1.000000
0  -0.690309 -3.661330 4.957990  -0.334920 -0.763698 0.551900  -0.566040 0.866638 1 14 1.000000
Leo2A
0  -0.280759 -3.464795 5.180465  -0.031477 -0.457304 0.888753  -0.517700 0.914673 1 14 1.000000
0  -0.428465 -2.776320 5.355025  0.056742 -0.058860 0.996652  -0.424194 0.878296 1 14 1.000000
0  -0.347290 -3.385145 5.222885  0.041119 -0.333535 0.941840  -0.509338 0.901245 1 14 1.000000
Leo2A
0  -0.428465 -2.776320 5.355025  0.056742 -0.058860 0.996652  -0.424194 0.878296 1 14 1.000000
0  -0.705869 -3.114455 5.218305  -0.342955 -0.195188 0.918849  -0.498779 0.849854 1 14 1.000000
0  -0.347290 -3.385145 5.222885  0.041119 -0.333535 0.941840  -0.509338 0.901245 1 14 1.000000
Leo2A
0  -0.705869 -3.114455 5.218305  -0.342955 -0.195188 0.918849  -0.498779 0.849854 1 14 1.000000
0  -0.428465 -2.776320 5.355025  0.056742 -0.058860 0.996652  -0.424194 0.878296 1 14 1.000000
0  -0.572510 -2.514785 5.316570  -0.161830 0.177420 0.970739  -0.393372 0.847107 1 14 1.000000
Leo2A
0  -0.705869 -3.114455 5.218305  -0.342955 -0.195188 0.918849  -0.498779 0.849854 1 14 1.000000
0  -0.572510 -2.514785 5.316570  -0.161830 0.177420 0.970739  -0.393372 0.847107 1 14 1.000000
0  -0.730895 -3.074780 5.211895  -0.494969 -0.167557 0.852602  -0.489136 0.838501 1 14 1.000000
Leo2A
0  -0.730895 -3.074780 5.211895  -0.494969 -0.167557 0.852602  -0.489136 0.838501 1 14 1.000000
0  -0.572510 -2.514785 5.316570  -0.161830 0.177420 0.970739  -0.393372 0.847107 1 14 1.000000
0  -0.777285 -2.409500 5.221355  -0.456402 0.292503 0.840321  -0.384766 0.792175 1 14 1.000000
Leo2A
0  -0.777285 -2.409500 5.221355  -0.456402 0.292503 0.840321  -0.384766 0.792175 1 14 1.000000
0  -0.928955 -2.949050 5.113020  -0.617433 -0.006622 0.786596  -0.479004 0.801636 1 14 1.000000
0  -0.730895 -3.074780 5.211895  -0.494969 -0.167557 0.852602  -0.489136 0.838501 1 14 1.000000
Leo2A
0  -0.777285 -2.409500 5.221355  -0.456402 0.292503 0.840321  -0.384766 0.792175 1 14 1.000000
0  -1.052550 -2.440625 5.009870  -0.689919 0.270771 0.671337  -0.410095 0.731262 1 14 1.000000
0  -0.928955 -2.949050 5.113020  -0.617433 -0.006622 0.786596  -0.479004 0.801636 1 14 1.000000
Leo2A
0  -1.052550 -2.440625 5.009870  -0.689919 0.270771 0.671337  -0.410095 0.731262 1 14 1.000000
0  -1.180725 -2.817215 4.835920  -0.871827 -0.073667 0.484242  -0.469177 0.753052 1 14 1.000000
0  -0.928955 -2.949050 5.113020  -0.617433 -0.006622 0.786596  -0.479004 0.801636 1 14 1.000000
Leo2A
0  -1.217345 -2.540115 4.774275  -0.932611 0.126424 0.338013  -0.471985 0.697754 1 14 1.000000
0  -1.180725 -2.817215 4.835920  -0.871827 -0.073667 0.484242  -0.469177 0.753052 1 14 1.000000
0  -1.052550 -2.440625 5.009870  -0.689919 0.270771 0.671337  -0.410095 0.731262 1 14 1.000000
Leo2A
0  -0.572510 -2.514785 5.316570  -0.161830 0.177420 0.970739  -0.393372 0.847107 1 14 1.000000
0  -0.504150 -2.331680 5.248515  -0.246115 0.335335 0.909383  -0.380554 0.848083 1 14 1.000000
0  -0.777285 -2.409500 5.221355  -0.456402 0.292503 0.840321  -0.384766 0.792175 1 14 1.000000
Leo2A
0  -0.572510 -2.514785 5.316570  -0.161830 0.177420 0.970739  -0.393372 0.847107 1 14 1.000000
0  -0.347595 -2.682630 5.324505  0.040524 0.029054 0.998756  -0.417603 0.881836 1 14 1.000000
0  -0.504150 -2.331680 5.248515  -0.246115 0.335335 0.909383  -0.380554 0.848083 1 14 1.000000
Leo2A
0  -0.428465 -2.776320 5.355025  0.056742 -0.058860 0.996652  -0.424194 0.878296 1 14 1.000000
0  -0.347595 -2.682630 5.324505  0.040524 0.029054 0.998756  -0.417603 0.881836 1 14 1.000000
0  -0.572510 -2.514785 5.316570  -0.161830 0.177420 0.970739  -0.393372 0.847107 1 14 1.000000
Leo2A
0  -0.347595 -2.682630 5.324505  0.040524 0.029054 0.998756  -0.417603 0.881836 1 14 1.000000
0  -0.428465 -2.776320 5.355025  0.056742 -0.058860 0.996652  -0.424194 0.878296 1 14 1.000000
0  -0.280759 -3.464795 5.180465  -0.031477 -0.457304 0.888753  -0.517700 0.914673 1 14 1.000000
Leo2A
0  -1.235350 -3.357375 4.288130  -0.935855 -0.333675 0.113295  -0.693909 0.747986 1 14 1.000000
0  -1.053769 -3.834670 4.101665  -0.842263 -0.539062 -0.002179  -0.764282 0.805359 1 14 1.000000
0  -0.905149 -3.824295 4.481610  -0.681543 -0.623354 0.383313  -0.690735 0.828735 1 14 1.000000
Leo2A
0  -1.235350 -3.357375 4.288130  -0.935855 -0.333675 0.113295  -0.693909 0.747986 1 14 1.000000
0  -0.905149 -3.824295 4.481610  -0.681543 -0.623354 0.383313  -0.690735 0.828735 1 14 1.000000
0  -0.940244 -3.675670 4.651285  -0.672534 -0.583805 0.454829  -0.638794 0.814575 1 14 1.000000
Leo2A
0  -1.181030 -3.424515 4.469400  -0.861294 -0.481554 0.162109  -0.657104 0.758240 1 14 1.000000
0  -1.235350 -3.357375 4.288130  -0.935855 -0.333675 0.113295  -0.693909 0.747986 1 14 1.000000
0  -0.940244 -3.675670 4.651285  -0.672534 -0.583805 0.454829  -0.638794 0.814575 1 14 1.000000
Leo2A
0  -1.050110 -3.456860 4.738875  -0.795487 -0.491235 0.354809  -0.571045 0.800354 1 14 1.000000
0  -1.181030 -3.424515 4.469400  -0.861294 -0.481554 0.162109  -0.657104 0.758240 1 14 1.000000
0  -0.940244 -3.675670 4.651285  -0.672534 -0.583805 0.454829  -0.638794 0.814575 1 14 1.000000
Leo2A
0  -1.050110 -3.456860 4.738875  -0.795487 -0.491235 0.354809  -0.571045 0.800354 1 14 1.000000
0  -0.940244 -3.675670 4.651285  -0.672534 -0.583805 0.454829  -0.638794 0.814575 1 14 1.000000
0  -0.652159 -3.697950 4.882915  -0.346100 -0.751105 0.562188  -0.577576 0.876099 1 14 1.000000
Leo2A
0  -0.652159 -3.697950 4.882915  -0.346100 -0.751105 0.562188  -0.577576 0.876099 1 14 1.000000
0  -0.940244 -3.675670 4.651285  -0.672534 -0.583805 0.454829  -0.638794 0.814575 1 14 1.000000
0  -0.514829 -4.030895 4.626570  -0.394408 -0.742007 0.542095  -0.664124 0.903503 1 14 1.000000
Leo2A
0  -0.940244 -3.675670 4.651285  -0.672534 -0.583805 0.454829  -0.638794 0.814575 1 14 1.000000
0  -0.905149 -3.824295 4.481610  -0.681543 -0.623354 0.383313  -0.690735 0.828735 1 14 1.000000
0  -0.514829 -4.030895 4.626570  -0.394408 -0.742007 0.542095  -0.664124 0.903503 1 14 1.000000
Leo2A
0  -1.052550 -2.440625 5.009870  -0.689919 0.270771 0.671337  -0.410095 0.731262 1 14 1.000000
0  -1.156615 -2.316115 4.795635  -0.805994 0.393339 0.442333  -0.419556 0.693909 1 14 1.000000
0  -1.217345 -2.540115 4.774275  -0.932611 0.126424 0.338013  -0.471985 0.697754 1 14 1.000000
Leo2A
0  -1.156615 -2.316115 4.795635  -0.805994 0.393339 0.442333  -0.419556 0.693909 1 14 1.000000
0  -1.052550 -2.440625 5.009870  -0.689919 0.270771 0.671337  -0.410095 0.731262 1 14 1.000000
0  -0.777285 -2.409500 5.221355  -0.456402 0.292503 0.840321  -0.384766 0.792175 1 14 1.000000
Leo2A
0  -0.756530 -2.154370 5.052290  -0.484135 0.538397 0.689741  -0.377014 0.789978 1 14 1.000000
0  -1.156615 -2.316115 4.795635  -0.805994 0.393339 0.442333  -0.419556 0.693909 1 14 1.000000
0  -0.777285 -2.409500 5.221355  -0.456402 0.292503 0.840321  -0.384766 0.792175 1 14 1.000000
Leo2A
0  -0.777285 -2.409500 5.221355  -0.456402 0.292503 0.840321  -0.384766 0.792175 1 14 1.000000
0  -0.504150 -2.331680 5.248515  -0.246115 0.335335 0.909383  -0.380554 0.848083 1 14 1.000000
0  -0.756530 -2.154370 5.052290  -0.484135 0.538397 0.689741  -0.377014 0.789978 1 14 1.000000
Leo2A
0  -0.756530 -2.154370 5.052290  -0.484135 0.538397 0.689741  -0.377014 0.789978 1 14 1.000000
0  -0.504150 -2.331680 5.248515  -0.246115 0.335335 0.909383  -0.380554 0.848083 1 14 1.000000
0  -0.363770 -2.053360 5.202740  -0.372796 0.524655 0.765350  -0.372681 0.852539 1 14 1.000000
Leo2A
0  -0.363770 -2.053360 5.202740  -0.372796 0.524655 0.765350  -0.372681 0.852539 1 14 1.000000
0  -0.504150 -2.331680 5.248515  -0.246115 0.335335 0.909383  -0.380554 0.848083 1 14 1.000000
0  -0.262755 -2.414990 5.342815  -0.418730 0.067811 0.905575  -0.396484 0.878662 1 14 1.000000
Leo2A
0  -0.504150 -2.331680 5.248515  -0.246115 0.335335 0.909383  -0.380554 0.848083 1 14 1.000000
0  -0.347595 -2.682630 5.324505  0.040524 0.029054 0.998756  -0.417603 0.881836 1 14 1.000000
0  -0.262755 -2.414990 5.342815  -0.418730 0.067811 0.905575  -0.396484 0.878662 1 14 1.000000
Leo2A
0  -0.262755 -2.414990 5.342815  -0.418730 0.067811 0.905575  -0.396484 0.878662 1 14 1.000000
0  -0.347595 -2.682630 5.324505  0.040524 0.029054 0.998756  -0.417603 0.881836 1 14 1.000000
0  -0.167845 -3.110180 5.302835  -0.462551 -0.219499 0.858992  -0.457031 0.908997 1 14 1.000000
Leo2A
0  -0.347595 -2.682630 5.324505  0.040524 0.029054 0.998756  -0.417603 0.881836 1 14 1.000000
0  -0.280759 -3.464795 5.180465  -0.031477 -0.457304 0.888753  -0.517700 0.914673 1 14 1.000000
0  -0.167845 -3.110180 5.302835  -0.462551 -0.219499 0.858992  -0.457031 0.908997 1 14 1.000000
Leo2A
0  -0.167845 -3.110180 5.302835  -0.462551 -0.219499 0.858992  -0.457031 0.908997 1 14 1.000000
0  -0.280759 -3.464795 5.180465  -0.031477 -0.457304 0.888753  -0.517700 0.914673 1 14 1.000000
0  -0.089109 -3.738235 5.046795  -0.555457 -0.513267 0.654236  -0.572571 0.954590 1 14 1.000000
Leo2A
0  -0.280759 -3.464795 5.180465  -0.031477 -0.457304 0.888753  -0.517700 0.914673 1 14 1.000000
0  -0.652159 -3.697950 4.882915  -0.346100 -0.751105 0.562188  -0.577576 0.876099 1 14 1.000000
0  -0.089109 -3.738235 5.046795  -0.555457 -0.513267 0.654236  -0.572571 0.954590 1 14 1.000000
Leo2A
0  -0.089109 -3.738235 5.046795  -0.555457 -0.513267 0.654236  -0.572571 0.954590 1 14 1.000000
0  -0.652159 -3.697950 4.882915  -0.346100 -0.751105 0.562188  -0.577576 0.876099 1 14 1.000000
0  -0.054624 -4.115125 4.717510  -0.479027 -0.707874 0.519083  -0.663818 0.970886 1 14 1.000000
Leo2A
0  -0.652159 -3.697950 4.882915  -0.346100 -0.751105 0.562188  -0.577576 0.876099 1 14 1.000000
0  -0.514829 -4.030895 4.626570  -0.394408 -0.742007 0.542095  -0.664124 0.903503 1 14 1.000000
0  -0.054624 -4.115125 4.717510  -0.479027 -0.707874 0.519083  -0.663818 0.970886 1 14 1.000000
Leo2A
0  -0.054624 -4.115125 4.717510  -0.479027 -0.707874 0.519083  -0.663818 0.970886 1 14 1.000000
0  -0.514829 -4.030895 4.626570  -0.394408 -0.742007 0.542095  -0.664124 0.903503 1 14 1.000000
0  0.000001 -4.370560 4.313150  -0.000000 -0.939864 0.341550  -0.750549 0.997681 1 14 1.000000
Leo2A
0  -0.514829 -4.030895 4.626570  -0.394408 -0.742007 0.542095  -0.664124 0.903503 1 14 1.000000
0  -0.379944 -4.290905 4.272565  -0.312190 -0.848598 0.427106  -0.746521 0.939636 1 14 1.000000
0  0.000001 -4.370560 4.313150  -0.000000 -0.939864 0.341550  -0.750549 0.997681 1 14 1.000000
Leo2A
0  -0.905149 -3.824295 4.481610  -0.681543 -0.623354 0.383313  -0.690735 0.828735 1 14 1.000000
0  -0.379944 -4.290905 4.272565  -0.312190 -0.848598 0.427106  -0.746521 0.939636 1 14 1.000000
0  -0.514829 -4.030895 4.626570  -0.394408 -0.742007 0.542095  -0.664124 0.903503 1 14 1.000000
Leo2A
0  -0.905149 -3.824295 4.481610  -0.681543 -0.623354 0.383313  -0.690735 0.828735 1 14 1.000000
0  -0.763854 -4.123060 4.183455  -0.575050 -0.722418 0.383964  -0.754761 0.866821 1 14 1.000000
0  -0.379944 -4.290905 4.272565  -0.312190 -0.848598 0.427106  -0.746521 0.939636 1 14 1.000000
Leo2A
0  -0.905149 -3.824295 4.481610  -0.681543 -0.623354 0.383313  -0.690735 0.828735 1 14 1.000000
0  -1.053769 -3.834670 4.101665  -0.842263 -0.539062 -0.002179  -0.764282 0.805359 1 14 1.000000
0  -0.763854 -4.123060 4.183455  -0.575050 -0.722418 0.383964  -0.754761 0.866821 1 14 1.000000
Leo2A
0  -0.331879 -4.014420 3.066205  -0.027890 0.331745 -0.942957  -0.811096 0.647095 1 14 1.000000
0  -0.261534 -4.110855 3.301190  0.959213 0.011441 -0.282453  -0.991943 0.646667 1 14 1.000000
0  -0.325774 -4.154340 3.284405  -0.067788 -0.840719 -0.537212  -0.991943 0.601440 1 14 1.000000
Leo2A
0  -0.320434 -4.041120 3.339185  0.128100 0.987557 0.091223  -0.991943 0.691895 1 14 1.000000
0  -0.261534 -4.110855 3.301190  0.959213 0.011441 -0.282453  -0.991943 0.646667 1 14 1.000000
0  -0.331879 -4.014420 3.066205  -0.027890 0.331745 -0.942957  -0.811096 0.647095 1 14 1.000000
Leo2A
0  -0.388334 -4.090865 3.306070  -0.966826 0.194516 -0.165563  -0.991943 0.646545 1 14 1.000000
0  -0.320434 -4.041120 3.339185  0.128100 0.987557 0.091223  -0.991943 0.691895 1 14 1.000000
0  -0.331879 -4.014420 3.066205  -0.027890 0.331745 -0.942957  -0.811096 0.647095 1 14 1.000000
Leo2A
0  -0.325774 -4.154340 3.284405  -0.067788 -0.840719 -0.537212  -0.991943 0.601318 1 14 1.000000
0  -0.388334 -4.090865 3.306070  -0.966826 0.194516 -0.165563  -0.991943 0.646545 1 14 1.000000
0  -0.331879 -4.014420 3.066205  -0.027890 0.331745 -0.942957  -0.811096 0.647095 1 14 1.000000
Leo1A
0  -0.197145 0.859985 1.812745  0.015050 0.076910 -0.996924  0.922943 0.279480 2 3 0.700000 7 0.300000
0  -0.407410 0.359495 1.871945  -0.522451 0.098846 -0.846920  0.903229 0.294800 2 3 0.750000 7 0.250000
0  -0.255280 0.918120 1.800385  0.596586 -0.040354 -0.801534  0.922943 0.247070 2 7 0.800000 3 0.200000
Leo1A
0  -0.255280 0.918120 1.800385  0.596586 -0.040354 -0.801534  0.922943 0.247070 2 7 0.800000 3 0.200000
0  -0.507355 0.352630 1.956175  -0.465119 -0.217023 -0.858234  0.889282 0.266998 2 3 0.700000 7 0.300000
0  -0.498070 0.555605 1.686340  0.438247 -0.694300 -0.570865  0.880035 0.226349 1 7 1.000000
Leo1A
0  -0.255280 0.918120 1.800385  0.596586 -0.040354 -0.801534  0.922943 0.247070 2 7 0.800000 3 0.200000
0  -0.407410 0.359495 1.871945  -0.522451 0.098846 -0.846920  0.903229 0.294800 2 3 0.750000 7 0.250000
0  -0.507355 0.352630 1.956175  -0.465119 -0.217023 -0.858234  0.889282 0.266998 2 3 0.700000 7 0.300000
Leo1A
0  -0.507355 0.352630 1.956175  -0.465119 -0.217023 -0.858234  0.889282 0.266998 2 3 0.700000 7 0.300000
0  -0.407410 0.359495 1.871945  -0.522451 0.098846 -0.846920  0.903229 0.294800 2 3 0.750000 7 0.250000
0  -0.536500 0.170135 1.916200  -0.511567 0.340511 -0.788893  0.894135 0.301849 3 3 0.800000 7 0.150000 13 0.050000
Leo1A
0  -0.847930 0.170900 2.170410  -0.773687 0.116431 -0.622777  0.869324 0.314392 3 3 0.650000 7 0.300000 13 0.050000
0  -0.507355 0.352630 1.956175  -0.465119 -0.217023 -0.858234  0.889282 0.266998 2 3 0.700000 7 0.300000
0  -0.536500 0.170135 1.916200  -0.511567 0.340511 -0.788893  0.894135 0.301849 3 3 0.800000 7 0.150000 13 0.050000
Leo1A
0  -0.919950 0.328675 2.173765  -0.656801 -0.593303 -0.465407  0.842255 0.281860 2 7 0.800000 3 0.200000
0  -0.507355 0.352630 1.956175  -0.465119 -0.217023 -0.858234  0.889282 0.266998 2 3 0.700000 7 0.300000
0  -0.847930 0.170900 2.170410  -0.773687 0.116431 -0.622777  0.869324 0.314392 3 3 0.650000 7 0.300000 13 0.050000
Leo1A
0  -0.995025 0.185240 2.708435  -0.978838 -0.143915 -0.145482  0.845734 0.350189 3 3 0.600000 7 0.350000 13 0.050000
0  -0.919950 0.328675 2.173765  -0.656801 -0.593303 -0.465407  0.842255 0.281860 2 7 0.800000 3 0.200000
0  -0.847930 0.170900 2.170410  -0.773687 0.116431 -0.622777  0.869324 0.314392 3 3 0.650000 7 0.300000 13 0.050000
Leo1A
0  -1.074370 0.249025 2.726745  -0.751757 -0.659366 -0.009870  0.839172 0.347290 2 3 0.600000 7 0.400000
0  -0.919950 0.328675 2.173765  -0.656801 -0.593303 -0.465407  0.842255 0.281860 2 7 0.800000 3 0.200000
0  -0.995025 0.185240 2.708435  -0.978838 -0.143915 -0.145482  0.845734 0.350189 3 3 0.600000 7 0.350000 13 0.050000
Leo1A
0  -0.985720 0.252075 3.026120  -0.957787 -0.139708 0.251249  0.831421 0.390259 3 3 0.700000 7 0.250000 13 0.050000
0  -1.074370 0.249025 2.726745  -0.751757 -0.659366 -0.009870  0.839172 0.347290 2 3 0.600000 7 0.400000
0  -0.995025 0.185240 2.708435  -0.978838 -0.143915 -0.145482  0.845734 0.350189 3 3 0.600000 7 0.350000 13 0.050000
Leo1A
0  -1.085050 0.369720 3.016965  -0.820142 -0.479174 0.312666  0.826263 0.386566 2 3 0.700000 7 0.300000
0  -1.074370 0.249025 2.726745  -0.751757 -0.659366 -0.009870  0.839172 0.347290 2 3 0.600000 7 0.400000
0  -0.985720 0.252075 3.026120  -0.957787 -0.139708 0.251249  0.831421 0.390259 3 3 0.700000 7 0.250000 13 0.050000
Leo1A
0  -1.037750 0.510710 3.275910  -0.821756 -0.304492 0.481665  0.810028 0.419556 2 3 0.700000 7 0.300000
0  -1.085050 0.369720 3.016965  -0.820142 -0.479174 0.312666  0.826263 0.386566 2 3 0.700000 7 0.300000
0  -0.985720 0.252075 3.026120  -0.957787 -0.139708 0.251249  0.831421 0.390259 3 3 0.700000 7 0.250000 13 0.050000
Leo1A
0  -1.085050 0.369720 3.016965  -0.820142 -0.479174 0.312666  0.826263 0.386566 2 3 0.700000 7 0.300000
0  -1.037750 0.510710 3.275910  -0.821756 -0.304492 0.481665  0.810028 0.419556 2 3 0.700000 7 0.300000
0  -1.121520 0.760650 3.213045  -0.895819 -0.137706 0.422547  0.791107 0.416962 2 3 0.600000 7 0.400000
Leo1A
0  -1.037750 0.510710 3.275910  -0.821756 -0.304492 0.481665  0.810028 0.419556 2 3 0.700000 7 0.300000
0  -1.045380 0.882875 3.378755  -0.826472 -0.080833 0.557144  0.770020 0.435883 2 3 0.600000 7 0.400000
0  -1.121520 0.760650 3.213045  -0.895819 -0.137706 0.422547  0.791107 0.416962 2 3 0.600000 7 0.400000
Leo1A
0  -1.121520 0.760650 3.213045  -0.895819 -0.137706 0.422547  0.791107 0.416962 2 3 0.600000 7 0.400000
0  -1.045380 0.882875 3.378755  -0.826472 -0.080833 0.557144  0.770020 0.435883 2 3 0.600000 7 0.400000
0  -1.058805 1.237795 3.344725  -0.817927 0.164811 0.551210  0.724731 0.439362 2 3 0.600000 7 0.400000
Leo1A
0  -1.121520 0.760650 3.213045  -0.895819 -0.137706 0.422547  0.791107 0.416962 2 3 0.600000 7 0.400000
0  -1.058805 1.237795 3.344725  -0.817927 0.164811 0.551210  0.724731 0.439362 2 3 0.600000 7 0.400000
0  -1.171110 1.057585 3.166045  -0.908319 0.002709 0.418270  0.731995 0.411133 2 3 0.500000 7 0.500000
Leo1A
0  -1.171110 1.057585 3.166045  -0.908319 0.002709 0.418270  0.731995 0.411133 2 3 0.500000 7 0.500000
0  -1.058805 1.237795 3.344725  -0.817927 0.164811 0.551210  0.724731 0.439362 2 3 0.600000 7 0.400000
0  -1.182405 1.328275 3.063965  -0.907934 0.193063 0.371999  0.699951 0.406738 2 3 0.500000 7 0.500000
Leo1A
0  -1.182405 1.328275 3.063965  -0.907934 0.193063 0.371999  0.699951 0.406738 2 3 0.500000 7 0.500000
0  -1.266175 0.906370 2.858580  -0.971350 -0.066591 0.228133  0.741516 0.359436 2 7 0.700000 3 0.300000
0  -1.171110 1.057585 3.166045  -0.908319 0.002709 0.418270  0.731995 0.411133 2 3 0.500000 7 0.500000
Leo1A
0  -1.269685 1.306760 2.808230  -0.970724 0.133943 0.199385  0.694946 0.360626 2 7 0.700000 3 0.300000
0  -1.266175 0.906370 2.858580  -0.971350 -0.066591 0.228133  0.741516 0.359436 2 7 0.700000 3 0.300000
0  -1.182405 1.328275 3.063965  -0.907934 0.193063 0.371999  0.699951 0.406738 2 3 0.500000 7 0.500000
Leo1A
0  -1.266175 0.906370 2.858580  -0.971350 -0.066591 0.228133  0.741516 0.359436 2 7 0.700000 3 0.300000
0  -1.269685 1.306760 2.808230  -0.970724 0.133943 0.199385  0.694946 0.360626 2 7 0.700000 3 0.300000
0  -1.302335 1.251985 2.494355  -0.997436 0.070802 -0.010378  0.684143 0.305878 2 7 0.800000 3 0.200000
Leo1A
0  -1.266175 0.906370 2.858580  -0.971350 -0.066591 0.228133  0.741516 0.359436 2 7 0.700000 3 0.300000
0  -1.121520 0.760650 3.213045  -0.895819 -0.137706 0.422547  0.791107 0.416962 2 3 0.600000 7 0.400000
0  -1.171110 1.057585 3.166045  -0.908319 0.002709 0.418270  0.731995 0.411133 2 3 0.500000 7 0.500000
Leo1A
0  -1.191865 0.582580 2.962495  -0.925698 -0.260335 0.274426  0.804260 0.370758 2 3 0.600000 7 0.400000
0  -1.121520 0.760650 3.213045  -0.895819 -0.137706 0.422547  0.791107 0.416962 2 3 0.600000 7 0.400000
0  -1.266175 0.906370 2.858580  -0.971350 -0.066591 0.228133  0.741516 0.359436 2 7 0.700000 3 0.300000
Leo1A
0  -1.121520 0.760650 3.213045  -0.895819 -0.137706 0.422547  0.791107 0.416962 2 3 0.600000 7 0.400000
0  -1.191865 0.582580 2.962495  -0.925698 -0.260335 0.274426  0.804260 0.370758 2 3 0.600000 7 0.400000
0  -1.085050 0.369720 3.016965  -0.820142 -0.479174 0.312666  0.826263 0.386566 2 3 0.700000 7 0.300000
Leo1A
0  -1.085050 0.369720 3.016965  -0.820142 -0.479174 0.312666  0.826263 0.386566 2 3 0.700000 7 0.300000
0  -1.191865 0.582580 2.962495  -0.925698 -0.260335 0.274426  0.804260 0.370758 2 3 0.600000 7 0.400000
0  -1.195220 0.465240 2.685395  -0.917713 -0.396568 0.023165  0.807190 0.333099 2 3 0.500000 7 0.500000
Leo1A
0  -1.074370 0.249025 2.726745  -0.751757 -0.659366 -0.009870  0.839172 0.347290 2 3 0.600000 7 0.400000
0  -1.085050 0.369720 3.016965  -0.820142 -0.479174 0.312666  0.826263 0.386566 2 3 0.700000 7 0.300000
0  -1.195220 0.465240 2.685395  -0.917713 -0.396568 0.023165  0.807190 0.333099 2 3 0.500000 7 0.500000
Leo1A
0  -1.074370 0.249025 2.726745  -0.751757 -0.659366 -0.009870  0.839172 0.347290 2 3 0.600000 7 0.400000
0  -1.195220 0.465240 2.685395  -0.917713 -0.396568 0.023165  0.807190 0.333099 2 3 0.500000 7 0.500000
0  -1.180420 0.530545 2.363130  -0.844916 -0.479237 -0.237590  0.800171 0.296356 2 7 0.800000 3 0.200000
Leo1A
0  -0.919950 0.328675 2.173765  -0.656801 -0.593303 -0.465407  0.842255 0.281860 2 7 0.800000 3 0.200000
0  -1.074370 0.249025 2.726745  -0.751757 -0.659366 -0.009870  0.839172 0.347290 2 3 0.600000 7 0.400000
0  -1.180420 0.530545 2.363130  -0.844916 -0.479237 -0.237590  0.800171 0.296356 2 7 0.800000 3 0.200000
Leo1A
0  -1.180420 0.530545 2.363130  -0.844916 -0.479237 -0.237590  0.800171 0.296356 2 7 0.800000 3 0.200000
0  -0.916465 0.538055 1.733870  -0.440818 -0.747869 -0.496358  0.812531 0.238770 1 7 1.000000
0  -0.919950 0.328675 2.173765  -0.656801 -0.593303 -0.465407  0.842255 0.281860 2 7 0.800000 3 0.200000
Leo1A
0  -1.412505 1.591950 0.760800  -0.812769 0.127895 0.568374  0.668579 0.124420 2 8 0.800000 9 0.200000
0  -1.278380 1.971745 0.777280  -0.626204 0.589185 0.510618  0.616394 0.124420 2 8 0.800000 9 0.200000
0  -1.319425 1.963195 0.493775  -0.681978 0.632690 -0.366892  0.616425 0.098907 2 8 0.800000 9 0.200000
Leo1A
0  -1.319425 1.963195 0.493775  -0.681978 0.632690 -0.366892  0.616425 0.098907 2 8 0.800000 9 0.200000
0  -1.471405 1.569060 0.493470  -0.927786 0.145571 -0.343543  0.668793 0.098907 2 8 0.800000 9 0.200000
0  -1.412505 1.591950 0.760800  -0.812769 0.127895 0.568374  0.668579 0.124420 2 8 0.800000 9 0.200000
Leo1A
0  -1.412505 1.591950 0.760800  -0.812769 0.127895 0.568374  0.668579 0.124420 2 8 0.800000 9 0.200000
0  -1.471405 1.569060 0.493470  -0.927786 0.145571 -0.343543  0.668793 0.098907 2 8 0.800000 9 0.200000
0  -1.401365 1.145325 0.754700  -0.745691 -0.401155 0.531996  0.742798 0.124420 2 8 0.600000 9 0.400000
Leo1A
0  -1.471405 1.569060 0.493470  -0.927786 0.145571 -0.343543  0.668793 0.098907 2 8 0.800000 9 0.200000
0  -1.440735 1.139830 0.499725  -0.900037 -0.398914 -0.175504  0.742889 0.098907 2 9 0.800000 8 0.200000
0  -1.401365 1.145325 0.754700  -0.745691 -0.401155 0.531996  0.742798 0.124420 2 8 0.600000 9 0.400000
Leo1A
0  -1.401365 1.145325 0.754700  -0.745691 -0.401155 0.531996  0.742798 0.124420 2 8 0.600000 9 0.400000
0  -1.440735 1.139830 0.499725  -0.900037 -0.398914 -0.175504  0.742889 0.098907 2 9 0.800000 8 0.200000
0  -1.056975 0.882720 0.751190  -0.170277 -0.796965 0.579528  0.806183 0.124420 2 8 0.500000 9 0.500000
Leo1A
0  -1.056975 0.882720 0.751190  -0.170277 -0.796965 0.579528  0.806183 0.124420 2 8 0.500000 9 0.500000
0  -1.293945 1.187135 0.813900  -0.672413 -0.345813 0.654426  0.742859 0.137360 2 8 0.600000 9 0.400000
0  -1.401365 1.145325 0.754700  -0.745691 -0.401155 0.531996  0.742798 0.124420 2 8 0.600000 9 0.400000
Leo1A
0  -1.037290 1.008605 0.793610  -0.179808 -0.750479 0.635964  0.806183 0.137390 2 8 0.500000 9 0.500000
0  -1.293945 1.187135 0.813900  -0.672413 -0.345813 0.654426  0.742859 0.137360 2 8 0.600000 9 0.400000
0  -1.056975 0.882720 0.751190  -0.170277 -0.796965 0.579528  0.806183 0.124420 2 8 0.500000 9 0.500000
Leo1A
0  -1.293945 1.187135 0.813900  -0.672413 -0.345813 0.654426  0.742859 0.137360 2 8 0.600000 9 0.400000
0  -1.037290 1.008605 0.793610  -0.179808 -0.750479 0.635964  0.806183 0.137390 2 8 0.500000 9 0.500000
0  -1.001585 0.975800 1.095730  -0.322660 -0.922437 -0.212132  0.806183 0.159271 3 8 0.500000 7 0.400000 9 0.100000
Leo1A
0  -1.240845 1.190645 1.139220  -0.924727 -0.364798 0.108641  0.737976 0.164276 3 8 0.500000 7 0.400000 9 0.100000
0  -1.293945 1.187135 0.813900  -0.672413 -0.345813 0.654426  0.742859 0.137360 2 8 0.600000 9 0.400000
0  -1.001585 0.975800 1.095730  -0.322660 -0.922437 -0.212132  0.806183 0.159271 3 8 0.500000 7 0.400000 9 0.100000
Leo1A
0  -1.240845 1.190645 1.139220  -0.924727 -0.364798 0.108641  0.737976 0.164276 3 8 0.500000 7 0.400000 9 0.100000
0  -1.001585 0.975800 1.095730  -0.322660 -0.922437 -0.212132  0.806183 0.159271 3 8 0.500000 7 0.400000 9 0.100000
0  -0.929110 0.822600 1.366270  -0.404438 -0.798493 -0.445913  0.808167 0.176727 2 7 0.700000 8 0.300000
Leo1A
0  -0.929110 0.822600 1.366270  -0.404438 -0.798493 -0.445913  0.808167 0.176727 2 7 0.700000 8 0.300000
0  -1.187745 1.212005 1.539305  -0.973607 -0.222151 -0.052336  0.734009 0.196503 2 7 0.500000 8 0.500000
0  -1.240845 1.190645 1.139220  -0.924727 -0.364798 0.108641  0.737976 0.164276 3 8 0.500000 7 0.400000 9 0.100000
Leo1A
0  -0.916465 0.538055 1.733870  -0.440818 -0.747869 -0.496358  0.812531 0.238770 1 7 1.000000
0  -1.187745 1.212005 1.539305  -0.973607 -0.222151 -0.052336  0.734009 0.196503 2 7 0.500000 8 0.500000
0  -0.929110 0.822600 1.366270  -0.404438 -0.798493 -0.445913  0.808167 0.176727 2 7 0.700000 8 0.300000
Leo1A
0  -1.209280 0.785340 2.103780  -0.921427 -0.293307 -0.254839  0.751953 0.258118 1 7 1.000000
0  -1.187745 1.212005 1.539305  -0.973607 -0.222151 -0.052336  0.734009 0.196503 2 7 0.500000 8 0.500000
0  -0.916465 0.538055 1.733870  -0.440818 -0.747869 -0.496358  0.812531 0.238770 1 7 1.000000
Leo1A
0  -1.209280 0.785340 2.103780  -0.921427 -0.293307 -0.254839  0.751953 0.258118 1 7 1.000000
0  -0.916465 0.538055 1.733870  -0.440818 -0.747869 -0.496358  0.812531 0.238770 1 7 1.000000
0  -1.180420 0.530545 2.363130  -0.844916 -0.479237 -0.237590  0.800171 0.296356 2 7 0.800000 3 0.200000
Leo1A
0  -1.307985 0.795745 2.575835  -0.987147 -0.159810 -0.000804  0.743713 0.328796 2 7 0.800000 3 0.200000
0  -1.209280 0.785340 2.103780  -0.921427 -0.293307 -0.254839  0.751953 0.258118 1 7 1.000000
0  -1.180420 0.530545 2.363130  -0.844916 -0.479237 -0.237590  0.800171 0.296356 2 7 0.800000 3 0.200000
Leo1A
0  -1.180420 0.530545 2.363130  -0.844916 -0.479237 -0.237590  0.800171 0.296356 2 7 0.800000 3 0.200000
0  -1.195220 0.465240 2.685395  -0.917713 -0.396568 0.023165  0.807190 0.333099 2 3 0.500000 7 0.500000
0  -1.307985 0.795745 2.575835  -0.987147 -0.159810 -0.000804  0.743713 0.328796 2 7 0.800000 3 0.200000
Leo1A
0  -1.195220 0.465240 2.685395  -0.917713 -0.396568 0.023165  0.807190 0.333099 2 3 0.500000 7 0.500000
0  -1.266175 0.906370 2.858580  -0.971350 -0.066591 0.228133  0.741516 0.359436 2 7 0.700000 3 0.300000
0  -1.307985 0.795745 2.575835  -0.987147 -0.159810 -0.000804  0.743713 0.328796 2 7 0.800000 3 0.200000
Leo1A
0  -1.195220 0.465240 2.685395  -0.917713 -0.396568 0.023165  0.807190 0.333099 2 3 0.500000 7 0.500000
0  -1.191865 0.582580 2.962495  -0.925698 -0.260335 0.274426  0.804260 0.370758 2 3 0.600000 7 0.400000
0  -1.266175 0.906370 2.858580  -0.971350 -0.066591 0.228133  0.741516 0.359436 2 7 0.700000 3 0.300000
Leo1A
0  -1.260400 1.257050 2.008280  -0.993337 0.001535 -0.115235  0.686523 0.250000 1 7 1.000000
0  -1.187745 1.212005 1.539305  -0.973607 -0.222151 -0.052336  0.734009 0.196503 2 7 0.500000 8 0.500000
0  -1.209280 0.785340 2.103780  -0.921427 -0.293307 -0.254839  0.751953 0.258118 1 7 1.000000
Leo1A
0  -1.187745 1.212005 1.539305  -0.973607 -0.222151 -0.052336  0.734009 0.196503 2 7 0.500000 8 0.500000
0  -1.260400 1.257050 2.008280  -0.993337 0.001535 -0.115235  0.686523 0.250000 1 7 1.000000
0  -1.174775 1.585695 1.675110  -0.972804 0.230360 -0.024211  0.653168 0.221497 2 7 0.650000 8 0.350000
Leo1A
0  -1.187745 1.212005 1.539305  -0.973607 -0.222151 -0.052336  0.734009 0.196503 2 7 0.500000 8 0.500000
0  -1.174775 1.585695 1.675110  -0.972804 0.230360 -0.024211  0.653168 0.221497 2 7 0.650000 8 0.350000
0  -1.240845 1.190645 1.139220  -0.924727 -0.364798 0.108641  0.737976 0.164276 3 8 0.500000 7 0.400000 9 0.100000
Leo1A
0  -1.240845 1.190645 1.139220  -0.924727 -0.364798 0.108641  0.737976 0.164276 3 8 0.500000 7 0.400000 9 0.100000
0  -1.174775 1.585695 1.675110  -0.972804 0.230360 -0.024211  0.653168 0.221497 2 7 0.650000 8 0.350000
0  -1.198580 1.577760 1.305235  -0.979774 0.155132 0.126400  0.662628 0.183044 3 8 0.500000 7 0.400000 9 0.100000
Leo1A
0  -1.198580 1.577760 1.305235  -0.979774 0.155132 0.126400  0.662628 0.183044 3 8 0.500000 7 0.400000 9 0.100000
0  -1.293945 1.187135 0.813900  -0.672413 -0.345813 0.654426  0.742859 0.137360 2 8 0.600000 9 0.400000
0  -1.240845 1.190645 1.139220  -0.924727 -0.364798 0.108641  0.737976 0.164276 3 8 0.500000 7 0.400000 9 0.100000
Leo1A
0  -1.289675 1.587070 0.826110  -0.785179 0.110752 0.609285  0.662170 0.137329 2 8 0.800000 9 0.200000
0  -1.293945 1.187135 0.813900  -0.672413 -0.345813 0.654426  0.742859 0.137360 2 8 0.600000 9 0.400000
0  -1.198580 1.577760 1.305235  -0.979774 0.155132 0.126400  0.662628 0.183044 3 8 0.500000 7 0.400000 9 0.100000
Leo1A
0  -1.293945 1.187135 0.813900  -0.672413 -0.345813 0.654426  0.742859 0.137360 2 8 0.600000 9 0.400000
0  -1.289675 1.587070 0.826110  -0.785179 0.110752 0.609285  0.662170 0.137329 2 8 0.800000 9 0.200000
0  -1.401365 1.145325 0.754700  -0.745691 -0.401155 0.531996  0.742798 0.124420 2 8 0.600000 9 0.400000
Leo1A
0  -1.401365 1.145325 0.754700  -0.745691 -0.401155 0.531996  0.742798 0.124420 2 8 0.600000 9 0.400000
0  -1.289675 1.587070 0.826110  -0.785179 0.110752 0.609285  0.662170 0.137329 2 8 0.800000 9 0.200000
0  -1.412505 1.591950 0.760800  -0.812769 0.127895 0.568374  0.668579 0.124420 2 8 0.800000 9 0.200000
Leo1A
0  -1.289675 1.587070 0.826110  -0.785179 0.110752 0.609285  0.662170 0.137329 2 8 0.800000 9 0.200000
0  -1.278380 1.971745 0.777280  -0.626204 0.589185 0.510618  0.616394 0.124420 2 8 0.800000 9 0.200000
0  -1.412505 1.591950 0.760800  -0.812769 0.127895 0.568374  0.668579 0.124420 2 8 0.800000 9 0.200000
Leo1A
0  -1.289675 1.587070 0.826110  -0.785179 0.110752 0.609285  0.662170 0.137329 2 8 0.800000 9 0.200000
0  -1.178895 1.889955 0.840605  -0.604592 0.496652 0.622740  0.616333 0.137299 2 8 0.800000 9 0.200000
0  -1.278380 1.971745 0.777280  -0.626204 0.589185 0.510618  0.616394 0.124420 2 8 0.800000 9 0.200000
Leo1A
0  -1.095735 1.927185 1.410830  -0.738353 0.664987 0.112372  0.616547 0.194519 3 8 0.500000 7 0.400000 9 0.100000
0  -1.178895 1.889955 0.840605  -0.604592 0.496652 0.622740  0.616333 0.137299 2 8 0.800000 9 0.200000
0  -1.289675 1.587070 0.826110  -0.785179 0.110752 0.609285  0.662170 0.137329 2 8 0.800000 9 0.200000
Leo1A
0  -1.198580 1.577760 1.305235  -0.979774 0.155132 0.126400  0.662628 0.183044 3 8 0.500000 7 0.400000 9 0.100000
0  -1.095735 1.927185 1.410830  -0.738353 0.664987 0.112372  0.616547 0.194519 3 8 0.500000 7 0.400000 9 0.100000
0  -1.289675 1.587070 0.826110  -0.785179 0.110752 0.609285  0.662170 0.137329 2 8 0.800000 9 0.200000
Leo1A
0  -1.198580 1.577760 1.305235  -0.979774 0.155132 0.126400  0.662628 0.183044 3 8 0.500000 7 0.400000 9 0.100000
0  -1.064300 1.883240 1.754610  -0.720981 0.687025 0.090457  0.615204 0.229370 2 7 0.700000 8 0.300000
0  -1.095735 1.927185 1.410830  -0.738353 0.664987 0.112372  0.616547 0.194519 3 8 0.500000 7 0.400000 9 0.100000
Leo1A
0  -1.174775 1.585695 1.675110  -0.972804 0.230360 -0.024211  0.653168 0.221497 2 7 0.650000 8 0.350000
0  -1.064300 1.883240 1.754610  -0.720981 0.687025 0.090457  0.615204 0.229370 2 7 0.700000 8 0.300000
0  -1.198580 1.577760 1.305235  -0.979774 0.155132 0.126400  0.662628 0.183044 3 8 0.500000 7 0.400000 9 0.100000
Leo1A
0  -1.174775 1.585695 1.675110  -0.972804 0.230360 -0.024211  0.653168 0.221497 2 7 0.650000 8 0.350000
0  -1.073760 1.858370 2.071685  -0.656519 0.753835 0.026747  0.616516 0.264557 3 7 0.850000 3 0.100000 8 0.050000
0  -1.064300 1.883240 1.754610  -0.720981 0.687025 0.090457  0.615204 0.229370 2 7 0.700000 8 0.300000
Leo1A
0  -1.213530 1.617430 2.038115  -0.934165 0.348327 -0.077479  0.643768 0.266205 3 7 0.850000 3 0.100000 8 0.050000
0  -1.073760 1.858370 2.071685  -0.656519 0.753835 0.026747  0.616516 0.264557 3 7 0.850000 3 0.100000 8 0.050000
0  -1.174775 1.585695 1.675110  -0.972804 0.230360 -0.024211  0.653168 0.221497 2 7 0.650000 8 0.350000
Leo1A
0  -1.260400 1.257050 2.008280  -0.993337 0.001535 -0.115235  0.686523 0.250000 1 7 1.000000
0  -1.213530 1.617430 2.038115  -0.934165 0.348327 -0.077479  0.643768 0.266205 3 7 0.850000 3 0.100000 8 0.050000
0  -1.174775 1.585695 1.675110  -0.972804 0.230360 -0.024211  0.653168 0.221497 2 7 0.650000 8 0.350000
Leo1A
0  -1.302335 1.251985 2.494355  -0.997436 0.070802 -0.010378  0.684143 0.305878 2 7 0.800000 3 0.200000
0  -1.213530 1.617430 2.038115  -0.934165 0.348327 -0.077479  0.643768 0.266205 3 7 0.850000 3 0.100000 8 0.050000
0  -1.260400 1.257050 2.008280  -0.993337 0.001535 -0.115235  0.686523 0.250000 1 7 1.000000
Leo1A
0  -1.209280 0.785340 2.103780  -0.921427 -0.293307 -0.254839  0.751953 0.258118 1 7 1.000000
0  -1.302335 1.251985 2.494355  -0.997436 0.070802 -0.010378  0.684143 0.305878 2 7 0.800000 3 0.200000
0  -1.260400 1.257050 2.008280  -0.993337 0.001535 -0.115235  0.686523 0.250000 1 7 1.000000
Leo1A
0  -1.302335 1.251985 2.494355  -0.997436 0.070802 -0.010378  0.684143 0.305878 2 7 0.800000 3 0.200000
0  -1.209280 0.785340 2.103780  -0.921427 -0.293307 -0.254839  0.751953 0.258118 1 7 1.000000
0  -1.307985 0.795745 2.575835  -0.987147 -0.159810 -0.000804  0.743713 0.328796 2 7 0.800000 3 0.200000
Leo1A
0  -1.307985 0.795745 2.575835  -0.987147 -0.159810 -0.000804  0.743713 0.328796 2 7 0.800000 3 0.200000
0  -1.266175 0.906370 2.858580  -0.971350 -0.066591 0.228133  0.741516 0.359436 2 7 0.700000 3 0.300000
0  -1.302335 1.251985 2.494355  -0.997436 0.070802 -0.010378  0.684143 0.305878 2 7 0.800000 3 0.200000
Leo1A
0  -1.302335 1.251985 2.494355  -0.997436 0.070802 -0.010378  0.684143 0.305878 2 7 0.800000 3 0.200000
0  -1.269685 1.306760 2.808230  -0.970724 0.133943 0.199385  0.694946 0.360626 2 7 0.700000 3 0.300000
0  -1.227570 1.621705 2.471160  -0.909002 0.415543 0.032247  0.645203 0.311096 2 7 0.800000 3 0.200000
Leo1A
0  -1.302335 1.251985 2.494355  -0.997436 0.070802 -0.010378  0.684143 0.305878 2 7 0.800000 3 0.200000
0  -1.227570 1.621705 2.471160  -0.909002 0.415543 0.032247  0.645203 0.311096 2 7 0.800000 3 0.200000
0  -1.213530 1.617430 2.038115  -0.934165 0.348327 -0.077479  0.643768 0.266205 3 7 0.850000 3 0.100000 8 0.050000
Leo1A
0  -1.213530 1.617430 2.038115  -0.934165 0.348327 -0.077479  0.643768 0.266205 3 7 0.850000 3 0.100000 8 0.050000
0  -1.227570 1.621705 2.471160  -0.909002 0.415543 0.032247  0.645203 0.311096 2 7 0.800000 3 0.200000
0  -1.056975 1.845855 2.432250  -0.645401 0.763830 -0.004562  0.613648 0.313690 2 3 0.500000 7 0.500000
Leo1A
0  -1.213530 1.617430 2.038115  -0.934165 0.348327 -0.077479  0.643768 0.266205 3 7 0.850000 3 0.100000 8 0.050000
0  -1.056975 1.845855 2.432250  -0.645401 0.763830 -0.004562  0.613648 0.313690 2 3 0.500000 7 0.500000
0  -1.073760 1.858370 2.071685  -0.656519 0.753835 0.026747  0.616516 0.264557 3 7 0.850000 3 0.100000 8 0.050000
Leo1A
0  -1.073760 1.858370 2.071685  -0.656519 0.753835 0.026747  0.616516 0.264557 3 7 0.850000 3 0.100000 8 0.050000
0  -1.056975 1.845855 2.432250  -0.645401 0.763830 -0.004562  0.613648 0.313690 2 3 0.500000 7 0.500000
0  -0.815430 1.946565 2.078555  -0.074166 0.997200 0.009558  0.584869 0.262024 3 7 0.750000 3 0.200000 8 0.050000
Leo1A
0  -1.073760 1.858370 2.071685  -0.656519 0.753835 0.026747  0.616516 0.264557 3 7 0.850000 3 0.100000 8 0.050000
0  -0.815430 1.946565 2.078555  -0.074166 0.997200 0.009558  0.584869 0.262024 3 7 0.750000 3 0.200000 8 0.050000
0  -1.064300 1.883240 1.754610  -0.720981 0.687025 0.090457  0.615204 0.229370 2 7 0.700000 8 0.300000
Leo1A
0  -1.064300 1.883240 1.754610  -0.720981 0.687025 0.090457  0.615204 0.229370 2 7 0.700000 8 0.300000
0  -0.815430 1.946565 2.078555  -0.074166 0.997200 0.009558  0.584869 0.262024 3 7 0.750000 3 0.200000 8 0.050000
0  -0.834505 1.975250 1.792300  -0.064668 0.990779 0.119063  0.586578 0.230469 2 7 0.700000 8 0.300000
Leo1A
0  -1.064300 1.883240 1.754610  -0.720981 0.687025 0.090457  0.615204 0.229370 2 7 0.700000 8 0.300000
0  -0.834505 1.975250 1.792300  -0.064668 0.990779 0.119063  0.586578 0.230469 2 7 0.700000 8 0.300000
0  -1.095735 1.927185 1.410830  -0.738353 0.664987 0.112372  0.616547 0.194519 3 8 0.500000 7 0.400000 9 0.100000
Leo1A
0  -1.095735 1.927185 1.410830  -0.738353 0.664987 0.112372  0.616547 0.194519 3 8 0.500000 7 0.400000 9 0.100000
0  -0.834505 1.975250 1.792300  -0.064668 0.990779 0.119063  0.586578 0.230469 2 7 0.700000 8 0.300000
0  -0.870665 2.026215 1.438445  -0.084653 0.993691 0.073562  0.586945 0.195557 3 8 0.500000 7 0.400000 9 0.100000
Leo1A
0  -1.095735 1.927185 1.410830  -0.738353 0.664987 0.112372  0.616547 0.194519 3 8 0.500000 7 0.400000 9 0.100000
0  -0.870665 2.026215 1.438445  -0.084653 0.993691 0.073562  0.586945 0.195557 3 8 0.500000 7 0.400000 9 0.100000
0  -1.178895 1.889955 0.840605  -0.604592 0.496652 0.622740  0.616333 0.137299 2 8 0.800000 9 0.200000
Leo1A
0  -1.178895 1.889955 0.840605  -0.604592 0.496652 0.622740  0.616333 0.137299 2 8 0.800000 9 0.200000
0  -0.870665 2.026215 1.438445  -0.084653 0.993691 0.073562  0.586945 0.195557 3 8 0.500000 7 0.400000 9 0.100000
0  -0.937500 2.003480 0.850675  -0.112717 0.869651 0.480626  0.586914 0.137299 2 8 0.800000 9 0.200000
Leo1A
0  -1.178895 1.889955 0.840605  -0.604592 0.496652 0.622740  0.616333 0.137299 2 8 0.800000 9 0.200000
0  -0.937500 2.003480 0.850675  -0.112717 0.869651 0.480626  0.586914 0.137299 2 8 0.800000 9 0.200000
0  -1.278380 1.971745 0.777280  -0.626204 0.589185 0.510618  0.616394 0.124420 2 8 0.800000 9 0.200000
Leo1A
0  -1.278380 1.971745 0.777280  -0.626204 0.589185 0.510618  0.616394 0.124420 2 8 0.800000 9 0.200000
0  -0.937500 2.003480 0.850675  -0.112717 0.869651 0.480626  0.586914 0.137299 2 8 0.800000 9 0.200000
0  -0.960540 2.110140 0.770720  -0.093531 0.907056 0.410489  0.587219 0.124420 2 8 0.800000 9 0.200000
Leo1A
0  -1.278380 1.971745 0.777280  -0.626204 0.589185 0.510618  0.616394 0.124420 2 8 0.800000 9 0.200000
0  -0.960540 2.110140 0.770720  -0.093531 0.907056 0.410489  0.587219 0.124420 2 8 0.800000 9 0.200000
0  -1.319425 1.963195 0.493775  -0.681978 0.632690 -0.366892  0.616425 0.098907 2 8 0.800000 9 0.200000
Leo1A
0  -1.319425 1.963195 0.493775  -0.681978 0.632690 -0.366892  0.616425 0.098907 2 8 0.800000 9 0.200000
0  -0.960540 2.110140 0.770720  -0.093531 0.907056 0.410489  0.587219 0.124420 2 8 0.800000 9 0.200000
0  -0.983125 2.100525 0.480805  -0.099283 0.872915 -0.477663  0.586700 0.098907 2 8 0.800000 9 0.200000
Leo1A
0  -0.983125 2.100525 0.480805  -0.099283 0.872915 -0.477663  0.586700 0.098907 2 8 0.800000 9 0.200000
0  -1.270600 1.874545 0.421295  -0.624651 0.593448 -0.507574  0.616333 0.087921 2 8 0.800000 9 0.200000
0  -1.319425 1.963195 0.493775  -0.681978 0.632690 -0.366892  0.616425 0.098907 2 8 0.800000 9 0.200000
Leo1A
0  -0.995485 1.978760 0.413815  -0.097953 0.784238 -0.612680  0.587311 0.087921 2 8 0.800000 9 0.200000
0  -1.270600 1.874545 0.421295  -0.624651 0.593448 -0.507574  0.616333 0.087921 2 8 0.800000 9 0.200000
0  -0.983125 2.100525 0.480805  -0.099283 0.872915 -0.477663  0.586700 0.098907 2 8 0.800000 9 0.200000
Leo1A
0  -0.995485 1.978760 0.413815  -0.097953 0.784238 -0.612680  0.587311 0.087921 2 8 0.800000 9 0.200000
0  -1.353605 1.795045 0.128780  -0.674880 0.605885 -0.421235  0.616394 0.053864 2 9 0.800000 8 0.200000
0  -1.270600 1.874545 0.421295  -0.624651 0.593448 -0.507574  0.616333 0.087921 2 8 0.800000 9 0.200000
Leo1A
0  -0.834505 1.975250 1.792300  -0.064668 0.990779 0.119063  0.586578 0.230469 2 7 0.700000 8 0.300000
0  -0.536345 1.892550 1.779175  0.583814 0.811641 -0.020015  0.554993 0.226929 2 7 0.700000 8 0.300000
0  -0.870665 2.026215 1.438445  -0.084653 0.993691 0.073562  0.586945 0.195557 3 8 0.500000 7 0.400000 9 0.100000
Leo1A
0  -0.834505 1.975250 1.792300  -0.064668 0.990779 0.119063  0.586578 0.230469 2 7 0.700000 8 0.300000
0  -0.456695 1.856995 2.054900  0.520970 0.824441 -0.221107  0.547394 0.258362 3 7 0.750000 3 0.200000 8 0.050000
0  -0.536345 1.892550 1.779175  0.583814 0.811641 -0.020015  0.554993 0.226929 2 7 0.700000 8 0.300000
Leo1A
0  -0.815430 1.946565 2.078555  -0.074166 0.997200 0.009558  0.584869 0.262024 3 7 0.750000 3 0.200000 8 0.050000
0  -0.456695 1.856995 2.054900  0.520970 0.824441 -0.221107  0.547394 0.258362 3 7 0.750000 3 0.200000 8 0.050000
0  -0.834505 1.975250 1.792300  -0.064668 0.990779 0.119063  0.586578 0.230469 2 7 0.700000 8 0.300000
Leo1A
0  -0.815430 1.946565 2.078555  -0.074166 0.997200 0.009558  0.584869 0.262024 3 7 0.750000 3 0.200000 8 0.050000
0  -0.768740 1.981505 2.388305  -0.184511 0.973199 -0.137260  0.557129 0.314178 2 3 0.500000 7 0.500000
0  -0.456695 1.856995 2.054900  0.520970 0.824441 -0.221107  0.547394 0.258362 3 7 0.750000 3 0.200000 8 0.050000
Leo1A
0  -1.056975 1.845855 2.432250  -0.645401 0.763830 -0.004562  0.613648 0.313690 2 3 0.500000 7 0.500000
0  -0.768740 1.981505 2.388305  -0.184511 0.973199 -0.137260  0.557129 0.314178 2 3 0.500000 7 0.500000
0  -0.815430 1.946565 2.078555  -0.074166 0.997200 0.009558  0.584869 0.262024 3 7 0.750000 3 0.200000 8 0.050000
Leo1A
0  -0.768740 1.981505 2.388305  -0.184511 0.973199 -0.137260  0.557129 0.314178 2 3 0.500000 7 0.500000
0  -1.056975 1.845855 2.432250  -0.645401 0.763830 -0.004562  0.613648 0.313690 2 3 0.500000 7 0.500000
0  -1.056520 1.861570 2.689975  -0.675204 0.732292 0.088588  0.614288 0.374054 2 3 0.600000 7 0.400000
Leo1A
0  -1.056520 1.861570 2.689975  -0.675204 0.732292 0.088588  0.614288 0.374054 2 3 0.600000 7 0.400000
0  -1.056975 1.845855 2.432250  -0.645401 0.763830 -0.004562  0.613648 0.313690 2 3 0.500000 7 0.500000
0  -1.176300 1.638945 2.813265  -0.878524 0.419378 0.228730  0.649658 0.370972 2 3 0.500000 7 0.500000
Leo1A
0  -1.056975 1.845855 2.432250  -0.645401 0.763830 -0.004562  0.613648 0.313690 2 3 0.500000 7 0.500000
0  -1.227570 1.621705 2.471160  -0.909002 0.415543 0.032247  0.645203 0.311096 2 7 0.800000 3 0.200000
0  -1.176300 1.638945 2.813265  -0.878524 0.419378 0.228730  0.649658 0.370972 2 3 0.500000 7 0.500000
Leo1A
0  -1.227570 1.621705 2.471160  -0.909002 0.415543 0.032247  0.645203 0.311096 2 7 0.800000 3 0.200000
0  -1.269685 1.306760 2.808230  -0.970724 0.133943 0.199385  0.694946 0.360626 2 7 0.700000 3 0.300000
0  -1.176300 1.638945 2.813265  -0.878524 0.419378 0.228730  0.649658 0.370972 2 3 0.500000 7 0.500000
Leo1A
0  -1.176300 1.638945 2.813265  -0.878524 0.419378 0.228730  0.649658 0.370972 2 3 0.500000 7 0.500000
0  -1.269685 1.306760 2.808230  -0.970724 0.133943 0.199385  0.694946 0.360626 2 7 0.700000 3 0.300000
0  -1.182405 1.328275 3.063965  -0.907934 0.193063 0.371999  0.699951 0.406738 2 3 0.500000 7 0.500000
Leo1A
0  -0.567320 1.862945 0.132750  0.432957 0.766566 -0.474263  0.547760 0.053864 2 9 0.800000 8 0.200000
0  -0.980985 1.925355 0.120540  -0.068665 0.806302 -0.587505  0.586762 0.053864 2 9 0.800000 8 0.200000
0  -0.995485 1.978760 0.413815  -0.097953 0.784238 -0.612680  0.587311 0.087921 2 8 0.800000 9 0.200000
Leo1A
0  -0.995485 1.978760 0.413815  -0.097953 0.784238 -0.612680  0.587311 0.087921 2 8 0.800000 9 0.200000
0  -0.629425 1.904755 0.416565  0.377033 0.674848 -0.634371  0.548920 0.087921 2 8 0.800000 9 0.200000
0  -0.567320 1.862945 0.132750  0.432957 0.766566 -0.474263  0.547760 0.053864 2 9 0.800000 8 0.200000
Leo1A
0  -0.567170 2.020570 0.467375  0.432466 0.717172 -0.546477  0.549072 0.098907 2 8 0.800000 9 0.200000
0  -0.629425 1.904755 0.416565  0.377033 0.674848 -0.634371  0.548920 0.087921 2 8 0.800000 9 0.200000
0  -0.995485 1.978760 0.413815  -0.097953 0.784238 -0.612680  0.587311 0.087921 2 8 0.800000 9 0.200000
Leo1A
0  -0.983125 2.100525 0.480805  -0.099283 0.872915 -0.477663  0.586700 0.098907 2 8 0.800000 9 0.200000
0  -0.567170 2.020570 0.467375  0.432466 0.717172 -0.546477  0.549072 0.098907 2 8 0.800000 9 0.200000
0  -0.995485 1.978760 0.413815  -0.097953 0.784238 -0.612680  0.587311 0.087921 2 8 0.800000 9 0.200000
Leo1A
0  -0.960540 2.110140 0.770720  -0.093531 0.907056 0.410489  0.587219 0.124420 2 8 0.800000 9 0.200000
0  -0.567170 2.020570 0.467375  0.432466 0.717172 -0.546477  0.549072 0.098907 2 8 0.800000 9 0.200000
0  -0.983125 2.100525 0.480805  -0.099283 0.872915 -0.477663  0.586700 0.098907 2 8 0.800000 9 0.200000
Leo1A
0  -0.960540 2.110140 0.770720  -0.093531 0.907056 0.410489  0.587219 0.124420 2 8 0.800000 9 0.200000
0  -0.578765 2.057650 0.750885  0.457602 0.807348 0.372544  0.554443 0.124420 2 8 0.800000 9 0.200000
0  -0.567170 2.020570 0.467375  0.432466 0.717172 -0.546477  0.549072 0.098907 2 8 0.800000 9 0.200000
Leo1A
0  -0.937500 2.003480 0.850675  -0.112717 0.869651 0.480626  0.586914 0.137299 2 8 0.800000 9 0.200000
0  -0.578765 2.057650 0.750885  0.457602 0.807348 0.372544  0.554443 0.124420 2 8 0.800000 9 0.200000
0  -0.960540 2.110140 0.770720  -0.093531 0.907056 0.410489  0.587219 0.124420 2 8 0.800000 9 0.200000
Leo1A
0  -0.937500 2.003480 0.850675  -0.112717 0.869651 0.480626  0.586914 0.137299 2 8 0.800000 9 0.200000
0  -0.632630 1.954500 0.834960  0.485753 0.724843 0.488515  0.556305 0.137299 2 8 0.800000 9 0.200000
0  -0.578765 2.057650 0.750885  0.457602 0.807348 0.372544  0.554443 0.124420 2 8 0.800000 9 0.200000
Leo1A
0  -0.870665 2.026215 1.438445  -0.084653 0.993691 0.073562  0.586945 0.195557 3 8 0.500000 7 0.400000 9 0.100000
0  -0.632630 1.954500 0.834960  0.485753 0.724843 0.488515  0.556305 0.137299 2 8 0.800000 9 0.200000
0  -0.937500 2.003480 0.850675  -0.112717 0.869651 0.480626  0.586914 0.137299 2 8 0.800000 9 0.200000
Leo1A
0  -0.870665 2.026215 1.438445  -0.084653 0.993691 0.073562  0.586945 0.195557 3 8 0.500000 7 0.400000 9 0.100000
0  -0.598600 1.952820 1.415865  0.570671 0.821128 0.009157  0.558899 0.196564 3 8 0.500000 7 0.400000 9 0.100000
0  -0.632630 1.954500 0.834960  0.485753 0.724843 0.488515  0.556305 0.137299 2 8 0.800000 9 0.200000
Leo1A
0  -0.870665 2.026215 1.438445  -0.084653 0.993691 0.073562  0.586945 0.195557 3 8 0.500000 7 0.400000 9 0.100000
0  -0.536345 1.892550 1.779175  0.583814 0.811641 -0.020015  0.554993 0.226929 2 7 0.700000 8 0.300000
0  -0.598600 1.952820 1.415865  0.570671 0.821128 0.009157  0.558899 0.196564 3 8 0.500000 7 0.400000 9 0.100000
Leo1A
0  -0.536345 1.892550 1.779175  0.583814 0.811641 -0.020015  0.554993 0.226929 2 7 0.700000 8 0.300000
0  -0.406035 1.671295 1.673735  0.914253 0.378763 -0.143803  0.505554 0.216217 2 7 0.650000 8 0.350000
0  -0.598600 1.952820 1.415865  0.570671 0.821128 0.009157  0.558899 0.196564 3 8 0.500000 7 0.400000 9 0.100000
Leo1A
0  -0.536345 1.892550 1.779175  0.583814 0.811641 -0.020015  0.554993 0.226929 2 7 0.700000 8 0.300000
0  -0.456695 1.856995 2.054900  0.520970 0.824441 -0.221107  0.547394 0.258362 3 7 0.750000 3 0.200000 8 0.050000
0  -0.406035 1.671295 1.673735  0.914253 0.378763 -0.143803  0.505554 0.216217 2 7 0.650000 8 0.350000
Leo1A
0  -0.406035 1.671295 1.673735  0.914253 0.378763 -0.143803  0.505554 0.216217 2 7 0.650000 8 0.350000
0  -0.456695 1.856995 2.054900  0.520970 0.824441 -0.221107  0.547394 0.258362 3 7 0.750000 3 0.200000 8 0.050000
0  -0.320740 1.589510 1.887665  0.902313 0.356802 -0.241914  0.504089 0.245728 2 7 0.800000 3 0.200000
Leo1A
0  -0.320740 1.589510 1.887665  0.902313 0.356802 -0.241914  0.504089 0.245728 2 7 0.800000 3 0.200000
0  -0.456695 1.856995 2.054900  0.520970 0.824441 -0.221107  0.547394 0.258362 3 7 0.750000 3 0.200000 8 0.050000
0  -0.282595 1.551820 1.958010  0.655487 0.414268 -0.631442  0.490295 0.284332 2 7 0.700000 3 0.300000
Leo1A
0  -0.282595 1.551820 1.958010  0.655487 0.414268 -0.631442  0.490295 0.284332 2 7 0.700000 3 0.300000
0  -0.456695 1.856995 2.054900  0.520970 0.824441 -0.221107  0.547394 0.258362 3 7 0.750000 3 0.200000 8 0.050000
0  -0.379945 1.873015 2.182315  0.209528 0.801458 -0.560146  0.509125 0.286438 2 3 0.500000 7 0.500000
Leo1A
0  -0.456695 1.856995 2.054900  0.520970 0.824441 -0.221107  0.547394 0.258362 3 7 0.750000 3 0.200000 8 0.050000
0  -0.768740 1.981505 2.388305  -0.184511 0.973199 -0.137260  0.557129 0.314178 2 3 0.500000 7 0.500000
0  -0.379945 1.873015 2.182315  0.209528 0.801458 -0.560146  0.509125 0.286438 2 3 0.500000 7 0.500000
Leo1A
0  -0.379945 1.873015 2.182315  0.209528 0.801458 -0.560146  0.509125 0.286438 2 3 0.500000 7 0.500000
0  -0.768740 1.981505 2.388305  -0.184511 0.973199 -0.137260  0.557129 0.314178 2 3 0.500000 7 0.500000
0  -0.472565 1.944120 2.327730  -0.085286 0.865513 -0.493573  0.521820 0.307281 2 3 0.500000 7 0.500000
Leo1A
0  -0.598600 1.952820 1.415865  0.570671 0.821128 0.009157  0.558899 0.196564 3 8 0.500000 7 0.400000 9 0.100000
0  -0.406035 1.671295 1.673735  0.914253 0.378763 -0.143803  0.505554 0.216217 2 7 0.650000 8 0.350000
0  -0.446930 1.722565 1.339875  0.924443 0.378374 -0.047311  0.505188 0.184967 3 8 0.500000 7 0.400000 9 0.100000
Leo1A
0  -0.598600 1.952820 1.415865  0.570671 0.821128 0.009157  0.558899 0.196564 3 8 0.500000 7 0.400000 9 0.100000
0  -0.446930 1.722565 1.339875  0.924443 0.378374 -0.047311  0.505188 0.184967 3 8 0.500000 7 0.400000 9 0.100000
0  -0.632630 1.954500 0.834960  0.485753 0.724843 0.488515  0.556305 0.137299 2 8 0.800000 9 0.200000
Leo1A
0  -0.446930 1.722565 1.339875  0.924443 0.378374 -0.047311  0.505188 0.184967 3 8 0.500000 7 0.400000 9 0.100000
0  -0.465240 1.727600 0.823670  0.814829 0.329166 0.477183  0.504852 0.137329 2 8 0.800000 9 0.200000
0  -0.632630 1.954500 0.834960  0.485753 0.724843 0.488515  0.556305 0.137299 2 8 0.800000 9 0.200000
Leo1A
0  -0.632630 1.954500 0.834960  0.485753 0.724843 0.488515  0.556305 0.137299 2 8 0.800000 9 0.200000
0  -0.465240 1.727600 0.823670  0.814829 0.329166 0.477183  0.504852 0.137329 2 8 0.800000 9 0.200000
0  -0.578765 2.057650 0.750885  0.457602 0.807348 0.372544  0.554443 0.124420 2 8 0.800000 9 0.200000
Leo1A
0  -0.465240 1.727600 0.823670  0.814829 0.329166 0.477183  0.504852 0.137329 2 8 0.800000 9 0.200000
0  -0.367890 1.798250 0.742490  0.818062 0.385402 0.426895  0.503540 0.124420 2 8 0.800000 9 0.200000
0  -0.578765 2.057650 0.750885  0.457602 0.807348 0.372544  0.554443 0.124420 2 8 0.800000 9 0.200000
Leo1A
0  -0.578765 2.057650 0.750885  0.457602 0.807348 0.372544  0.554443 0.124420 2 8 0.800000 9 0.200000
0  -0.367890 1.798250 0.742490  0.818062 0.385402 0.426895  0.503540 0.124420 2 8 0.800000 9 0.200000
0  -0.567170 2.020570 0.467375  0.432466 0.717172 -0.546477  0.549072 0.098907 2 8 0.800000 9 0.200000
Leo1A
0  -0.367890 1.798250 0.742490  0.818062 0.385402 0.426895  0.503540 0.124420 2 8 0.800000 9 0.200000
0  -0.361635 1.771395 0.471495  0.776428 0.360438 -0.516957  0.504059 0.098907 2 8 0.800000 9 0.200000
0  -0.567170 2.020570 0.467375  0.432466 0.717172 -0.546477  0.549072 0.098907 2 8 0.800000 9 0.200000
Leo1A
0  -0.567170 2.020570 0.467375  0.432466 0.717172 -0.546477  0.549072 0.098907 2 8 0.800000 9 0.200000
0  -0.361635 1.771395 0.471495  0.776428 0.360438 -0.516957  0.504059 0.098907 2 8 0.800000 9 0.200000
0  -0.629425 1.904755 0.416565  0.377033 0.674848 -0.634371  0.548920 0.087921 2 8 0.800000 9 0.200000
Leo1A
0  -0.406035 1.671295 1.673735  0.914253 0.378763 -0.143803  0.505554 0.216217 2 7 0.650000 8 0.350000
0  -0.320740 1.589510 1.887665  0.902313 0.356802 -0.241914  0.504089 0.245728 2 7 0.800000 3 0.200000
0  -0.358735 1.161345 1.477205  0.957531 -0.120788 -0.261811  0.446991 0.189148 2 7 0.500000 8 0.500000
Leo1A
0  -0.358735 1.161345 1.477205  0.957531 -0.120788 -0.261811  0.446991 0.189148 2 7 0.500000 8 0.500000
0  -0.320740 1.589510 1.887665  0.902313 0.356802 -0.241914  0.504089 0.245728 2 7 0.800000 3 0.200000
0  -0.279085 0.993960 1.741790  0.921418 -0.081488 -0.379932  0.446991 0.223419 2 7 0.900000 3 0.100000
Leo1A
0  -0.279085 0.993960 1.741790  0.921418 -0.081488 -0.379932  0.446991 0.223419 2 7 0.900000 3 0.100000
0  -0.320740 1.589510 1.887665  0.902313 0.356802 -0.241914  0.504089 0.245728 2 7 0.800000 3 0.200000
0  -0.255280 0.918120 1.800385  0.596586 -0.040354 -0.801534  0.446991 0.247040 2 7 0.800000 3 0.200000
Leo1A
0  -0.255280 0.918120 1.800385  0.596586 -0.040354 -0.801534  0.446991 0.247040 2 7 0.800000 3 0.200000
0  -0.320740 1.589510 1.887665  0.902313 0.356802 -0.241914  0.504089 0.245728 2 7 0.800000 3 0.200000
0  -0.282595 1.551820 1.958010  0.655487 0.414268 -0.631442  0.490295 0.284332 2 7 0.700000 3 0.300000
Leo1A
0  -0.282595 1.551820 1.958010  0.655487 0.414268 -0.631442  0.490295 0.284332 2 7 0.700000 3 0.300000
0  -0.197145 0.859985 1.812745  0.015050 0.076910 -0.996924  0.446991 0.279480 2 3 0.700000 7 0.300000
0  -0.255280 0.918120 1.800385  0.596586 -0.040354 -0.801534  0.446991 0.247040 2 7 0.800000 3 0.200000
Leo1A
0  -0.980985 1.925355 0.120540  -0.068665 0.806302 -0.587505  0.586762 0.053864 2 9 0.800000 8 0.200000
0  -1.353605 1.795045 0.128780  -0.674880 0.605885 -0.421235  0.616394 0.053864 2 9 0.800000 8 0.200000
0  -0.995485 1.978760 0.413815  -0.097953 0.784238 -0.612680  0.587311 0.087921 2 8 0.800000 9 0.200000
Leo1A
0  -1.353605 1.795045 0.128780  -0.674880 0.605885 -0.421235  0.616394 0.053864 2 9 0.800000 8 0.200000
0  -0.980985 1.925355 0.120540  -0.068665 0.806302 -0.587505  0.586762 0.053864 2 9 0.800000 8 0.200000
0  -1.343710 1.569485 0.018860  -0.450146 0.225691 -0.863963  0.640015 0.008453 1 9 1.000000
Leo1A
0  -1.343710 1.569485 0.018860  -0.450146 0.225691 -0.863963  0.640015 0.008453 1 9 1.000000
0  -0.980985 1.925355 0.120540  -0.068665 0.806302 -0.587505  0.586762 0.053864 2 9 0.800000 8 0.200000
0  -0.957055 1.667140 0.005280  -0.019521 0.241466 -0.970213  0.586731 0.008453 1 9 1.000000
Leo1A
0  -0.957055 1.667140 0.005280  -0.019521 0.241466 -0.970213  0.586731 0.008453 1 9 1.000000
0  -0.980985 1.925355 0.120540  -0.068665 0.806302 -0.587505  0.586762 0.053864 2 9 0.800000 8 0.200000
0  -0.486475 1.591915 0.010315  0.394550 0.248927 -0.884514  0.519013 0.008453 1 9 1.000000
Leo1A
0  -0.486475 1.591915 0.010315  0.394550 0.248927 -0.884514  0.519013 0.008453 1 9 1.000000
0  -0.980985 1.925355 0.120540  -0.068665 0.806302 -0.587505  0.586762 0.053864 2 9 0.800000 8 0.200000
0  -0.567320 1.862945 0.132750  0.432957 0.766566 -0.474263  0.547760 0.053864 2 9 0.800000 8 0.200000
Leo1A
0  -0.567320 1.862945 0.132750  0.432957 0.766566 -0.474263  0.547760 0.053864 2 9 0.800000 8 0.200000
0  -0.360565 1.641845 0.164185  0.888913 0.396660 -0.229116  0.509094 0.053864 2 9 0.800000 8 0.200000
0  -0.486475 1.591915 0.010315  0.394550 0.248927 -0.884514  0.519013 0.008453 1 9 1.000000
Leo1A
0  -0.629425 1.904755 0.416565  0.377033 0.674848 -0.634371  0.548920 0.087921 2 8 0.800000 9 0.200000
0  -0.360565 1.641845 0.164185  0.888913 0.396660 -0.229116  0.509094 0.053864 2 9 0.800000 8 0.200000
0  -0.567320 1.862945 0.132750  0.432957 0.766566 -0.474263  0.547760 0.053864 2 9 0.800000 8 0.200000
Leo1A
0  -0.629425 1.904755 0.416565  0.377033 0.674848 -0.634371  0.548920 0.087921 2 8 0.800000 9 0.200000
0  -0.443725 1.668855 0.418240  0.805766 0.372052 -0.460780  0.503571 0.087921 2 8 0.800000 9 0.200000
0  -0.360565 1.641845 0.164185  0.888913 0.396660 -0.229116  0.509094 0.053864 2 9 0.800000 8 0.200000
Leo1A
0  -0.361635 1.771395 0.471495  0.776428 0.360438 -0.516957  0.504059 0.098907 2 8 0.800000 9 0.200000
0  -0.443725 1.668855 0.418240  0.805766 0.372052 -0.460780  0.503571 0.087921 2 8 0.800000 9 0.200000
0  -0.629425 1.904755 0.416565  0.377033 0.674848 -0.634371  0.548920 0.087921 2 8 0.800000 9 0.200000
Leo1A
0  -0.443725 1.668855 0.418240  0.805766 0.372052 -0.460780  0.503571 0.087921 2 8 0.800000 9 0.200000
0  -0.361635 1.771395 0.471495  0.776428 0.360438 -0.516957  0.504059 0.098907 2 8 0.800000 9 0.200000
0  -0.271300 1.303255 0.481110  0.938199 -0.077156 -0.337385  0.446991 0.098907 2 9 0.800000 8 0.200000
Leo1A
0  -0.361635 1.771395 0.471495  0.776428 0.360438 -0.516957  0.504059 0.098907 2 8 0.800000 9 0.200000
0  -0.367890 1.798250 0.742490  0.818062 0.385402 0.426895  0.503540 0.124420 2 8 0.800000 9 0.200000
0  -0.271300 1.303255 0.481110  0.938199 -0.077156 -0.337385  0.446991 0.098907 2 9 0.800000 8 0.200000
Leo1A
0  -0.271300 1.303255 0.481110  0.938199 -0.077156 -0.337385  0.446991 0.098907 2 9 0.800000 8 0.200000
0  -0.367890 1.798250 0.742490  0.818062 0.385402 0.426895  0.503540 0.124420 2 8 0.800000 9 0.200000
0  -0.290375 1.309055 0.739590  0.862083 -0.103655 0.496053  0.446991 0.124420 2 8 0.600000 9 0.400000
Leo1A
0  -0.367890 1.798250 0.742490  0.818062 0.385402 0.426895  0.503540 0.124420 2 8 0.800000 9 0.200000
0  -0.465240 1.727600 0.823670  0.814829 0.329166 0.477183  0.504852 0.137329 2 8 0.800000 9 0.200000
0  -0.290375 1.309055 0.739590  0.862083 -0.103655 0.496053  0.446991 0.124420 2 8 0.600000 9 0.400000
Leo1A
0  -0.290375 1.309055 0.739590  0.862083 -0.103655 0.496053  0.446991 0.124420 2 8 0.600000 9 0.400000
0  -0.465240 1.727600 0.823670  0.814829 0.329166 0.477183  0.504852 0.137329 2 8 0.800000 9 0.200000
0  -0.396270 1.321260 0.800320  0.825405 -0.115086 0.552687  0.446991 0.137390 2 8 0.600000 9 0.400000
Leo1A
0  -0.465240 1.727600 0.823670  0.814829 0.329166 0.477183  0.504852 0.137329 2 8 0.800000 9 0.200000
0  -0.446930 1.722565 1.339875  0.924443 0.378374 -0.047311  0.505188 0.184967 3 8 0.500000 7 0.400000 9 0.100000
0  -0.396270 1.321260 0.800320  0.825405 -0.115086 0.552687  0.446991 0.137390 2 8 0.600000 9 0.400000
Leo1A
0  -0.396270 1.321260 0.800320  0.825405 -0.115086 0.552687  0.446991 0.137390 2 8 0.600000 9 0.400000
0  -0.446930 1.722565 1.339875  0.924443 0.378374 -0.047311  0.505188 0.184967 3 8 0.500000 7 0.400000 9 0.100000
0  -0.394590 1.286925 1.147000  0.981749 -0.162260 -0.099204  0.446991 0.161987 3 8 0.500000 7 0.400000 9 0.100000
Leo1A
0  -0.446930 1.722565 1.339875  0.924443 0.378374 -0.047311  0.505188 0.184967 3 8 0.500000 7 0.400000 9 0.100000
0  -0.406035 1.671295 1.673735  0.914253 0.378763 -0.143803  0.505554 0.216217 2 7 0.650000 8 0.350000
0  -0.394590 1.286925 1.147000  0.981749 -0.162260 -0.099204  0.446991 0.161987 3 8 0.500000 7 0.400000 9 0.100000
Leo1A
0  -0.394590 1.286925 1.147000  0.981749 -0.162260 -0.099204  0.446991 0.161987 3 8 0.500000 7 0.400000 9 0.100000
0  -0.406035 1.671295 1.673735  0.914253 0.378763 -0.143803  0.505554 0.216217 2 7 0.650000 8 0.350000
0  -0.358735 1.161345 1.477205  0.957531 -0.120788 -0.261811  0.446991 0.189148 2 7 0.500000 8 0.500000
Leo1A
0  -0.486475 1.591915 0.010315  0.394550 0.248927 -0.884514  0.519013 0.008453 1 9 1.000000
0  -0.261535 1.103210 0.190885  0.995791 0.023755 0.088517  0.446991 0.053864 2 9 0.800000 8 0.200000
0  -0.293905 1.010245 -0.001590  0.701103 0.025556 -0.712602  0.446991 0.008453 1 9 1.000000
Leo1A
0  -0.360565 1.641845 0.164185  0.888913 0.396660 -0.229116  0.509094 0.053864 2 9 0.800000 8 0.200000
0  -0.261535 1.103210 0.190885  0.995791 0.023755 0.088517  0.446991 0.053864 2 9 0.800000 8 0.200000
0  -0.486475 1.591915 0.010315  0.394550 0.248927 -0.884514  0.519013 0.008453 1 9 1.000000
Leo1A
0  -0.360565 1.641845 0.164185  0.888913 0.396660 -0.229116  0.509094 0.053864 2 9 0.800000 8 0.200000
0  -0.348815 1.294555 0.403745  0.976804 0.024824 -0.212690  0.446991 0.087952 2 9 0.800000 8 0.200000
0  -0.261535 1.103210 0.190885  0.995791 0.023755 0.088517  0.446991 0.053864 2 9 0.800000 8 0.200000
Leo1A
0  -0.443725 1.668855 0.418240  0.805766 0.372052 -0.460780  0.503571 0.087921 2 8 0.800000 9 0.200000
0  -0.348815 1.294555 0.403745  0.976804 0.024824 -0.212690  0.446991 0.087952 2 9 0.800000 8 0.200000
0  -0.360565 1.641845 0.164185  0.888913 0.396660 -0.229116  0.509094 0.053864 2 9 0.800000 8 0.200000
Leo1A
0  -0.348815 1.294555 0.403745  0.976804 0.024824 -0.212690  0.446991 0.087952 2 9 0.800000 8 0.200000
0  -0.443725 1.668855 0.418240  0.805766 0.372052 -0.460780  0.503571 0.087921 2 8 0.800000 9 0.200000
0  -0.271300 1.303255 0.481110  0.938199 -0.077156 -0.337385  0.446991 0.098907 2 9 0.800000 8 0.200000
Leo1A
0  -1.444090 1.514590 0.153045  -0.944292 0.273419 -0.183176  0.652588 0.053864 2 8 0.700000 9 0.300000
0  -1.343710 1.569485 0.018860  -0.450146 0.225691 -0.863963  0.640015 0.008453 1 9 1.000000
0  -1.562805 1.101840 0.175625  -0.986644 0.024774 0.160996  0.742859 0.053864 2 9 0.800000 8 0.200000
Leo1A
0  -1.343710 1.569485 0.018860  -0.450146 0.225691 -0.863963  0.640015 0.008453 1 9 1.000000
0  -1.546960 1.007500 0.011990  -0.768574 -0.046404 -0.638075  0.747009 0.008453 1 9 1.000000
0  -1.562805 1.101840 0.175625  -0.986644 0.024774 0.160996  0.742859 0.053864 2 9 0.800000 8 0.200000
Leo1A
0  -1.546960 1.007500 0.011990  -0.768574 -0.046404 -0.638075  0.747009 0.008453 1 9 1.000000
0  -1.467895 0.833435 0.205840  -0.687073 -0.511663 0.515880  0.805664 0.053864 2 9 0.850000 8 0.150000
0  -1.562805 1.101840 0.175625  -0.986644 0.024774 0.160996  0.742859 0.053864 2 9 0.800000 8 0.200000
Leo1A
0  -1.478600 0.768245 0.086610  -0.716444 -0.693167 0.078909  0.806152 0.020386 1 9 1.000000
0  -1.467895 0.833435 0.205840  -0.687073 -0.511663 0.515880  0.805664 0.053864 2 9 0.850000 8 0.150000
0  -1.546960 1.007500 0.011990  -0.768574 -0.046404 -0.638075  0.747009 0.008453 1 9 1.000000
Leo1A
0  -1.168845 0.682945 0.214325  -0.118092 -0.834425 0.538320  0.831177 0.053864 1 9 1.000000
0  -1.467895 0.833435 0.205840  -0.687073 -0.511663 0.515880  0.805664 0.053864 2 9 0.850000 8 0.150000
0  -1.478600 0.768245 0.086610  -0.716444 -0.693167 0.078909  0.806152 0.020386 1 9 1.000000
Leo1A
0  -1.478600 0.768245 0.086610  -0.716444 -0.693167 0.078909  0.806152 0.020386 1 9 1.000000
0  -1.196465 0.641900 0.090115  -0.118750 -0.990403 -0.070718  0.831177 0.020599 1 9 1.000000
0  -1.168845 0.682945 0.214325  -0.118092 -0.834425 0.538320  0.831177 0.053864 1 9 1.000000
Leo1A
0  -1.196465 0.641900 0.090115  -0.118750 -0.990403 -0.070718  0.831177 0.020599 1 9 1.000000
0  -1.109030 0.696830 0.221495  -0.129247 -0.814417 0.565703  0.833588 0.053864 1 9 1.000000
0  -1.168845 0.682945 0.214325  -0.118092 -0.834425 0.538320  0.831177 0.053864 1 9 1.000000
Leo1A
0  -1.196465 0.641900 0.090115  -0.118750 -0.990403 -0.070718  0.831177 0.020599 1 9 1.000000
0  -1.132225 0.655330 0.091795  -0.093798 -0.989182 -0.112788  0.833557 0.020569 1 9 1.000000
0  -1.109030 0.696830 0.221495  -0.129247 -0.814417 0.565703  0.833588 0.053864 1 9 1.000000
Leo1A
0  -1.109030 0.696830 0.221495  -0.129247 -0.814417 0.565703  0.833588 0.053864 1 9 1.000000
0  -1.132225 0.655330 0.091795  -0.093798 -0.989182 -0.112788  0.833557 0.020569 1 9 1.000000
0  -1.056540 0.667995 0.220580  -0.190412 -0.816638 0.544836  0.836151 0.053864 1 9 1.000000
Leo1A
0  -1.132225 0.655330 0.091795  -0.093798 -0.989182 -0.112788  0.833557 0.020569 1 9 1.000000
0  -1.067830 0.624810 0.091950  -0.213405 -0.972242 -0.095933  0.836151 0.020599 1 9 1.000000
0  -1.056540 0.667995 0.220580  -0.190412 -0.816638 0.544836  0.836151 0.053864 1 9 1.000000
Leo1A
0  -1.067830 0.624810 0.091950  -0.213405 -0.972242 -0.095933  0.836151 0.020599 1 9 1.000000
0  -0.703605 0.669520 0.220275  0.193521 -0.822486 0.534851  0.864502 0.053864 1 9 1.000000
0  -1.056540 0.667995 0.220580  -0.190412 -0.816638 0.544836  0.836151 0.053864 1 9 1.000000
Leo1A
0  -0.713675 0.625270 0.091795  0.177676 -0.978866 -0.101256  0.864502 0.020813 1 9 1.000000
0  -0.703605 0.669520 0.220275  0.193521 -0.822486 0.534851  0.864502 0.053864 1 9 1.000000
0  -1.067830 0.624810 0.091950  -0.213405 -0.972242 -0.095933  0.836151 0.020599 1 9 1.000000
Leo1A
0  -0.703605 0.669520 0.220275  0.193521 -0.822486 0.534851  0.864502 0.053864 1 9 1.000000
0  -0.713675 0.625270 0.091795  0.177676 -0.978866 -0.101256  0.864502 0.020813 1 9 1.000000
0  -0.644095 0.698970 0.221040  0.113394 -0.809420 0.576178  0.866821 0.053864 1 9 1.000000
Leo1A
0  -0.644095 0.698970 0.221040  0.113394 -0.809420 0.576178  0.866821 0.053864 1 9 1.000000
0  -0.713675 0.625270 0.091795  0.177676 -0.978866 -0.101256  0.864502 0.020813 1 9 1.000000
0  -0.635550 0.655785 0.091795  0.070641 -0.990603 -0.117114  0.866821 0.020782 1 9 1.000000
Leo1A
0  -0.644095 0.698970 0.221040  0.113394 -0.809420 0.576178  0.866821 0.053864 1 9 1.000000
0  -0.635550 0.655785 0.091795  0.070641 -0.990603 -0.117114  0.866821 0.020782 1 9 1.000000
0  -0.589775 0.685085 0.214020  0.119358 -0.826798 0.549689  0.869171 0.053864 1 9 1.000000
Leo1A
0  -0.589775 0.685085 0.214020  0.119358 -0.826798 0.549689  0.869171 0.053864 1 9 1.000000
0  -0.635550 0.655785 0.091795  0.070641 -0.990603 -0.117114  0.866821 0.020782 1 9 1.000000
0  -0.571770 0.641440 0.089965  0.106863 -0.991114 -0.079211  0.869171 0.020813 1 9 1.000000
Leo1A
0  -0.571770 0.641440 0.089965  0.106863 -0.991114 -0.079211  0.869171 0.020813 1 9 1.000000
0  -0.305200 0.765650 0.086915  0.787184 -0.616466 0.017605  0.892151 0.020905 1 9 1.000000
0  -0.589775 0.685085 0.214020  0.119358 -0.826798 0.549689  0.869171 0.053864 1 9 1.000000
Leo1A
0  -0.318780 0.798760 0.001465  0.593261 -0.370855 -0.714498  0.889526 0.008759 1 9 1.000000
0  -0.305200 0.765650 0.086915  0.787184 -0.616466 0.017605  0.892151 0.020905 1 9 1.000000
0  -0.571770 0.641440 0.089965  0.106863 -0.991114 -0.079211  0.869171 0.020813 1 9 1.000000
Leo1A
0  -1.168845 0.682945 0.214325  -0.118092 -0.834425 0.538320  0.831177 0.053864 1 9 1.000000
0  -1.020355 0.884245 0.416410  -0.077617 -0.973101 0.216910  0.833649 0.087952 2 9 0.800000 8 0.200000
0  -1.467895 0.833435 0.205840  -0.687073 -0.511663 0.515880  0.805664 0.053864 2 9 0.850000 8 0.150000
Leo1A
0  -1.168845 0.682945 0.214325  -0.118092 -0.834425 0.538320  0.831177 0.053864 1 9 1.000000
0  -1.109030 0.696830 0.221495  -0.129247 -0.814417 0.565703  0.833588 0.053864 1 9 1.000000
0  -1.020355 0.884245 0.416410  -0.077617 -0.973101 0.216910  0.833649 0.087952 2 9 0.800000 8 0.200000
Leo1A
0  -1.109030 0.696830 0.221495  -0.129247 -0.814417 0.565703  0.833588 0.053864 1 9 1.000000
0  -1.056540 0.667995 0.220580  -0.190412 -0.816638 0.544836  0.836151 0.053864 1 9 1.000000
0  -1.020355 0.884245 0.416410  -0.077617 -0.973101 0.216910  0.833649 0.087952 2 9 0.800000 8 0.200000
Leo1A
0  -1.020355 0.884245 0.416410  -0.077617 -0.973101 0.216910  0.833649 0.087952 2 9 0.800000 8 0.200000
0  -1.056540 0.667995 0.220580  -0.190412 -0.816638 0.544836  0.836151 0.053864 1 9 1.000000
0  -0.679930 0.906680 0.413055  0.172370 -0.884948 0.432615  0.866821 0.087952 2 9 0.800000 8 0.200000
Leo1A
0  -1.056540 0.667995 0.220580  -0.190412 -0.816638 0.544836  0.836151 0.053864 1 9 1.000000
0  -0.703605 0.669520 0.220275  0.193521 -0.822486 0.534851  0.864502 0.053864 1 9 1.000000
0  -0.679930 0.906680 0.413055  0.172370 -0.884948 0.432615  0.866821 0.087952 2 9 0.800000 8 0.200000
Leo1A
0  -0.703605 0.669520 0.220275  0.193521 -0.822486 0.534851  0.864502 0.053864 1 9 1.000000
0  -0.644095 0.698970 0.221040  0.113394 -0.809420 0.576178  0.866821 0.053864 1 9 1.000000
0  -0.679930 0.906680 0.413055  0.172370 -0.884948 0.432615  0.866821 0.087952 2 9 0.800000 8 0.200000
Leo1A
0  -0.679930 0.906680 0.413055  0.172370 -0.884948 0.432615  0.866821 0.087952 2 9 0.800000 8 0.200000
0  -0.644095 0.698970 0.221040  0.113394 -0.809420 0.576178  0.866821 0.053864 1 9 1.000000
0  -0.589775 0.685085 0.214020  0.119358 -0.826798 0.549689  0.869171 0.053864 1 9 1.000000
Leo1A
0  -1.546960 1.007500 0.011990  -0.768574 -0.046404 -0.638075  0.747009 0.008453 1 9 1.000000
0  -1.483025 0.802120 0.001310  -0.581714 -0.412395 -0.701098  0.806152 0.008759 1 9 1.000000
0  -1.478600 0.768245 0.086610  -0.716444 -0.693167 0.078909  0.806152 0.020386 1 9 1.000000
Leo1A
0  -1.483025 0.802120 0.001310  -0.581714 -0.412395 -0.701098  0.806152 0.008759 1 9 1.000000
0  -1.196465 0.641900 0.090115  -0.118750 -0.990403 -0.070718  0.831177 0.020599 1 9 1.000000
0  -1.478600 0.768245 0.086610  -0.716444 -0.693167 0.078909  0.806152 0.020386 1 9 1.000000
Leo1A
0  -1.179985 0.696220 -0.009065  0.012740 -0.566607 -0.823889  0.831177 0.008759 1 9 1.000000
0  -1.196465 0.641900 0.090115  -0.118750 -0.990403 -0.070718  0.831177 0.020599 1 9 1.000000
0  -1.483025 0.802120 0.001310  -0.581714 -0.412395 -0.701098  0.806152 0.008759 1 9 1.000000
Leo1A
0  -1.132225 0.655330 0.091795  -0.093798 -0.989182 -0.112788  0.833557 0.020569 1 9 1.000000
0  -1.196465 0.641900 0.090115  -0.118750 -0.990403 -0.070718  0.831177 0.020599 1 9 1.000000
0  -1.179985 0.696220 -0.009065  0.012740 -0.566607 -0.823889  0.831177 0.008759 1 9 1.000000
Leo1A
0  -1.179985 0.696220 -0.009065  0.012740 -0.566607 -0.823889  0.831177 0.008759 1 9 1.000000
0  -1.130545 0.719260 -0.009675  -0.017778 -0.352505 -0.935641  0.833557 0.008759 1 9 1.000000
0  -1.132225 0.655330 0.091795  -0.093798 -0.989182 -0.112788  0.833557 0.020569 1 9 1.000000
Leo1A
0  -1.130545 0.719260 -0.009675  -0.017778 -0.352505 -0.935641  0.833557 0.008759 1 9 1.000000
0  -1.067830 0.624810 0.091950  -0.213405 -0.972242 -0.095933  0.836151 0.020599 1 9 1.000000
0  -1.132225 0.655330 0.091795  -0.093798 -0.989182 -0.112788  0.833557 0.020569 1 9 1.000000
Leo1A
0  -1.074700 0.686610 -0.009675  -0.166255 -0.534932 -0.828376  0.836151 0.008759 1 9 1.000000
0  -1.067830 0.624810 0.091950  -0.213405 -0.972242 -0.095933  0.836151 0.020599 1 9 1.000000
0  -1.130545 0.719260 -0.009675  -0.017778 -0.352505 -0.935641  0.833557 0.008759 1 9 1.000000
Leo1A
0  -0.713675 0.625270 0.091795  0.177676 -0.978866 -0.101256  0.864502 0.020813 1 9 1.000000
0  -1.067830 0.624810 0.091950  -0.213405 -0.972242 -0.095933  0.836151 0.020599 1 9 1.000000
0  -1.074700 0.686610 -0.009675  -0.166255 -0.534932 -0.828376  0.836151 0.008759 1 9 1.000000
Leo1A
0  -0.713370 0.686915 -0.009675  0.124174 -0.520541 -0.844759  0.864502 0.008759 1 9 1.000000
0  -0.713675 0.625270 0.091795  0.177676 -0.978866 -0.101256  0.864502 0.020813 1 9 1.000000
0  -1.074700 0.686610 -0.009675  -0.166255 -0.534932 -0.828376  0.836151 0.008759 1 9 1.000000
Leo1A
0  -0.635550 0.655785 0.091795  0.070641 -0.990603 -0.117114  0.866821 0.020782 1 9 1.000000
0  -0.713675 0.625270 0.091795  0.177676 -0.978866 -0.101256  0.864502 0.020813 1 9 1.000000
0  -0.713370 0.686915 -0.009675  0.124174 -0.520541 -0.844759  0.864502 0.008759 1 9 1.000000
Leo1A
0  -0.649285 0.719565 -0.009675  0.038316 -0.369902 -0.928280  0.866821 0.008759 1 9 1.000000
0  -0.635550 0.655785 0.091795  0.070641 -0.990603 -0.117114  0.866821 0.020782 1 9 1.000000
0  -0.713370 0.686915 -0.009675  0.124174 -0.520541 -0.844759  0.864502 0.008759 1 9 1.000000
Leo1A
0  -0.635550 0.655785 0.091795  0.070641 -0.990603 -0.117114  0.866821 0.020782 1 9 1.000000
0  -0.649285 0.719565 -0.009675  0.038316 -0.369902 -0.928280  0.866821 0.008759 1 9 1.000000
0  -0.571770 0.641440 0.089965  0.106863 -0.991114 -0.079211  0.869171 0.020813 1 9 1.000000
Leo1A
0  -0.571770 0.641440 0.089965  0.106863 -0.991114 -0.079211  0.869171 0.020813 1 9 1.000000
0  -0.649285 0.719565 -0.009675  0.038316 -0.369902 -0.928280  0.866821 0.008759 1 9 1.000000
0  -0.587485 0.696220 -0.009065  -0.006646 -0.582107 -0.813085  0.869202 0.008759 1 9 1.000000
Leo1A
0  -0.587485 0.696220 -0.009065  -0.006646 -0.582107 -0.813085  0.869202 0.008759 1 9 1.000000
0  -0.318780 0.798760 0.001465  0.593261 -0.370855 -0.714498  0.889526 0.008759 1 9 1.000000
0  -0.571770 0.641440 0.089965  0.106863 -0.991114 -0.079211  0.869171 0.020813 1 9 1.000000
Leo1A
0  -0.305200 0.765650 0.086915  0.787184 -0.616466 0.017605  0.892151 0.020905 1 9 1.000000
0  -0.314790 0.830080 0.203395  0.759518 -0.456323 0.463575  0.890991 0.053864 2 9 0.850000 8 0.150000
0  -0.589775 0.685085 0.214020  0.119358 -0.826798 0.549689  0.869171 0.053864 1 9 1.000000
Leo1A
0  -0.589775 0.685085 0.214020  0.119358 -0.826798 0.549689  0.869171 0.053864 1 9 1.000000
0  -0.314790 0.830080 0.203395  0.759518 -0.456323 0.463575  0.890991 0.053864 2 9 0.850000 8 0.150000
0  -0.679930 0.906680 0.413055  0.172370 -0.884948 0.432615  0.866821 0.087952 2 9 0.800000 8 0.200000
Leo1A
0  -0.314790 0.830080 0.203395  0.759518 -0.456323 0.463575  0.890991 0.053864 2 9 0.850000 8 0.150000
0  -0.410005 1.024630 0.412750  0.871244 -0.463533 0.161462  0.886780 0.087952 2 9 0.800000 8 0.200000
0  -0.679930 0.906680 0.413055  0.172370 -0.884948 0.432615  0.866821 0.087952 2 9 0.800000 8 0.200000
Leo1A
0  -0.679930 0.906680 0.413055  0.172370 -0.884948 0.432615  0.866821 0.087952 2 9 0.800000 8 0.200000
0  -0.410005 1.024630 0.412750  0.871244 -0.463533 0.161462  0.886780 0.087952 2 9 0.800000 8 0.200000
0  -0.416870 0.946960 0.473935  0.591159 -0.758858 -0.273248  0.888123 0.098907 2 9 0.800000 8 0.200000
Leo1A
0  -1.141050 0.854800 0.481415  -0.359057 -0.903677 -0.233338  0.805573 0.098907 2 9 0.800000 8 0.200000
0  -0.679930 0.906680 0.413055  0.172370 -0.884948 0.432615  0.866821 0.087952 2 9 0.800000 8 0.200000
0  -0.416870 0.946960 0.473935  0.591159 -0.758858 -0.273248  0.888123 0.098907 2 9 0.800000 8 0.200000
Leo1A
0  -1.020355 0.884245 0.416410  -0.077617 -0.973101 0.216910  0.833649 0.087952 2 9 0.800000 8 0.200000
0  -0.679930 0.906680 0.413055  0.172370 -0.884948 0.432615  0.866821 0.087952 2 9 0.800000 8 0.200000
0  -1.141050 0.854800 0.481415  -0.359057 -0.903677 -0.233338  0.805573 0.098907 2 9 0.800000 8 0.200000
Leo1A
0  -1.243745 0.980990 0.428465  -0.588891 -0.782993 0.200323  0.805756 0.087952 2 9 0.800000 8 0.200000
0  -1.020355 0.884245 0.416410  -0.077617 -0.973101 0.216910  0.833649 0.087952 2 9 0.800000 8 0.200000
0  -1.141050 0.854800 0.481415  -0.359057 -0.903677 -0.233338  0.805573 0.098907 2 9 0.800000 8 0.200000
Leo1A
0  -1.467895 0.833435 0.205840  -0.687073 -0.511663 0.515880  0.805664 0.053864 2 9 0.850000 8 0.150000
0  -1.020355 0.884245 0.416410  -0.077617 -0.973101 0.216910  0.833649 0.087952 2 9 0.800000 8 0.200000
0  -1.243745 0.980990 0.428465  -0.588891 -0.782993 0.200323  0.805756 0.087952 2 9 0.800000 8 0.200000
Leo1A
0  -1.467895 0.833435 0.205840  -0.687073 -0.511663 0.515880  0.805664 0.053864 2 9 0.850000 8 0.150000
0  -1.243745 0.980990 0.428465  -0.588891 -0.782993 0.200323  0.805756 0.087952 2 9 0.800000 8 0.200000
0  -1.389160 1.126405 0.431670  -0.917107 -0.386172 0.098921  0.742828 0.087952 2 9 0.800000 8 0.200000
Leo1A
0  -1.562805 1.101840 0.175625  -0.986644 0.024774 0.160996  0.742859 0.053864 2 9 0.800000 8 0.200000
0  -1.467895 0.833435 0.205840  -0.687073 -0.511663 0.515880  0.805664 0.053864 2 9 0.850000 8 0.150000
0  -1.389160 1.126405 0.431670  -0.917107 -0.386172 0.098921  0.742828 0.087952 2 9 0.800000 8 0.200000
Leo1A
0  -1.374970 1.568455 0.426480  -0.905381 0.230531 -0.356567  0.656525 0.087921 2 8 0.800000 9 0.200000
0  -1.562805 1.101840 0.175625  -0.986644 0.024774 0.160996  0.742859 0.053864 2 9 0.800000 8 0.200000
0  -1.389160 1.126405 0.431670  -0.917107 -0.386172 0.098921  0.742828 0.087952 2 9 0.800000 8 0.200000
Leo1A
0  -1.444090 1.514590 0.153045  -0.944292 0.273419 -0.183176  0.652588 0.053864 2 8 0.700000 9 0.300000
0  -1.562805 1.101840 0.175625  -0.986644 0.024774 0.160996  0.742859 0.053864 2 9 0.800000 8 0.200000
0  -1.374970 1.568455 0.426480  -0.905381 0.230531 -0.356567  0.656525 0.087921 2 8 0.800000 9 0.200000
Leo1A
0  -1.270600 1.874545 0.421295  -0.624651 0.593448 -0.507574  0.616333 0.087921 2 8 0.800000 9 0.200000
0  -1.444090 1.514590 0.153045  -0.944292 0.273419 -0.183176  0.652588 0.053864 2 8 0.700000 9 0.300000
0  -1.374970 1.568455 0.426480  -0.905381 0.230531 -0.356567  0.656525 0.087921 2 8 0.800000 9 0.200000
Leo1A
0  -1.353605 1.795045 0.128780  -0.674880 0.605885 -0.421235  0.616394 0.053864 2 9 0.800000 8 0.200000
0  -1.444090 1.514590 0.153045  -0.944292 0.273419 -0.183176  0.652588 0.053864 2 8 0.700000 9 0.300000
0  -1.270600 1.874545 0.421295  -0.624651 0.593448 -0.507574  0.616333 0.087921 2 8 0.800000 9 0.200000
Leo1A
0  -1.353605 1.795045 0.128780  -0.674880 0.605885 -0.421235  0.616394 0.053864 2 9 0.800000 8 0.200000
0  -1.343710 1.569485 0.018860  -0.450146 0.225691 -0.863963  0.640015 0.008453 1 9 1.000000
0  -1.444090 1.514590 0.153045  -0.944292 0.273419 -0.183176  0.652588 0.053864 2 8 0.700000 9 0.300000
Leo1A
0  -0.507355 0.352630 1.956175  -0.465119 -0.217023 -0.858234  0.889282 0.266998 2 3 0.700000 7 0.300000
0  -0.919950 0.328675 2.173765  -0.656801 -0.593303 -0.465407  0.842255 0.281860 2 7 0.800000 3 0.200000
0  -0.498070 0.555605 1.686340  0.438247 -0.694300 -0.570865  0.880035 0.226349 1 7 1.000000
Leo1A
0  -0.498070 0.555605 1.686340  0.438247 -0.694300 -0.570865  0.880035 0.226349 1 7 1.000000
0  -0.919950 0.328675 2.173765  -0.656801 -0.593303 -0.465407  0.842255 0.281860 2 7 0.800000 3 0.200000
0  -0.916465 0.538055 1.733870  -0.440818 -0.747869 -0.496358  0.812531 0.238770 1 7 1.000000
Leo1A
0  -0.498070 0.555605 1.686340  0.438247 -0.694300 -0.570865  0.880035 0.226349 1 7 1.000000
0  -0.916465 0.538055 1.733870  -0.440818 -0.747869 -0.496358  0.812531 0.238770 1 7 1.000000
0  -0.536195 0.889740 1.335905  0.526743 -0.668369 -0.525190  0.879944 0.179565 2 7 0.700000 8 0.300000
Leo1A
0  -0.536195 0.889740 1.335905  0.526743 -0.668369 -0.525190  0.879944 0.179565 2 7 0.700000 8 0.300000
0  -0.916465 0.538055 1.733870  -0.440818 -0.747869 -0.496358  0.812531 0.238770 1 7 1.000000
0  -0.929110 0.822600 1.366270  -0.404438 -0.798493 -0.445913  0.808167 0.176727 2 7 0.700000 8 0.300000
Leo1A
0  -0.929110 0.822600 1.366270  -0.404438 -0.798493 -0.445913  0.808167 0.176727 2 7 0.700000 8 0.300000
0  -0.542910 1.044465 1.085510  0.582831 -0.779422 -0.229802  0.885925 0.161163 3 8 0.500000 7 0.400000 9 0.100000
0  -0.536195 0.889740 1.335905  0.526743 -0.668369 -0.525190  0.879944 0.179565 2 7 0.700000 8 0.300000
Leo1A
0  -1.001585 0.975800 1.095730  -0.322660 -0.922437 -0.212132  0.806183 0.159271 3 8 0.500000 7 0.400000 9 0.100000
0  -0.542910 1.044465 1.085510  0.582831 -0.779422 -0.229802  0.885925 0.161163 3 8 0.500000 7 0.400000 9 0.100000
0  -0.929110 0.822600 1.366270  -0.404438 -0.798493 -0.445913  0.808167 0.176727 2 7 0.700000 8 0.300000
Leo1A
0  -1.001585 0.975800 1.095730  -0.322660 -0.922437 -0.212132  0.806183 0.159271 3 8 0.500000 7 0.400000 9 0.100000
0  -0.478365 1.069795 0.790100  0.507303 -0.519683 0.687440  0.885895 0.137390 2 8 0.500000 9 0.500000
0  -0.542910 1.044465 1.085510  0.582831 -0.779422 -0.229802  0.885925 0.161163 3 8 0.500000 7 0.400000 9 0.100000
Leo1A
0  -1.037290 1.008605 0.793610  -0.179808 -0.750479 0.635964  0.806183 0.137390 2 8 0.500000 9 0.500000
0  -0.478365 1.069795 0.790100  0.507303 -0.519683 0.687440  0.885895 0.137390 2 8 0.500000 9 0.500000
0  -1.001585 0.975800 1.095730  -0.322660 -0.922437 -0.212132  0.806183 0.159271 3 8 0.500000 7 0.400000 9 0.100000
Leo1A
0  -0.478365 1.069795 0.790100  0.507303 -0.519683 0.687440  0.885895 0.137390 2 8 0.500000 9 0.500000
0  -1.037290 1.008605 0.793610  -0.179808 -0.750479 0.635964  0.806183 0.137390 2 8 0.500000 9 0.500000
0  -0.430300 0.962985 0.743100  0.513818 -0.681154 0.521556  0.885864 0.124420 2 8 0.500000 9 0.500000
Leo1A
0  -0.430300 0.962985 0.743100  0.513818 -0.681154 0.521556  0.885864 0.124420 2 8 0.500000 9 0.500000
0  -1.037290 1.008605 0.793610  -0.179808 -0.750479 0.635964  0.806183 0.137390 2 8 0.500000 9 0.500000
0  -1.056975 0.882720 0.751190  -0.170277 -0.796965 0.579528  0.806183 0.124420 2 8 0.500000 9 0.500000
Leo1A
0  -1.056975 0.882720 0.751190  -0.170277 -0.796965 0.579528  0.806183 0.124420 2 8 0.500000 9 0.500000
0  -0.416870 0.946960 0.473935  0.591159 -0.758858 -0.273248  0.888123 0.098907 2 9 0.800000 8 0.200000
0  -0.430300 0.962985 0.743100  0.513818 -0.681154 0.521556  0.885864 0.124420 2 8 0.500000 9 0.500000
Leo1A
0  -1.141050 0.854800 0.481415  -0.359057 -0.903677 -0.233338  0.805573 0.098907 2 9 0.800000 8 0.200000
0  -0.416870 0.946960 0.473935  0.591159 -0.758858 -0.273248  0.888123 0.098907 2 9 0.800000 8 0.200000
0  -1.056975 0.882720 0.751190  -0.170277 -0.796965 0.579528  0.806183 0.124420 2 8 0.500000 9 0.500000
Leo1A
0  -1.440735 1.139830 0.499725  -0.900037 -0.398914 -0.175504  0.742889 0.098907 2 9 0.800000 8 0.200000
0  -1.141050 0.854800 0.481415  -0.359057 -0.903677 -0.233338  0.805573 0.098907 2 9 0.800000 8 0.200000
0  -1.056975 0.882720 0.751190  -0.170277 -0.796965 0.579528  0.806183 0.124420 2 8 0.500000 9 0.500000
Leo1A
0  -1.243745 0.980990 0.428465  -0.588891 -0.782993 0.200323  0.805756 0.087952 2 9 0.800000 8 0.200000
0  -1.141050 0.854800 0.481415  -0.359057 -0.903677 -0.233338  0.805573 0.098907 2 9 0.800000 8 0.200000
0  -1.440735 1.139830 0.499725  -0.900037 -0.398914 -0.175504  0.742889 0.098907 2 9 0.800000 8 0.200000
Leo1A
0  -1.389160 1.126405 0.431670  -0.917107 -0.386172 0.098921  0.742828 0.087952 2 9 0.800000 8 0.200000
0  -1.243745 0.980990 0.428465  -0.588891 -0.782993 0.200323  0.805756 0.087952 2 9 0.800000 8 0.200000
0  -1.440735 1.139830 0.499725  -0.900037 -0.398914 -0.175504  0.742889 0.098907 2 9 0.800000 8 0.200000
Leo1A
0  -1.471405 1.569060 0.493470  -0.927786 0.145571 -0.343543  0.668793 0.098907 2 8 0.800000 9 0.200000
0  -1.389160 1.126405 0.431670  -0.917107 -0.386172 0.098921  0.742828 0.087952 2 9 0.800000 8 0.200000
0  -1.440735 1.139830 0.499725  -0.900037 -0.398914 -0.175504  0.742889 0.098907 2 9 0.800000 8 0.200000
Leo1A
0  -1.374970 1.568455 0.426480  -0.905381 0.230531 -0.356567  0.656525 0.087921 2 8 0.800000 9 0.200000
0  -1.389160 1.126405 0.431670  -0.917107 -0.386172 0.098921  0.742828 0.087952 2 9 0.800000 8 0.200000
0  -1.471405 1.569060 0.493470  -0.927786 0.145571 -0.343543  0.668793 0.098907 2 8 0.800000 9 0.200000
Leo1A
0  -1.319425 1.963195 0.493775  -0.681978 0.632690 -0.366892  0.616425 0.098907 2 8 0.800000 9 0.200000
0  -1.374970 1.568455 0.426480  -0.905381 0.230531 -0.356567  0.656525 0.087921 2 8 0.800000 9 0.200000
0  -1.471405 1.569060 0.493470  -0.927786 0.145571 -0.343543  0.668793 0.098907 2 8 0.800000 9 0.200000
Leo1A
0  -1.270600 1.874545 0.421295  -0.624651 0.593448 -0.507574  0.616333 0.087921 2 8 0.800000 9 0.200000
0  -1.374970 1.568455 0.426480  -0.905381 0.230531 -0.356567  0.656525 0.087921 2 8 0.800000 9 0.200000
0  -1.319425 1.963195 0.493775  -0.681978 0.632690 -0.366892  0.616425 0.098907 2 8 0.800000 9 0.200000
Leo1A
0  -0.293905 1.010245 -0.001590  0.701103 0.025556 -0.712602  0.922943 0.008759 1 9 1.000000
0  -0.305200 0.765650 0.086915  0.787184 -0.616466 0.017605  0.892151 0.020905 1 9 1.000000
0  -0.318780 0.798760 0.001465  0.593261 -0.370855 -0.714498  0.889526 0.008759 1 9 1.000000
Leo1A
0  -0.314790 0.830080 0.203395  0.759518 -0.456323 0.463575  0.890991 0.053864 2 9 0.850000 8 0.150000
0  -0.305200 0.765650 0.086915  0.787184 -0.616466 0.017605  0.892151 0.020905 1 9 1.000000
0  -0.293905 1.010245 -0.001590  0.701103 0.025556 -0.712602  0.922943 0.008759 1 9 1.000000
Leo1A
0  -0.261535 1.103210 0.190885  0.995791 0.023755 0.088517  0.922943 0.053864 2 9 0.800000 8 0.200000
0  -0.314790 0.830080 0.203395  0.759518 -0.456323 0.463575  0.890991 0.053864 2 9 0.850000 8 0.150000
0  -0.293905 1.010245 -0.001590  0.701103 0.025556 -0.712602  0.922943 0.008759 1 9 1.000000
Leo1A
0  -0.410005 1.024630 0.412750  0.871244 -0.463533 0.161462  0.886780 0.087952 2 9 0.800000 8 0.200000
0  -0.314790 0.830080 0.203395  0.759518 -0.456323 0.463575  0.890991 0.053864 2 9 0.850000 8 0.150000
0  -0.261535 1.103210 0.190885  0.995791 0.023755 0.088517  0.922943 0.053864 2 9 0.800000 8 0.200000
Leo1A
0  -0.348815 1.294555 0.403745  0.976804 0.024824 -0.212690  0.922943 0.087952 2 9 0.800000 8 0.200000
0  -0.410005 1.024630 0.412750  0.871244 -0.463533 0.161462  0.886780 0.087952 2 9 0.800000 8 0.200000
0  -0.261535 1.103210 0.190885  0.995791 0.023755 0.088517  0.922943 0.053864 2 9 0.800000 8 0.200000
Leo1A
0  -0.410005 1.024630 0.412750  0.871244 -0.463533 0.161462  0.886780 0.087952 2 9 0.800000 8 0.200000
0  -0.348815 1.294555 0.403745  0.976804 0.024824 -0.212690  0.922943 0.087952 2 9 0.800000 8 0.200000
0  -0.416870 0.946960 0.473935  0.591159 -0.758858 -0.273248  0.888123 0.098907 2 9 0.800000 8 0.200000
Leo1A
0  -0.416870 0.946960 0.473935  0.591159 -0.758858 -0.273248  0.888123 0.098907 2 9 0.800000 8 0.200000
0  -0.348815 1.294555 0.403745  0.976804 0.024824 -0.212690  0.922943 0.087952 2 9 0.800000 8 0.200000
0  -0.271300 1.303255 0.481110  0.938199 -0.077156 -0.337385  0.922943 0.098907 2 9 0.800000 8 0.200000
Leo1A
0  -0.416870 0.946960 0.473935  0.591159 -0.758858 -0.273248  0.888123 0.098907 2 9 0.800000 8 0.200000
0  -0.271300 1.303255 0.481110  0.938199 -0.077156 -0.337385  0.922943 0.098907 2 9 0.800000 8 0.200000
0  -0.430300 0.962985 0.743100  0.513818 -0.681154 0.521556  0.885864 0.124420 2 8 0.500000 9 0.500000
Leo1A
0  -0.430300 0.962985 0.743100  0.513818 -0.681154 0.521556  0.885864 0.124420 2 8 0.500000 9 0.500000
0  -0.271300 1.303255 0.481110  0.938199 -0.077156 -0.337385  0.922943 0.098907 2 9 0.800000 8 0.200000
0  -0.290375 1.309055 0.739590  0.862083 -0.103655 0.496053  0.922943 0.124420 2 8 0.600000 9 0.400000
Leo1A
0  -0.290375 1.309055 0.739590  0.862083 -0.103655 0.496053  0.922943 0.124420 2 8 0.600000 9 0.400000
0  -0.478365 1.069795 0.790100  0.507303 -0.519683 0.687440  0.885895 0.137390 2 8 0.500000 9 0.500000
0  -0.430300 0.962985 0.743100  0.513818 -0.681154 0.521556  0.885864 0.124420 2 8 0.500000 9 0.500000
Leo1A
0  -0.396270 1.321260 0.800320  0.825405 -0.115086 0.552687  0.922943 0.137390 2 8 0.600000 9 0.400000
0  -0.478365 1.069795 0.790100  0.507303 -0.519683 0.687440  0.885895 0.137390 2 8 0.500000 9 0.500000
0  -0.290375 1.309055 0.739590  0.862083 -0.103655 0.496053  0.922943 0.124420 2 8 0.600000 9 0.400000
Leo1A
0  -0.478365 1.069795 0.790100  0.507303 -0.519683 0.687440  0.885895 0.137390 2 8 0.500000 9 0.500000
0  -0.396270 1.321260 0.800320  0.825405 -0.115086 0.552687  0.922943 0.137390 2 8 0.600000 9 0.400000
0  -0.542910 1.044465 1.085510  0.582831 -0.779422 -0.229802  0.885925 0.161163 3 8 0.500000 7 0.400000 9 0.100000
Leo1A
0  -0.542910 1.044465 1.085510  0.582831 -0.779422 -0.229802  0.885925 0.161163 3 8 0.500000 7 0.400000 9 0.100000
0  -0.396270 1.321260 0.800320  0.825405 -0.115086 0.552687  0.922943 0.137390 2 8 0.600000 9 0.400000
0  -0.394590 1.286925 1.147000  0.981749 -0.162260 -0.099204  0.922943 0.162079 3 8 0.500000 7 0.400000 9 0.100000
Leo1A
0  -0.542910 1.044465 1.085510  0.582831 -0.779422 -0.229802  0.885925 0.161163 3 8 0.500000 7 0.400000 9 0.100000
0  -0.394590 1.286925 1.147000  0.981749 -0.162260 -0.099204  0.922943 0.162079 3 8 0.500000 7 0.400000 9 0.100000
0  -0.536195 0.889740 1.335905  0.526743 -0.668369 -0.525190  0.879944 0.179565 2 7 0.700000 8 0.300000
Leo1A
0  -0.536195 0.889740 1.335905  0.526743 -0.668369 -0.525190  0.879944 0.179565 2 7 0.700000 8 0.300000
0  -0.394590 1.286925 1.147000  0.981749 -0.162260 -0.099204  0.922943 0.162079 3 8 0.500000 7 0.400000 9 0.100000
0  -0.358735 1.161345 1.477205  0.957531 -0.120788 -0.261811  0.922943 0.188568 2 7 0.500000 8 0.500000
Leo1A
0  -0.358735 1.161345 1.477205  0.957531 -0.120788 -0.261811  0.922943 0.188568 2 7 0.500000 8 0.500000
0  -0.498070 0.555605 1.686340  0.438247 -0.694300 -0.570865  0.880035 0.226349 1 7 1.000000
0  -0.536195 0.889740 1.335905  0.526743 -0.668369 -0.525190  0.879944 0.179565 2 7 0.700000 8 0.300000
Leo1A
0  -0.279085 0.993960 1.741790  0.921418 -0.081488 -0.379932  0.922943 0.223297 2 7 0.900000 3 0.100000
0  -0.498070 0.555605 1.686340  0.438247 -0.694300 -0.570865  0.880035 0.226349 1 7 1.000000
0  -0.358735 1.161345 1.477205  0.957531 -0.120788 -0.261811  0.922943 0.188568 2 7 0.500000 8 0.500000
Leo1A
0  -0.279085 0.993960 1.741790  0.921418 -0.081488 -0.379932  0.922943 0.223297 2 7 0.900000 3 0.100000
0  -0.255280 0.918120 1.800385  0.596586 -0.040354 -0.801534  0.922943 0.247070 2 7 0.800000 3 0.200000
0  -0.498070 0.555605 1.686340  0.438247 -0.694300 -0.570865  0.880035 0.226349 1 7 1.000000
Leo1A
0  -1.616289 -1.868000 -0.001180  -0.709759 0.164162 -0.685050  0.605469 0.761658 1 23 1.000000
0  -1.385419 -2.305319 0.000955  0.034295 -0.591149 -0.805833  0.634552 0.714386 1 23 1.000000
0  -1.651384 -2.159290 0.006299  -0.728926 -0.229505 -0.644976  0.603699 0.722534 1 23 1.000000
Leo1A
0  -1.268384 -1.904164 -0.009725  -0.014662 0.005499 -0.999877  0.641266 0.760437 1 23 1.000000
0  -1.385419 -2.305319 0.000955  0.034295 -0.591149 -0.805833  0.634552 0.714386 1 23 1.000000
0  -1.616289 -1.868000 -0.001180  -0.709759 0.164162 -0.685050  0.605469 0.761658 1 23 1.000000
Leo1A
0  -1.268384 -1.904164 -0.009725  -0.014662 0.005499 -0.999877  0.641266 0.760437 1 23 1.000000
0  -1.321334 -2.251149 -0.000265  -0.036176 -0.247390 -0.968240  0.637543 0.718903 1 23 1.000000
0  -1.385419 -2.305319 0.000955  0.034295 -0.591149 -0.805833  0.634552 0.714386 1 23 1.000000
Leo1A
0  -1.265794 -2.336294 -0.000415  -0.404744 -0.482626 -0.776695  0.639862 0.713471 1 23 1.000000
0  -1.321334 -2.251149 -0.000265  -0.036176 -0.247390 -0.968240  0.637543 0.718903 1 23 1.000000
0  -1.268384 -1.904164 -0.009725  -0.014662 0.005499 -0.999877  0.641266 0.760437 1 23 1.000000
Leo1A
0  -0.954209 -2.397939 -0.000415  0.169659 -0.553934 -0.815090  0.671631 0.711762 1 23 1.000000
0  -1.265794 -2.336294 -0.000415  -0.404744 -0.482626 -0.776695  0.639862 0.713471 1 23 1.000000
0  -1.268384 -1.904164 -0.009725  -0.014662 0.005499 -0.999877  0.641266 0.760437 1 23 1.000000
Leo1A
0  -0.840074 -1.913319 -0.009725  0.008913 -0.012167 -0.999886  0.677704 0.759216 1 23 1.000000
0  -0.954209 -2.397939 -0.000415  0.169659 -0.553934 -0.815090  0.671631 0.711762 1 23 1.000000
0  -1.268384 -1.904164 -0.009725  -0.014662 0.005499 -0.999877  0.641266 0.760437 1 23 1.000000
Leo1A
0  -0.840074 -1.913319 -0.009725  0.008913 -0.012167 -0.999886  0.677704 0.759216 1 23 1.000000
0  -0.880049 -2.334919 -0.000570  -0.011735 -0.262310 -0.964912  0.674957 0.716614 1 23 1.000000
0  -0.954209 -2.397939 -0.000415  0.169659 -0.553934 -0.815090  0.671631 0.711762 1 23 1.000000
Leo1A
0  -0.818864 -2.408469 0.000650  -0.183038 -0.584078 -0.790790  0.677948 0.711487 1 23 1.000000
0  -0.880049 -2.334919 -0.000570  -0.011735 -0.262310 -0.964912  0.674957 0.716614 1 23 1.000000
0  -0.840074 -1.913319 -0.009725  0.008913 -0.012167 -0.999886  0.677704 0.759216 1 23 1.000000
Leo1A
0  -0.512619 -2.314319 0.005535  0.611258 -0.350524 -0.709575  0.704193 0.715851 1 23 1.000000
0  -0.818864 -2.408469 0.000650  -0.183038 -0.584078 -0.790790  0.677948 0.711487 1 23 1.000000
0  -0.840074 -1.913319 -0.009725  0.008913 -0.012167 -0.999886  0.677704 0.759216 1 23 1.000000
Leo1A
0  -0.840074 -1.913319 -0.009725  0.008913 -0.012167 -0.999886  0.677704 0.759216 1 23 1.000000
0  -0.475539 -1.880969 -0.001790  0.692710 0.033336 -0.720446  0.715149 0.757935 1 23 1.000000
0  -0.512619 -2.314319 0.005535  0.611258 -0.350524 -0.709575  0.704193 0.715851 1 23 1.000000
Leo1A
0  -0.543289 -1.578389 -0.009420  0.634363 0.144073 -0.759491  0.705841 0.799591 1 23 1.000000
0  -0.475539 -1.880969 -0.001790  0.692710 0.033336 -0.720446  0.715149 0.757935 1 23 1.000000
0  -0.840074 -1.913319 -0.009725  0.008913 -0.012167 -0.999886  0.677704 0.759216 1 23 1.000000
Leo1A
0  -1.268384 -1.904164 -0.009725  -0.014662 0.005499 -0.999877  0.641266 0.760437 1 23 1.000000
0  -0.543289 -1.578389 -0.009420  0.634363 0.144073 -0.759491  0.705841 0.799591 1 23 1.000000
0  -0.840074 -1.913319 -0.009725  0.008913 -0.012167 -0.999886  0.677704 0.759216 1 23 1.000000
Leo1A
0  -0.543289 -1.578389 -0.009420  0.634363 0.144073 -0.759491  0.705841 0.799591 1 23 1.000000
0  -1.268384 -1.904164 -0.009725  -0.014662 0.005499 -0.999877  0.641266 0.760437 1 23 1.000000
0  -1.521224 -1.584034 0.006910  -0.613039 0.258707 -0.746494  0.601746 0.802734 1 23 1.000000
Leo1A
0  -1.521224 -1.584034 0.006910  -0.613039 0.258707 -0.746494  0.601746 0.802734 1 23 1.000000
0  -1.268384 -1.904164 -0.009725  -0.014662 0.005499 -0.999877  0.641266 0.760437 1 23 1.000000
0  -1.616289 -1.868000 -0.001180  -0.709759 0.164162 -0.685050  0.605469 0.761658 1 23 1.000000
Leo1A
0  -1.212309 -1.273344 0.013275  -0.126902 0.282915 -0.950713  0.630341 0.831543 2 23 0.800000 22 0.200000
0  -0.703430 -1.272279 0.000765  0.200348 0.310097 -0.929355  0.680817 0.829773 2 23 0.800000 22 0.200000
0  -1.521224 -1.584034 0.006910  -0.613039 0.258707 -0.746494  0.601746 0.802734 1 23 1.000000
Leo1A
0  -0.703430 -1.272279 0.000765  0.200348 0.310097 -0.929355  0.680817 0.829773 2 23 0.800000 22 0.200000
0  -0.543289 -1.578389 -0.009420  0.634363 0.144073 -0.759491  0.705841 0.799591 1 23 1.000000
0  -1.521224 -1.584034 0.006910  -0.613039 0.258707 -0.746494  0.601746 0.802734 1 23 1.000000
Leo1A
0  -0.548860 -1.476285 0.732115  0.752886 0.352538 0.555770  0.435333 0.140930 2 22 0.700000 23 0.300000
0  -0.536040 -1.769865 0.806885  0.817290 -0.078926 0.570795  0.382812 0.140930 2 22 0.600000 23 0.400000
0  -0.437620 -1.459809 0.666655  0.833208 0.290235 0.470667  0.435333 0.129486 2 22 0.700000 23 0.300000
Leo1A
0  -0.548860 -1.476285 0.732115  0.752886 0.352538 0.555770  0.435333 0.140930 2 22 0.700000 23 0.300000
0  -0.571290 -1.479340 0.942995  0.963345 0.268116 0.008971  0.435333 0.192688 3 22 0.700000 21 0.200000 23 0.100000
0  -0.536040 -1.769865 0.806885  0.817290 -0.078926 0.570795  0.382812 0.140930 2 22 0.600000 23 0.400000
Leo1A
0  -0.494840 -1.933135 1.528470  0.146905 -0.535373 -0.831742  0.382019 0.261047 3 13 0.700000 21 0.200000 22 0.100000
0  -0.460970 -2.094725 1.597290  -0.412772 -0.541793 -0.732175  0.386536 0.281433 2 13 0.900000 21 0.100000
0  -0.656280 -2.164460 1.784820  -0.001549 -0.958837 -0.283953  0.335052 0.292938 3 21 0.450000 13 0.400000 22 0.150000
Leo1A
0  -0.656280 -2.164460 1.784820  -0.001549 -0.958837 -0.283953  0.335052 0.292938 3 21 0.450000 13 0.400000 22 0.150000
0  -0.547180 -1.762085 1.263425  0.950096 -0.267481 -0.160537  0.377808 0.219147 2 21 0.500000 22 0.500000
0  -0.494840 -1.933135 1.528470  0.146905 -0.535373 -0.831742  0.382019 0.261047 3 13 0.700000 21 0.200000 22 0.100000
Leo1A
0  -0.547180 -1.762085 1.263425  0.950096 -0.267481 -0.160537  0.377808 0.219147 2 21 0.500000 22 0.500000
0  -0.545195 -1.484070 1.184845  0.971091 0.200695 -0.129246  0.435333 0.210541 2 21 0.500000 22 0.500000
0  -0.494840 -1.933135 1.528470  0.146905 -0.535373 -0.831742  0.382019 0.261047 3 13 0.700000 21 0.200000 22 0.100000
Leo1A
0  -0.545195 -1.484070 1.184845  0.971091 0.200695 -0.129246  0.435333 0.210541 2 21 0.500000 22 0.500000
0  -0.547180 -1.762085 1.263425  0.950096 -0.267481 -0.160537  0.377808 0.219147 2 21 0.500000 22 0.500000
0  -0.571290 -1.479340 0.942995  0.963345 0.268116 0.008971  0.435333 0.192688 3 22 0.700000 21 0.200000 23 0.100000
Leo1A
0  -0.571290 -1.479340 0.942995  0.963345 0.268116 0.008971  0.435333 0.192688 3 22 0.700000 21 0.200000 23 0.100000
0  -0.547180 -1.762085 1.263425  0.950096 -0.267481 -0.160537  0.377808 0.219147 2 21 0.500000 22 0.500000
0  -0.545350 -1.751554 1.025085  0.972929 -0.230426 0.017664  0.380707 0.198578 3 22 0.700000 21 0.200000 23 0.100000
Leo1A
0  -0.571290 -1.479340 0.942995  0.963345 0.268116 0.008971  0.435333 0.192688 3 22 0.700000 21 0.200000 23 0.100000
0  -0.545350 -1.751554 1.025085  0.972929 -0.230426 0.017664  0.380707 0.198578 3 22 0.700000 21 0.200000 23 0.100000
0  -0.536040 -1.769865 0.806885  0.817290 -0.078926 0.570795  0.382812 0.140930 2 22 0.600000 23 0.400000
Leo1A
0  -0.536040 -1.769865 0.806885  0.817290 -0.078926 0.570795  0.382812 0.140930 2 22 0.600000 23 0.400000
0  -0.545350 -1.751554 1.025085  0.972929 -0.230426 0.017664  0.380707 0.198578 3 22 0.700000 21 0.200000 23 0.100000
0  -0.729980 -2.006075 1.113585  0.471618 -0.877865 -0.083244  0.323914 0.209229 3 22 0.750000 21 0.150000 23 0.100000
Leo1A
0  -0.729980 -2.006075 1.113585  0.471618 -0.877865 -0.083244  0.323914 0.209229 3 22 0.750000 21 0.150000 23 0.100000
0  -0.721285 -2.032165 0.859985  0.406716 -0.564859 0.717995  0.322693 0.140930 2 22 0.500000 23 0.500000
0  -0.536040 -1.769865 0.806885  0.817290 -0.078926 0.570795  0.382812 0.140930 2 22 0.600000 23 0.400000
Leo1A
0  -0.721285 -2.032165 0.859985  0.406716 -0.564859 0.717995  0.322693 0.140930 2 22 0.500000 23 0.500000
0  -0.442505 -1.845705 0.753785  0.852290 -0.210172 0.478987  0.379913 0.129486 2 22 0.600000 23 0.400000
0  -0.536040 -1.769865 0.806885  0.817290 -0.078926 0.570795  0.382812 0.140930 2 22 0.600000 23 0.400000
Leo1A
0  -0.536040 -1.769865 0.806885  0.817290 -0.078926 0.570795  0.382812 0.140930 2 22 0.600000 23 0.400000
0  -0.442505 -1.845705 0.753785  0.852290 -0.210172 0.478987  0.379913 0.129486 2 22 0.600000 23 0.400000
0  -0.437620 -1.459809 0.666655  0.833208 0.290235 0.470667  0.435333 0.129486 2 22 0.700000 23 0.300000
Leo1A
0  -0.442505 -1.845705 0.753785  0.852290 -0.210172 0.478987  0.379913 0.129486 2 22 0.600000 23 0.400000
0  -0.437470 -1.826324 0.568235  0.872952 -0.308707 -0.377696  0.380676 0.094482 2 23 0.600000 22 0.400000
0  -0.437620 -1.459809 0.666655  0.833208 0.290235 0.470667  0.435333 0.129486 2 22 0.700000 23 0.300000
Leo1A
0  -0.437620 -1.459809 0.666655  0.833208 0.290235 0.470667  0.435333 0.129486 2 22 0.700000 23 0.300000
0  -0.437470 -1.826324 0.568235  0.872952 -0.308707 -0.377696  0.380676 0.094482 2 23 0.600000 22 0.400000
0  -0.430300 -1.438749 0.477755  0.914128 0.161165 -0.372017  0.435333 0.094482 2 22 0.700000 23 0.300000
Leo1A
0  -0.437470 -1.826324 0.568235  0.872952 -0.308707 -0.377696  0.380676 0.094482 2 23 0.600000 22 0.400000
0  -0.529940 -1.456449 0.394440  0.900512 0.154951 -0.406286  0.435303 0.081635 2 22 0.700000 23 0.300000
0  -0.430300 -1.438749 0.477755  0.914128 0.161165 -0.372017  0.435333 0.094482 2 22 0.700000 23 0.300000
Leo1A
0  -0.711060 -2.066805 1.383515  0.446341 -0.866838 -0.222199  0.324219 0.241791 2 21 0.500000 22 0.500000
0  -0.547180 -1.762085 1.263425  0.950096 -0.267481 -0.160537  0.377808 0.219147 2 21 0.500000 22 0.500000
0  -0.656280 -2.164460 1.784820  -0.001549 -0.958837 -0.283953  0.335052 0.292938 3 21 0.450000 13 0.400000 22 0.150000
Leo1A
0  -0.545350 -1.751554 1.025085  0.972929 -0.230426 0.017664  0.380707 0.198578 3 22 0.700000 21 0.200000 23 0.100000
0  -0.547180 -1.762085 1.263425  0.950096 -0.267481 -0.160537  0.377808 0.219147 2 21 0.500000 22 0.500000
0  -0.711060 -2.066805 1.383515  0.446341 -0.866838 -0.222199  0.324219 0.241791 2 21 0.500000 22 0.500000
Leo1A
0  -0.545350 -1.751554 1.025085  0.972929 -0.230426 0.017664  0.380707 0.198578 3 22 0.700000 21 0.200000 23 0.100000
0  -0.711060 -2.066805 1.383515  0.446341 -0.866838 -0.222199  0.324219 0.241791 2 21 0.500000 22 0.500000
0  -0.729980 -2.006075 1.113585  0.471618 -0.877865 -0.083244  0.323914 0.209229 3 22 0.750000 21 0.150000 23 0.100000
Leo1A
0  -0.333710 -1.862490 1.494905  -0.216338 -0.165029 -0.962270  0.406677 0.269501 2 13 0.900000 21 0.100000
0  -0.460970 -2.094725 1.597290  -0.412772 -0.541793 -0.732175  0.386536 0.281433 2 13 0.900000 21 0.100000
0  -0.494840 -1.933135 1.528470  0.146905 -0.535373 -0.831742  0.382019 0.261047 3 13 0.700000 21 0.200000 22 0.100000
Leo1A
0  -0.331270 -1.483920 1.448820  -0.312745 -0.030190 -0.949357  0.435333 0.264221 2 13 0.900000 21 0.100000
0  -0.333710 -1.862490 1.494905  -0.216338 -0.165029 -0.962270  0.406677 0.269501 2 13 0.900000 21 0.100000
0  -0.494840 -1.933135 1.528470  0.146905 -0.535373 -0.831742  0.382019 0.261047 3 13 0.700000 21 0.200000 22 0.100000
Leo1A
0  -0.491335 -1.512755 1.510010  0.441067 0.123290 -0.888966  0.435333 0.251221 3 13 0.700000 21 0.200000 22 0.100000
0  -0.331270 -1.483920 1.448820  -0.312745 -0.030190 -0.949357  0.435333 0.264221 2 13 0.900000 21 0.100000
0  -0.494840 -1.933135 1.528470  0.146905 -0.535373 -0.831742  0.382019 0.261047 3 13 0.700000 21 0.200000 22 0.100000
Leo1A
0  -0.494840 -1.933135 1.528470  0.146905 -0.535373 -0.831742  0.382019 0.261047 3 13 0.700000 21 0.200000 22 0.100000
0  -0.545195 -1.484070 1.184845  0.971091 0.200695 -0.129246  0.435333 0.210541 2 21 0.500000 22 0.500000
0  -0.491335 -1.512755 1.510010  0.441067 0.123290 -0.888966  0.435333 0.251221 3 13 0.700000 21 0.200000 22 0.100000
Leo1A
0  -0.540315 -1.800079 0.478975  0.901085 -0.319935 -0.292723  0.381805 0.081635 2 23 0.800000 22 0.200000
0  -0.529940 -1.456449 0.394440  0.900512 0.154951 -0.406286  0.435303 0.081635 2 22 0.700000 23 0.300000
0  -0.437470 -1.826324 0.568235  0.872952 -0.308707 -0.377696  0.380676 0.094482 2 23 0.600000 22 0.400000
Leo1A
0  -0.657500 -2.173615 0.619200  0.409618 -0.845007 -0.343766  0.341248 0.094482 2 23 0.600000 22 0.400000
0  -0.540315 -1.800079 0.478975  0.901085 -0.319935 -0.292723  0.381805 0.081635 2 23 0.800000 22 0.200000
0  -0.437470 -1.826324 0.568235  0.872952 -0.308707 -0.377696  0.380676 0.094482 2 23 0.600000 22 0.400000
Leo1A
0  -0.442505 -1.845705 0.753785  0.852290 -0.210172 0.478987  0.379913 0.129486 2 22 0.600000 23 0.400000
0  -0.657500 -2.173615 0.619200  0.409618 -0.845007 -0.343766  0.341248 0.094482 2 23 0.600000 22 0.400000
0  -0.437470 -1.826324 0.568235  0.872952 -0.308707 -0.377696  0.380676 0.094482 2 23 0.600000 22 0.400000
Leo1A
0  -0.670930 -2.161405 0.824280  0.388914 -0.712658 0.583835  0.323181 0.129486 2 22 0.500000 23 0.500000
0  -0.657500 -2.173615 0.619200  0.409618 -0.845007 -0.343766  0.341248 0.094482 2 23 0.600000 22 0.400000
0  -0.442505 -1.845705 0.753785  0.852290 -0.210172 0.478987  0.379913 0.129486 2 22 0.600000 23 0.400000
Leo1A
0  -0.721285 -2.032165 0.859985  0.406716 -0.564859 0.717995  0.322693 0.140930 2 22 0.500000 23 0.500000
0  -0.670930 -2.161405 0.824280  0.388914 -0.712658 0.583835  0.323181 0.129486 2 22 0.500000 23 0.500000
0  -0.442505 -1.845705 0.753785  0.852290 -0.210172 0.478987  0.379913 0.129486 2 22 0.600000 23 0.400000
Leo1A
0  -1.101380 -2.041625 0.861205  -0.279017 -0.595712 0.753178  0.265167 0.140930 2 22 0.500000 23 0.500000
0  -0.670930 -2.161405 0.824280  0.388914 -0.712658 0.583835  0.323181 0.129486 2 22 0.500000 23 0.500000
0  -0.721285 -2.032165 0.859985  0.406716 -0.564859 0.717995  0.322693 0.140930 2 22 0.500000 23 0.500000
Leo1A
0  -1.101380 -2.041625 0.861205  -0.279017 -0.595712 0.753178  0.265167 0.140930 2 22 0.500000 23 0.500000
0  -0.721285 -2.032165 0.859985  0.406716 -0.564859 0.717995  0.322693 0.140930 2 22 0.500000 23 0.500000
0  -0.729980 -2.006075 1.113585  0.471618 -0.877865 -0.083244  0.323914 0.209229 3 22 0.750000 21 0.150000 23 0.100000
Leo1A
0  -1.047670 -2.025910 1.121215  -0.355144 -0.934775 -0.008242  0.265442 0.196686 3 22 0.750000 21 0.150000 23 0.100000
0  -1.101380 -2.041625 0.861205  -0.279017 -0.595712 0.753178  0.265167 0.140930 2 22 0.500000 23 0.500000
0  -0.729980 -2.006075 1.113585  0.471618 -0.877865 -0.083244  0.323914 0.209229 3 22 0.750000 21 0.150000 23 0.100000
Leo1A
0  -0.729980 -2.006075 1.113585  0.471618 -0.877865 -0.083244  0.323914 0.209229 3 22 0.750000 21 0.150000 23 0.100000
0  -0.711060 -2.066805 1.383515  0.446341 -0.866838 -0.222199  0.324219 0.241791 2 21 0.500000 22 0.500000
0  -1.047670 -2.025910 1.121215  -0.355144 -0.934775 -0.008242  0.265442 0.196686 3 22 0.750000 21 0.150000 23 0.100000
Leo1A
0  -0.711060 -2.066805 1.383515  0.446341 -0.866838 -0.222199  0.324219 0.241791 2 21 0.500000 22 0.500000
0  -1.045225 -2.063295 1.408995  -0.424559 -0.897594 -0.118634  0.266876 0.230652 2 21 0.500000 22 0.500000
0  -1.047670 -2.025910 1.121215  -0.355144 -0.934775 -0.008242  0.265442 0.196686 3 22 0.750000 21 0.150000 23 0.100000
Leo1A
0  -1.045225 -2.063295 1.408995  -0.424559 -0.897594 -0.118634  0.266876 0.230652 2 21 0.500000 22 0.500000
0  -0.711060 -2.066805 1.383515  0.446341 -0.866838 -0.222199  0.324219 0.241791 2 21 0.500000 22 0.500000
0  -1.027985 -2.124330 1.728360  -0.451140 -0.886489 -0.103008  0.273224 0.268585 3 21 0.700000 22 0.200000 13 0.100000
Leo1A
0  -1.027985 -2.124330 1.728360  -0.451140 -0.886489 -0.103008  0.273224 0.268585 3 21 0.700000 22 0.200000 13 0.100000
0  -0.711060 -2.066805 1.383515  0.446341 -0.866838 -0.222199  0.324219 0.241791 2 21 0.500000 22 0.500000
0  -0.656280 -2.164460 1.784820  -0.001549 -0.958837 -0.283953  0.335052 0.292938 3 21 0.450000 13 0.400000 22 0.150000
Leo1A
0  -0.996705 -2.156680 2.248230  -0.440259 -0.895129 0.070116  0.282074 0.321533 2 21 0.800000 13 0.200000
0  -1.027985 -2.124330 1.728360  -0.451140 -0.886489 -0.103008  0.273224 0.268585 3 21 0.700000 22 0.200000 13 0.100000
0  -0.656280 -2.164460 1.784820  -0.001549 -0.958837 -0.283953  0.335052 0.292938 3 21 0.450000 13 0.400000 22 0.150000
Leo1A
0  -0.656280 -2.164460 1.784820  -0.001549 -0.958837 -0.283953  0.335052 0.292938 3 21 0.450000 13 0.400000 22 0.150000
0  -0.648040 -2.199250 1.912230  -0.186909 -0.968675 -0.163502  0.342499 0.313354 2 13 0.800000 21 0.200000
0  -0.996705 -2.156680 2.248230  -0.440259 -0.895129 0.070116  0.282074 0.321533 2 21 0.800000 13 0.200000
Leo1A
0  -0.648040 -2.199250 1.912230  -0.186909 -0.968675 -0.163502  0.342499 0.313354 2 13 0.800000 21 0.200000
0  -0.621185 -2.213135 2.147065  -0.180462 -0.983559 0.006751  0.352997 0.333740 2 13 0.800000 21 0.200000
0  -0.996705 -2.156680 2.248230  -0.440259 -0.895129 0.070116  0.282074 0.321533 2 21 0.800000 13 0.200000
Leo1A
0  -0.648040 -2.199250 1.912230  -0.186909 -0.968675 -0.163502  0.342499 0.313354 2 13 0.800000 21 0.200000
0  -0.530700 -2.198790 1.787720  -0.408038 -0.831427 -0.377139  0.369049 0.306824 2 13 0.900000 21 0.100000
0  -0.621185 -2.213135 2.147065  -0.180462 -0.983559 0.006751  0.352997 0.333740 2 13 0.800000 21 0.200000
Leo1A
0  -0.460970 -2.094725 1.597290  -0.412772 -0.541793 -0.732175  0.386536 0.281433 2 13 0.900000 21 0.100000
0  -0.530700 -2.198790 1.787720  -0.408038 -0.831427 -0.377139  0.369049 0.306824 2 13 0.900000 21 0.100000
0  -0.648040 -2.199250 1.912230  -0.186909 -0.968675 -0.163502  0.342499 0.313354 2 13 0.800000 21 0.200000
Leo1A
0  -0.460970 -2.094725 1.597290  -0.412772 -0.541793 -0.732175  0.386536 0.281433 2 13 0.900000 21 0.100000
0  -0.648040 -2.199250 1.912230  -0.186909 -0.968675 -0.163502  0.342499 0.313354 2 13 0.800000 21 0.200000
0  -0.656280 -2.164460 1.784820  -0.001549 -0.958837 -0.283953  0.335052 0.292938 3 21 0.450000 13 0.400000 22 0.150000
Leo1A
0  -1.014250 -2.091830 2.559815  -0.469957 -0.850493 0.236226  0.260040 0.344574 2 13 0.500000 21 0.500000
0  -0.996705 -2.156680 2.248230  -0.440259 -0.895129 0.070116  0.282074 0.321533 2 21 0.800000 13 0.200000
0  -0.830690 -2.057800 2.834015  -0.984179 0.060187 -0.166640  0.326202 0.396637 2 13 0.900000 14 0.100000
Leo1A
0  -0.996705 -2.156680 2.248230  -0.440259 -0.895129 0.070116  0.282074 0.321533 2 21 0.800000 13 0.200000
0  -0.621185 -2.213135 2.147065  -0.180462 -0.983559 0.006751  0.352997 0.333740 2 13 0.800000 21 0.200000
0  -0.830690 -2.057800 2.834015  -0.984179 0.060187 -0.166640  0.326202 0.396637 2 13 0.900000 14 0.100000
Leo1A
0  -1.047670 -2.025910 1.121215  -0.355144 -0.934775 -0.008242  0.265442 0.196686 3 22 0.750000 21 0.150000 23 0.100000
0  -1.045225 -2.063295 1.408995  -0.424559 -0.897594 -0.118634  0.266876 0.230652 2 21 0.500000 22 0.500000
0  -1.280975 -1.805725 1.336975  -0.870787 -0.491006 0.025353  0.222290 0.209503 2 21 0.500000 22 0.500000
Leo1A
0  -1.280975 -1.805725 1.336975  -0.870787 -0.491006 0.025353  0.222290 0.209503 2 21 0.500000 22 0.500000
0  -1.327820 -1.759340 1.033935  -0.867736 -0.476930 0.139904  0.220551 0.172028 3 22 0.700000 21 0.200000 23 0.100000
0  -1.047670 -2.025910 1.121215  -0.355144 -0.934775 -0.008242  0.265442 0.196686 3 22 0.750000 21 0.150000 23 0.100000
Leo1A
0  -1.327820 -1.759340 1.033935  -0.867736 -0.476930 0.139904  0.220551 0.172028 3 22 0.700000 21 0.200000 23 0.100000
0  -1.101380 -2.041625 0.861205  -0.279017 -0.595712 0.753178  0.265167 0.140930 2 22 0.500000 23 0.500000
0  -1.047670 -2.025910 1.121215  -0.355144 -0.934775 -0.008242  0.265442 0.196686 3 22 0.750000 21 0.150000 23 0.100000
Leo1A
0  -1.101380 -2.041625 0.861205  -0.279017 -0.595712 0.753178  0.265167 0.140930 2 22 0.500000 23 0.500000
0  -1.327820 -1.759340 1.033935  -0.867736 -0.476930 0.139904  0.220551 0.172028 3 22 0.700000 21 0.200000 23 0.100000
0  -1.391755 -1.742705 0.806580  -0.685514 -0.163594 0.709442  0.213501 0.140930 2 22 0.600000 23 0.400000
Leo1A
0  -1.391755 -1.742705 0.806580  -0.685514 -0.163594 0.709442  0.213501 0.140930 2 22 0.600000 23 0.400000
0  -1.215820 -2.150270 0.829620  -0.332134 -0.700634 0.631506  0.265320 0.129486 2 22 0.500000 23 0.500000
0  -1.101380 -2.041625 0.861205  -0.279017 -0.595712 0.753178  0.265167 0.140930 2 22 0.500000 23 0.500000
Leo1A
0  -1.215820 -2.150270 0.829620  -0.332134 -0.700634 0.631506  0.265320 0.129486 2 22 0.500000 23 0.500000
0  -0.670930 -2.161405 0.824280  0.388914 -0.712658 0.583835  0.323181 0.129486 2 22 0.500000 23 0.500000
0  -1.101380 -2.041625 0.861205  -0.279017 -0.595712 0.753178  0.265167 0.140930 2 22 0.500000 23 0.500000
Leo1A
0  -0.657500 -2.173615 0.619200  0.409618 -0.845007 -0.343766  0.341248 0.094482 2 23 0.600000 22 0.400000
0  -0.670930 -2.161405 0.824280  0.388914 -0.712658 0.583835  0.323181 0.129486 2 22 0.500000 23 0.500000
0  -1.215820 -2.150270 0.829620  -0.332134 -0.700634 0.631506  0.265320 0.129486 2 22 0.500000 23 0.500000
Leo1A
0  -1.267699 -2.155455 0.633695  -0.402156 -0.895736 -0.189544  0.259644 0.094482 2 23 0.600000 22 0.400000
0  -0.657500 -2.173615 0.619200  0.409618 -0.845007 -0.343766  0.341248 0.094482 2 23 0.600000 22 0.400000
0  -1.215820 -2.150270 0.829620  -0.332134 -0.700634 0.631506  0.265320 0.129486 2 22 0.500000 23 0.500000
Leo1A
0  -1.215820 -2.150270 0.829620  -0.332134 -0.700634 0.631506  0.265320 0.129486 2 22 0.500000 23 0.500000
0  -1.570740 -1.808165 0.575410  -0.931526 -0.361063 -0.043509  0.214600 0.094482 2 23 0.600000 22 0.400000
0  -1.267699 -2.155455 0.633695  -0.402156 -0.895736 -0.189544  0.259644 0.094482 2 23 0.600000 22 0.400000
Leo1A
0  -1.513365 -1.813810 0.768890  -0.727571 -0.222526 0.648939  0.213379 0.129486 2 22 0.600000 23 0.400000
0  -1.570740 -1.808165 0.575410  -0.931526 -0.361063 -0.043509  0.214600 0.094482 2 23 0.600000 22 0.400000
0  -1.215820 -2.150270 0.829620  -0.332134 -0.700634 0.631506  0.265320 0.129486 2 22 0.500000 23 0.500000
Leo1A
0  -1.513365 -1.813810 0.768890  -0.727571 -0.222526 0.648939  0.213379 0.129486 2 22 0.600000 23 0.400000
0  -1.590575 -1.434935 0.478060  -0.928024 0.209832 -0.307802  0.173218 0.094482 2 22 0.700000 23 0.300000
0  -1.570740 -1.808165 0.575410  -0.931526 -0.361063 -0.043509  0.214600 0.094482 2 23 0.600000 22 0.400000
Leo1A
0  -1.513365 -1.813810 0.768890  -0.727571 -0.222526 0.648939  0.213379 0.129486 2 22 0.600000 23 0.400000
0  -1.215820 -2.150270 0.829620  -0.332134 -0.700634 0.631506  0.265320 0.129486 2 22 0.500000 23 0.500000
0  -1.391755 -1.742705 0.806580  -0.685514 -0.163594 0.709442  0.213501 0.140930 2 22 0.600000 23 0.400000
Leo1A
0  -1.173250 -1.018370 2.316435  -0.453501 0.854225 -0.254236  0.110596 0.335083 2 13 0.500000 21 0.500000
0  -1.096955 -0.901030 2.501830  -0.839623 0.516985 -0.166613  0.091370 0.354889 3 13 0.600000 21 0.300000 3 0.100000
0  -1.036680 -0.978090 2.089690  -0.720813 0.567982 -0.397271  0.094513 0.298492 3 21 0.450000 13 0.400000 3 0.150000
Leo1A
0  -1.036680 -0.978090 2.089690  -0.720813 0.567982 -0.397271  0.094513 0.298492 3 21 0.450000 13 0.400000 3 0.150000
0  -1.248320 -1.063235 2.258455  -0.751014 0.607994 -0.257529  0.121491 0.326569 2 21 0.600000 13 0.400000
0  -1.173250 -1.018370 2.316435  -0.453501 0.854225 -0.254236  0.110596 0.335083 2 13 0.500000 21 0.500000
Leo1A
0  -1.036680 -0.978090 2.089690  -0.720813 0.567982 -0.397271  0.094513 0.298492 3 21 0.450000 13 0.400000 3 0.150000
0  -1.213075 -1.090395 2.104035  -0.762775 0.609555 -0.215909  0.120758 0.303406 2 21 0.700000 13 0.300000
0  -1.248320 -1.063235 2.258455  -0.751014 0.607994 -0.257529  0.121491 0.326569 2 21 0.600000 13 0.400000
Leo1A
0  -1.213075 -1.090395 2.104035  -0.762775 0.609555 -0.215909  0.120758 0.303406 2 21 0.700000 13 0.300000
0  -1.338195 -1.492615 2.155000  -0.999791 -0.017923 -0.009784  0.172577 0.304657 2 21 0.800000 13 0.200000
0  -1.248320 -1.063235 2.258455  -0.751014 0.607994 -0.257529  0.121491 0.326569 2 21 0.600000 13 0.400000
Leo1A
0  -1.213075 -1.090395 2.104035  -0.762775 0.609555 -0.215909  0.120758 0.303406 2 21 0.700000 13 0.300000
0  -1.338960 -1.481325 1.652525  -0.996493 0.081433 0.019230  0.172516 0.248932 2 21 0.800000 22 0.200000
0  -1.338195 -1.492615 2.155000  -0.999791 -0.017923 -0.009784  0.172577 0.304657 2 21 0.800000 13 0.200000
Leo1A
0  -1.258085 -1.838685 1.704405  -0.894747 -0.446459 -0.010116  0.214417 0.250031 2 21 0.800000 22 0.200000
0  -1.338195 -1.492615 2.155000  -0.999791 -0.017923 -0.009784  0.172577 0.304657 2 21 0.800000 13 0.200000
0  -1.338960 -1.481325 1.652525  -0.996493 0.081433 0.019230  0.172516 0.248932 2 21 0.800000 22 0.200000
Leo1A
0  -1.338960 -1.481325 1.652525  -0.996493 0.081433 0.019230  0.172516 0.248932 2 21 0.800000 22 0.200000
0  -1.280975 -1.805725 1.336975  -0.870787 -0.491006 0.025353  0.222290 0.209503 2 21 0.500000 22 0.500000
0  -1.258085 -1.838685 1.704405  -0.894747 -0.446459 -0.010116  0.214417 0.250031 2 21 0.800000 22 0.200000
Leo1A
0  -1.369020 -1.486665 1.257630  -0.991027 0.087488 0.101048  0.170227 0.204651 2 21 0.500000 22 0.500000
0  -1.280975 -1.805725 1.336975  -0.870787 -0.491006 0.025353  0.222290 0.209503 2 21 0.500000 22 0.500000
0  -1.338960 -1.481325 1.652525  -0.996493 0.081433 0.019230  0.172516 0.248932 2 21 0.800000 22 0.200000
Leo1A
0  -1.369020 -1.486665 1.257630  -0.991027 0.087488 0.101048  0.170227 0.204651 2 21 0.500000 22 0.500000
0  -1.327820 -1.759340 1.033935  -0.867736 -0.476930 0.139904  0.220551 0.172028 3 22 0.700000 21 0.200000 23 0.100000
0  -1.280975 -1.805725 1.336975  -0.870787 -0.491006 0.025353  0.222290 0.209503 2 21 0.500000 22 0.500000
Leo1A
0  -1.369020 -1.486665 1.257630  -0.991027 0.087488 0.101048  0.170227 0.204651 2 21 0.500000 22 0.500000
0  -1.409150 -1.476595 0.946505  -0.976174 0.172767 0.131286  0.170105 0.165771 3 22 0.700000 21 0.200000 23 0.100000
0  -1.327820 -1.759340 1.033935  -0.867736 -0.476930 0.139904  0.220551 0.172028 3 22 0.700000 21 0.200000 23 0.100000
Leo1A
0  -1.327820 -1.759340 1.033935  -0.867736 -0.476930 0.139904  0.220551 0.172028 3 22 0.700000 21 0.200000 23 0.100000
0  -1.409150 -1.476595 0.946505  -0.976174 0.172767 0.131286  0.170105 0.165771 3 22 0.700000 21 0.200000 23 0.100000
0  -1.391755 -1.742705 0.806580  -0.685514 -0.163594 0.709442  0.213501 0.140930 2 22 0.600000 23 0.400000
Leo1A
0  -1.391755 -1.742705 0.806580  -0.685514 -0.163594 0.709442  0.213501 0.140930 2 22 0.600000 23 0.400000
0  -1.409150 -1.476595 0.946505  -0.976174 0.172767 0.131286  0.170105 0.165771 3 22 0.700000 21 0.200000 23 0.100000
0  -1.436920 -1.466370 0.736695  -0.718236 0.332017 0.611474  0.171692 0.140930 2 22 0.700000 23 0.300000
Leo1A
0  -1.436920 -1.466370 0.736695  -0.718236 0.332017 0.611474  0.171692 0.140930 2 22 0.700000 23 0.300000
0  -1.513365 -1.813810 0.768890  -0.727571 -0.222526 0.648939  0.213379 0.129486 2 22 0.600000 23 0.400000
0  -1.391755 -1.742705 0.806580  -0.685514 -0.163594 0.709442  0.213501 0.140930 2 22 0.600000 23 0.400000
Leo1A
0  -1.562045 -1.447295 0.667725  -0.808640 0.279794 0.517510  0.169922 0.129456 2 22 0.700000 23 0.300000
0  -1.513365 -1.813810 0.768890  -0.727571 -0.222526 0.648939  0.213379 0.129486 2 22 0.600000 23 0.400000
0  -1.436920 -1.466370 0.736695  -0.718236 0.332017 0.611474  0.171692 0.140930 2 22 0.700000 23 0.300000
Leo1A
0  -1.562045 -1.447295 0.667725  -0.808640 0.279794 0.517510  0.169922 0.129456 2 22 0.700000 23 0.300000
0  -1.590575 -1.434935 0.478060  -0.928024 0.209832 -0.307802  0.173218 0.094482 2 22 0.700000 23 0.300000
0  -1.513365 -1.813810 0.768890  -0.727571 -0.222526 0.648939  0.213379 0.129486 2 22 0.600000 23 0.400000
Leo1A
0  -1.256715 -0.977630 0.557555  -0.350553 0.852338 0.388114  0.120911 0.129456 2 22 0.700000 23 0.300000
0  -1.590575 -1.434935 0.478060  -0.928024 0.209832 -0.307802  0.173218 0.094482 2 22 0.700000 23 0.300000
0  -1.562045 -1.447295 0.667725  -0.808640 0.279794 0.517510  0.169922 0.129456 2 22 0.700000 23 0.300000
Leo1A
0  -1.289060 -0.997620 0.376280  -0.442546 0.739228 -0.507637  0.123962 0.094482 2 22 0.600000 23 0.400000
0  -1.590575 -1.434935 0.478060  -0.928024 0.209832 -0.307802  0.173218 0.094482 2 22 0.700000 23 0.300000
0  -1.256715 -0.977630 0.557555  -0.350553 0.852338 0.388114  0.120911 0.129456 2 22 0.700000 23 0.300000
Leo1A
0  -0.678405 -1.003569 0.557710  0.462335 0.808395 0.364339  0.071472 0.129456 2 22 0.700000 23 0.300000
0  -1.289060 -0.997620 0.376280  -0.442546 0.739228 -0.507637  0.123962 0.094482 2 22 0.600000 23 0.400000
0  -1.256715 -0.977630 0.557555  -0.350553 0.852338 0.388114  0.120911 0.129456 2 22 0.700000 23 0.300000
Leo1A
0  -1.562045 -1.447295 0.667725  -0.808640 0.279794 0.517510  0.169922 0.129456 2 22 0.700000 23 0.300000
0  -1.215055 -1.113585 0.649110  -0.368615 0.711703 0.597998  0.121002 0.140930 2 22 0.700000 23 0.300000
0  -1.256715 -0.977630 0.557555  -0.350553 0.852338 0.388114  0.120911 0.129456 2 22 0.700000 23 0.300000
Leo1A
0  -1.436920 -1.466370 0.736695  -0.718236 0.332017 0.611474  0.171692 0.140930 2 22 0.700000 23 0.300000
0  -1.215055 -1.113585 0.649110  -0.368615 0.711703 0.597998  0.121002 0.140930 2 22 0.700000 23 0.300000
0  -1.562045 -1.447295 0.667725  -0.808640 0.279794 0.517510  0.169922 0.129456 2 22 0.700000 23 0.300000
Leo1A
0  -1.436920 -1.466370 0.736695  -0.718236 0.332017 0.611474  0.171692 0.140930 2 22 0.700000 23 0.300000
0  -1.179350 -1.102600 0.814210  -0.449915 0.891796 0.047708  0.118774 0.156403 3 22 0.800000 21 0.100000 23 0.100000
0  -1.215055 -1.113585 0.649110  -0.368615 0.711703 0.597998  0.121002 0.140930 2 22 0.700000 23 0.300000
Leo1A
0  -1.409150 -1.476595 0.946505  -0.976174 0.172767 0.131286  0.170105 0.165771 3 22 0.700000 21 0.200000 23 0.100000
0  -1.179350 -1.102600 0.814210  -0.449915 0.891796 0.047708  0.118774 0.156403 3 22 0.800000 21 0.100000 23 0.100000
0  -1.436920 -1.466370 0.736695  -0.718236 0.332017 0.611474  0.171692 0.140930 2 22 0.700000 23 0.300000
Leo1A
0  -1.232300 -1.178285 1.199800  -0.789254 0.610560 0.065527  0.134125 0.202789 2 21 0.500000 22 0.500000
0  -1.409150 -1.476595 0.946505  -0.976174 0.172767 0.131286  0.170105 0.165771 3 22 0.700000 21 0.200000 23 0.100000
0  -1.369020 -1.486665 1.257630  -0.991027 0.087488 0.101048  0.170227 0.204651 2 21 0.500000 22 0.500000
Leo1A
0  -1.409150 -1.476595 0.946505  -0.976174 0.172767 0.131286  0.170105 0.165771 3 22 0.700000 21 0.200000 23 0.100000
0  -1.232300 -1.178285 1.199800  -0.789254 0.610560 0.065527  0.134125 0.202789 2 21 0.500000 22 0.500000
0  -1.166685 -1.104585 0.938265  -0.486740 0.873177 -0.025411  0.115875 0.179047 3 22 0.700000 21 0.200000 23 0.100000
Leo1A
0  -1.179350 -1.102600 0.814210  -0.449915 0.891796 0.047708  0.118774 0.156403 3 22 0.800000 21 0.100000 23 0.100000
0  -1.409150 -1.476595 0.946505  -0.976174 0.172767 0.131286  0.170105 0.165771 3 22 0.700000 21 0.200000 23 0.100000
0  -1.166685 -1.104585 0.938265  -0.486740 0.873177 -0.025411  0.115875 0.179047 3 22 0.700000 21 0.200000 23 0.100000
Leo1A
0  -1.179350 -1.102600 0.814210  -0.449915 0.891796 0.047708  0.118774 0.156403 3 22 0.800000 21 0.100000 23 0.100000
0  -1.166685 -1.104585 0.938265  -0.486740 0.873177 -0.025411  0.115875 0.179047 3 22 0.700000 21 0.200000 23 0.100000
0  -0.765535 -1.104890 0.814360  0.493779 0.869262 0.023768  0.074890 0.160095 3 22 0.800000 21 0.100000 23 0.100000
Leo1A
0  -1.179350 -1.102600 0.814210  -0.449915 0.891796 0.047708  0.118774 0.156403 3 22 0.800000 21 0.100000 23 0.100000
0  -0.765535 -1.104890 0.814360  0.493779 0.869262 0.023768  0.074890 0.160095 3 22 0.800000 21 0.100000 23 0.100000
0  -1.215055 -1.113585 0.649110  -0.368615 0.711703 0.597998  0.121002 0.140930 2 22 0.700000 23 0.300000
Leo1A
0  -1.215055 -1.113585 0.649110  -0.368615 0.711703 0.597998  0.121002 0.140930 2 22 0.700000 23 0.300000
0  -0.765535 -1.104890 0.814360  0.493779 0.869262 0.023768  0.074890 0.160095 3 22 0.800000 21 0.100000 23 0.100000
0  -0.746610 -1.091920 0.647280  0.358689 0.738354 0.571118  0.067383 0.140930 2 22 0.700000 23 0.300000
Leo1A
0  -1.215055 -1.113585 0.649110  -0.368615 0.711703 0.597998  0.121002 0.140930 2 22 0.700000 23 0.300000
0  -0.746610 -1.091920 0.647280  0.358689 0.738354 0.571118  0.067383 0.140930 2 22 0.700000 23 0.300000
0  -1.256715 -0.977630 0.557555  -0.350553 0.852338 0.388114  0.120911 0.129456 2 22 0.700000 23 0.300000
Leo1A
0  -1.256715 -0.977630 0.557555  -0.350553 0.852338 0.388114  0.120911 0.129456 2 22 0.700000 23 0.300000
0  -0.746610 -1.091920 0.647280  0.358689 0.738354 0.571118  0.067383 0.140930 2 22 0.700000 23 0.300000
0  -0.678405 -1.003569 0.557710  0.462335 0.808395 0.364339  0.071472 0.129456 2 22 0.700000 23 0.300000
Leo1A
0  -1.239090 -1.887535 2.206835  -0.888053 -0.455652 0.061183  0.219177 0.303375 1 21 1.000000
0  -1.338195 -1.492615 2.155000  -0.999791 -0.017923 -0.009784  0.172577 0.304657 2 21 0.800000 13 0.200000
0  -1.258085 -1.838685 1.704405  -0.894747 -0.446459 -0.010116  0.214417 0.250031 2 21 0.800000 22 0.200000
Leo1A
0  -1.239090 -1.887535 2.206835  -0.888053 -0.455652 0.061183  0.219177 0.303375 1 21 1.000000
0  -1.178435 -1.911470 2.569275  -0.840263 -0.490797 0.230382  0.222321 0.339417 2 13 0.500000 21 0.500000
0  -1.338195 -1.492615 2.155000  -0.999791 -0.017923 -0.009784  0.172577 0.304657 2 21 0.800000 13 0.200000
Leo1A
0  -1.217805 -1.200560 1.592560  -0.743040 0.668802 -0.024410  0.132385 0.250549 2 21 0.800000 22 0.200000
0  -1.098635 -1.093290 1.870725  -0.337966 0.907084 -0.250953  0.098175 0.279266 2 21 0.800000 13 0.200000
0  -1.086120 -1.131285 1.567995  -0.282420 0.959279 0.004708  0.105225 0.250092 2 21 0.800000 22 0.200000
Leo1A
0  -1.086120 -1.131285 1.567995  -0.282420 0.959279 0.004708  0.105225 0.250092 2 21 0.800000 22 0.200000
0  -1.232300 -1.178285 1.199800  -0.789254 0.610560 0.065527  0.134125 0.202789 2 21 0.500000 22 0.500000
0  -1.217805 -1.200560 1.592560  -0.743040 0.668802 -0.024410  0.132385 0.250549 2 21 0.800000 22 0.200000
Leo1A
0  -1.097105 -1.051790 1.167295  -0.303360 0.952753 0.015276  0.112946 0.201691 2 21 0.500000 22 0.500000
0  -1.232300 -1.178285 1.199800  -0.789254 0.610560 0.065527  0.134125 0.202789 2 21 0.500000 22 0.500000
0  -1.086120 -1.131285 1.567995  -0.282420 0.959279 0.004708  0.105225 0.250092 2 21 0.800000 22 0.200000
Leo1A
0  -1.166685 -1.104585 0.938265  -0.486740 0.873177 -0.025411  0.115875 0.179047 3 22 0.700000 21 0.200000 23 0.100000
0  -1.232300 -1.178285 1.199800  -0.789254 0.610560 0.065527  0.134125 0.202789 2 21 0.500000 22 0.500000
0  -1.097105 -1.051790 1.167295  -0.303360 0.952753 0.015276  0.112946 0.201691 2 21 0.500000 22 0.500000
Leo1A
0  -0.678405 -1.003569 0.557710  0.462335 0.808395 0.364339  0.071472 0.129456 2 22 0.700000 23 0.300000
0  -0.548860 -1.476285 0.732115  0.752886 0.352538 0.555770  0.008057 0.140930 2 22 0.700000 23 0.300000
0  -0.437620 -1.459809 0.666655  0.833208 0.290235 0.470667  0.008057 0.129456 2 22 0.700000 23 0.300000
Leo1A
0  -0.746610 -1.091920 0.647280  0.358689 0.738354 0.571118  0.067383 0.140930 2 22 0.700000 23 0.300000
0  -0.548860 -1.476285 0.732115  0.752886 0.352538 0.555770  0.008057 0.140930 2 22 0.700000 23 0.300000
0  -0.678405 -1.003569 0.557710  0.462335 0.808395 0.364339  0.071472 0.129456 2 22 0.700000 23 0.300000
Leo1A
0  -0.746610 -1.091920 0.647280  0.358689 0.738354 0.571118  0.067383 0.140930 2 22 0.700000 23 0.300000
0  -0.571290 -1.479340 0.942995  0.963345 0.268116 0.008971  0.008057 0.192719 3 22 0.700000 21 0.200000 23 0.100000
0  -0.548860 -1.476285 0.732115  0.752886 0.352538 0.555770  0.008057 0.140930 2 22 0.700000 23 0.300000
Leo1A
0  -0.765535 -1.104890 0.814360  0.493779 0.869262 0.023768  0.074890 0.160095 3 22 0.800000 21 0.100000 23 0.100000
0  -0.571290 -1.479340 0.942995  0.963345 0.268116 0.008971  0.008057 0.192719 3 22 0.700000 21 0.200000 23 0.100000
0  -0.746610 -1.091920 0.647280  0.358689 0.738354 0.571118  0.067383 0.140930 2 22 0.700000 23 0.300000
Leo1A
0  -0.765535 -1.104890 0.814360  0.493779 0.869262 0.023768  0.074890 0.160095 3 22 0.800000 21 0.100000 23 0.100000
0  -0.761870 -1.094210 0.935975  0.508970 0.852510 -0.119066  0.072388 0.178558 3 22 0.700000 21 0.200000 23 0.100000
0  -0.571290 -1.479340 0.942995  0.963345 0.268116 0.008971  0.008057 0.192719 3 22 0.700000 21 0.200000 23 0.100000
Leo1A
0  -1.166685 -1.104585 0.938265  -0.486740 0.873177 -0.025411  0.115875 0.179047 3 22 0.700000 21 0.200000 23 0.100000
0  -0.761870 -1.094210 0.935975  0.508970 0.852510 -0.119066  0.072388 0.178558 3 22 0.700000 21 0.200000 23 0.100000
0  -0.765535 -1.104890 0.814360  0.493779 0.869262 0.023768  0.074890 0.160095 3 22 0.800000 21 0.100000 23 0.100000
Leo1A
0  -0.761870 -1.094210 0.935975  0.508970 0.852510 -0.119066  0.072388 0.178558 3 22 0.700000 21 0.200000 23 0.100000
0  -1.166685 -1.104585 0.938265  -0.486740 0.873177 -0.025411  0.115875 0.179047 3 22 0.700000 21 0.200000 23 0.100000
0  -0.734710 -1.069795 1.152955  0.520385 0.847917 -0.101172  0.069916 0.197021 2 21 0.500000 22 0.500000
Leo1A
0  -0.734710 -1.069795 1.152955  0.520385 0.847917 -0.101172  0.069916 0.197021 2 21 0.500000 22 0.500000
0  -1.166685 -1.104585 0.938265  -0.486740 0.873177 -0.025411  0.115875 0.179047 3 22 0.700000 21 0.200000 23 0.100000
0  -1.097105 -1.051790 1.167295  -0.303360 0.952753 0.015276  0.112946 0.201691 2 21 0.500000 22 0.500000
Leo1A
0  -0.734710 -1.069795 1.152955  0.520385 0.847917 -0.101172  0.069916 0.197021 2 21 0.500000 22 0.500000
0  -1.097105 -1.051790 1.167295  -0.303360 0.952753 0.015276  0.112946 0.201691 2 21 0.500000 22 0.500000
0  -0.610045 -1.119845 1.542360  0.391371 0.659016 -0.642283  0.065033 0.235992 3 13 0.500000 21 0.450000 22 0.050000
Leo1A
0  -0.610045 -1.119845 1.542360  0.391371 0.659016 -0.642283  0.065033 0.235992 3 13 0.500000 21 0.450000 22 0.050000
0  -1.097105 -1.051790 1.167295  -0.303360 0.952753 0.015276  0.112946 0.201691 2 21 0.500000 22 0.500000
0  -1.086120 -1.131285 1.567995  -0.282420 0.959279 0.004708  0.105225 0.250092 2 21 0.800000 22 0.200000
Leo1A
0  -1.086120 -1.131285 1.567995  -0.282420 0.959279 0.004708  0.105225 0.250092 2 21 0.800000 22 0.200000
0  -0.735780 -1.103515 1.579740  -0.094068 0.905457 -0.413882  0.073700 0.244110 3 21 0.500000 13 0.400000 22 0.100000
0  -0.610045 -1.119845 1.542360  0.391371 0.659016 -0.642283  0.065033 0.235992 3 13 0.500000 21 0.450000 22 0.050000
Leo1A
0  -1.086120 -1.131285 1.567995  -0.282420 0.959279 0.004708  0.105225 0.250092 2 21 0.800000 22 0.200000
0  -1.098635 -1.093290 1.870725  -0.337966 0.907084 -0.250953  0.098175 0.279266 2 21 0.800000 13 0.200000
0  -0.735780 -1.103515 1.579740  -0.094068 0.905457 -0.413882  0.073700 0.244110 3 21 0.500000 13 0.400000 22 0.100000
Leo1A
0  -1.098635 -1.093290 1.870725  -0.337966 0.907084 -0.250953  0.098175 0.279266 2 21 0.800000 13 0.200000
0  -1.036680 -0.978090 2.089690  -0.720813 0.567982 -0.397271  0.094513 0.298492 3 21 0.450000 13 0.400000 3 0.150000
0  -0.735780 -1.103515 1.579740  -0.094068 0.905457 -0.413882  0.073700 0.244110 3 21 0.500000 13 0.400000 22 0.100000
Leo1A
0  -1.098635 -1.093290 1.870725  -0.337966 0.907084 -0.250953  0.098175 0.279266 2 21 0.800000 13 0.200000
0  -1.213075 -1.090395 2.104035  -0.762775 0.609555 -0.215909  0.120758 0.303406 2 21 0.700000 13 0.300000
0  -1.036680 -0.978090 2.089690  -0.720813 0.567982 -0.397271  0.094513 0.298492 3 21 0.450000 13 0.400000 3 0.150000
Leo1A
0  -1.098635 -1.093290 1.870725  -0.337966 0.907084 -0.250953  0.098175 0.279266 2 21 0.800000 13 0.200000
0  -1.217805 -1.200560 1.592560  -0.743040 0.668802 -0.024410  0.132385 0.250549 2 21 0.800000 22 0.200000
0  -1.213075 -1.090395 2.104035  -0.762775 0.609555 -0.215909  0.120758 0.303406 2 21 0.700000 13 0.300000
Leo1A
0  -1.217805 -1.200560 1.592560  -0.743040 0.668802 -0.024410  0.132385 0.250549 2 21 0.800000 22 0.200000
0  -1.338960 -1.481325 1.652525  -0.996493 0.081433 0.019230  0.172516 0.248932 2 21 0.800000 22 0.200000
0  -1.213075 -1.090395 2.104035  -0.762775 0.609555 -0.215909  0.120758 0.303406 2 21 0.700000 13 0.300000
Leo1A
0  -1.217805 -1.200560 1.592560  -0.743040 0.668802 -0.024410  0.132385 0.250549 2 21 0.800000 22 0.200000
0  -1.369020 -1.486665 1.257630  -0.991027 0.087488 0.101048  0.170227 0.204651 2 21 0.500000 22 0.500000
0  -1.338960 -1.481325 1.652525  -0.996493 0.081433 0.019230  0.172516 0.248932 2 21 0.800000 22 0.200000
Leo1A
0  -1.232300 -1.178285 1.199800  -0.789254 0.610560 0.065527  0.134125 0.202789 2 21 0.500000 22 0.500000
0  -1.369020 -1.486665 1.257630  -0.991027 0.087488 0.101048  0.170227 0.204651 2 21 0.500000 22 0.500000
0  -1.217805 -1.200560 1.592560  -0.743040 0.668802 -0.024410  0.132385 0.250549 2 21 0.800000 22 0.200000
Leo1A
0  -0.571290 -1.479340 0.942995  0.963345 0.268116 0.008971  0.008057 0.192719 3 22 0.700000 21 0.200000 23 0.100000
0  -0.761870 -1.094210 0.935975  0.508970 0.852510 -0.119066  0.072388 0.178558 3 22 0.700000 21 0.200000 23 0.100000
0  -0.545195 -1.484070 1.184845  0.971091 0.200695 -0.129246  0.008057 0.210175 2 21 0.500000 22 0.500000
Leo1A
0  -0.545195 -1.484070 1.184845  0.971091 0.200695 -0.129246  0.008057 0.210175 2 21 0.500000 22 0.500000
0  -0.761870 -1.094210 0.935975  0.508970 0.852510 -0.119066  0.072388 0.178558 3 22 0.700000 21 0.200000 23 0.100000
0  -0.734710 -1.069795 1.152955  0.520385 0.847917 -0.101172  0.069916 0.197021 2 21 0.500000 22 0.500000
Leo1A
0  -0.545195 -1.484070 1.184845  0.971091 0.200695 -0.129246  0.008057 0.210175 2 21 0.500000 22 0.500000
0  -0.734710 -1.069795 1.152955  0.520385 0.847917 -0.101172  0.069916 0.197021 2 21 0.500000 22 0.500000
0  -0.491335 -1.512755 1.510010  0.441067 0.123290 -0.888966  0.008057 0.251434 3 13 0.700000 21 0.200000 22 0.100000
Leo1A
0  -0.491335 -1.512755 1.510010  0.441067 0.123290 -0.888966  0.008057 0.251434 3 13 0.700000 21 0.200000 22 0.100000
0  -0.734710 -1.069795 1.152955  0.520385 0.847917 -0.101172  0.069916 0.197021 2 21 0.500000 22 0.500000
0  -0.610045 -1.119845 1.542360  0.391371 0.659016 -0.642283  0.065033 0.235992 3 13 0.500000 21 0.450000 22 0.050000
Leo1A
0  -0.610045 -1.119845 1.542360  0.391371 0.659016 -0.642283  0.065033 0.235992 3 13 0.500000 21 0.450000 22 0.050000
0  -0.583040 -1.090700 1.562805  -0.311550 0.336466 -0.888666  0.064270 0.242249 3 13 0.650000 21 0.200000 3 0.150000
0  -0.491335 -1.512755 1.510010  0.441067 0.123290 -0.888966  0.008057 0.251434 3 13 0.700000 21 0.200000 22 0.100000
Leo1A
0  -0.735780 -1.103515 1.579740  -0.094068 0.905457 -0.413882  0.073700 0.244110 3 21 0.500000 13 0.400000 22 0.100000
0  -0.583040 -1.090700 1.562805  -0.311550 0.336466 -0.888666  0.064270 0.242249 3 13 0.650000 21 0.200000 3 0.150000
0  -0.610045 -1.119845 1.542360  0.391371 0.659016 -0.642283  0.065033 0.235992 3 13 0.500000 21 0.450000 22 0.050000
Leo1A
0  -0.735780 -1.103515 1.579740  -0.094068 0.905457 -0.413882  0.073700 0.244110 3 21 0.500000 13 0.400000 22 0.100000
0  -1.036680 -0.978090 2.089690  -0.720813 0.567982 -0.397271  0.094513 0.298492 3 21 0.450000 13 0.400000 3 0.150000
0  -0.583040 -1.090700 1.562805  -0.311550 0.336466 -0.888666  0.064270 0.242249 3 13 0.650000 21 0.200000 3 0.150000
Leo1A
0  -0.583040 -1.090700 1.562805  -0.311550 0.336466 -0.888666  0.064270 0.242249 3 13 0.650000 21 0.200000 3 0.150000
0  -0.331270 -1.483920 1.448820  -0.312745 -0.030190 -0.949357  0.008057 0.264099 2 13 0.900000 21 0.100000
0  -0.491335 -1.512755 1.510010  0.441067 0.123290 -0.888966  0.008057 0.251434 3 13 0.700000 21 0.200000 22 0.100000
Leo1A
0  -0.667570 -1.008149 0.370940  0.481257 0.725942 -0.491324  0.070404 0.094482 2 22 0.600000 23 0.400000
0  -1.289060 -0.997620 0.376280  -0.442546 0.739228 -0.507637  0.123962 0.094482 2 22 0.600000 23 0.400000
0  -0.678405 -1.003569 0.557710  0.462335 0.808395 0.364339  0.071472 0.129456 2 22 0.700000 23 0.300000
Leo1A
0  -0.437620 -1.459809 0.666655  0.833208 0.290235 0.470667  0.008057 0.129456 2 22 0.700000 23 0.300000
0  -0.667570 -1.008149 0.370940  0.481257 0.725942 -0.491324  0.070404 0.094482 2 22 0.600000 23 0.400000
0  -0.678405 -1.003569 0.557710  0.462335 0.808395 0.364339  0.071472 0.129456 2 22 0.700000 23 0.300000
Leo1A
0  -0.430300 -1.438749 0.477755  0.914128 0.161165 -0.372017  0.008057 0.094482 2 22 0.700000 23 0.300000
0  -0.667570 -1.008149 0.370940  0.481257 0.725942 -0.491324  0.070404 0.094482 2 22 0.600000 23 0.400000
0  -0.437620 -1.459809 0.666655  0.833208 0.290235 0.470667  0.008057 0.129456 2 22 0.700000 23 0.300000
Leo1A
0  -0.430300 -1.438749 0.477755  0.914128 0.161165 -0.372017  0.008057 0.094482 2 22 0.700000 23 0.300000
0  -0.717315 -1.128999 0.312650  0.487220 0.690445 -0.534699  0.068298 0.081604 2 22 0.600000 23 0.400000
0  -0.667570 -1.008149 0.370940  0.481257 0.725942 -0.491324  0.070404 0.094482 2 22 0.600000 23 0.400000
Leo1A
0  -0.529940 -1.456449 0.394440  0.900512 0.154951 -0.406286  0.008057 0.081635 2 22 0.700000 23 0.300000
0  -0.717315 -1.128999 0.312650  0.487220 0.690445 -0.534699  0.068298 0.081604 2 22 0.600000 23 0.400000
0  -0.430300 -1.438749 0.477755  0.914128 0.161165 -0.372017  0.008057 0.094482 2 22 0.700000 23 0.300000
Leo1A
0  -0.515745 -1.460874 0.221865  0.962958 0.265936 -0.044603  0.008057 0.060364 2 23 0.700000 22 0.300000
0  -0.717315 -1.128999 0.312650  0.487220 0.690445 -0.534699  0.068298 0.081604 2 22 0.600000 23 0.400000
0  -0.529940 -1.456449 0.394440  0.900512 0.154951 -0.406286  0.008057 0.081635 2 22 0.700000 23 0.300000
Leo1A
0  -0.652465 -1.124879 0.096895  0.534146 0.768282 -0.352749  0.063904 0.060364 2 23 0.700000 22 0.300000
0  -0.717315 -1.128999 0.312650  0.487220 0.690445 -0.534699  0.068298 0.081604 2 22 0.600000 23 0.400000
0  -0.515745 -1.460874 0.221865  0.962958 0.265936 -0.044603  0.008057 0.060364 2 23 0.700000 22 0.300000
Leo1A
0  -0.543289 -1.578389 -0.009420  0.634363 0.144073 -0.759491  0.008057 0.008881 1 23 1.000000
0  -0.652465 -1.124879 0.096895  0.534146 0.768282 -0.352749  0.063904 0.060364 2 23 0.700000 22 0.300000
0  -0.515745 -1.460874 0.221865  0.962958 0.265936 -0.044603  0.008057 0.060364 2 23 0.700000 22 0.300000
Leo1A
0  -0.703430 -1.272279 0.000765  0.200348 0.310097 -0.929355  0.061157 0.008881 2 23 0.800000 22 0.200000
0  -0.652465 -1.124879 0.096895  0.534146 0.768282 -0.352749  0.063904 0.060364 2 23 0.700000 22 0.300000
0  -0.543289 -1.578389 -0.009420  0.634363 0.144073 -0.759491  0.008057 0.008881 1 23 1.000000
Leo1A
0  -1.212309 -1.273344 0.013275  -0.126902 0.282915 -0.950713  0.124359 0.008881 2 23 0.800000 22 0.200000
0  -0.652465 -1.124879 0.096895  0.534146 0.768282 -0.352749  0.063904 0.060364 2 23 0.700000 22 0.300000
0  -0.703430 -1.272279 0.000765  0.200348 0.310097 -0.929355  0.061157 0.008881 2 23 0.800000 22 0.200000
Leo1A
0  -1.251070 -1.109314 0.097200  -0.385260 0.833375 -0.396308  0.125977 0.060364 2 23 0.700000 22 0.300000
0  -0.652465 -1.124879 0.096895  0.534146 0.768282 -0.352749  0.063904 0.060364 2 23 0.700000 22 0.300000
0  -1.212309 -1.273344 0.013275  -0.126902 0.282915 -0.950713  0.124359 0.008881 2 23 0.800000 22 0.200000
Leo1A
0  -1.521224 -1.584034 0.006910  -0.613039 0.258707 -0.746494  0.174652 0.008850 1 23 1.000000
0  -1.251070 -1.109314 0.097200  -0.385260 0.833375 -0.396308  0.125977 0.060364 2 23 0.700000 22 0.300000
0  -1.212309 -1.273344 0.013275  -0.126902 0.282915 -0.950713  0.124359 0.008881 2 23 0.800000 22 0.200000
Leo1A
0  -1.530915 -1.466675 0.208435  -0.895295 0.444721 -0.025896  0.178253 0.060364 2 23 0.700000 22 0.300000
0  -1.251070 -1.109314 0.097200  -0.385260 0.833375 -0.396308  0.125977 0.060364 2 23 0.700000 22 0.300000
0  -1.521224 -1.584034 0.006910  -0.613039 0.258707 -0.746494  0.174652 0.008850 1 23 1.000000
Leo1A
0  -1.620864 -1.882344 0.152780  -0.986721 0.160695 -0.023657  0.211426 0.024658 1 23 1.000000
0  -1.530915 -1.466675 0.208435  -0.895295 0.444721 -0.025896  0.178253 0.060364 2 23 0.700000 22 0.300000
0  -1.521224 -1.584034 0.006910  -0.613039 0.258707 -0.746494  0.174652 0.008850 1 23 1.000000
Leo1A
0  -1.617429 -1.823425 0.328520  -0.949618 0.066842 0.306199  0.215149 0.060364 2 23 0.800000 22 0.200000
0  -1.530915 -1.466675 0.208435  -0.895295 0.444721 -0.025896  0.178253 0.060364 2 23 0.700000 22 0.300000
0  -1.620864 -1.882344 0.152780  -0.986721 0.160695 -0.023657  0.211426 0.024658 1 23 1.000000
Leo1A
0  -1.645889 -2.263659 0.172314  -0.772317 -0.597148 0.216658  0.248596 0.024750 1 23 1.000000
0  -1.617429 -1.823425 0.328520  -0.949618 0.066842 0.306199  0.215149 0.060364 2 23 0.800000 22 0.200000
0  -1.620864 -1.882344 0.152780  -0.986721 0.160695 -0.023657  0.211426 0.024658 1 23 1.000000
Leo1A
0  -1.513669 -2.037504 0.365295  -0.552830 -0.427162 0.715480  0.248596 0.060394 2 23 0.900000 22 0.100000
0  -1.617429 -1.823425 0.328520  -0.949618 0.066842 0.306199  0.215149 0.060364 2 23 0.800000 22 0.200000
0  -1.645889 -2.263659 0.172314  -0.772317 -0.597148 0.216658  0.248596 0.024750 1 23 1.000000
Leo1A
0  -1.376574 -2.410909 0.168195  -0.018281 -0.990192 0.138515  0.272492 0.024719 1 23 1.000000
0  -1.513669 -2.037504 0.365295  -0.552830 -0.427162 0.715480  0.248596 0.060394 2 23 0.900000 22 0.100000
0  -1.645889 -2.263659 0.172314  -0.772317 -0.597148 0.216658  0.248596 0.024750 1 23 1.000000
Leo1A
0  -1.530915 -1.466675 0.208435  -0.895295 0.444721 -0.025896  0.178253 0.060364 2 23 0.700000 22 0.300000
0  -1.228180 -1.140900 0.314025  -0.426721 0.728008 -0.536576  0.124939 0.081604 2 22 0.600000 23 0.400000
0  -1.251070 -1.109314 0.097200  -0.385260 0.833375 -0.396308  0.125977 0.060364 2 23 0.700000 22 0.300000
Leo1A
0  -1.513669 -2.037504 0.365295  -0.552830 -0.427162 0.715480  0.248596 0.060394 2 23 0.900000 22 0.100000
0  -1.533205 -1.796265 0.482940  -0.964228 -0.263610 0.027830  0.215332 0.081635 2 23 0.600000 22 0.400000
0  -1.617429 -1.823425 0.328520  -0.949618 0.066842 0.306199  0.215149 0.060364 2 23 0.800000 22 0.200000
Leo1A
0  -1.617429 -1.823425 0.328520  -0.949618 0.066842 0.306199  0.215149 0.060364 2 23 0.800000 22 0.200000
0  -1.533205 -1.796265 0.482940  -0.964228 -0.263610 0.027830  0.215332 0.081635 2 23 0.600000 22 0.400000
0  -1.530915 -1.466675 0.208435  -0.895295 0.444721 -0.025896  0.178253 0.060364 2 23 0.700000 22 0.300000
Leo1A
0  -1.530915 -1.466675 0.208435  -0.895295 0.444721 -0.025896  0.178253 0.060364 2 23 0.700000 22 0.300000
0  -1.533205 -1.796265 0.482940  -0.964228 -0.263610 0.027830  0.215332 0.081635 2 23 0.600000 22 0.400000
0  -1.488190 -1.457975 0.390775  -0.883627 0.288955 -0.368388  0.176239 0.081635 2 22 0.700000 23 0.300000
Leo1A
0  -1.488190 -1.457975 0.390775  -0.883627 0.288955 -0.368388  0.176239 0.081635 2 22 0.700000 23 0.300000
0  -1.228180 -1.140900 0.314025  -0.426721 0.728008 -0.536576  0.124939 0.081604 2 22 0.600000 23 0.400000
0  -1.530915 -1.466675 0.208435  -0.895295 0.444721 -0.025896  0.178253 0.060364 2 23 0.700000 22 0.300000
Leo1A
0  -1.228180 -1.140900 0.314025  -0.426721 0.728008 -0.536576  0.124939 0.081604 2 22 0.600000 23 0.400000
0  -1.488190 -1.457975 0.390775  -0.883627 0.288955 -0.368388  0.176239 0.081635 2 22 0.700000 23 0.300000
0  -1.289060 -0.997620 0.376280  -0.442546 0.739228 -0.507637  0.123962 0.094482 2 22 0.600000 23 0.400000
Leo1A
0  -0.667570 -1.008149 0.370940  0.481257 0.725942 -0.491324  0.070404 0.094482 2 22 0.600000 23 0.400000
0  -1.228180 -1.140900 0.314025  -0.426721 0.728008 -0.536576  0.124939 0.081604 2 22 0.600000 23 0.400000
0  -1.289060 -0.997620 0.376280  -0.442546 0.739228 -0.507637  0.123962 0.094482 2 22 0.600000 23 0.400000
Leo1A
0  -0.717315 -1.128999 0.312650  0.487220 0.690445 -0.534699  0.068298 0.081604 2 22 0.600000 23 0.400000
0  -1.228180 -1.140900 0.314025  -0.426721 0.728008 -0.536576  0.124939 0.081604 2 22 0.600000 23 0.400000
0  -0.667570 -1.008149 0.370940  0.481257 0.725942 -0.491324  0.070404 0.094482 2 22 0.600000 23 0.400000
Leo1A
0  -1.228180 -1.140900 0.314025  -0.426721 0.728008 -0.536576  0.124939 0.081604 2 22 0.600000 23 0.400000
0  -0.717315 -1.128999 0.312650  0.487220 0.690445 -0.534699  0.068298 0.081604 2 22 0.600000 23 0.400000
0  -1.251070 -1.109314 0.097200  -0.385260 0.833375 -0.396308  0.125977 0.060364 2 23 0.700000 22 0.300000
Leo1A
0  -1.251070 -1.109314 0.097200  -0.385260 0.833375 -0.396308  0.125977 0.060364 2 23 0.700000 22 0.300000
0  -0.717315 -1.128999 0.312650  0.487220 0.690445 -0.534699  0.068298 0.081604 2 22 0.600000 23 0.400000
0  -0.652465 -1.124879 0.096895  0.534146 0.768282 -0.352749  0.063904 0.060364 2 23 0.700000 22 0.300000
Leo1A
0  -1.305314 -2.370319 0.169565  -0.262945 -0.938393 0.224227  0.275665 0.024719 1 23 1.000000
0  -1.321334 -2.251149 -0.000265  -0.036176 -0.247390 -0.968240  0.275665 0.008850 1 23 1.000000
0  -1.265794 -2.336294 -0.000415  -0.404744 -0.482626 -0.776695  0.278870 0.008850 1 23 1.000000
Leo1A
0  -1.385419 -2.305319 0.000955  0.034295 -0.591149 -0.805833  0.272492 0.008850 1 23 1.000000
0  -1.321334 -2.251149 -0.000265  -0.036176 -0.247390 -0.968240  0.275665 0.008850 1 23 1.000000
0  -1.305314 -2.370319 0.169565  -0.262945 -0.938393 0.224227  0.275665 0.024719 1 23 1.000000
Leo1A
0  -1.376574 -2.410909 0.168195  -0.018281 -0.990192 0.138515  0.272492 0.024719 1 23 1.000000
0  -1.385419 -2.305319 0.000955  0.034295 -0.591149 -0.805833  0.272492 0.008850 1 23 1.000000
0  -1.305314 -2.370319 0.169565  -0.262945 -0.938393 0.224227  0.275665 0.024719 1 23 1.000000
Leo1A
0  -1.645889 -2.263659 0.172314  -0.772317 -0.597148 0.216658  0.248596 0.024750 1 23 1.000000
0  -1.385419 -2.305319 0.000955  0.034295 -0.591149 -0.805833  0.272492 0.008850 1 23 1.000000
0  -1.376574 -2.410909 0.168195  -0.018281 -0.990192 0.138515  0.272492 0.024719 1 23 1.000000
Leo1A
0  -1.645889 -2.263659 0.172314  -0.772317 -0.597148 0.216658  0.248596 0.024750 1 23 1.000000
0  -1.651384 -2.159290 0.006299  -0.728926 -0.229505 -0.644976  0.248596 0.008850 1 23 1.000000
0  -1.385419 -2.305319 0.000955  0.034295 -0.591149 -0.805833  0.272492 0.008850 1 23 1.000000
Leo1A
0  -1.620864 -1.882344 0.152780  -0.986721 0.160695 -0.023657  0.211426 0.024658 1 23 1.000000
0  -1.651384 -2.159290 0.006299  -0.728926 -0.229505 -0.644976  0.248596 0.008850 1 23 1.000000
0  -1.645889 -2.263659 0.172314  -0.772317 -0.597148 0.216658  0.248596 0.024750 1 23 1.000000
Leo1A
0  -1.651384 -2.159290 0.006299  -0.728926 -0.229505 -0.644976  0.248596 0.008850 1 23 1.000000
0  -1.620864 -1.882344 0.152780  -0.986721 0.160695 -0.023657  0.211426 0.024658 1 23 1.000000
0  -1.616289 -1.868000 -0.001180  -0.709759 0.164162 -0.685050  0.213989 0.008850 1 23 1.000000
Leo1A
0  -1.616289 -1.868000 -0.001180  -0.709759 0.164162 -0.685050  0.213989 0.008850 1 23 1.000000
0  -1.620864 -1.882344 0.152780  -0.986721 0.160695 -0.023657  0.211426 0.024658 1 23 1.000000
0  -1.521224 -1.584034 0.006910  -0.613039 0.258707 -0.746494  0.174652 0.008850 1 23 1.000000
Leo1A
0  -1.243284 -2.162475 0.367585  -0.182522 -0.714478 0.675431  0.275665 0.060394 2 23 0.900000 22 0.100000
0  -1.513669 -2.037504 0.365295  -0.552830 -0.427162 0.715480  0.248596 0.060394 2 23 0.900000 22 0.100000
0  -1.376574 -2.410909 0.168195  -0.018281 -0.990192 0.138515  0.272492 0.024719 1 23 1.000000
Leo1A
0  -1.305314 -2.370319 0.169565  -0.262945 -0.938393 0.224227  0.275665 0.024719 1 23 1.000000
0  -1.243284 -2.162475 0.367585  -0.182522 -0.714478 0.675431  0.275665 0.060394 2 23 0.900000 22 0.100000
0  -1.376574 -2.410909 0.168195  -0.018281 -0.990192 0.138515  0.272492 0.024719 1 23 1.000000
Leo1A
0  -1.252974 -2.448899 0.168500  -0.473004 -0.860905 0.187378  0.278870 0.024719 1 23 1.000000
0  -1.243284 -2.162475 0.367585  -0.182522 -0.714478 0.675431  0.275665 0.060394 2 23 0.900000 22 0.100000
0  -1.305314 -2.370319 0.169565  -0.262945 -0.938393 0.224227  0.275665 0.024719 1 23 1.000000
Leo1A
0  -1.265794 -2.336294 -0.000415  -0.404744 -0.482626 -0.776695  0.278870 0.008850 1 23 1.000000
0  -1.252974 -2.448899 0.168500  -0.473004 -0.860905 0.187378  0.278870 0.024719 1 23 1.000000
0  -1.305314 -2.370319 0.169565  -0.262945 -0.938393 0.224227  0.275665 0.024719 1 23 1.000000
Leo1A
0  -0.954209 -2.397939 -0.000415  0.169659 -0.553934 -0.815090  0.307831 0.008850 1 23 1.000000
0  -1.252974 -2.448899 0.168500  -0.473004 -0.860905 0.187378  0.278870 0.024719 1 23 1.000000
0  -1.265794 -2.336294 -0.000415  -0.404744 -0.482626 -0.776695  0.278870 0.008850 1 23 1.000000
Leo1A
0  -0.954209 -2.397939 -0.000415  0.169659 -0.553934 -0.815090  0.307831 0.008850 1 23 1.000000
0  -0.959394 -2.510699 0.168345  0.170069 -0.970246 0.172333  0.307831 0.024719 1 23 1.000000
0  -1.252974 -2.448899 0.168500  -0.473004 -0.860905 0.187378  0.278870 0.024719 1 23 1.000000
Leo1A
0  -0.883409 -2.451954 0.168345  -0.110475 -0.964127 0.241358  0.310760 0.024719 1 23 1.000000
0  -0.959394 -2.510699 0.168345  0.170069 -0.970246 0.172333  0.307831 0.024719 1 23 1.000000
0  -0.954209 -2.397939 -0.000415  0.169659 -0.553934 -0.815090  0.307831 0.008850 1 23 1.000000
Leo1A
0  -0.883409 -2.451954 0.168345  -0.110475 -0.964127 0.241358  0.310760 0.024719 1 23 1.000000
0  -0.880124 -2.207029 0.361330  0.077509 -0.641935 0.762832  0.310760 0.060394 2 23 0.900000 22 0.100000
0  -0.959394 -2.510699 0.168345  0.170069 -0.970246 0.172333  0.307831 0.024719 1 23 1.000000
Leo1A
0  -0.832899 -2.506884 0.166975  -0.222395 -0.959239 0.174361  0.313538 0.024719 1 23 1.000000
0  -0.880124 -2.207029 0.361330  0.077509 -0.641935 0.762832  0.310760 0.060394 2 23 0.900000 22 0.100000
0  -0.883409 -2.451954 0.168345  -0.110475 -0.964127 0.241358  0.310760 0.024719 1 23 1.000000
Leo1A
0  -0.832899 -2.506884 0.166975  -0.222395 -0.959239 0.174361  0.313538 0.024719 1 23 1.000000
0  -0.504074 -2.414569 0.168345  0.680664 -0.695828 0.229175  0.338867 0.024719 1 23 1.000000
0  -0.880124 -2.207029 0.361330  0.077509 -0.641935 0.762832  0.310760 0.060394 2 23 0.900000 22 0.100000
Leo1A
0  -0.512619 -2.314319 0.005535  0.611258 -0.350524 -0.709575  0.338867 0.008850 1 23 1.000000
0  -0.504074 -2.414569 0.168345  0.680664 -0.695828 0.229175  0.338867 0.024719 1 23 1.000000
0  -0.832899 -2.506884 0.166975  -0.222395 -0.959239 0.174361  0.313538 0.024719 1 23 1.000000
Leo1A
0  -0.504074 -2.414569 0.168345  0.680664 -0.695828 0.229175  0.338867 0.024719 1 23 1.000000
0  -0.512619 -2.314319 0.005535  0.611258 -0.350524 -0.709575  0.338867 0.008850 1 23 1.000000
0  -0.475539 -1.880969 -0.001790  0.692710 0.033336 -0.720446  0.386627 0.008850 1 23 1.000000
Leo1A
0  -0.475539 -1.880969 -0.001790  0.692710 0.033336 -0.720446  0.386627 0.008850 1 23 1.000000
0  -0.450514 -1.891499 0.152325  0.994688 0.015297 0.101796  0.390076 0.024628 1 23 1.000000
0  -0.504074 -2.414569 0.168345  0.680664 -0.695828 0.229175  0.338867 0.024719 1 23 1.000000
Leo1A
0  -0.543289 -1.578389 -0.009420  0.634363 0.144073 -0.759491  0.435303 0.008850 1 23 1.000000
0  -0.450514 -1.891499 0.152325  0.994688 0.015297 0.101796  0.390076 0.024628 1 23 1.000000
0  -0.475539 -1.880969 -0.001790  0.692710 0.033336 -0.720446  0.386627 0.008850 1 23 1.000000
Leo1A
0  -0.543289 -1.578389 -0.009420  0.634363 0.144073 -0.759491  0.435303 0.008850 1 23 1.000000
0  -0.480345 -1.845399 0.292510  0.963220 -0.124895 0.237926  0.382507 0.060364 2 23 0.800000 22 0.200000
0  -0.450514 -1.891499 0.152325  0.994688 0.015297 0.101796  0.390076 0.024628 1 23 1.000000
Leo1A
0  -0.515745 -1.460874 0.221865  0.962958 0.265936 -0.044603  0.435303 0.060364 2 23 0.700000 22 0.300000
0  -0.480345 -1.845399 0.292510  0.963220 -0.124895 0.237926  0.382507 0.060364 2 23 0.800000 22 0.200000
0  -0.543289 -1.578389 -0.009420  0.634363 0.144073 -0.759491  0.435303 0.008850 1 23 1.000000
Leo1A
0  -0.529940 -1.456449 0.394440  0.900512 0.154951 -0.406286  0.435303 0.081635 2 22 0.700000 23 0.300000
0  -0.480345 -1.845399 0.292510  0.963220 -0.124895 0.237926  0.382507 0.060364 2 23 0.800000 22 0.200000
0  -0.515745 -1.460874 0.221865  0.962958 0.265936 -0.044603  0.435303 0.060364 2 23 0.700000 22 0.300000
Leo1A
0  -0.540315 -1.800079 0.478975  0.901085 -0.319935 -0.292723  0.381805 0.081635 2 23 0.800000 22 0.200000
0  -0.480345 -1.845399 0.292510  0.963220 -0.124895 0.237926  0.382507 0.060364 2 23 0.800000 22 0.200000
0  -0.529940 -1.456449 0.394440  0.900512 0.154951 -0.406286  0.435303 0.081635 2 22 0.700000 23 0.300000
Leo1A
0  -1.252974 -2.448899 0.168500  -0.473004 -0.860905 0.187378  0.278870 0.024719 1 23 1.000000
0  -0.880124 -2.207029 0.361330  0.077509 -0.641935 0.762832  0.310760 0.060394 2 23 0.900000 22 0.100000
0  -1.243284 -2.162475 0.367585  -0.182522 -0.714478 0.675431  0.275665 0.060394 2 23 0.900000 22 0.100000
Leo1A
0  -0.959394 -2.510699 0.168345  0.170069 -0.970246 0.172333  0.307831 0.024719 1 23 1.000000
0  -0.880124 -2.207029 0.361330  0.077509 -0.641935 0.762832  0.310760 0.060394 2 23 0.900000 22 0.100000
0  -1.252974 -2.448899 0.168500  -0.473004 -0.860905 0.187378  0.278870 0.024719 1 23 1.000000
Leo1A
0  -0.880049 -2.334919 -0.000570  -0.011735 -0.262310 -0.964912  0.310760 0.008850 1 23 1.000000
0  -0.883409 -2.451954 0.168345  -0.110475 -0.964127 0.241358  0.310760 0.024719 1 23 1.000000
0  -0.954209 -2.397939 -0.000415  0.169659 -0.553934 -0.815090  0.307831 0.008850 1 23 1.000000
Leo1A
0  -0.818864 -2.408469 0.000650  -0.183038 -0.584078 -0.790790  0.313538 0.008850 1 23 1.000000
0  -0.883409 -2.451954 0.168345  -0.110475 -0.964127 0.241358  0.310760 0.024719 1 23 1.000000
0  -0.880049 -2.334919 -0.000570  -0.011735 -0.262310 -0.964912  0.310760 0.008850 1 23 1.000000
Leo1A
0  -0.818864 -2.408469 0.000650  -0.183038 -0.584078 -0.790790  0.313538 0.008850 1 23 1.000000
0  -0.832899 -2.506884 0.166975  -0.222395 -0.959239 0.174361  0.313538 0.024719 1 23 1.000000
0  -0.883409 -2.451954 0.168345  -0.110475 -0.964127 0.241358  0.310760 0.024719 1 23 1.000000
Leo1A
0  -0.512619 -2.314319 0.005535  0.611258 -0.350524 -0.709575  0.338867 0.008850 1 23 1.000000
0  -0.832899 -2.506884 0.166975  -0.222395 -0.959239 0.174361  0.313538 0.024719 1 23 1.000000
0  -0.818864 -2.408469 0.000650  -0.183038 -0.584078 -0.790790  0.313538 0.008850 1 23 1.000000
Leo1A
0  -1.289060 -0.997620 0.376280  -0.442546 0.739228 -0.507637  0.123962 0.094482 2 22 0.600000 23 0.400000
0  -1.488190 -1.457975 0.390775  -0.883627 0.288955 -0.368388  0.176239 0.081635 2 22 0.700000 23 0.300000
0  -1.590575 -1.434935 0.478060  -0.928024 0.209832 -0.307802  0.173218 0.094482 2 22 0.700000 23 0.300000
Leo1A
0  -1.488190 -1.457975 0.390775  -0.883627 0.288955 -0.368388  0.176239 0.081635 2 22 0.700000 23 0.300000
0  -1.533205 -1.796265 0.482940  -0.964228 -0.263610 0.027830  0.215332 0.081635 2 23 0.600000 22 0.400000
0  -1.590575 -1.434935 0.478060  -0.928024 0.209832 -0.307802  0.173218 0.094482 2 22 0.700000 23 0.300000
Leo1A
0  -1.590575 -1.434935 0.478060  -0.928024 0.209832 -0.307802  0.173218 0.094482 2 22 0.700000 23 0.300000
0  -1.533205 -1.796265 0.482940  -0.964228 -0.263610 0.027830  0.215332 0.081635 2 23 0.600000 22 0.400000
0  -1.570740 -1.808165 0.575410  -0.931526 -0.361063 -0.043509  0.214600 0.094482 2 23 0.600000 22 0.400000
Leo1A
0  -1.533205 -1.796265 0.482940  -0.964228 -0.263610 0.027830  0.215332 0.081635 2 23 0.600000 22 0.400000
0  -1.299744 -2.065885 0.514375  -0.456060 -0.887257 0.069173  0.248596 0.081635 2 23 0.700000 22 0.300000
0  -1.570740 -1.808165 0.575410  -0.931526 -0.361063 -0.043509  0.214600 0.094482 2 23 0.600000 22 0.400000
Leo1A
0  -1.570740 -1.808165 0.575410  -0.931526 -0.361063 -0.043509  0.214600 0.094482 2 23 0.600000 22 0.400000
0  -1.299744 -2.065885 0.514375  -0.456060 -0.887257 0.069173  0.248596 0.081635 2 23 0.700000 22 0.300000
0  -1.267699 -2.155455 0.633695  -0.402156 -0.895736 -0.189544  0.259644 0.094482 2 23 0.600000 22 0.400000
Leo1A
0  -1.299744 -2.065885 0.514375  -0.456060 -0.887257 0.069173  0.248596 0.081635 2 23 0.700000 22 0.300000
0  -0.681149 -2.049560 0.514985  0.565592 -0.795210 -0.218511  0.338867 0.081635 2 23 0.700000 22 0.300000
0  -1.267699 -2.155455 0.633695  -0.402156 -0.895736 -0.189544  0.259644 0.094482 2 23 0.600000 22 0.400000
Leo1A
0  -1.267699 -2.155455 0.633695  -0.402156 -0.895736 -0.189544  0.259644 0.094482 2 23 0.600000 22 0.400000
0  -0.681149 -2.049560 0.514985  0.565592 -0.795210 -0.218511  0.338867 0.081635 2 23 0.700000 22 0.300000
0  -0.657500 -2.173615 0.619200  0.409618 -0.845007 -0.343766  0.341248 0.094482 2 23 0.600000 22 0.400000
Leo1A
0  -0.681149 -2.049560 0.514985  0.565592 -0.795210 -0.218511  0.338867 0.081635 2 23 0.700000 22 0.300000
0  -0.540315 -1.800079 0.478975  0.901085 -0.319935 -0.292723  0.381805 0.081635 2 23 0.800000 22 0.200000
0  -0.657500 -2.173615 0.619200  0.409618 -0.845007 -0.343766  0.341248 0.094482 2 23 0.600000 22 0.400000
Leo1A
0  -0.540315 -1.800079 0.478975  0.901085 -0.319935 -0.292723  0.381805 0.081635 2 23 0.800000 22 0.200000
0  -0.681149 -2.049560 0.514985  0.565592 -0.795210 -0.218511  0.338867 0.081635 2 23 0.700000 22 0.300000
0  -0.480345 -1.845399 0.292510  0.963220 -0.124895 0.237926  0.382507 0.060364 2 23 0.800000 22 0.200000
Leo1A
0  -0.681149 -2.049560 0.514985  0.565592 -0.795210 -0.218511  0.338867 0.081635 2 23 0.700000 22 0.300000
0  -0.618284 -2.093504 0.343780  0.658898 -0.438663 0.611088  0.338867 0.060394 2 23 0.900000 22 0.100000
0  -0.480345 -1.845399 0.292510  0.963220 -0.124895 0.237926  0.382507 0.060364 2 23 0.800000 22 0.200000
Leo1A
0  -0.480345 -1.845399 0.292510  0.963220 -0.124895 0.237926  0.382507 0.060364 2 23 0.800000 22 0.200000
0  -0.618284 -2.093504 0.343780  0.658898 -0.438663 0.611088  0.338867 0.060394 2 23 0.900000 22 0.100000
0  -0.450514 -1.891499 0.152325  0.994688 0.015297 0.101796  0.390076 0.024628 1 23 1.000000
Leo1A
0  -0.450514 -1.891499 0.152325  0.994688 0.015297 0.101796  0.390076 0.024628 1 23 1.000000
0  -0.618284 -2.093504 0.343780  0.658898 -0.438663 0.611088  0.338867 0.060394 2 23 0.900000 22 0.100000
0  -0.504074 -2.414569 0.168345  0.680664 -0.695828 0.229175  0.338867 0.024719 1 23 1.000000
Leo1A
0  -0.504074 -2.414569 0.168345  0.680664 -0.695828 0.229175  0.338867 0.024719 1 23 1.000000
0  -0.618284 -2.093504 0.343780  0.658898 -0.438663 0.611088  0.338867 0.060394 2 23 0.900000 22 0.100000
0  -0.880124 -2.207029 0.361330  0.077509 -0.641935 0.762832  0.310760 0.060394 2 23 0.900000 22 0.100000
Leo1A
0  -0.618284 -2.093504 0.343780  0.658898 -0.438663 0.611088  0.338867 0.060394 2 23 0.900000 22 0.100000
0  -0.681149 -2.049560 0.514985  0.565592 -0.795210 -0.218511  0.338867 0.081635 2 23 0.700000 22 0.300000
0  -0.880124 -2.207029 0.361330  0.077509 -0.641935 0.762832  0.310760 0.060394 2 23 0.900000 22 0.100000
Leo1A
0  -0.880124 -2.207029 0.361330  0.077509 -0.641935 0.762832  0.310760 0.060394 2 23 0.900000 22 0.100000
0  -0.681149 -2.049560 0.514985  0.565592 -0.795210 -0.218511  0.338867 0.081635 2 23 0.700000 22 0.300000
0  -1.299744 -2.065885 0.514375  -0.456060 -0.887257 0.069173  0.248596 0.081635 2 23 0.700000 22 0.300000
Leo1A
0  -0.880124 -2.207029 0.361330  0.077509 -0.641935 0.762832  0.310760 0.060394 2 23 0.900000 22 0.100000
0  -1.299744 -2.065885 0.514375  -0.456060 -0.887257 0.069173  0.248596 0.081635 2 23 0.700000 22 0.300000
0  -1.243284 -2.162475 0.367585  -0.182522 -0.714478 0.675431  0.275665 0.060394 2 23 0.900000 22 0.100000
Leo1A
0  -1.243284 -2.162475 0.367585  -0.182522 -0.714478 0.675431  0.275665 0.060394 2 23 0.900000 22 0.100000
0  -1.299744 -2.065885 0.514375  -0.456060 -0.887257 0.069173  0.248596 0.081635 2 23 0.700000 22 0.300000
0  -1.513669 -2.037504 0.365295  -0.552830 -0.427162 0.715480  0.248596 0.060394 2 23 0.900000 22 0.100000
Leo1A
0  -1.299744 -2.065885 0.514375  -0.456060 -0.887257 0.069173  0.248596 0.081635 2 23 0.700000 22 0.300000
0  -1.533205 -1.796265 0.482940  -0.964228 -0.263610 0.027830  0.215332 0.081635 2 23 0.600000 22 0.400000
0  -1.513669 -2.037504 0.365295  -0.552830 -0.427162 0.715480  0.248596 0.060394 2 23 0.900000 22 0.100000
Leo1A
0  -0.662560 0.906490 -0.007540  0.006534 0.015336 -0.999861  0.247406 0.738922 1 9 1.000000
0  -0.486475 1.591915 0.010315  0.394550 0.248927 -0.884514  0.278565 0.825500 1 9 1.000000
0  -0.293905 1.010245 -0.001590  0.701103 0.025556 -0.712602  0.284882 0.744171 1 9 1.000000
Leo1A
0  -0.957055 1.667140 0.005280  -0.019521 0.241466 -0.970213  0.236023 0.826965 1 9 1.000000
0  -0.486475 1.591915 0.010315  0.394550 0.248927 -0.884514  0.278565 0.825500 1 9 1.000000
0  -0.662560 0.906490 -0.007540  0.006534 0.015336 -0.999861  0.247406 0.738922 1 9 1.000000
Leo1A
0  -1.115595 0.905115 -0.007690  -0.019960 0.017612 -0.999646  0.215546 0.740021 1 9 1.000000
0  -0.957055 1.667140 0.005280  -0.019521 0.241466 -0.970213  0.236023 0.826965 1 9 1.000000
0  -0.662560 0.906490 -0.007540  0.006534 0.015336 -0.999861  0.247406 0.738922 1 9 1.000000
Leo1A
0  -0.957055 1.667140 0.005280  -0.019521 0.241466 -0.970213  0.236023 0.826965 1 9 1.000000
0  -1.115595 0.905115 -0.007690  -0.019960 0.017612 -0.999646  0.215546 0.740021 1 9 1.000000
0  -1.343710 1.569485 0.018860  -0.450146 0.225691 -0.863963  0.193451 0.828461 1 9 1.000000
Leo1A
0  -1.343710 1.569485 0.018860  -0.450146 0.225691 -0.863963  0.193451 0.828461 1 9 1.000000
0  -1.115595 0.905115 -0.007690  -0.019960 0.017612 -0.999646  0.215546 0.740021 1 9 1.000000
0  -1.546960 1.007500 0.011990  -0.768574 -0.046404 -0.638075  0.181213 0.747803 1 9 1.000000
Leo1A
0  -0.587485 0.696220 -0.009065  -0.006646 -0.582107 -0.813085  0.249420 0.722717 1 9 1.000000
0  -0.293905 1.010245 -0.001590  0.701103 0.025556 -0.712602  0.284882 0.744171 1 9 1.000000
0  -0.318780 0.798760 0.001465  0.593261 -0.370855 -0.714498  0.272949 0.728485 1 9 1.000000
Leo1A
0  -0.662560 0.906490 -0.007540  0.006534 0.015336 -0.999861  0.247406 0.738922 1 9 1.000000
0  -0.293905 1.010245 -0.001590  0.701103 0.025556 -0.712602  0.284882 0.744171 1 9 1.000000
0  -0.587485 0.696220 -0.009065  -0.006646 -0.582107 -0.813085  0.249420 0.722717 1 9 1.000000
Leo1A
0  -0.649285 0.719565 -0.009675  0.038316 -0.369902 -0.928280  0.247009 0.726013 1 9 1.000000
0  -0.662560 0.906490 -0.007540  0.006534 0.015336 -0.999861  0.247406 0.738922 1 9 1.000000
0  -0.587485 0.696220 -0.009065  -0.006646 -0.582107 -0.813085  0.249420 0.722717 1 9 1.000000
Leo1A
0  -0.713370 0.686915 -0.009675  0.124174 -0.520541 -0.844759  0.244751 0.722870 1 9 1.000000
0  -0.662560 0.906490 -0.007540  0.006534 0.015336 -0.999861  0.247406 0.738922 1 9 1.000000
0  -0.649285 0.719565 -0.009675  0.038316 -0.369902 -0.928280  0.247009 0.726013 1 9 1.000000
Leo1A
0  -0.662560 0.906490 -0.007540  0.006534 0.015336 -0.999861  0.247406 0.738922 1 9 1.000000
0  -0.713370 0.686915 -0.009675  0.124174 -0.520541 -0.844759  0.244751 0.722870 1 9 1.000000
0  -1.115595 0.905115 -0.007690  -0.019960 0.017612 -0.999646  0.215546 0.740021 1 9 1.000000
Leo1A
0  -0.713370 0.686915 -0.009675  0.124174 -0.520541 -0.844759  0.244751 0.722870 1 9 1.000000
0  -1.074700 0.686610 -0.009675  -0.166255 -0.534932 -0.828376  0.215790 0.723877 1 9 1.000000
0  -1.115595 0.905115 -0.007690  -0.019960 0.017612 -0.999646  0.215546 0.740021 1 9 1.000000
Leo1A
0  -1.074700 0.686610 -0.009675  -0.166255 -0.534932 -0.828376  0.215790 0.723877 1 9 1.000000
0  -1.130545 0.719260 -0.009675  -0.017778 -0.352505 -0.935641  0.214478 0.727142 1 9 1.000000
0  -1.115595 0.905115 -0.007690  -0.019960 0.017612 -0.999646  0.215546 0.740021 1 9 1.000000
Leo1A
0  -1.115595 0.905115 -0.007690  -0.019960 0.017612 -0.999646  0.215546 0.740021 1 9 1.000000
0  -1.130545 0.719260 -0.009675  -0.017778 -0.352505 -0.935641  0.214478 0.727142 1 9 1.000000
0  -1.179985 0.696220 -0.009065  0.012740 -0.566607 -0.823889  0.212921 0.723999 1 9 1.000000
Leo1A
0  -1.115595 0.905115 -0.007690  -0.019960 0.017612 -0.999646  0.215546 0.740021 1 9 1.000000
0  -1.179985 0.696220 -0.009065  0.012740 -0.566607 -0.823889  0.212921 0.723999 1 9 1.000000
0  -1.546960 1.007500 0.011990  -0.768574 -0.046404 -0.638075  0.181213 0.747803 1 9 1.000000
Leo1A
0  -1.546960 1.007500 0.011990  -0.768574 -0.046404 -0.638075  0.181213 0.747803 1 9 1.000000
0  -1.179985 0.696220 -0.009065  0.012740 -0.566607 -0.823889  0.212921 0.723999 1 9 1.000000
0  -1.483025 0.802120 0.001310  -0.581714 -0.412395 -0.701098  0.190857 0.731323 1 9 1.000000
Leo1A
0  0.000001 -3.520660 3.140715  0.000000 -0.144503 -0.989504  0.992340 0.409424 2 15 0.700000 14 0.300000
0  -0.298309 -3.522490 3.130185  -0.290022 -0.135311 -0.947406  0.947357 0.409424 2 15 0.700000 14 0.300000
0  0.000000 -3.257140 3.087465  0.000000 -0.205911 -0.978571  0.992371 0.381195 2 14 0.500000 15 0.500000
Leo1A
0  0.000000 -3.257140 3.087465  0.000000 -0.205911 -0.978571  0.992371 0.381195 2 14 0.500000 15 0.500000
0  -0.298309 -3.522490 3.130185  -0.290022 -0.135311 -0.947406  0.947357 0.409424 2 15 0.700000 14 0.300000
0  -0.258484 -3.259125 3.074340  -0.203977 -0.189043 -0.960550  0.955810 0.381195 2 14 0.500000 15 0.500000
Leo1A
0  -0.298309 -3.522490 3.130185  -0.290022 -0.135311 -0.947406  0.947357 0.409424 2 15 0.700000 14 0.300000
0  -0.406189 -3.516695 3.202055  -0.998193 0.000408 0.060092  0.931366 0.409424 2 15 0.700000 14 0.300000
0  -0.258484 -3.259125 3.074340  -0.203977 -0.189043 -0.960550  0.955810 0.381195 2 14 0.500000 15 0.500000
Leo1A
0  -0.258484 -3.259125 3.074340  -0.203977 -0.189043 -0.960550  0.955810 0.381195 2 14 0.500000 15 0.500000
0  -0.406189 -3.516695 3.202055  -0.998193 0.000408 0.060092  0.931366 0.409424 2 15 0.700000 14 0.300000
0  -0.379790 -3.249205 3.138120  -0.992115 0.073683 -0.101385  0.938721 0.381195 2 14 0.500000 15 0.500000
Leo1A
0  0.258485 -3.259125 3.074340  0.203978 -0.189043 -0.960550  0.955810 0.381195 2 14 0.500000 15 0.500000
0  0.298311 -3.522490 3.130185  0.290021 -0.135311 -0.947406  0.947357 0.409424 2 15 0.700000 14 0.300000
0  0.000000 -3.257140 3.087465  0.000000 -0.205911 -0.978571  0.992371 0.381195 2 14 0.500000 15 0.500000
Leo1A
0  0.298311 -3.522490 3.130185  0.290021 -0.135311 -0.947406  0.947357 0.409424 2 15 0.700000 14 0.300000
0  0.000001 -3.520660 3.140715  0.000000 -0.144503 -0.989504  0.992340 0.409424 2 15 0.700000 14 0.300000
0  0.000000 -3.257140 3.087465  0.000000 -0.205911 -0.978571  0.992371 0.381195 2 14 0.500000 15 0.500000
Leo1A
0  0.000001 -3.683625 3.155515  0.000000 0.086353 -0.996265  0.992310 0.444367 2 15 0.800000 14 0.200000
0  0.000001 -3.520660 3.140715  0.000000 -0.144503 -0.989504  0.992340 0.409424 2 15 0.700000 14 0.300000
0  0.298311 -3.522490 3.130185  0.290021 -0.135311 -0.947406  0.947357 0.409424 2 15 0.700000 14 0.300000
Leo1A
0  0.000001 -3.683625 3.155515  0.000000 0.086353 -0.996265  0.992310 0.444367 2 15 0.800000 14 0.200000
0  -0.298309 -3.522490 3.130185  -0.290022 -0.135311 -0.947406  0.947357 0.409424 2 15 0.700000 14 0.300000
0  0.000001 -3.520660 3.140715  0.000000 -0.144503 -0.989504  0.992340 0.409424 2 15 0.700000 14 0.300000
Leo1A
0  -0.299529 -3.683625 3.152160  -0.388269 -0.107138 -0.915297  0.945129 0.444367 2 15 0.800000 14 0.200000
0  -0.298309 -3.522490 3.130185  -0.290022 -0.135311 -0.947406  0.947357 0.409424 2 15 0.700000 14 0.300000
0  0.000001 -3.683625 3.155515  0.000000 0.086353 -0.996265  0.992310 0.444367 2 15 0.800000 14 0.200000
Leo1A
0  -0.299529 -3.683625 3.152160  -0.388269 -0.107138 -0.915297  0.945129 0.444367 2 15 0.800000 14 0.200000
0  -0.406189 -3.516695 3.202055  -0.998193 0.000408 0.060092  0.931366 0.409424 2 15 0.700000 14 0.300000
0  -0.298309 -3.522490 3.130185  -0.290022 -0.135311 -0.947406  0.947357 0.409424 2 15 0.700000 14 0.300000
Leo1A
0  -0.372314 -3.702240 3.220215  -0.946008 -0.292737 0.139190  0.933929 0.444367 2 15 0.800000 14 0.200000
0  -0.406189 -3.516695 3.202055  -0.998193 0.000408 0.060092  0.931366 0.409424 2 15 0.700000 14 0.300000
0  -0.299529 -3.683625 3.152160  -0.388269 -0.107138 -0.915297  0.945129 0.444367 2 15 0.800000 14 0.200000
Leo1A
0  -0.280149 -3.864136 3.177335  -0.773114 -0.599818 -0.206187  0.945129 0.480835 2 15 0.900000 14 0.100000
0  -0.372314 -3.702240 3.220215  -0.946008 -0.292737 0.139190  0.933929 0.444367 2 15 0.800000 14 0.200000
0  -0.299529 -3.683625 3.152160  -0.388269 -0.107138 -0.915297  0.945129 0.444367 2 15 0.800000 14 0.200000
Leo1A
0  0.406191 -3.516695 3.202055  0.998193 0.000408 0.060092  0.931366 0.409424 2 15 0.700000 14 0.300000
0  0.258485 -3.259125 3.074340  0.203978 -0.189043 -0.960550  0.955810 0.381195 2 14 0.500000 15 0.500000
0  0.379790 -3.249205 3.138120  0.992115 0.073684 -0.101385  0.938721 0.381195 2 14 0.500000 15 0.500000
Leo1A
0  0.298311 -3.522490 3.130185  0.290021 -0.135311 -0.947406  0.947357 0.409424 2 15 0.700000 14 0.300000
0  0.258485 -3.259125 3.074340  0.203978 -0.189043 -0.960550  0.955810 0.381195 2 14 0.500000 15 0.500000
0  0.406191 -3.516695 3.202055  0.998193 0.000408 0.060092  0.931366 0.409424 2 15 0.700000 14 0.300000
Leo1A
0  0.299531 -3.683625 3.152160  0.388269 -0.107138 -0.915297  0.945129 0.444367 2 15 0.800000 14 0.200000
0  0.298311 -3.522490 3.130185  0.290021 -0.135311 -0.947406  0.947357 0.409424 2 15 0.700000 14 0.300000
0  0.406191 -3.516695 3.202055  0.998193 0.000408 0.060092  0.931366 0.409424 2 15 0.700000 14 0.300000
Leo1A
0  0.299531 -3.683625 3.152160  0.388269 -0.107138 -0.915297  0.945129 0.444367 2 15 0.800000 14 0.200000
0  0.000001 -3.683625 3.155515  0.000000 0.086353 -0.996265  0.992310 0.444367 2 15 0.800000 14 0.200000
0  0.298311 -3.522490 3.130185  0.290021 -0.135311 -0.947406  0.947357 0.409424 2 15 0.700000 14 0.300000
Leo1A
0  0.000001 -3.831175 3.113405  -0.000000 0.287247 -0.957856  0.992279 0.480835 2 15 0.900000 14 0.100000
0  0.000001 -3.683625 3.155515  0.000000 0.086353 -0.996265  0.992310 0.444367 2 15 0.800000 14 0.200000
0  0.299531 -3.683625 3.152160  0.388269 -0.107138 -0.915297  0.945129 0.444367 2 15 0.800000 14 0.200000
Leo1A
0  0.000001 -3.831175 3.113405  -0.000000 0.287247 -0.957856  0.992279 0.480835 2 15 0.900000 14 0.100000
0  -0.299529 -3.683625 3.152160  -0.388269 -0.107138 -0.915297  0.945129 0.444367 2 15 0.800000 14 0.200000
0  0.000001 -3.683625 3.155515  0.000000 0.086353 -0.996265  0.992310 0.444367 2 15 0.800000 14 0.200000
Leo1A
0  -0.189359 -3.835910 3.121335  -0.279516 -0.061714 -0.958156  0.959290 0.480835 2 15 0.900000 14 0.100000
0  -0.299529 -3.683625 3.152160  -0.388269 -0.107138 -0.915297  0.945129 0.444367 2 15 0.800000 14 0.200000
0  0.000001 -3.831175 3.113405  -0.000000 0.287247 -0.957856  0.992279 0.480835 2 15 0.900000 14 0.100000
Leo1A
0  -0.189359 -3.835910 3.121335  -0.279516 -0.061714 -0.958156  0.959290 0.480835 2 15 0.900000 14 0.100000
0  -0.280149 -3.864136 3.177335  -0.773114 -0.599818 -0.206187  0.945129 0.480835 2 15 0.900000 14 0.100000
0  -0.299529 -3.683625 3.152160  -0.388269 -0.107138 -0.915297  0.945129 0.444367 2 15 0.800000 14 0.200000
Leo1A
0  -0.106504 -3.901825 3.103790  -0.203063 -0.322973 -0.924367  0.972412 0.503326 2 15 0.950000 14 0.050000
0  -0.280149 -3.864136 3.177335  -0.773114 -0.599818 -0.206187  0.945129 0.480835 2 15 0.900000 14 0.100000
0  -0.189359 -3.835910 3.121335  -0.279516 -0.061714 -0.958156  0.959290 0.480835 2 15 0.900000 14 0.100000
Leo1A
0  -0.157319 -3.924105 3.138425  -0.431184 -0.745749 -0.507876  0.963471 0.503326 2 15 0.950000 14 0.050000
0  -0.280149 -3.864136 3.177335  -0.773114 -0.599818 -0.206187  0.945129 0.480835 2 15 0.900000 14 0.100000
0  -0.106504 -3.901825 3.103790  -0.203063 -0.322973 -0.924367  0.972412 0.503326 2 15 0.950000 14 0.050000
Leo1A
0  -0.157319 -3.924105 3.138425  -0.431184 -0.745749 -0.507876  0.963471 0.503326 2 15 0.950000 14 0.050000
0  -0.106504 -3.901825 3.103790  -0.203063 -0.322973 -0.924367  0.972412 0.503326 2 15 0.950000 14 0.050000
0  0.000001 -3.945770 3.121795  0.000000 -0.837046 -0.547132  0.992279 0.507599 2 15 0.950000 14 0.050000
Leo1A
0  0.000001 -3.945770 3.121795  0.000000 -0.837046 -0.547132  0.992279 0.507599 2 15 0.950000 14 0.050000
0  -0.106504 -3.901825 3.103790  -0.203063 -0.322973 -0.924367  0.972412 0.503326 2 15 0.950000 14 0.050000
0  0.000001 -3.893435 3.091430  0.000000 -0.096516 -0.995331  0.992279 0.503326 2 15 0.950000 14 0.050000
Leo1A
0  0.000001 -3.945770 3.121795  0.000000 -0.837046 -0.547132  0.992279 0.507599 2 15 0.950000 14 0.050000
0  0.000001 -3.893435 3.091430  0.000000 -0.096516 -0.995331  0.992279 0.503326 2 15 0.950000 14 0.050000
0  0.106506 -3.901825 3.103790  0.203064 -0.322971 -0.924367  0.972412 0.503326 2 15 0.950000 14 0.050000
Leo1A
0  0.106506 -3.901825 3.103790  0.203064 -0.322971 -0.924367  0.972412 0.503326 2 15 0.950000 14 0.050000
0  0.000001 -3.893435 3.091430  0.000000 -0.096516 -0.995331  0.992279 0.503326 2 15 0.950000 14 0.050000
0  0.189361 -3.835910 3.121335  0.279516 -0.061714 -0.958156  0.959290 0.480835 2 15 0.900000 14 0.100000
Leo1A
0  0.106506 -3.901825 3.103790  0.203064 -0.322971 -0.924367  0.972412 0.503326 2 15 0.950000 14 0.050000
0  0.189361 -3.835910 3.121335  0.279516 -0.061714 -0.958156  0.959290 0.480835 2 15 0.900000 14 0.100000
0  0.280151 -3.864136 3.177335  0.773114 -0.599817 -0.206189  0.945129 0.480835 2 15 0.900000 14 0.100000
Leo1A
0  0.280151 -3.864136 3.177335  0.773114 -0.599817 -0.206189  0.945129 0.480835 2 15 0.900000 14 0.100000
0  0.189361 -3.835910 3.121335  0.279516 -0.061714 -0.958156  0.959290 0.480835 2 15 0.900000 14 0.100000
0  0.299531 -3.683625 3.152160  0.388269 -0.107138 -0.915297  0.945129 0.444367 2 15 0.800000 14 0.200000
Leo1A
0  0.280151 -3.864136 3.177335  0.773114 -0.599817 -0.206189  0.945129 0.480835 2 15 0.900000 14 0.100000
0  0.299531 -3.683625 3.152160  0.388269 -0.107138 -0.915297  0.945129 0.444367 2 15 0.800000 14 0.200000
0  0.372316 -3.702240 3.220215  0.946008 -0.292737 0.139189  0.933929 0.444367 2 15 0.800000 14 0.200000
Leo1A
0  0.372316 -3.702240 3.220215  0.946008 -0.292737 0.139189  0.933929 0.444367 2 15 0.800000 14 0.200000
0  0.299531 -3.683625 3.152160  0.388269 -0.107138 -0.915297  0.945129 0.444367 2 15 0.800000 14 0.200000
0  0.406191 -3.516695 3.202055  0.998193 0.000408 0.060092  0.931366 0.409424 2 15 0.700000 14 0.300000
Leo1A
0  0.189361 -3.835910 3.121335  0.279516 -0.061714 -0.958156  0.959290 0.480835 2 15 0.900000 14 0.100000
0  0.000001 -3.831175 3.113405  -0.000000 0.287247 -0.957856  0.992279 0.480835 2 15 0.900000 14 0.100000
0  0.299531 -3.683625 3.152160  0.388269 -0.107138 -0.915297  0.945129 0.444367 2 15 0.800000 14 0.200000
Leo1A
0  0.000001 -3.893435 3.091430  0.000000 -0.096516 -0.995331  0.992279 0.503326 2 15 0.950000 14 0.050000
0  0.000001 -3.831175 3.113405  -0.000000 0.287247 -0.957856  0.992279 0.480835 2 15 0.900000 14 0.100000
0  0.189361 -3.835910 3.121335  0.279516 -0.061714 -0.958156  0.959290 0.480835 2 15 0.900000 14 0.100000
Leo1A
0  0.000001 -3.893435 3.091430  0.000000 -0.096516 -0.995331  0.992279 0.503326 2 15 0.950000 14 0.050000
0  -0.189359 -3.835910 3.121335  -0.279516 -0.061714 -0.958156  0.959290 0.480835 2 15 0.900000 14 0.100000
0  0.000001 -3.831175 3.113405  -0.000000 0.287247 -0.957856  0.992279 0.480835 2 15 0.900000 14 0.100000
Leo1A
0  -0.106504 -3.901825 3.103790  -0.203063 -0.322973 -0.924367  0.972412 0.503326 2 15 0.950000 14 0.050000
0  -0.189359 -3.835910 3.121335  -0.279516 -0.061714 -0.958156  0.959290 0.480835 2 15 0.900000 14 0.100000
0  0.000001 -3.893435 3.091430  0.000000 -0.096516 -0.995331  0.992279 0.503326 2 15 0.950000 14 0.050000
Leo1A
0  0.157321 -3.924105 3.138425  0.431182 -0.745749 -0.507879  0.963471 0.503326 2 15 0.950000 14 0.050000
0  0.106506 -3.901825 3.103790  0.203064 -0.322971 -0.924367  0.972412 0.503326 2 15 0.950000 14 0.050000
0  0.280151 -3.864136 3.177335  0.773114 -0.599817 -0.206189  0.945129 0.480835 2 15 0.900000 14 0.100000
Leo1A
0  0.157321 -3.924105 3.138425  0.431182 -0.745749 -0.507879  0.963471 0.503326 2 15 0.950000 14 0.050000
0  0.000001 -3.945770 3.121795  0.000000 -0.837046 -0.547132  0.992279 0.507599 2 15 0.950000 14 0.050000
0  0.106506 -3.901825 3.103790  0.203064 -0.322971 -0.924367  0.972412 0.503326 2 15 0.950000 14 0.050000
Leo1A
0  -0.289154 -3.726195 3.267515  -0.355699 -0.220118 0.908310  0.868469 0.442963 2 15 0.800000 14 0.200000
0  -0.096739 -3.511810 3.280030  0.091974 0.133778 0.986734  0.899750 0.408051 2 15 0.700000 14 0.300000
0  -0.306549 -3.515015 3.260955  -0.315473 0.112102 0.942290  0.868347 0.408051 2 15 0.700000 14 0.300000
Leo1A
0  0.000001 -3.514405 3.254090  -0.000000 0.154630 0.987972  0.914185 0.408051 2 15 0.700000 14 0.300000
0  0.092776 -3.728180 3.286895  -0.081155 -0.104344 0.991225  0.899536 0.442963 2 15 0.800000 14 0.200000
0  0.096741 -3.511810 3.280030  -0.091974 0.133778 0.986734  0.899750 0.408051 2 15 0.700000 14 0.300000
Leo1A
0  0.096741 -3.511810 3.280030  -0.091974 0.133778 0.986734  0.899750 0.408051 2 15 0.700000 14 0.300000
0  0.000000 -3.242950 3.178255  -0.000000 0.214295 0.976769  0.914215 0.379822 2 14 0.500000 15 0.500000
0  0.000001 -3.514405 3.254090  -0.000000 0.154630 0.987972  0.914185 0.408051 2 15 0.700000 14 0.300000
Leo1A
0  0.000000 -3.242950 3.178255  -0.000000 0.214295 0.976769  0.914215 0.379822 2 14 0.500000 15 0.500000
0  -0.096739 -3.511810 3.280030  0.091974 0.133778 0.986734  0.899750 0.408051 2 15 0.700000 14 0.300000
0  0.000001 -3.514405 3.254090  -0.000000 0.154630 0.987972  0.914185 0.408051 2 15 0.700000 14 0.300000
Leo1A
0  -0.070190 -3.237460 3.211670  0.226877 0.214745 0.949953  0.904327 0.379822 2 14 0.500000 15 0.500000
0  -0.096739 -3.511810 3.280030  0.091974 0.133778 0.986734  0.899750 0.408051 2 15 0.700000 14 0.300000
0  0.000000 -3.242950 3.178255  -0.000000 0.214295 0.976769  0.914215 0.379822 2 14 0.500000 15 0.500000
Leo1A
0  -0.271150 -3.238220 3.206940  -0.282034 0.241392 0.928540  0.876007 0.379822 2 14 0.500000 15 0.500000
0  -0.096739 -3.511810 3.280030  0.091974 0.133778 0.986734  0.899750 0.408051 2 15 0.700000 14 0.300000
0  -0.070190 -3.237460 3.211670  0.226877 0.214745 0.949953  0.904327 0.379822 2 14 0.500000 15 0.500000
Leo1A
0  -0.306549 -3.515015 3.260955  -0.315473 0.112102 0.942290  0.868347 0.408051 2 15 0.700000 14 0.300000
0  -0.096739 -3.511810 3.280030  0.091974 0.133778 0.986734  0.899750 0.408051 2 15 0.700000 14 0.300000
0  -0.271150 -3.238220 3.206940  -0.282034 0.241392 0.928540  0.876007 0.379822 2 14 0.500000 15 0.500000
Leo1A
0  -0.306549 -3.515015 3.260955  -0.315473 0.112102 0.942290  0.868347 0.408051 2 15 0.700000 14 0.300000
0  -0.271150 -3.238220 3.206940  -0.282034 0.241392 0.928540  0.876007 0.379822 2 14 0.500000 15 0.500000
0  -0.406189 -3.516695 3.202055  -0.998193 0.000408 0.060092  0.853210 0.408051 2 15 0.700000 14 0.300000
Leo1A
0  -0.372314 -3.702240 3.220215  -0.946008 -0.292737 0.139190  0.855774 0.442963 2 15 0.800000 14 0.200000
0  -0.306549 -3.515015 3.260955  -0.315473 0.112102 0.942290  0.868347 0.408051 2 15 0.700000 14 0.300000
0  -0.406189 -3.516695 3.202055  -0.998193 0.000408 0.060092  0.853210 0.408051 2 15 0.700000 14 0.300000
Leo1A
0  -0.289154 -3.726195 3.267515  -0.355699 -0.220118 0.908310  0.868469 0.442963 2 15 0.800000 14 0.200000
0  -0.306549 -3.515015 3.260955  -0.315473 0.112102 0.942290  0.868347 0.408051 2 15 0.700000 14 0.300000
0  -0.372314 -3.702240 3.220215  -0.946008 -0.292737 0.139190  0.855774 0.442963 2 15 0.800000 14 0.200000
Leo1A
0  -0.280149 -3.864136 3.177335  -0.773114 -0.599818 -0.206187  0.866943 0.479462 2 15 0.900000 14 0.100000
0  -0.289154 -3.726195 3.267515  -0.355699 -0.220118 0.908310  0.868469 0.442963 2 15 0.800000 14 0.200000
0  -0.372314 -3.702240 3.220215  -0.946008 -0.292737 0.139190  0.855774 0.442963 2 15 0.800000 14 0.200000
Leo1A
0  -0.221559 -3.888095 3.223265  -0.397245 -0.697720 0.596140  0.877441 0.479462 2 15 0.900000 14 0.100000
0  -0.289154 -3.726195 3.267515  -0.355699 -0.220118 0.908310  0.868469 0.442963 2 15 0.800000 14 0.200000
0  -0.280149 -3.864136 3.177335  -0.773114 -0.599818 -0.206187  0.866943 0.479462 2 15 0.900000 14 0.100000
Leo1A
0  -0.157319 -3.924105 3.138425  -0.431184 -0.745749 -0.507876  0.885315 0.501953 2 15 0.950000 14 0.050000
0  -0.221559 -3.888095 3.223265  -0.397245 -0.697720 0.596140  0.877441 0.479462 2 15 0.900000 14 0.100000
0  -0.280149 -3.864136 3.177335  -0.773114 -0.599818 -0.206187  0.866943 0.479462 2 15 0.900000 14 0.100000
Leo1A
0  -0.121459 -3.943635 3.168030  -0.218768 -0.969650 0.109174  0.892212 0.501953 2 15 0.950000 14 0.050000
0  -0.221559 -3.888095 3.223265  -0.397245 -0.697720 0.596140  0.877441 0.479462 2 15 0.900000 14 0.100000
0  -0.157319 -3.924105 3.138425  -0.431184 -0.745749 -0.507876  0.885315 0.501953 2 15 0.950000 14 0.050000
Leo1A
0  0.000001 -3.945770 3.121795  0.000000 -0.837046 -0.547132  0.914124 0.506226 2 15 0.950000 14 0.050000
0  -0.121459 -3.943635 3.168030  -0.218768 -0.969650 0.109174  0.892212 0.501953 2 15 0.950000 14 0.050000
0  -0.157319 -3.924105 3.138425  -0.431184 -0.745749 -0.507876  0.885315 0.501953 2 15 0.950000 14 0.050000
Leo1A
0  0.000001 -3.952330 3.180540  -0.000000 -0.952514 0.304496  0.914124 0.501953 2 15 0.950000 14 0.050000
0  -0.121459 -3.943635 3.168030  -0.218768 -0.969650 0.109174  0.892212 0.501953 2 15 0.950000 14 0.050000
0  0.000001 -3.945770 3.121795  0.000000 -0.837046 -0.547132  0.914124 0.506226 2 15 0.950000 14 0.050000
Leo1A
0  0.121461 -3.943635 3.168030  0.218768 -0.969650 0.109175  0.892212 0.501953 2 15 0.950000 14 0.050000
0  0.000001 -3.952330 3.180540  -0.000000 -0.952514 0.304496  0.914124 0.501953 2 15 0.950000 14 0.050000
0  0.000001 -3.945770 3.121795  0.000000 -0.837046 -0.547132  0.914124 0.506226 2 15 0.950000 14 0.050000
Leo1A
0  0.082246 -3.892365 3.245390  0.044064 -0.521448 0.852144  0.900513 0.479462 2 15 0.900000 14 0.100000
0  0.000001 -3.952330 3.180540  -0.000000 -0.952514 0.304496  0.914124 0.501953 2 15 0.950000 14 0.050000
0  0.121461 -3.943635 3.168030  0.218768 -0.969650 0.109175  0.892212 0.501953 2 15 0.950000 14 0.050000
Leo1A
0  0.221561 -3.888095 3.223265  0.397246 -0.697719 0.596141  0.877441 0.479462 2 15 0.900000 14 0.100000
0  0.082246 -3.892365 3.245390  0.044064 -0.521448 0.852144  0.900513 0.479462 2 15 0.900000 14 0.100000
0  0.121461 -3.943635 3.168030  0.218768 -0.969650 0.109175  0.892212 0.501953 2 15 0.950000 14 0.050000
Leo1A
0  -0.406189 -3.516695 3.202055  -0.998193 0.000408 0.060092  0.853210 0.408051 2 15 0.700000 14 0.300000
0  -0.271150 -3.238220 3.206940  -0.282034 0.241392 0.928540  0.876007 0.379822 2 14 0.500000 15 0.500000
0  -0.379790 -3.249205 3.138120  -0.992115 0.073683 -0.101385  0.860565 0.379822 2 14 0.500000 15 0.500000
Leo1A
0  0.082246 -3.892365 3.245390  0.044064 -0.521448 0.852144  0.900513 0.479462 2 15 0.900000 14 0.100000
0  0.000001 -3.894655 3.241730  -0.000000 -0.457508 0.889205  0.914124 0.479462 2 15 0.900000 14 0.100000
0  0.000001 -3.952330 3.180540  -0.000000 -0.952514 0.304496  0.914124 0.501953 2 15 0.950000 14 0.050000
Leo1A
0  0.280151 -3.864136 3.177335  0.773114 -0.599817 -0.206189  0.866943 0.479462 2 15 0.900000 14 0.100000
0  0.221561 -3.888095 3.223265  0.397246 -0.697719 0.596141  0.877441 0.479462 2 15 0.900000 14 0.100000
0  0.157321 -3.924105 3.138425  0.431182 -0.745749 -0.507879  0.885315 0.501953 2 15 0.950000 14 0.050000
Leo1A
0  0.221561 -3.888095 3.223265  0.397246 -0.697719 0.596141  0.877441 0.479462 2 15 0.900000 14 0.100000
0  0.121461 -3.943635 3.168030  0.218768 -0.969650 0.109175  0.892212 0.501953 2 15 0.950000 14 0.050000
0  0.157321 -3.924105 3.138425  0.431182 -0.745749 -0.507879  0.885315 0.501953 2 15 0.950000 14 0.050000
Leo1A
0  0.157321 -3.924105 3.138425  0.431182 -0.745749 -0.507879  0.885315 0.501953 2 15 0.950000 14 0.050000
0  0.121461 -3.943635 3.168030  0.218768 -0.969650 0.109175  0.892212 0.501953 2 15 0.950000 14 0.050000
0  0.000001 -3.945770 3.121795  0.000000 -0.837046 -0.547132  0.914124 0.506226 2 15 0.950000 14 0.050000
Leo1A
0  0.289156 -3.726195 3.267515  0.355700 -0.220118 0.908309  0.868469 0.442963 2 15 0.800000 14 0.200000
0  0.082246 -3.892365 3.245390  0.044064 -0.521448 0.852144  0.900513 0.479462 2 15 0.900000 14 0.100000
0  0.221561 -3.888095 3.223265  0.397246 -0.697719 0.596141  0.877441 0.479462 2 15 0.900000 14 0.100000
Leo1A
0  0.280151 -3.864136 3.177335  0.773114 -0.599817 -0.206189  0.866943 0.479462 2 15 0.900000 14 0.100000
0  0.289156 -3.726195 3.267515  0.355700 -0.220118 0.908309  0.868469 0.442963 2 15 0.800000 14 0.200000
0  0.221561 -3.888095 3.223265  0.397246 -0.697719 0.596141  0.877441 0.479462 2 15 0.900000 14 0.100000
Leo1A
0  0.372316 -3.702240 3.220215  0.946008 -0.292737 0.139189  0.855774 0.442963 2 15 0.800000 14 0.200000
0  0.289156 -3.726195 3.267515  0.355700 -0.220118 0.908309  0.868469 0.442963 2 15 0.800000 14 0.200000
0  0.280151 -3.864136 3.177335  0.773114 -0.599817 -0.206189  0.866943 0.479462 2 15 0.900000 14 0.100000
Leo1A
0  0.372316 -3.702240 3.220215  0.946008 -0.292737 0.139189  0.855774 0.442963 2 15 0.800000 14 0.200000
0  0.306551 -3.515015 3.260955  0.315473 0.112102 0.942290  0.868347 0.408051 2 15 0.700000 14 0.300000
0  0.289156 -3.726195 3.267515  0.355700 -0.220118 0.908309  0.868469 0.442963 2 15 0.800000 14 0.200000
Leo1A
0  0.406191 -3.516695 3.202055  0.998193 0.000408 0.060092  0.853210 0.408051 2 15 0.700000 14 0.300000
0  0.306551 -3.515015 3.260955  0.315473 0.112102 0.942290  0.868347 0.408051 2 15 0.700000 14 0.300000
0  0.372316 -3.702240 3.220215  0.946008 -0.292737 0.139189  0.855774 0.442963 2 15 0.800000 14 0.200000
Leo1A
0  0.306551 -3.515015 3.260955  0.315473 0.112102 0.942290  0.868347 0.408051 2 15 0.700000 14 0.300000
0  0.406191 -3.516695 3.202055  0.998193 0.000408 0.060092  0.853210 0.408051 2 15 0.700000 14 0.300000
0  0.271150 -3.238220 3.206940  0.282034 0.241393 0.928540  0.876007 0.379822 2 14 0.500000 15 0.500000
Leo1A
0  0.271150 -3.238220 3.206940  0.282034 0.241393 0.928540  0.876007 0.379822 2 14 0.500000 15 0.500000
0  0.406191 -3.516695 3.202055  0.998193 0.000408 0.060092  0.853210 0.408051 2 15 0.700000 14 0.300000
0  0.379790 -3.249205 3.138120  0.992115 0.073684 -0.101385  0.860565 0.379822 2 14 0.500000 15 0.500000
Leo1A
0  0.070190 -3.237460 3.211670  -0.226877 0.214745 0.949953  0.904327 0.379822 2 14 0.500000 15 0.500000
0  0.000000 -3.242950 3.178255  -0.000000 0.214295 0.976769  0.914215 0.379822 2 14 0.500000 15 0.500000
0  0.096741 -3.511810 3.280030  -0.091974 0.133778 0.986734  0.899750 0.408051 2 15 0.700000 14 0.300000
Leo1A
0  0.271150 -3.238220 3.206940  0.282034 0.241393 0.928540  0.876007 0.379822 2 14 0.500000 15 0.500000
0  0.070190 -3.237460 3.211670  -0.226877 0.214745 0.949953  0.904327 0.379822 2 14 0.500000 15 0.500000
0  0.096741 -3.511810 3.280030  -0.091974 0.133778 0.986734  0.899750 0.408051 2 15 0.700000 14 0.300000
Leo1A
0  0.096741 -3.511810 3.280030  -0.091974 0.133778 0.986734  0.899750 0.408051 2 15 0.700000 14 0.300000
0  0.306551 -3.515015 3.260955  0.315473 0.112102 0.942290  0.868347 0.408051 2 15 0.700000 14 0.300000
0  0.271150 -3.238220 3.206940  0.282034 0.241393 0.928540  0.876007 0.379822 2 14 0.500000 15 0.500000
Leo1A
0  0.289156 -3.726195 3.267515  0.355700 -0.220118 0.908309  0.868469 0.442963 2 15 0.800000 14 0.200000
0  0.306551 -3.515015 3.260955  0.315473 0.112102 0.942290  0.868347 0.408051 2 15 0.700000 14 0.300000
0  0.096741 -3.511810 3.280030  -0.091974 0.133778 0.986734  0.899750 0.408051 2 15 0.700000 14 0.300000
Leo1A
0  0.092776 -3.728180 3.286895  -0.081155 -0.104344 0.991225  0.899536 0.442963 2 15 0.800000 14 0.200000
0  0.289156 -3.726195 3.267515  0.355700 -0.220118 0.908309  0.868469 0.442963 2 15 0.800000 14 0.200000
0  0.096741 -3.511810 3.280030  -0.091974 0.133778 0.986734  0.899750 0.408051 2 15 0.700000 14 0.300000
Leo1A
0  0.082246 -3.892365 3.245390  0.044064 -0.521448 0.852144  0.900513 0.479462 2 15 0.900000 14 0.100000
0  0.289156 -3.726195 3.267515  0.355700 -0.220118 0.908309  0.868469 0.442963 2 15 0.800000 14 0.200000
0  0.092776 -3.728180 3.286895  -0.081155 -0.104344 0.991225  0.899536 0.442963 2 15 0.800000 14 0.200000
Leo1A
0  0.000001 -3.726655 3.261260  -0.000000 -0.082091 0.996625  0.914154 0.442963 2 15 0.800000 14 0.200000
0  0.082246 -3.892365 3.245390  0.044064 -0.521448 0.852144  0.900513 0.479462 2 15 0.900000 14 0.100000
0  0.092776 -3.728180 3.286895  -0.081155 -0.104344 0.991225  0.899536 0.442963 2 15 0.800000 14 0.200000
Leo1A
0  0.000001 -3.894655 3.241730  -0.000000 -0.457508 0.889205  0.914124 0.479462 2 15 0.900000 14 0.100000
0  0.082246 -3.892365 3.245390  0.044064 -0.521448 0.852144  0.900513 0.479462 2 15 0.900000 14 0.100000
0  0.000001 -3.726655 3.261260  -0.000000 -0.082091 0.996625  0.914154 0.442963 2 15 0.800000 14 0.200000
Leo1A
0  -0.082244 -3.892365 3.245390  -0.044064 -0.521450 0.852144  0.900513 0.479462 2 15 0.900000 14 0.100000
0  0.000001 -3.894655 3.241730  -0.000000 -0.457508 0.889205  0.914124 0.479462 2 15 0.900000 14 0.100000
0  0.000001 -3.726655 3.261260  -0.000000 -0.082091 0.996625  0.914154 0.442963 2 15 0.800000 14 0.200000
Leo1A
0  0.000001 -3.952330 3.180540  -0.000000 -0.952514 0.304496  0.914124 0.501953 2 15 0.950000 14 0.050000
0  0.000001 -3.894655 3.241730  -0.000000 -0.457508 0.889205  0.914124 0.479462 2 15 0.900000 14 0.100000
0  -0.082244 -3.892365 3.245390  -0.044064 -0.521450 0.852144  0.900513 0.479462 2 15 0.900000 14 0.100000
Leo1A
0  -0.121459 -3.943635 3.168030  -0.218768 -0.969650 0.109174  0.892212 0.501953 2 15 0.950000 14 0.050000
0  0.000001 -3.952330 3.180540  -0.000000 -0.952514 0.304496  0.914124 0.501953 2 15 0.950000 14 0.050000
0  -0.082244 -3.892365 3.245390  -0.044064 -0.521450 0.852144  0.900513 0.479462 2 15 0.900000 14 0.100000
Leo1A
0  -0.082244 -3.892365 3.245390  -0.044064 -0.521450 0.852144  0.900513 0.479462 2 15 0.900000 14 0.100000
0  -0.221559 -3.888095 3.223265  -0.397245 -0.697720 0.596140  0.877441 0.479462 2 15 0.900000 14 0.100000
0  -0.121459 -3.943635 3.168030  -0.218768 -0.969650 0.109174  0.892212 0.501953 2 15 0.950000 14 0.050000
Leo1A
0  -0.289154 -3.726195 3.267515  -0.355699 -0.220118 0.908310  0.868469 0.442963 2 15 0.800000 14 0.200000
0  -0.221559 -3.888095 3.223265  -0.397245 -0.697720 0.596140  0.877441 0.479462 2 15 0.900000 14 0.100000
0  -0.082244 -3.892365 3.245390  -0.044064 -0.521450 0.852144  0.900513 0.479462 2 15 0.900000 14 0.100000
Leo1A
0  -0.092774 -3.728180 3.286895  0.081154 -0.104344 0.991225  0.899536 0.442963 2 15 0.800000 14 0.200000
0  -0.289154 -3.726195 3.267515  -0.355699 -0.220118 0.908310  0.868469 0.442963 2 15 0.800000 14 0.200000
0  -0.082244 -3.892365 3.245390  -0.044064 -0.521450 0.852144  0.900513 0.479462 2 15 0.900000 14 0.100000
Leo1A
0  -0.096739 -3.511810 3.280030  0.091974 0.133778 0.986734  0.899750 0.408051 2 15 0.700000 14 0.300000
0  -0.289154 -3.726195 3.267515  -0.355699 -0.220118 0.908310  0.868469 0.442963 2 15 0.800000 14 0.200000
0  -0.092774 -3.728180 3.286895  0.081154 -0.104344 0.991225  0.899536 0.442963 2 15 0.800000 14 0.200000
Leo1A
0  0.000001 -3.514405 3.254090  -0.000000 0.154630 0.987972  0.914185 0.408051 2 15 0.700000 14 0.300000
0  -0.096739 -3.511810 3.280030  0.091974 0.133778 0.986734  0.899750 0.408051 2 15 0.700000 14 0.300000
0  -0.092774 -3.728180 3.286895  0.081154 -0.104344 0.991225  0.899536 0.442963 2 15 0.800000 14 0.200000
Leo1A
0  -0.092774 -3.728180 3.286895  0.081154 -0.104344 0.991225  0.899536 0.442963 2 15 0.800000 14 0.200000
0  0.000001 -3.726655 3.261260  -0.000000 -0.082091 0.996625  0.914154 0.442963 2 15 0.800000 14 0.200000
0  0.000001 -3.514405 3.254090  -0.000000 0.154630 0.987972  0.914185 0.408051 2 15 0.700000 14 0.300000
Leo1A
0  0.000001 -3.726655 3.261260  -0.000000 -0.082091 0.996625  0.914154 0.442963 2 15 0.800000 14 0.200000
0  0.092776 -3.728180 3.286895  -0.081155 -0.104344 0.991225  0.899536 0.442963 2 15 0.800000 14 0.200000
0  0.000001 -3.514405 3.254090  -0.000000 0.154630 0.987972  0.914185 0.408051 2 15 0.700000 14 0.300000
Leo1A
0  -0.082244 -3.892365 3.245390  -0.044064 -0.521450 0.852144  0.900513 0.479462 2 15 0.900000 14 0.100000
0  0.000001 -3.726655 3.261260  -0.000000 -0.082091 0.996625  0.914154 0.442963 2 15 0.800000 14 0.200000
0  -0.092774 -3.728180 3.286895  0.081154 -0.104344 0.991225  0.899536 0.442963 2 15 0.800000 14 0.200000
Leo1A
0  0.391391 -4.120940 3.218080  -0.081971 0.242721 0.966627  0.954865 0.774170 2 15 0.900000 14 0.100000
0  0.536196 -3.991700 3.215485  -0.202018 0.205731 0.957530  0.945465 0.781494 2 15 0.750000 14 0.250000
0  0.505981 -3.971405 3.202665  -0.324352 0.291163 0.900011  0.946869 0.783508 2 15 0.750000 14 0.250000
Leo1A
0  0.505981 -3.971405 3.202665  -0.324352 0.291163 0.900011  0.946869 0.783508 2 15 0.750000 14 0.250000
0  0.536196 -3.991700 3.215485  -0.202018 0.205731 0.957530  0.945465 0.781494 2 15 0.750000 14 0.250000
0  0.564116 -3.889465 3.204500  -0.223243 0.154232 0.962484  0.936523 0.790466 2 14 0.500000 15 0.500000
Leo1A
0  0.536196 -3.991700 3.215485  -0.202018 0.205731 0.957530  0.945465 0.781494 2 15 0.750000 14 0.250000
0  0.603946 -3.905030 3.200835  -0.781355 0.267513 0.563845  0.931732 0.787659 2 14 0.500000 15 0.500000
0  0.564116 -3.889465 3.204500  -0.223243 0.154232 0.962484  0.936523 0.790466 2 14 0.500000 15 0.500000
Leo1A
0  0.564116 -3.889465 3.204500  -0.223243 0.154232 0.962484  0.936523 0.790466 2 14 0.500000 15 0.500000
0  0.603946 -3.905030 3.200835  -0.781355 0.267513 0.563845  0.931732 0.787659 2 14 0.500000 15 0.500000
0  0.602876 -3.799440 3.209990  -0.964137 0.037502 0.262741  0.926148 0.797424 2 14 0.900000 15 0.100000
Leo1A
0  0.000000 -3.222030 3.263655  0.000000 -0.997452 0.071342  0.986023 0.853271 1 14 1.000000
0  0.000001 -3.372385 3.044660  0.000000 -0.461227 0.887282  0.986023 0.846405 1 15 1.000000
0  0.225830 -3.224775 3.274485  -0.077155 -0.989273 0.124042  0.959717 0.857941 1 14 1.000000
Leo1A
0  0.225830 -3.224775 3.274485  -0.077155 -0.989273 0.124042  0.959717 0.857941 1 14 1.000000
0  0.000001 -3.372385 3.044660  0.000000 -0.461227 0.887282  0.986023 0.846405 1 15 1.000000
0  0.266726 -3.430220 3.056105  -0.182122 -0.358035 0.915774  0.959106 0.842773 1 15 1.000000
Leo1A
0  0.266726 -3.430220 3.056105  -0.182122 -0.358035 0.915774  0.959106 0.842773 1 15 1.000000
0  0.385895 -3.238205 3.278150  -0.332643 -0.929578 0.158852  0.940613 0.861206 1 14 1.000000
0  0.225830 -3.224775 3.274485  -0.077155 -0.989273 0.124042  0.959717 0.857941 1 14 1.000000
Leo1A
0  0.472106 -3.488005 3.102265  -0.543788 -0.302683 0.782737  0.940002 0.838196 2 14 0.500000 15 0.500000
0  0.385895 -3.238205 3.278150  -0.332643 -0.929578 0.158852  0.940613 0.861206 1 14 1.000000
0  0.266726 -3.430220 3.056105  -0.182122 -0.358035 0.915774  0.959106 0.842773 1 15 1.000000
Leo1A
0  0.472106 -3.488005 3.102265  -0.543788 -0.302683 0.782737  0.940002 0.838196 2 14 0.500000 15 0.500000
0  0.455016 -3.294510 3.284405  -0.737142 -0.662150 0.134829  0.921509 0.856079 1 14 1.000000
0  0.385895 -3.238205 3.278150  -0.332643 -0.929578 0.158852  0.940613 0.861206 1 14 1.000000
Leo1A
0  0.541991 -3.442215 3.260600  -0.928877 -0.366149 0.055875  0.923554 0.838837 1 14 1.000000
0  0.455016 -3.294510 3.284405  -0.737142 -0.662150 0.134829  0.921509 0.856079 1 14 1.000000
0  0.472106 -3.488005 3.102265  -0.543788 -0.302683 0.782737  0.940002 0.838196 2 14 0.500000 15 0.500000
Leo1A
0  0.541991 -3.442215 3.260600  -0.928877 -0.366149 0.055875  0.923554 0.838837 1 14 1.000000
0  0.426181 -3.328380 3.451185  -0.553559 -0.520210 -0.650348  0.914612 0.848206 1 14 1.000000
0  0.455016 -3.294510 3.284405  -0.737142 -0.662150 0.134829  0.921509 0.856079 1 14 1.000000
Leo1A
0  0.544586 -3.716720 3.387860  -0.714270 0.083204 -0.694906  0.920990 0.825897 1 14 1.000000
0  0.426181 -3.328380 3.451185  -0.553559 -0.520210 -0.650348  0.914612 0.848206 1 14 1.000000
0  0.541991 -3.442215 3.260600  -0.928877 -0.366149 0.055875  0.923554 0.838837 1 14 1.000000
Leo1A
0  0.544586 -3.716720 3.387860  -0.714270 0.083204 -0.694906  0.920990 0.825897 1 14 1.000000
0  0.541991 -3.442215 3.260600  -0.928877 -0.366149 0.055875  0.923554 0.838837 1 14 1.000000
0  0.575561 -3.585950 3.244120  -0.978436 -0.195003 0.068087  0.928467 0.833435 1 14 1.000000
Leo1A
0  0.602876 -3.799440 3.209990  -0.964137 0.037502 0.262741  0.926148 0.797424 2 14 0.900000 15 0.100000
0  0.544586 -3.716720 3.387860  -0.714270 0.083204 -0.694906  0.920990 0.825897 1 14 1.000000
0  0.575561 -3.585950 3.244120  -0.978436 -0.195003 0.068087  0.928467 0.833435 1 14 1.000000
Leo1A
0  0.575561 -3.585950 3.244120  -0.978436 -0.195003 0.068087  0.928467 0.833435 1 14 1.000000
0  0.524141 -3.695220 3.106535  -0.568665 -0.004566 0.822557  0.938171 0.808929 2 14 0.500000 15 0.500000
0  0.602876 -3.799440 3.209990  -0.964137 0.037502 0.262741  0.926148 0.797424 2 14 0.900000 15 0.100000
Leo1A
0  0.602876 -3.799440 3.209990  -0.964137 0.037502 0.262741  0.926148 0.797424 2 14 0.900000 15 0.100000
0  0.524141 -3.695220 3.106535  -0.568665 -0.004566 0.822557  0.938171 0.808929 2 14 0.500000 15 0.500000
0  0.564116 -3.889465 3.204500  -0.223243 0.154232 0.962484  0.936523 0.790466 2 14 0.500000 15 0.500000
Leo1A
0  0.564116 -3.889465 3.204500  -0.223243 0.154232 0.962484  0.936523 0.790466 2 14 0.500000 15 0.500000
0  0.524141 -3.695220 3.106535  -0.568665 -0.004566 0.822557  0.938171 0.808929 2 14 0.500000 15 0.500000
0  0.353701 -3.867645 3.083495  -0.230630 0.261123 0.937350  0.955841 0.796265 2 15 0.900000 14 0.100000
Leo1A
0  0.564116 -3.889465 3.204500  -0.223243 0.154232 0.962484  0.936523 0.790466 2 14 0.500000 15 0.500000
0  0.353701 -3.867645 3.083495  -0.230630 0.261123 0.937350  0.955841 0.796265 2 15 0.900000 14 0.100000
0  0.505981 -3.971405 3.202665  -0.324352 0.291163 0.900011  0.946869 0.783508 2 15 0.750000 14 0.250000
Leo1A
0  0.505981 -3.971405 3.202665  -0.324352 0.291163 0.900011  0.946869 0.783508 2 15 0.750000 14 0.250000
0  0.353701 -3.867645 3.083495  -0.230630 0.261123 0.937350  0.955841 0.796265 2 15 0.900000 14 0.100000
0  0.384066 -4.079895 3.206940  -0.166952 0.347898 0.922548  0.954987 0.777008 2 15 0.900000 14 0.100000
Leo1A
0  0.384066 -4.079895 3.206940  -0.166952 0.347898 0.922548  0.954987 0.777008 2 15 0.900000 14 0.100000
0  0.391391 -4.120940 3.218080  -0.081971 0.242721 0.966627  0.954865 0.774170 2 15 0.900000 14 0.100000
0  0.505981 -3.971405 3.202665  -0.324352 0.291163 0.900011  0.946869 0.783508 2 15 0.750000 14 0.250000
Leo1A
0  0.200351 -4.165690 3.224105  -0.032488 0.347834 0.936993  0.970490 0.775177 1 15 1.000000
0  0.391391 -4.120940 3.218080  -0.081971 0.242721 0.966627  0.954865 0.774170 2 15 0.900000 14 0.100000
0  0.384066 -4.079895 3.206940  -0.166952 0.347898 0.922548  0.954987 0.777008 2 15 0.900000 14 0.100000
Leo1A
0  0.200351 -4.165690 3.224105  -0.032488 0.347834 0.936993  0.970490 0.775177 1 15 1.000000
0  0.211791 -4.209332 3.231275  0.036826 0.171403 0.984513  0.970429 0.772339 1 15 1.000000
0  0.391391 -4.120940 3.218080  -0.081971 0.242721 0.966627  0.954865 0.774170 2 15 0.900000 14 0.100000
Leo1A
0  0.000001 -3.372385 3.044660  0.000000 -0.461227 0.887282  0.986023 0.846405 1 15 1.000000
0  0.000001 -3.955425 3.064040  -0.000000 0.332181 0.943216  0.986023 0.792481 1 15 1.000000
0  0.266726 -3.430220 3.056105  -0.182122 -0.358035 0.915774  0.959106 0.842773 1 15 1.000000
Leo1A
0  0.266726 -3.430220 3.056105  -0.182122 -0.358035 0.915774  0.959106 0.842773 1 15 1.000000
0  0.000001 -3.955425 3.064040  -0.000000 0.332181 0.943216  0.986023 0.792481 1 15 1.000000
0  0.353701 -3.867645 3.083495  -0.230630 0.261123 0.937350  0.955841 0.796265 2 15 0.900000 14 0.100000
Leo1A
0  0.353701 -3.867645 3.083495  -0.230630 0.261123 0.937350  0.955841 0.796265 2 15 0.900000 14 0.100000
0  0.472106 -3.488005 3.102265  -0.543788 -0.302683 0.782737  0.940002 0.838196 2 14 0.500000 15 0.500000
0  0.266726 -3.430220 3.056105  -0.182122 -0.358035 0.915774  0.959106 0.842773 1 15 1.000000
Leo1A
0  0.524141 -3.695220 3.106535  -0.568665 -0.004566 0.822557  0.938171 0.808929 2 14 0.500000 15 0.500000
0  0.472106 -3.488005 3.102265  -0.543788 -0.302683 0.782737  0.940002 0.838196 2 14 0.500000 15 0.500000
0  0.353701 -3.867645 3.083495  -0.230630 0.261123 0.937350  0.955841 0.796265 2 15 0.900000 14 0.100000
Leo1A
0  0.472106 -3.488005 3.102265  -0.543788 -0.302683 0.782737  0.940002 0.838196 2 14 0.500000 15 0.500000
0  0.524141 -3.695220 3.106535  -0.568665 -0.004566 0.822557  0.938171 0.808929 2 14 0.500000 15 0.500000
0  0.575561 -3.585950 3.244120  -0.978436 -0.195003 0.068087  0.928467 0.833435 1 14 1.000000
Leo1A
0  0.575561 -3.585950 3.244120  -0.978436 -0.195003 0.068087  0.928467 0.833435 1 14 1.000000
0  0.541991 -3.442215 3.260600  -0.928877 -0.366149 0.055875  0.923554 0.838837 1 14 1.000000
0  0.472106 -3.488005 3.102265  -0.543788 -0.302683 0.782737  0.940002 0.838196 2 14 0.500000 15 0.500000
Leo1A
0  0.000001 -4.243205 3.254010  -0.000000 0.207603 0.978213  0.986023 0.770508 1 15 1.000000
0  0.211791 -4.209332 3.231275  0.036826 0.171403 0.984513  0.970429 0.772339 1 15 1.000000
0  0.200351 -4.165690 3.224105  -0.032488 0.347834 0.936993  0.970490 0.775177 1 15 1.000000
Leo1A
0  0.000001 -4.198956 3.244400  -0.000000 0.389671 0.920954  0.986023 0.773315 1 15 1.000000
0  0.000001 -4.243205 3.254010  -0.000000 0.207603 0.978213  0.986023 0.770508 1 15 1.000000
0  0.200351 -4.165690 3.224105  -0.032488 0.347834 0.936993  0.970490 0.775177 1 15 1.000000
Leo1A
0  -0.200349 -4.165690 3.224105  0.032489 0.347834 0.936993  0.970490 0.775177 1 15 1.000000
0  0.000001 -4.243205 3.254010  -0.000000 0.207603 0.978213  0.986023 0.770508 1 15 1.000000
0  0.000001 -4.198956 3.244400  -0.000000 0.389671 0.920954  0.986023 0.773315 1 15 1.000000
Leo1A
0  0.000001 -3.955425 3.064040  -0.000000 0.332181 0.943216  0.986023 0.792481 1 15 1.000000
0  -0.200349 -4.165690 3.224105  0.032489 0.347834 0.936993  0.970490 0.775177 1 15 1.000000
0  0.000001 -4.198956 3.244400  -0.000000 0.389671 0.920954  0.986023 0.773315 1 15 1.000000
Leo1A
0  0.000001 -3.955425 3.064040  -0.000000 0.332181 0.943216  0.986023 0.792481 1 15 1.000000
0  0.000001 -4.198956 3.244400  -0.000000 0.389671 0.920954  0.986023 0.773315 1 15 1.000000
0  0.200351 -4.165690 3.224105  -0.032488 0.347834 0.936993  0.970490 0.775177 1 15 1.000000
Leo1A
0  0.000001 -3.955425 3.064040  -0.000000 0.332181 0.943216  0.986023 0.792481 1 15 1.000000
0  0.200351 -4.165690 3.224105  -0.032488 0.347834 0.936993  0.970490 0.775177 1 15 1.000000
0  0.353701 -3.867645 3.083495  -0.230630 0.261123 0.937350  0.955841 0.796265 2 15 0.900000 14 0.100000
Leo1A
0  0.353701 -3.867645 3.083495  -0.230630 0.261123 0.937350  0.955841 0.796265 2 15 0.900000 14 0.100000
0  0.200351 -4.165690 3.224105  -0.032488 0.347834 0.936993  0.970490 0.775177 1 15 1.000000
0  0.384066 -4.079895 3.206940  -0.166952 0.347898 0.922548  0.954987 0.777008 2 15 0.900000 14 0.100000
Leo1A
0  -0.200349 -4.165690 3.224105  0.032489 0.347834 0.936993  0.970490 0.775177 1 15 1.000000
0  -0.211789 -4.209332 3.231275  -0.036824 0.171403 0.984513  0.970429 0.772339 1 15 1.000000
0  0.000001 -4.243205 3.254010  -0.000000 0.207603 0.978213  0.986023 0.770508 1 15 1.000000
Leo1A
0  -0.391389 -4.120940 3.218080  0.081971 0.242721 0.966627  0.954865 0.774170 2 15 0.900000 14 0.100000
0  -0.211789 -4.209332 3.231275  -0.036824 0.171403 0.984513  0.970429 0.772339 1 15 1.000000
0  -0.200349 -4.165690 3.224105  0.032489 0.347834 0.936993  0.970490 0.775177 1 15 1.000000
Leo1A
0  -0.426179 -3.328380 3.451185  0.553560 -0.520210 -0.650349  0.914612 0.848206 1 14 1.000000
0  -0.541989 -3.442215 3.260600  0.928877 -0.366149 0.055876  0.923554 0.838837 1 14 1.000000
0  -0.455014 -3.294510 3.284405  0.737142 -0.662150 0.134829  0.921509 0.856079 1 14 1.000000
Leo1A
0  -0.541989 -3.442215 3.260600  0.928877 -0.366149 0.055876  0.923554 0.838837 1 14 1.000000
0  -0.472104 -3.488005 3.102265  0.543788 -0.302683 0.782737  0.940002 0.838196 2 14 0.500000 15 0.500000
0  -0.455014 -3.294510 3.284405  0.737142 -0.662150 0.134829  0.921509 0.856079 1 14 1.000000
Leo1A
0  -0.575559 -3.585950 3.244120  0.978436 -0.195003 0.068087  0.928467 0.833435 1 14 1.000000
0  -0.472104 -3.488005 3.102265  0.543788 -0.302683 0.782737  0.940002 0.838196 2 14 0.500000 15 0.500000
0  -0.541989 -3.442215 3.260600  0.928877 -0.366149 0.055876  0.923554 0.838837 1 14 1.000000
Leo1A
0  -0.524139 -3.695220 3.106535  0.568665 -0.004566 0.822556  0.938171 0.808929 2 14 0.500000 15 0.500000
0  -0.472104 -3.488005 3.102265  0.543788 -0.302683 0.782737  0.940002 0.838196 2 14 0.500000 15 0.500000
0  -0.575559 -3.585950 3.244120  0.978436 -0.195003 0.068087  0.928467 0.833435 1 14 1.000000
Leo1A
0  -0.575559 -3.585950 3.244120  0.978436 -0.195003 0.068087  0.928467 0.833435 1 14 1.000000
0  -0.602874 -3.799440 3.209990  0.964138 0.037502 0.262740  0.926148 0.797424 2 14 0.900000 15 0.100000
0  -0.524139 -3.695220 3.106535  0.568665 -0.004566 0.822556  0.938171 0.808929 2 14 0.500000 15 0.500000
Leo1A
0  -0.602874 -3.799440 3.209990  0.964138 0.037502 0.262740  0.926148 0.797424 2 14 0.900000 15 0.100000
0  -0.564114 -3.889465 3.204500  0.223247 0.154232 0.962483  0.936523 0.790466 2 14 0.500000 15 0.500000
0  -0.524139 -3.695220 3.106535  0.568665 -0.004566 0.822556  0.938171 0.808929 2 14 0.500000 15 0.500000
Leo1A
0  -0.603944 -3.905030 3.200835  0.781357 0.267512 0.563842  0.931732 0.787659 2 14 0.500000 15 0.500000
0  -0.564114 -3.889465 3.204500  0.223247 0.154232 0.962483  0.936523 0.790466 2 14 0.500000 15 0.500000
0  -0.602874 -3.799440 3.209990  0.964138 0.037502 0.262740  0.926148 0.797424 2 14 0.900000 15 0.100000
Leo1A
0  -0.536194 -3.991700 3.215485  0.202021 0.205731 0.957529  0.945465 0.781494 2 15 0.750000 14 0.250000
0  -0.564114 -3.889465 3.204500  0.223247 0.154232 0.962483  0.936523 0.790466 2 14 0.500000 15 0.500000
0  -0.603944 -3.905030 3.200835  0.781357 0.267512 0.563842  0.931732 0.787659 2 14 0.500000 15 0.500000
Leo1A
0  -0.564114 -3.889465 3.204500  0.223247 0.154232 0.962483  0.936523 0.790466 2 14 0.500000 15 0.500000
0  -0.536194 -3.991700 3.215485  0.202021 0.205731 0.957529  0.945465 0.781494 2 15 0.750000 14 0.250000
0  -0.505979 -3.971405 3.202665  0.324353 0.291163 0.900011  0.946869 0.783508 2 15 0.750000 14 0.250000
Leo1A
0  -0.505979 -3.971405 3.202665  0.324353 0.291163 0.900011  0.946869 0.783508 2 15 0.750000 14 0.250000
0  -0.536194 -3.991700 3.215485  0.202021 0.205731 0.957529  0.945465 0.781494 2 15 0.750000 14 0.250000
0  -0.391389 -4.120940 3.218080  0.081971 0.242721 0.966627  0.954865 0.774170 2 15 0.900000 14 0.100000
Leo1A
0  -0.505979 -3.971405 3.202665  0.324353 0.291163 0.900011  0.946869 0.783508 2 15 0.750000 14 0.250000
0  -0.391389 -4.120940 3.218080  0.081971 0.242721 0.966627  0.954865 0.774170 2 15 0.900000 14 0.100000
0  -0.384064 -4.079895 3.206940  0.166952 0.347898 0.922548  0.954987 0.777008 2 15 0.900000 14 0.100000
Leo1A
0  -0.384064 -4.079895 3.206940  0.166952 0.347898 0.922548  0.954987 0.777008 2 15 0.900000 14 0.100000
0  -0.391389 -4.120940 3.218080  0.081971 0.242721 0.966627  0.954865 0.774170 2 15 0.900000 14 0.100000
0  -0.200349 -4.165690 3.224105  0.032489 0.347834 0.936993  0.970490 0.775177 1 15 1.000000
Leo1A
0  -0.384064 -4.079895 3.206940  0.166952 0.347898 0.922548  0.954987 0.777008 2 15 0.900000 14 0.100000
0  -0.200349 -4.165690 3.224105  0.032489 0.347834 0.936993  0.970490 0.775177 1 15 1.000000
0  -0.353699 -3.867645 3.083495  0.230630 0.261124 0.937350  0.955841 0.796265 2 15 0.900000 14 0.100000
Leo1A
0  -0.353699 -3.867645 3.083495  0.230630 0.261124 0.937350  0.955841 0.796265 2 15 0.900000 14 0.100000
0  -0.200349 -4.165690 3.224105  0.032489 0.347834 0.936993  0.970490 0.775177 1 15 1.000000
0  0.000001 -3.955425 3.064040  -0.000000 0.332181 0.943216  0.986023 0.792481 1 15 1.000000
Leo1A
0  -0.266724 -3.430220 3.056105  0.182122 -0.358035 0.915774  0.959106 0.842773 1 15 1.000000
0  -0.353699 -3.867645 3.083495  0.230630 0.261124 0.937350  0.955841 0.796265 2 15 0.900000 14 0.100000
0  0.000001 -3.955425 3.064040  -0.000000 0.332181 0.943216  0.986023 0.792481 1 15 1.000000
Leo1A
0  0.000001 -3.955425 3.064040  -0.000000 0.332181 0.943216  0.986023 0.792481 1 15 1.000000
0  0.000001 -3.372385 3.044660  0.000000 -0.461227 0.887282  0.986023 0.846405 1 15 1.000000
0  -0.266724 -3.430220 3.056105  0.182122 -0.358035 0.915774  0.959106 0.842773 1 15 1.000000
Leo1A
0  -0.266724 -3.430220 3.056105  0.182122 -0.358035 0.915774  0.959106 0.842773 1 15 1.000000
0  0.000001 -3.372385 3.044660  0.000000 -0.461227 0.887282  0.986023 0.846405 1 15 1.000000
0  -0.225830 -3.224775 3.274485  0.077155 -0.989273 0.124043  0.959717 0.857941 1 14 1.000000
Leo1A
0  -0.225830 -3.224775 3.274485  0.077155 -0.989273 0.124043  0.959717 0.857941 1 14 1.000000
0  0.000001 -3.372385 3.044660  0.000000 -0.461227 0.887282  0.986023 0.846405 1 15 1.000000
0  0.000000 -3.222030 3.263655  0.000000 -0.997452 0.071342  0.986023 0.853271 1 14 1.000000
Leo1A
0  -0.455014 -3.294510 3.284405  0.737142 -0.662150 0.134829  0.921509 0.856079 1 14 1.000000
0  -0.472104 -3.488005 3.102265  0.543788 -0.302683 0.782737  0.940002 0.838196 2 14 0.500000 15 0.500000
0  -0.385895 -3.238205 3.278150  0.332643 -0.929578 0.158853  0.940613 0.861206 1 14 1.000000
Leo1A
0  -0.472104 -3.488005 3.102265  0.543788 -0.302683 0.782737  0.940002 0.838196 2 14 0.500000 15 0.500000
0  -0.266724 -3.430220 3.056105  0.182122 -0.358035 0.915774  0.959106 0.842773 1 15 1.000000
0  -0.385895 -3.238205 3.278150  0.332643 -0.929578 0.158853  0.940613 0.861206 1 14 1.000000
Leo1A
0  -0.472104 -3.488005 3.102265  0.543788 -0.302683 0.782737  0.940002 0.838196 2 14 0.500000 15 0.500000
0  -0.353699 -3.867645 3.083495  0.230630 0.261124 0.937350  0.955841 0.796265 2 15 0.900000 14 0.100000
0  -0.266724 -3.430220 3.056105  0.182122 -0.358035 0.915774  0.959106 0.842773 1 15 1.000000
Leo1A
0  -0.524139 -3.695220 3.106535  0.568665 -0.004566 0.822556  0.938171 0.808929 2 14 0.500000 15 0.500000
0  -0.353699 -3.867645 3.083495  0.230630 0.261124 0.937350  0.955841 0.796265 2 15 0.900000 14 0.100000
0  -0.472104 -3.488005 3.102265  0.543788 -0.302683 0.782737  0.940002 0.838196 2 14 0.500000 15 0.500000
Leo1A
0  -0.524139 -3.695220 3.106535  0.568665 -0.004566 0.822556  0.938171 0.808929 2 14 0.500000 15 0.500000
0  -0.564114 -3.889465 3.204500  0.223247 0.154232 0.962483  0.936523 0.790466 2 14 0.500000 15 0.500000
0  -0.353699 -3.867645 3.083495  0.230630 0.261124 0.937350  0.955841 0.796265 2 15 0.900000 14 0.100000
Leo1A
0  -0.564114 -3.889465 3.204500  0.223247 0.154232 0.962483  0.936523 0.790466 2 14 0.500000 15 0.500000
0  -0.505979 -3.971405 3.202665  0.324353 0.291163 0.900011  0.946869 0.783508 2 15 0.750000 14 0.250000
0  -0.353699 -3.867645 3.083495  0.230630 0.261124 0.937350  0.955841 0.796265 2 15 0.900000 14 0.100000
Leo1A
0  -0.353699 -3.867645 3.083495  0.230630 0.261124 0.937350  0.955841 0.796265 2 15 0.900000 14 0.100000
0  -0.505979 -3.971405 3.202665  0.324353 0.291163 0.900011  0.946869 0.783508 2 15 0.750000 14 0.250000
0  -0.384064 -4.079895 3.206940  0.166952 0.347898 0.922548  0.954987 0.777008 2 15 0.900000 14 0.100000
Leo1A
0  -0.385895 -3.238205 3.278150  0.332643 -0.929578 0.158853  0.940613 0.861206 1 14 1.000000
0  -0.266724 -3.430220 3.056105  0.182122 -0.358035 0.915774  0.959106 0.842773 1 15 1.000000
0  -0.225830 -3.224775 3.274485  0.077155 -0.989273 0.124043  0.959717 0.857941 1 14 1.000000
Leo1A
0  -0.544584 -3.716720 3.387860  0.714270 0.083204 -0.694906  0.920990 0.825897 1 14 1.000000
0  -0.541989 -3.442215 3.260600  0.928877 -0.366149 0.055876  0.923554 0.838837 1 14 1.000000
0  -0.426179 -3.328380 3.451185  0.553560 -0.520210 -0.650349  0.914612 0.848206 1 14 1.000000
Leo1A
0  -0.541989 -3.442215 3.260600  0.928877 -0.366149 0.055876  0.923554 0.838837 1 14 1.000000
0  -0.544584 -3.716720 3.387860  0.714270 0.083204 -0.694906  0.920990 0.825897 1 14 1.000000
0  -0.575559 -3.585950 3.244120  0.978436 -0.195003 0.068087  0.928467 0.833435 1 14 1.000000
Leo1A
0  -0.544584 -3.716720 3.387860  0.714270 0.083204 -0.694906  0.920990 0.825897 1 14 1.000000
0  -0.602874 -3.799440 3.209990  0.964138 0.037502 0.262740  0.926148 0.797424 2 14 0.900000 15 0.100000
0  -0.575559 -3.585950 3.244120  0.978436 -0.195003 0.068087  0.928467 0.833435 1 14 1.000000
Leo1A
0  0.602876 -3.799440 3.209990  -0.964137 0.037502 0.262741  0.935883 0.947174 2 14 0.900000 15 0.100000
0  0.581511 -3.943175 3.267670  -0.783030 0.455632 -0.423394  0.944916 0.950287 2 14 0.900000 15 0.100000
0  0.544586 -3.716720 3.387860  -0.714270 0.083204 -0.694906  0.907593 0.923126 1 14 1.000000
Leo1A
0  0.603946 -3.905030 3.200835  -0.781355 0.267513 0.563845  0.939545 0.949799 2 14 0.500000 15 0.500000
0  0.581511 -3.943175 3.267670  -0.783030 0.455632 -0.423394  0.944916 0.950287 2 14 0.900000 15 0.100000
0  0.602876 -3.799440 3.209990  -0.964137 0.037502 0.262741  0.935883 0.947174 2 14 0.900000 15 0.100000
Leo1A
0  0.538176 -3.975375 3.157045  -0.725736 0.679265 0.109113  0.946320 0.955872 2 14 0.900000 15 0.100000
0  0.581511 -3.943175 3.267670  -0.783030 0.455632 -0.423394  0.944916 0.950287 2 14 0.900000 15 0.100000
0  0.603946 -3.905030 3.200835  -0.781355 0.267513 0.563845  0.939545 0.949799 2 14 0.500000 15 0.500000
Leo1A
0  0.426181 -3.328380 3.451185  -0.553559 -0.520210 -0.650348  0.902832 0.892090 1 14 1.000000
0  0.544586 -3.716720 3.387860  -0.714270 0.083204 -0.694906  0.907593 0.923126 1 14 1.000000
0  0.262756 -3.340590 3.526255  -0.159860 -0.479979 -0.862592  0.962402 0.902954 1 14 1.000000
Leo1A
0  0.544586 -3.716720 3.387860  -0.714270 0.083204 -0.694906  0.907593 0.923126 1 14 1.000000
0  0.359041 -3.779735 3.443860  -0.234937 0.298200 -0.925139  0.961029 0.936646 1 14 1.000000
0  0.262756 -3.340590 3.526255  -0.159860 -0.479979 -0.862592  0.962402 0.902954 1 14 1.000000
Leo1A
0  0.544586 -3.716720 3.387860  -0.714270 0.083204 -0.694906  0.907593 0.923126 1 14 1.000000
0  0.581511 -3.943175 3.267670  -0.783030 0.455632 -0.423394  0.944916 0.950287 2 14 0.900000 15 0.100000
0  0.359041 -3.779735 3.443860  -0.234937 0.298200 -0.925139  0.961029 0.936646 1 14 1.000000
Leo1A
0  0.581511 -3.943175 3.267670  -0.783030 0.455632 -0.423394  0.944916 0.950287 2 14 0.900000 15 0.100000
0  0.442351 -4.090730 3.261110  -0.508693 0.737376 -0.444419  0.959778 0.952484 2 14 0.950000 15 0.050000
0  0.359041 -3.779735 3.443860  -0.234937 0.298200 -0.925139  0.961029 0.936646 1 14 1.000000
Leo1A
0  0.442351 -4.090730 3.261110  -0.508693 0.737376 -0.444419  0.959778 0.952484 2 14 0.950000 15 0.050000
0  0.581511 -3.943175 3.267670  -0.783030 0.455632 -0.423394  0.944916 0.950287 2 14 0.900000 15 0.100000
0  0.538176 -3.975375 3.157045  -0.725736 0.679265 0.109113  0.946320 0.955872 2 14 0.900000 15 0.100000
Leo1A
0  0.538176 -3.975375 3.157045  -0.725736 0.679265 0.109113  0.946320 0.955872 2 14 0.900000 15 0.100000
0  0.402831 -4.101870 3.131715  -0.577318 0.809526 0.106639  0.959137 0.967285 2 14 0.950000 15 0.050000
0  0.442351 -4.090730 3.261110  -0.508693 0.737376 -0.444419  0.959778 0.952484 2 14 0.950000 15 0.050000
Leo1A
0  0.402831 -4.101870 3.131715  -0.577318 0.809526 0.106639  0.959137 0.967285 2 14 0.950000 15 0.050000
0  0.158541 -4.244520 3.173930  -0.297336 0.688587 -0.661392  0.978271 0.970276 1 14 1.000000
0  0.442351 -4.090730 3.261110  -0.508693 0.737376 -0.444419  0.959778 0.952484 2 14 0.950000 15 0.050000
Leo1A
0  0.442351 -4.090730 3.261110  -0.508693 0.737376 -0.444419  0.959778 0.952484 2 14 0.950000 15 0.050000
0  0.158541 -4.244520 3.173930  -0.297336 0.688587 -0.661392  0.978271 0.970276 1 14 1.000000
0  0.000001 -4.138470 3.312480  0.000000 0.508627 -0.860987  0.990936 0.957916 1 14 1.000000
Leo1A
0  0.158541 -4.244520 3.173930  -0.297336 0.688587 -0.661392  0.978271 0.970276 1 14 1.000000
0  0.000001 -4.264660 3.258770  0.000000 0.391629 -0.920123  0.990936 0.972260 1 14 1.000000
0  0.000001 -4.138470 3.312480  0.000000 0.508627 -0.860987  0.990936 0.957916 1 14 1.000000
Leo1A
0  0.000001 -4.264660 3.258770  0.000000 0.391629 -0.920123  0.990936 0.972260 1 14 1.000000
0  -0.158539 -4.244520 3.173930  0.297336 0.688587 -0.661392  0.978271 0.970276 1 14 1.000000
0  0.000001 -4.138470 3.312480  0.000000 0.508627 -0.860987  0.990936 0.957916 1 14 1.000000
Leo1A
0  0.000001 -4.138470 3.312480  0.000000 0.508627 -0.860987  0.990936 0.957916 1 14 1.000000
0  -0.158539 -4.244520 3.173930  0.297336 0.688587 -0.661392  0.978271 0.970276 1 14 1.000000
0  -0.442349 -4.090730 3.261110  0.508693 0.737376 -0.444420  0.959778 0.952484 2 14 0.950000 15 0.050000
Leo1A
0  -0.158539 -4.244520 3.173930  0.297336 0.688587 -0.661392  0.978271 0.970276 1 14 1.000000
0  -0.402829 -4.101870 3.131715  0.577318 0.809526 0.106638  0.959137 0.967285 2 14 0.950000 15 0.050000
0  -0.442349 -4.090730 3.261110  0.508693 0.737376 -0.444420  0.959778 0.952484 2 14 0.950000 15 0.050000
Leo1A
0  -0.442349 -4.090730 3.261110  0.508693 0.737376 -0.444420  0.959778 0.952484 2 14 0.950000 15 0.050000
0  -0.402829 -4.101870 3.131715  0.577318 0.809526 0.106638  0.959137 0.967285 2 14 0.950000 15 0.050000
0  -0.538174 -3.975375 3.157045  0.725736 0.679265 0.109112  0.946320 0.955872 2 14 0.900000 15 0.100000
Leo1A
0  -0.442349 -4.090730 3.261110  0.508693 0.737376 -0.444420  0.959778 0.952484 2 14 0.950000 15 0.050000
0  -0.538174 -3.975375 3.157045  0.725736 0.679265 0.109112  0.946320 0.955872 2 14 0.900000 15 0.100000
0  -0.581509 -3.943175 3.267670  0.783030 0.455632 -0.423394  0.944916 0.950287 2 14 0.900000 15 0.100000
Leo1A
0  -0.581509 -3.943175 3.267670  0.783030 0.455632 -0.423394  0.944916 0.950287 2 14 0.900000 15 0.100000
0  -0.538174 -3.975375 3.157045  0.725736 0.679265 0.109112  0.946320 0.955872 2 14 0.900000 15 0.100000
0  -0.603944 -3.905030 3.200835  0.781357 0.267512 0.563842  0.939545 0.949799 2 14 0.500000 15 0.500000
Leo1A
0  -0.603944 -3.905030 3.200835  0.781357 0.267512 0.563842  0.939545 0.949799 2 14 0.500000 15 0.500000
0  -0.602874 -3.799440 3.209990  0.964138 0.037502 0.262740  0.935883 0.947174 2 14 0.900000 15 0.100000
0  -0.581509 -3.943175 3.267670  0.783030 0.455632 -0.423394  0.944916 0.950287 2 14 0.900000 15 0.100000
Leo1A
0  -0.602874 -3.799440 3.209990  0.964138 0.037502 0.262740  0.935883 0.947174 2 14 0.900000 15 0.100000
0  -0.544584 -3.716720 3.387860  0.714270 0.083204 -0.694906  0.907593 0.923126 1 14 1.000000
0  -0.581509 -3.943175 3.267670  0.783030 0.455632 -0.423394  0.944916 0.950287 2 14 0.900000 15 0.100000
Leo1A
0  -0.581509 -3.943175 3.267670  0.783030 0.455632 -0.423394  0.944916 0.950287 2 14 0.900000 15 0.100000
0  -0.544584 -3.716720 3.387860  0.714270 0.083204 -0.694906  0.907593 0.923126 1 14 1.000000
0  -0.359039 -3.779735 3.443860  0.234937 0.298200 -0.925139  0.961029 0.936646 1 14 1.000000
Leo1A
0  0.262756 -3.340590 3.526255  -0.159860 -0.479979 -0.862592  0.962402 0.902954 1 14 1.000000
0  0.359041 -3.779735 3.443860  -0.234937 0.298200 -0.925139  0.961029 0.936646 1 14 1.000000
0  0.000001 -3.401775 3.555705  0.000000 -0.323065 -0.946377  0.990936 0.909149 1 14 1.000000
Leo1A
0  0.359041 -3.779735 3.443860  -0.234937 0.298200 -0.925139  0.961029 0.936646 1 14 1.000000
0  0.000001 -3.860000 3.455000  0.000000 0.358825 -0.933405  0.990936 0.942230 1 14 1.000000
0  0.000001 -3.401775 3.555705  0.000000 -0.323065 -0.946377  0.990936 0.909149 1 14 1.000000
Leo1A
0  0.359041 -3.779735 3.443860  -0.234937 0.298200 -0.925139  0.961029 0.936646 1 14 1.000000
0  0.442351 -4.090730 3.261110  -0.508693 0.737376 -0.444419  0.959778 0.952484 2 14 0.950000 15 0.050000
0  0.000001 -3.860000 3.455000  0.000000 0.358825 -0.933405  0.990936 0.942230 1 14 1.000000
Leo1A
0  0.442351 -4.090730 3.261110  -0.508693 0.737376 -0.444419  0.959778 0.952484 2 14 0.950000 15 0.050000
0  0.000001 -4.138470 3.312480  0.000000 0.508627 -0.860987  0.990936 0.957916 1 14 1.000000
0  0.000001 -3.860000 3.455000  0.000000 0.358825 -0.933405  0.990936 0.942230 1 14 1.000000
Leo1A
0  0.000001 -3.860000 3.455000  0.000000 0.358825 -0.933405  0.990936 0.942230 1 14 1.000000
0  0.000001 -4.138470 3.312480  0.000000 0.508627 -0.860987  0.990936 0.957916 1 14 1.000000
0  -0.442349 -4.090730 3.261110  0.508693 0.737376 -0.444420  0.959778 0.952484 2 14 0.950000 15 0.050000
Leo1A
0  0.000001 -3.860000 3.455000  0.000000 0.358825 -0.933405  0.990936 0.942230 1 14 1.000000
0  -0.442349 -4.090730 3.261110  0.508693 0.737376 -0.444420  0.959778 0.952484 2 14 0.950000 15 0.050000
0  -0.359039 -3.779735 3.443860  0.234937 0.298200 -0.925139  0.961029 0.936646 1 14 1.000000
Leo1A
0  -0.359039 -3.779735 3.443860  0.234937 0.298200 -0.925139  0.961029 0.936646 1 14 1.000000
0  -0.442349 -4.090730 3.261110  0.508693 0.737376 -0.444420  0.959778 0.952484 2 14 0.950000 15 0.050000
0  -0.581509 -3.943175 3.267670  0.783030 0.455632 -0.423394  0.944916 0.950287 2 14 0.900000 15 0.100000
Leo1A
0  0.000001 -3.401775 3.555705  0.000000 -0.323065 -0.946377  0.990936 0.909149 1 14 1.000000
0  0.000001 -3.860000 3.455000  0.000000 0.358825 -0.933405  0.990936 0.942230 1 14 1.000000
0  -0.359039 -3.779735 3.443860  0.234937 0.298200 -0.925139  0.961029 0.936646 1 14 1.000000
Leo1A
0  -0.544584 -3.716720 3.387860  0.714270 0.083204 -0.694906  0.907593 0.923126 1 14 1.000000
0  -0.262754 -3.340590 3.526255  0.159861 -0.479978 -0.862592  0.962402 0.902954 1 14 1.000000
0  -0.359039 -3.779735 3.443860  0.234937 0.298200 -0.925139  0.961029 0.936646 1 14 1.000000
Leo1A
0  -0.359039 -3.779735 3.443860  0.234937 0.298200 -0.925139  0.961029 0.936646 1 14 1.000000
0  -0.262754 -3.340590 3.526255  0.159861 -0.479978 -0.862592  0.962402 0.902954 1 14 1.000000
0  0.000001 -3.401775 3.555705  0.000000 -0.323065 -0.946377  0.990936 0.909149 1 14 1.000000
Leo1A
0  -0.262754 -3.340590 3.526255  0.159861 -0.479978 -0.862592  0.962402 0.902954 1 14 1.000000
0  0.000000 -3.222030 3.263655  0.000000 -0.997452 0.071342  0.990936 0.886993 1 14 1.000000
0  0.000001 -3.401775 3.555705  0.000000 -0.323065 -0.946377  0.990936 0.909149 1 14 1.000000
Leo1A
0  0.000001 -3.401775 3.555705  0.000000 -0.323065 -0.946377  0.990936 0.909149 1 14 1.000000
0  0.000000 -3.222030 3.263655  0.000000 -0.997452 0.071342  0.990936 0.886993 1 14 1.000000
0  0.262756 -3.340590 3.526255  -0.159860 -0.479979 -0.862592  0.962402 0.902954 1 14 1.000000
Leo1A
0  0.000000 -3.222030 3.263655  0.000000 -0.997452 0.071342  0.990936 0.886993 1 14 1.000000
0  0.225830 -3.224775 3.274485  -0.077155 -0.989273 0.124042  0.964630 0.886963 1 14 1.000000
0  0.262756 -3.340590 3.526255  -0.159860 -0.479979 -0.862592  0.962402 0.902954 1 14 1.000000
Leo1A
0  0.262756 -3.340590 3.526255  -0.159860 -0.479979 -0.862592  0.962402 0.902954 1 14 1.000000
0  0.225830 -3.224775 3.274485  -0.077155 -0.989273 0.124042  0.964630 0.886963 1 14 1.000000
0  0.426181 -3.328380 3.451185  -0.553559 -0.520210 -0.650348  0.902832 0.892090 1 14 1.000000
Leo1A
0  0.225830 -3.224775 3.274485  -0.077155 -0.989273 0.124042  0.964630 0.886963 1 14 1.000000
0  0.385895 -3.238205 3.278150  -0.332643 -0.929578 0.158852  0.945526 0.886963 1 14 1.000000
0  0.426181 -3.328380 3.451185  -0.553559 -0.520210 -0.650348  0.902832 0.892090 1 14 1.000000
Leo1A
0  0.426181 -3.328380 3.451185  -0.553559 -0.520210 -0.650348  0.902832 0.892090 1 14 1.000000
0  0.385895 -3.238205 3.278150  -0.332643 -0.929578 0.158852  0.945526 0.886963 1 14 1.000000
0  0.455016 -3.294510 3.284405  -0.737142 -0.662150 0.134829  0.903046 0.886963 1 14 1.000000
Leo1A
0  -0.262754 -3.340590 3.526255  0.159861 -0.479978 -0.862592  0.962402 0.902954 1 14 1.000000
0  -0.225830 -3.224775 3.274485  0.077155 -0.989273 0.124043  0.964630 0.886963 1 14 1.000000
0  0.000000 -3.222030 3.263655  0.000000 -0.997452 0.071342  0.990936 0.886993 1 14 1.000000
Leo1A
0  -0.225830 -3.224775 3.274485  0.077155 -0.989273 0.124043  0.964630 0.886963 1 14 1.000000
0  -0.262754 -3.340590 3.526255  0.159861 -0.479978 -0.862592  0.962402 0.902954 1 14 1.000000
0  -0.426179 -3.328380 3.451185  0.553560 -0.520210 -0.650349  0.902832 0.892090 1 14 1.000000
Leo1A
0  -0.426179 -3.328380 3.451185  0.553560 -0.520210 -0.650349  0.902832 0.892090 1 14 1.000000
0  -0.262754 -3.340590 3.526255  0.159861 -0.479978 -0.862592  0.962402 0.902954 1 14 1.000000
0  -0.544584 -3.716720 3.387860  0.714270 0.083204 -0.694906  0.907593 0.923126 1 14 1.000000
Leo1A
0  -0.225830 -3.224775 3.274485  0.077155 -0.989273 0.124043  0.964630 0.886963 1 14 1.000000
0  -0.426179 -3.328380 3.451185  0.553560 -0.520210 -0.650349  0.902832 0.892090 1 14 1.000000
0  -0.385895 -3.238205 3.278150  0.332643 -0.929578 0.158853  0.945526 0.886963 1 14 1.000000
Leo1A
0  -0.385895 -3.238205 3.278150  0.332643 -0.929578 0.158853  0.945526 0.886963 1 14 1.000000
0  -0.426179 -3.328380 3.451185  0.553560 -0.520210 -0.650349  0.902832 0.892090 1 14 1.000000
0  -0.455014 -3.294510 3.284405  0.737142 -0.662150 0.134829  0.903046 0.886963 1 14 1.000000
Leo1A
0  1.369020 -1.486665 1.257630  0.991027 0.087488 0.101048  0.170227 0.204651 2 18 0.500000 19 0.500000
0  1.217805 -1.200560 1.592560  0.743040 0.668802 -0.024411  0.132385 0.250549 2 18 0.800000 19 0.200000
0  1.338960 -1.481325 1.652525  0.996493 0.081433 0.019230  0.172516 0.248932 2 18 0.800000 19 0.200000
Leo1A
0  1.369020 -1.486665 1.257630  0.991027 0.087488 0.101048  0.170227 0.204651 2 18 0.500000 19 0.500000
0  1.338960 -1.481325 1.652525  0.996493 0.081433 0.019230  0.172516 0.248932 2 18 0.800000 19 0.200000
0  1.280975 -1.805725 1.336975  0.870787 -0.491006 0.025353  0.222290 0.209503 2 18 0.500000 19 0.500000
Leo1A
0  1.280975 -1.805725 1.336975  0.870787 -0.491006 0.025353  0.222290 0.209503 2 18 0.500000 19 0.500000
0  1.327820 -1.759340 1.033935  0.867736 -0.476929 0.139903  0.220551 0.172028 3 19 0.700000 18 0.200000 20 0.100000
0  1.369020 -1.486665 1.257630  0.991027 0.087488 0.101048  0.170227 0.204651 2 18 0.500000 19 0.500000
Leo1A
0  0.657500 -2.173615 0.619200  -0.409618 -0.845008 -0.343766  0.341248 0.094482 2 20 0.600000 19 0.400000
0  1.215820 -2.150270 0.829620  0.332134 -0.700633 0.631506  0.265320 0.129486 2 19 0.500000 20 0.500000
0  0.670930 -2.161405 0.824280  -0.388914 -0.712658 0.583836  0.323181 0.129486 2 19 0.500000 20 0.500000
Leo1A
0  1.215820 -2.150270 0.829620  0.332134 -0.700633 0.631506  0.265320 0.129486 2 19 0.500000 20 0.500000
0  1.101380 -2.041625 0.861205  0.279018 -0.595711 0.753178  0.265167 0.140930 2 19 0.500000 20 0.500000
0  0.670930 -2.161405 0.824280  -0.388914 -0.712658 0.583836  0.323181 0.129486 2 19 0.500000 20 0.500000
Leo1A
0  1.215820 -2.150270 0.829620  0.332134 -0.700633 0.631506  0.265320 0.129486 2 19 0.500000 20 0.500000
0  1.391755 -1.742705 0.806580  0.685514 -0.163594 0.709442  0.213501 0.140930 2 19 0.600000 20 0.400000
0  1.101380 -2.041625 0.861205  0.279018 -0.595711 0.753178  0.265167 0.140930 2 19 0.500000 20 0.500000
Leo1A
0  1.391755 -1.742705 0.806580  0.685514 -0.163594 0.709442  0.213501 0.140930 2 19 0.600000 20 0.400000
0  1.327820 -1.759340 1.033935  0.867736 -0.476929 0.139903  0.220551 0.172028 3 19 0.700000 18 0.200000 20 0.100000
0  1.101380 -2.041625 0.861205  0.279018 -0.595711 0.753178  0.265167 0.140930 2 19 0.500000 20 0.500000
Leo1A
0  1.391755 -1.742705 0.806580  0.685514 -0.163594 0.709442  0.213501 0.140930 2 19 0.600000 20 0.400000
0  1.409150 -1.476595 0.946505  0.976174 0.172767 0.131285  0.170105 0.165771 3 19 0.700000 18 0.200000 20 0.100000
0  1.327820 -1.759340 1.033935  0.867736 -0.476929 0.139903  0.220551 0.172028 3 19 0.700000 18 0.200000 20 0.100000
Leo1A
0  1.327820 -1.759340 1.033935  0.867736 -0.476929 0.139903  0.220551 0.172028 3 19 0.700000 18 0.200000 20 0.100000
0  1.409150 -1.476595 0.946505  0.976174 0.172767 0.131285  0.170105 0.165771 3 19 0.700000 18 0.200000 20 0.100000
0  1.369020 -1.486665 1.257630  0.991027 0.087488 0.101048  0.170227 0.204651 2 18 0.500000 19 0.500000
Leo1A
0  1.369020 -1.486665 1.257630  0.991027 0.087488 0.101048  0.170227 0.204651 2 18 0.500000 19 0.500000
0  1.409150 -1.476595 0.946505  0.976174 0.172767 0.131285  0.170105 0.165771 3 19 0.700000 18 0.200000 20 0.100000
0  1.232300 -1.178285 1.199800  0.789254 0.610561 0.065527  0.134125 0.202789 2 18 0.500000 19 0.500000
Leo1A
0  1.232300 -1.178285 1.199800  0.789254 0.610561 0.065527  0.134125 0.202789 2 18 0.500000 19 0.500000
0  1.217805 -1.200560 1.592560  0.743040 0.668802 -0.024411  0.132385 0.250549 2 18 0.800000 19 0.200000
0  1.369020 -1.486665 1.257630  0.991027 0.087488 0.101048  0.170227 0.204651 2 18 0.500000 19 0.500000
Leo1A
0  1.232300 -1.178285 1.199800  0.789254 0.610561 0.065527  0.134125 0.202789 2 18 0.500000 19 0.500000
0  1.086120 -1.131285 1.567990  0.299616 0.953922 0.016240  0.105225 0.250092 2 18 0.800000 19 0.200000
0  1.217805 -1.200560 1.592560  0.743040 0.668802 -0.024411  0.132385 0.250549 2 18 0.800000 19 0.200000
Leo1A
0  1.086120 -1.131285 1.567990  0.299616 0.953922 0.016240  0.105225 0.250092 2 18 0.800000 19 0.200000
0  1.098635 -1.093290 1.870725  0.337965 0.907085 -0.250953  0.098175 0.279266 2 18 0.800000 13 0.200000
0  1.217805 -1.200560 1.592560  0.743040 0.668802 -0.024411  0.132385 0.250549 2 18 0.800000 19 0.200000
Leo1A
0  1.217805 -1.200560 1.592560  0.743040 0.668802 -0.024411  0.132385 0.250549 2 18 0.800000 19 0.200000
0  1.098635 -1.093290 1.870725  0.337965 0.907085 -0.250953  0.098175 0.279266 2 18 0.800000 13 0.200000
0  1.213075 -1.090395 2.104035  0.762775 0.609555 -0.215910  0.120758 0.303406 2 18 0.700000 13 0.300000
Leo1A
0  1.217805 -1.200560 1.592560  0.743040 0.668802 -0.024411  0.132385 0.250549 2 18 0.800000 19 0.200000
0  1.213075 -1.090395 2.104035  0.762775 0.609555 -0.215910  0.120758 0.303406 2 18 0.700000 13 0.300000
0  1.338960 -1.481325 1.652525  0.996493 0.081433 0.019230  0.172516 0.248932 2 18 0.800000 19 0.200000
Leo1A
0  1.338960 -1.481325 1.652525  0.996493 0.081433 0.019230  0.172516 0.248932 2 18 0.800000 19 0.200000
0  1.213075 -1.090395 2.104035  0.762775 0.609555 -0.215910  0.120758 0.303406 2 18 0.700000 13 0.300000
0  1.338195 -1.492615 2.155000  0.999791 -0.017923 -0.009784  0.172577 0.304657 2 18 0.800000 13 0.200000
Leo1A
0  1.338960 -1.481325 1.652525  0.996493 0.081433 0.019230  0.172516 0.248932 2 18 0.800000 19 0.200000
0  1.338195 -1.492615 2.155000  0.999791 -0.017923 -0.009784  0.172577 0.304657 2 18 0.800000 13 0.200000
0  1.258085 -1.838685 1.704405  0.894747 -0.446458 -0.010116  0.214417 0.250031 2 18 0.800000 19 0.200000
Leo1A
0  1.280975 -1.805725 1.336975  0.870787 -0.491006 0.025353  0.222290 0.209503 2 18 0.500000 19 0.500000
0  1.338960 -1.481325 1.652525  0.996493 0.081433 0.019230  0.172516 0.248932 2 18 0.800000 19 0.200000
0  1.258085 -1.838685 1.704405  0.894747 -0.446458 -0.010116  0.214417 0.250031 2 18 0.800000 19 0.200000
Leo1A
0  1.280975 -1.805725 1.336975  0.870787 -0.491006 0.025353  0.222290 0.209503 2 18 0.500000 19 0.500000
0  1.258085 -1.838685 1.704405  0.894747 -0.446458 -0.010116  0.214417 0.250031 2 18 0.800000 19 0.200000
0  1.045225 -2.063295 1.408995  0.424560 -0.897594 -0.118634  0.266876 0.230652 2 18 0.500000 19 0.500000
Leo1A
0  1.045225 -2.063295 1.408995  0.424560 -0.897594 -0.118634  0.266876 0.230652 2 18 0.500000 19 0.500000
0  1.047670 -2.025910 1.121215  0.355145 -0.934775 -0.008240  0.265442 0.196686 3 19 0.750000 18 0.150000 20 0.100000
0  1.280975 -1.805725 1.336975  0.870787 -0.491006 0.025353  0.222290 0.209503 2 18 0.500000 19 0.500000
Leo1A
0  1.047670 -2.025910 1.121215  0.355145 -0.934775 -0.008240  0.265442 0.196686 3 19 0.750000 18 0.150000 20 0.100000
0  1.327820 -1.759340 1.033935  0.867736 -0.476929 0.139903  0.220551 0.172028 3 19 0.700000 18 0.200000 20 0.100000
0  1.280975 -1.805725 1.336975  0.870787 -0.491006 0.025353  0.222290 0.209503 2 18 0.500000 19 0.500000
Leo1A
0  1.101380 -2.041625 0.861205  0.279018 -0.595711 0.753178  0.265167 0.140930 2 19 0.500000 20 0.500000
0  1.327820 -1.759340 1.033935  0.867736 -0.476929 0.139903  0.220551 0.172028 3 19 0.700000 18 0.200000 20 0.100000
0  1.047670 -2.025910 1.121215  0.355145 -0.934775 -0.008240  0.265442 0.196686 3 19 0.750000 18 0.150000 20 0.100000
Leo1A
0  1.513365 -1.813810 0.768890  0.727571 -0.222526 0.648939  0.213379 0.129486 2 19 0.600000 20 0.400000
0  1.391755 -1.742705 0.806580  0.685514 -0.163594 0.709442  0.213501 0.140930 2 19 0.600000 20 0.400000
0  1.215820 -2.150270 0.829620  0.332134 -0.700633 0.631506  0.265320 0.129486 2 19 0.500000 20 0.500000
Leo1A
0  1.562045 -1.447295 0.667725  0.808640 0.279794 0.517510  0.169922 0.129456 2 19 0.700000 20 0.300000
0  1.436920 -1.466370 0.736695  0.718237 0.332017 0.611474  0.171692 0.140930 2 19 0.700000 20 0.300000
0  1.513365 -1.813810 0.768890  0.727571 -0.222526 0.648939  0.213379 0.129486 2 19 0.600000 20 0.400000
Leo1A
0  1.513365 -1.813810 0.768890  0.727571 -0.222526 0.648939  0.213379 0.129486 2 19 0.600000 20 0.400000
0  1.436920 -1.466370 0.736695  0.718237 0.332017 0.611474  0.171692 0.140930 2 19 0.700000 20 0.300000
0  1.391755 -1.742705 0.806580  0.685514 -0.163594 0.709442  0.213501 0.140930 2 19 0.600000 20 0.400000
Leo1A
0  1.436920 -1.466370 0.736695  0.718237 0.332017 0.611474  0.171692 0.140930 2 19 0.700000 20 0.300000
0  1.409150 -1.476595 0.946505  0.976174 0.172767 0.131285  0.170105 0.165771 3 19 0.700000 18 0.200000 20 0.100000
0  1.391755 -1.742705 0.806580  0.685514 -0.163594 0.709442  0.213501 0.140930 2 19 0.600000 20 0.400000
Leo1A
0  0.670930 -2.161405 0.824280  -0.388914 -0.712658 0.583836  0.323181 0.129486 2 19 0.500000 20 0.500000
0  0.442505 -1.845705 0.753785  -0.852290 -0.210172 0.478988  0.379913 0.129486 2 19 0.600000 20 0.400000
0  0.657500 -2.173615 0.619200  -0.409618 -0.845008 -0.343766  0.341248 0.094482 2 20 0.600000 19 0.400000
Leo1A
0  0.721285 -2.032165 0.859985  -0.406716 -0.564860 0.717994  0.322693 0.140930 2 19 0.500000 20 0.500000
0  0.442505 -1.845705 0.753785  -0.852290 -0.210172 0.478988  0.379913 0.129486 2 19 0.600000 20 0.400000
0  0.670930 -2.161405 0.824280  -0.388914 -0.712658 0.583836  0.323181 0.129486 2 19 0.500000 20 0.500000
Leo1A
0  0.670930 -2.161405 0.824280  -0.388914 -0.712658 0.583836  0.323181 0.129486 2 19 0.500000 20 0.500000
0  1.101380 -2.041625 0.861205  0.279018 -0.595711 0.753178  0.265167 0.140930 2 19 0.500000 20 0.500000
0  0.721285 -2.032165 0.859985  -0.406716 -0.564860 0.717994  0.322693 0.140930 2 19 0.500000 20 0.500000
Leo1A
0  1.101380 -2.041625 0.861205  0.279018 -0.595711 0.753178  0.265167 0.140930 2 19 0.500000 20 0.500000
0  0.729980 -2.006075 1.113585  -0.471617 -0.877866 -0.083244  0.323914 0.209229 3 19 0.750000 18 0.150000 20 0.100000
0  0.721285 -2.032165 0.859985  -0.406716 -0.564860 0.717994  0.322693 0.140930 2 19 0.500000 20 0.500000
Leo1A
0  1.101380 -2.041625 0.861205  0.279018 -0.595711 0.753178  0.265167 0.140930 2 19 0.500000 20 0.500000
0  1.047670 -2.025910 1.121215  0.355145 -0.934775 -0.008240  0.265442 0.196686 3 19 0.750000 18 0.150000 20 0.100000
0  0.729980 -2.006075 1.113585  -0.471617 -0.877866 -0.083244  0.323914 0.209229 3 19 0.750000 18 0.150000 20 0.100000
Leo1A
0  0.729980 -2.006075 1.113585  -0.471617 -0.877866 -0.083244  0.323914 0.209229 3 19 0.750000 18 0.150000 20 0.100000
0  1.047670 -2.025910 1.121215  0.355145 -0.934775 -0.008240  0.265442 0.196686 3 19 0.750000 18 0.150000 20 0.100000
0  0.711060 -2.066805 1.383515  -0.446341 -0.866838 -0.222199  0.324219 0.241791 2 18 0.500000 19 0.500000
Leo1A
0  0.711060 -2.066805 1.383515  -0.446341 -0.866838 -0.222199  0.324219 0.241791 2 18 0.500000 19 0.500000
0  1.047670 -2.025910 1.121215  0.355145 -0.934775 -0.008240  0.265442 0.196686 3 19 0.750000 18 0.150000 20 0.100000
0  1.045225 -2.063295 1.408995  0.424560 -0.897594 -0.118634  0.266876 0.230652 2 18 0.500000 19 0.500000
Leo1A
0  1.045225 -2.063295 1.408995  0.424560 -0.897594 -0.118634  0.266876 0.230652 2 18 0.500000 19 0.500000
0  1.027985 -2.124330 1.728360  0.451140 -0.886489 -0.103008  0.273224 0.268585 3 18 0.700000 19 0.200000 13 0.100000
0  0.711060 -2.066805 1.383515  -0.446341 -0.866838 -0.222199  0.324219 0.241791 2 18 0.500000 19 0.500000
Leo1A
0  1.045225 -2.063295 1.408995  0.424560 -0.897594 -0.118634  0.266876 0.230652 2 18 0.500000 19 0.500000
0  1.258085 -1.838685 1.704405  0.894747 -0.446458 -0.010116  0.214417 0.250031 2 18 0.800000 19 0.200000
0  1.027985 -2.124330 1.728360  0.451140 -0.886489 -0.103008  0.273224 0.268585 3 18 0.700000 19 0.200000 13 0.100000
Leo1A
0  1.258085 -1.838685 1.704405  0.894747 -0.446458 -0.010116  0.214417 0.250031 2 18 0.800000 19 0.200000
0  1.239090 -1.887535 2.206825  0.888053 -0.455653 0.061181  0.219177 0.303375 1 18 1.000000
0  1.027985 -2.124330 1.728360  0.451140 -0.886489 -0.103008  0.273224 0.268585 3 18 0.700000 19 0.200000 13 0.100000
Leo1A
0  1.258085 -1.838685 1.704405  0.894747 -0.446458 -0.010116  0.214417 0.250031 2 18 0.800000 19 0.200000
0  1.338195 -1.492615 2.155000  0.999791 -0.017923 -0.009784  0.172577 0.304657 2 18 0.800000 13 0.200000
0  1.239090 -1.887535 2.206825  0.888053 -0.455653 0.061181  0.219177 0.303375 1 18 1.000000
Leo1A
0  1.338195 -1.492615 2.155000  0.999791 -0.017923 -0.009784  0.172577 0.304657 2 18 0.800000 13 0.200000
0  1.178435 -1.911470 2.569275  0.840263 -0.490797 0.230382  0.222321 0.339417 2 13 0.500000 18 0.500000
0  1.239090 -1.887535 2.206825  0.888053 -0.455653 0.061181  0.219177 0.303375 1 18 1.000000
Leo1A
0  1.178435 -1.911470 2.569275  0.840263 -0.490797 0.230382  0.222321 0.339417 2 13 0.500000 18 0.500000
0  1.338195 -1.492615 2.155000  0.999791 -0.017923 -0.009784  0.172577 0.304657 2 18 0.800000 13 0.200000
0  1.338350 -1.505435 2.519380  0.982751 -0.135204 0.126172  0.185455 0.339691 2 13 0.500000 18 0.500000
Leo1A
0  1.338350 -1.505435 2.519380  0.982751 -0.135204 0.126172  0.185455 0.339691 2 13 0.500000 18 0.500000
0  1.067045 -1.895445 2.835540  0.714102 -0.571132 0.404805  0.226715 0.370392 2 13 0.700000 18 0.300000
0  1.178435 -1.911470 2.569275  0.840263 -0.490797 0.230382  0.222321 0.339417 2 13 0.500000 18 0.500000
Leo1A
0  1.067045 -1.895445 2.835540  0.714102 -0.571132 0.404805  0.226715 0.370392 2 13 0.700000 18 0.300000
0  1.338350 -1.505435 2.519380  0.982751 -0.135204 0.126172  0.185455 0.339691 2 13 0.500000 18 0.500000
0  1.277925 -1.464540 2.788695  0.940736 -0.127581 0.314229  0.178375 0.373871 2 13 0.600000 18 0.400000
Leo1A
0  1.277925 -1.464540 2.788695  0.940736 -0.127581 0.314229  0.178375 0.373871 2 13 0.600000 18 0.400000
0  1.011505 -1.835480 3.004915  0.694918 -0.550425 0.462734  0.241974 0.400238 2 13 0.900000 18 0.100000
0  1.067045 -1.895445 2.835540  0.714102 -0.571132 0.404805  0.226715 0.370392 2 13 0.700000 18 0.300000
Leo1A
0  1.196290 -1.414490 2.983855  0.877239 -0.096924 0.470168  0.182312 0.403565 2 13 0.750000 18 0.250000
0  1.011505 -1.835480 3.004915  0.694918 -0.550425 0.462734  0.241974 0.400238 2 13 0.900000 18 0.100000
0  1.277925 -1.464540 2.788695  0.940736 -0.127581 0.314229  0.178375 0.373871 2 13 0.600000 18 0.400000
Leo1A
0  1.011505 -1.835480 3.004915  0.694918 -0.550425 0.462734  0.241974 0.400238 2 13 0.900000 18 0.100000
0  1.196290 -1.414490 2.983855  0.877239 -0.096924 0.470168  0.182312 0.403565 2 13 0.750000 18 0.250000
0  1.068725 -1.311800 3.205260  0.837782 -0.051442 0.543576  0.169891 0.440002 2 13 0.850000 18 0.150000
Leo1A
0  0.711060 -2.066805 1.383515  -0.446341 -0.866838 -0.222199  0.324219 0.241791 2 18 0.500000 19 0.500000
0  1.027985 -2.124330 1.728360  0.451140 -0.886489 -0.103008  0.273224 0.268585 3 18 0.700000 19 0.200000 13 0.100000
0  0.656280 -2.164460 1.784820  0.001550 -0.958837 -0.283953  0.335052 0.292938 3 18 0.450000 13 0.400000 19 0.150000
Leo1A
0  1.202545 -0.992430 2.801665  0.728573 0.601213 0.328214  0.127075 0.374847 2 13 0.700000 18 0.300000
0  1.277925 -1.464540 2.788695  0.940736 -0.127581 0.314229  0.178375 0.373871 2 13 0.600000 18 0.400000
0  1.233370 -0.935670 2.637480  0.613147 0.762205 0.207589  0.120819 0.360474 2 13 0.600000 18 0.400000
Leo1A
0  1.196290 -1.414490 2.983855  0.877239 -0.096924 0.470168  0.182312 0.403565 2 13 0.750000 18 0.250000
0  1.277925 -1.464540 2.788695  0.940736 -0.127581 0.314229  0.178375 0.373871 2 13 0.600000 18 0.400000
0  1.202545 -0.992430 2.801665  0.728573 0.601213 0.328214  0.127075 0.374847 2 13 0.700000 18 0.300000
Leo1A
0  0.530700 -2.198790 1.787720  0.408038 -0.831427 -0.377139  0.369049 0.306824 2 13 0.900000 18 0.100000
0  0.648040 -2.199250 1.912230  0.186909 -0.968675 -0.163503  0.342499 0.313354 2 13 0.800000 18 0.200000
0  0.621185 -2.213135 2.147065  0.180463 -0.983559 0.006751  0.352997 0.333740 2 13 0.800000 18 0.200000
Leo1A
0  0.460970 -2.094725 1.597290  0.412772 -0.541793 -0.732175  0.386536 0.281433 2 13 0.900000 18 0.100000
0  0.648040 -2.199250 1.912230  0.186909 -0.968675 -0.163503  0.342499 0.313354 2 13 0.800000 18 0.200000
0  0.530700 -2.198790 1.787720  0.408038 -0.831427 -0.377139  0.369049 0.306824 2 13 0.900000 18 0.100000
Leo1A
0  0.460970 -2.094725 1.597290  0.412772 -0.541793 -0.732175  0.386536 0.281433 2 13 0.900000 18 0.100000
0  0.656280 -2.164460 1.784820  0.001550 -0.958837 -0.283953  0.335052 0.292938 3 18 0.450000 13 0.400000 19 0.150000
0  0.648040 -2.199250 1.912230  0.186909 -0.968675 -0.163503  0.342499 0.313354 2 13 0.800000 18 0.200000
Leo1A
0  0.656280 -2.164460 1.784820  0.001550 -0.958837 -0.283953  0.335052 0.292938 3 18 0.450000 13 0.400000 19 0.150000
0  0.996705 -2.156680 2.248230  0.440260 -0.895128 0.070116  0.282074 0.321533 2 18 0.800000 13 0.200000
0  0.648040 -2.199250 1.912230  0.186909 -0.968675 -0.163503  0.342499 0.313354 2 13 0.800000 18 0.200000
Leo1A
0  1.027985 -2.124330 1.728360  0.451140 -0.886489 -0.103008  0.273224 0.268585 3 18 0.700000 19 0.200000 13 0.100000
0  0.996705 -2.156680 2.248230  0.440260 -0.895128 0.070116  0.282074 0.321533 2 18 0.800000 13 0.200000
0  0.656280 -2.164460 1.784820  0.001550 -0.958837 -0.283953  0.335052 0.292938 3 18 0.450000 13 0.400000 19 0.150000
Leo1A
0  1.027985 -2.124330 1.728360  0.451140 -0.886489 -0.103008  0.273224 0.268585 3 18 0.700000 19 0.200000 13 0.100000
0  1.239090 -1.887535 2.206825  0.888053 -0.455653 0.061181  0.219177 0.303375 1 18 1.000000
0  0.996705 -2.156680 2.248230  0.440260 -0.895128 0.070116  0.282074 0.321533 2 18 0.800000 13 0.200000
Leo1A
0  1.239090 -1.887535 2.206825  0.888053 -0.455653 0.061181  0.219177 0.303375 1 18 1.000000
0  1.178435 -1.911470 2.569275  0.840263 -0.490797 0.230382  0.222321 0.339417 2 13 0.500000 18 0.500000
0  0.996705 -2.156680 2.248230  0.440260 -0.895128 0.070116  0.282074 0.321533 2 18 0.800000 13 0.200000
Leo1A
0  1.178435 -1.911470 2.569275  0.840263 -0.490797 0.230382  0.222321 0.339417 2 13 0.500000 18 0.500000
0  1.014250 -2.091830 2.559815  0.469957 -0.850492 0.236226  0.260040 0.344574 2 13 0.500000 18 0.500000
0  0.996705 -2.156680 2.248230  0.440260 -0.895128 0.070116  0.282074 0.321533 2 18 0.800000 13 0.200000
Leo1A
0  1.178435 -1.911470 2.569275  0.840263 -0.490797 0.230382  0.222321 0.339417 2 13 0.500000 18 0.500000
0  1.067045 -1.895445 2.835540  0.714102 -0.571132 0.404805  0.226715 0.370392 2 13 0.700000 18 0.300000
0  1.014250 -2.091830 2.559815  0.469957 -0.850492 0.236226  0.260040 0.344574 2 13 0.500000 18 0.500000
Leo1A
0  1.014250 -2.091830 2.559815  0.469957 -0.850492 0.236226  0.260040 0.344574 2 13 0.500000 18 0.500000
0  1.067045 -1.895445 2.835540  0.714102 -0.571132 0.404805  0.226715 0.370392 2 13 0.700000 18 0.300000
0  0.830690 -2.057800 2.834015  0.984179 0.060185 -0.166640  0.326202 0.396637 2 13 0.900000 14 0.100000
Leo1A
0  0.830690 -2.057800 2.834015  0.984179 0.060185 -0.166640  0.326202 0.396637 2 13 0.900000 14 0.100000
0  1.067045 -1.895445 2.835540  0.714102 -0.571132 0.404805  0.226715 0.370392 2 13 0.700000 18 0.300000
0  1.011505 -1.835480 3.004915  0.694918 -0.550425 0.462734  0.241974 0.400238 2 13 0.900000 18 0.100000
Leo1A
0  0.830690 -2.057800 2.834015  0.984179 0.060185 -0.166640  0.326202 0.396637 2 13 0.900000 14 0.100000
0  1.011505 -1.835480 3.004915  0.694918 -0.550425 0.462734  0.241974 0.400238 2 13 0.900000 18 0.100000
0  0.938720 -1.775820 3.183745  0.744600 -0.432809 0.508180  0.259338 0.454529 2 13 0.950000 18 0.050000
Leo1A
0  0.938720 -1.775820 3.183745  0.744600 -0.432809 0.508180  0.259338 0.454529 2 13 0.950000 18 0.050000
0  1.011505 -1.835480 3.004915  0.694918 -0.550425 0.462734  0.241974 0.400238 2 13 0.900000 18 0.100000
0  1.068725 -1.311800 3.205260  0.837782 -0.051442 0.543576  0.169891 0.440002 2 13 0.850000 18 0.150000
Leo1A
0  0.996705 -2.156680 2.248230  0.440260 -0.895128 0.070116  0.282074 0.321533 2 18 0.800000 13 0.200000
0  1.014250 -2.091830 2.559815  0.469957 -0.850492 0.236226  0.260040 0.344574 2 13 0.500000 18 0.500000
0  0.830690 -2.057800 2.834015  0.984179 0.060185 -0.166640  0.326202 0.396637 2 13 0.900000 14 0.100000
Leo1A
0  0.830690 -2.057800 2.834015  0.984179 0.060185 -0.166640  0.326202 0.396637 2 13 0.900000 14 0.100000
0  0.621185 -2.213135 2.147065  0.180463 -0.983559 0.006751  0.352997 0.333740 2 13 0.800000 18 0.200000
0  0.996705 -2.156680 2.248230  0.440260 -0.895128 0.070116  0.282074 0.321533 2 18 0.800000 13 0.200000
Leo1A
0  0.996705 -2.156680 2.248230  0.440260 -0.895128 0.070116  0.282074 0.321533 2 18 0.800000 13 0.200000
0  0.621185 -2.213135 2.147065  0.180463 -0.983559 0.006751  0.352997 0.333740 2 13 0.800000 18 0.200000
0  0.648040 -2.199250 1.912230  0.186909 -0.968675 -0.163503  0.342499 0.313354 2 13 0.800000 18 0.200000
Leo1A
0  1.068725 -1.311800 3.205260  0.837782 -0.051442 0.543576  0.169891 0.440002 2 13 0.850000 18 0.150000
0  1.196290 -1.414490 2.983855  0.877239 -0.096924 0.470168  0.182312 0.403565 2 13 0.750000 18 0.250000
0  1.202545 -0.992430 2.801665  0.728573 0.601213 0.328214  0.127075 0.374847 2 13 0.700000 18 0.300000
Leo1A
0  1.115570 -0.990755 2.935790  0.903147 0.285804 0.320378  0.134583 0.403503 2 13 0.800000 18 0.200000
0  1.068725 -1.311800 3.205260  0.837782 -0.051442 0.543576  0.169891 0.440002 2 13 0.850000 18 0.150000
0  1.202545 -0.992430 2.801665  0.728573 0.601213 0.328214  0.127075 0.374847 2 13 0.700000 18 0.300000
Leo1A
0  1.096955 -0.901030 2.501830  0.839623 0.516985 -0.166613  0.091370 0.354889 3 13 0.600000 18 0.300000 3 0.100000
0  1.115570 -0.990755 2.935790  0.903147 0.285804 0.320378  0.134583 0.403503 2 13 0.800000 18 0.200000
0  1.202545 -0.992430 2.801665  0.728573 0.601213 0.328214  0.127075 0.374847 2 13 0.700000 18 0.300000
Leo1A
0  1.233370 -0.935670 2.637480  0.613147 0.762205 0.207589  0.120819 0.360474 2 13 0.600000 18 0.400000
0  1.096955 -0.901030 2.501830  0.839623 0.516985 -0.166613  0.091370 0.354889 3 13 0.600000 18 0.300000 3 0.100000
0  1.202545 -0.992430 2.801665  0.728573 0.601213 0.328214  0.127075 0.374847 2 13 0.700000 18 0.300000
Leo1A
0  1.280210 -1.011200 2.436065  0.813587 0.563599 -0.142940  0.127624 0.347107 2 13 0.500000 18 0.500000
0  1.096955 -0.901030 2.501830  0.839623 0.516985 -0.166613  0.091370 0.354889 3 13 0.600000 18 0.300000 3 0.100000
0  1.233370 -0.935670 2.637480  0.613147 0.762205 0.207589  0.120819 0.360474 2 13 0.600000 18 0.400000
Leo1A
0  1.277925 -1.464540 2.788695  0.940736 -0.127581 0.314229  0.178375 0.373871 2 13 0.600000 18 0.400000
0  1.280210 -1.011200 2.436065  0.813587 0.563599 -0.142940  0.127624 0.347107 2 13 0.500000 18 0.500000
0  1.233370 -0.935670 2.637480  0.613147 0.762205 0.207589  0.120819 0.360474 2 13 0.600000 18 0.400000
Leo1A
0  1.338350 -1.505435 2.519380  0.982751 -0.135204 0.126172  0.185455 0.339691 2 13 0.500000 18 0.500000
0  1.280210 -1.011200 2.436065  0.813587 0.563599 -0.142940  0.127624 0.347107 2 13 0.500000 18 0.500000
0  1.277925 -1.464540 2.788695  0.940736 -0.127581 0.314229  0.178375 0.373871 2 13 0.600000 18 0.400000
Leo1A
0  1.338350 -1.505435 2.519380  0.982751 -0.135204 0.126172  0.185455 0.339691 2 13 0.500000 18 0.500000
0  1.338195 -1.492615 2.155000  0.999791 -0.017923 -0.009784  0.172577 0.304657 2 18 0.800000 13 0.200000
0  1.280210 -1.011200 2.436065  0.813587 0.563599 -0.142940  0.127624 0.347107 2 13 0.500000 18 0.500000
Leo1A
0  1.338195 -1.492615 2.155000  0.999791 -0.017923 -0.009784  0.172577 0.304657 2 18 0.800000 13 0.200000
0  1.248320 -1.063235 2.258455  0.751013 0.607995 -0.257529  0.121491 0.326569 2 18 0.600000 13 0.400000
0  1.280210 -1.011200 2.436065  0.813587 0.563599 -0.142940  0.127624 0.347107 2 13 0.500000 18 0.500000
Leo1A
0  1.213075 -1.090395 2.104035  0.762775 0.609555 -0.215910  0.120758 0.303406 2 18 0.700000 13 0.300000
0  1.248320 -1.063235 2.258455  0.751013 0.607995 -0.257529  0.121491 0.326569 2 18 0.600000 13 0.400000
0  1.338195 -1.492615 2.155000  0.999791 -0.017923 -0.009784  0.172577 0.304657 2 18 0.800000 13 0.200000
Leo1A
0  1.248320 -1.063235 2.258455  0.751013 0.607995 -0.257529  0.121491 0.326569 2 18 0.600000 13 0.400000
0  1.213075 -1.090395 2.104035  0.762775 0.609555 -0.215910  0.120758 0.303406 2 18 0.700000 13 0.300000
0  1.036680 -0.978090 2.089690  0.720813 0.567983 -0.397271  0.094513 0.298492 3 18 0.450000 13 0.400000 3 0.150000
Leo1A
0  1.036680 -0.978090 2.089690  0.720813 0.567983 -0.397271  0.094513 0.298492 3 18 0.450000 13 0.400000 3 0.150000
0  1.213075 -1.090395 2.104035  0.762775 0.609555 -0.215910  0.120758 0.303406 2 18 0.700000 13 0.300000
0  1.098635 -1.093290 1.870725  0.337965 0.907085 -0.250953  0.098175 0.279266 2 18 0.800000 13 0.200000
Leo1A
0  1.098635 -1.093290 1.870725  0.337965 0.907085 -0.250953  0.098175 0.279266 2 18 0.800000 13 0.200000
0  0.735780 -1.103515 1.579740  0.041398 0.988024 -0.148644  0.073700 0.244110 3 18 0.500000 13 0.400000 19 0.100000
0  1.036680 -0.978090 2.089690  0.720813 0.567983 -0.397271  0.094513 0.298492 3 18 0.450000 13 0.400000 3 0.150000
Leo1A
0  1.086120 -1.131285 1.567990  0.299616 0.953922 0.016240  0.105225 0.250092 2 18 0.800000 19 0.200000
0  0.735780 -1.103515 1.579740  0.041398 0.988024 -0.148644  0.073700 0.244110 3 18 0.500000 13 0.400000 19 0.100000
0  1.098635 -1.093290 1.870725  0.337965 0.907085 -0.250953  0.098175 0.279266 2 18 0.800000 13 0.200000
Leo1A
0  0.735780 -1.103515 1.579740  0.041398 0.988024 -0.148644  0.073700 0.244110 3 18 0.500000 13 0.400000 19 0.100000
0  1.086120 -1.131285 1.567990  0.299616 0.953922 0.016240  0.105225 0.250092 2 18 0.800000 19 0.200000
0  1.097105 -1.051790 1.167295  0.306516 0.951822 0.009102  0.112946 0.201691 2 18 0.500000 19 0.500000
Leo1A
0  1.097105 -1.051790 1.167295  0.306516 0.951822 0.009102  0.112946 0.201691 2 18 0.500000 19 0.500000
0  1.086120 -1.131285 1.567990  0.299616 0.953922 0.016240  0.105225 0.250092 2 18 0.800000 19 0.200000
0  1.232300 -1.178285 1.199800  0.789254 0.610561 0.065527  0.134125 0.202789 2 18 0.500000 19 0.500000
Leo1A
0  1.232300 -1.178285 1.199800  0.789254 0.610561 0.065527  0.134125 0.202789 2 18 0.500000 19 0.500000
0  1.166685 -1.104585 0.938265  0.486740 0.873177 -0.025411  0.115875 0.179047 3 19 0.700000 18 0.200000 20 0.100000
0  1.097105 -1.051790 1.167295  0.306516 0.951822 0.009102  0.112946 0.201691 2 18 0.500000 19 0.500000
Leo1A
0  1.409150 -1.476595 0.946505  0.976174 0.172767 0.131285  0.170105 0.165771 3 19 0.700000 18 0.200000 20 0.100000
0  1.166685 -1.104585 0.938265  0.486740 0.873177 -0.025411  0.115875 0.179047 3 19 0.700000 18 0.200000 20 0.100000
0  1.232300 -1.178285 1.199800  0.789254 0.610561 0.065527  0.134125 0.202789 2 18 0.500000 19 0.500000
Leo1A
0  1.173250 -1.018370 2.316435  0.453501 0.854226 -0.254235  0.110596 0.335083 2 13 0.500000 18 0.500000
0  1.096955 -0.901030 2.501830  0.839623 0.516985 -0.166613  0.091370 0.354889 3 13 0.600000 18 0.300000 3 0.100000
0  1.280210 -1.011200 2.436065  0.813587 0.563599 -0.142940  0.127624 0.347107 2 13 0.500000 18 0.500000
Leo1A
0  1.036680 -0.978090 2.089690  0.720813 0.567983 -0.397271  0.094513 0.298492 3 18 0.450000 13 0.400000 3 0.150000
0  1.096955 -0.901030 2.501830  0.839623 0.516985 -0.166613  0.091370 0.354889 3 13 0.600000 18 0.300000 3 0.100000
0  1.173250 -1.018370 2.316435  0.453501 0.854226 -0.254235  0.110596 0.335083 2 13 0.500000 18 0.500000
Leo1A
0  1.173250 -1.018370 2.316435  0.453501 0.854226 -0.254235  0.110596 0.335083 2 13 0.500000 18 0.500000
0  1.248320 -1.063235 2.258455  0.751013 0.607995 -0.257529  0.121491 0.326569 2 18 0.600000 13 0.400000
0  1.036680 -0.978090 2.089690  0.720813 0.567983 -0.397271  0.094513 0.298492 3 18 0.450000 13 0.400000 3 0.150000
Leo1A
0  1.280210 -1.011200 2.436065  0.813587 0.563599 -0.142940  0.127624 0.347107 2 13 0.500000 18 0.500000
0  1.248320 -1.063235 2.258455  0.751013 0.607995 -0.257529  0.121491 0.326569 2 18 0.600000 13 0.400000
0  1.173250 -1.018370 2.316435  0.453501 0.854226 -0.254235  0.110596 0.335083 2 13 0.500000 18 0.500000
Leo1A
0  1.179350 -1.102600 0.814210  0.449914 0.891797 0.047708  0.118774 0.156403 3 19 0.800000 18 0.100000 20 0.100000
0  1.215055 -1.113585 0.649110  0.368614 0.711703 0.597999  0.121002 0.140930 2 19 0.700000 20 0.300000
0  0.765535 -1.104890 0.814360  -0.493780 0.869262 0.023768  0.074890 0.160095 3 19 0.800000 18 0.100000 20 0.100000
Leo1A
0  1.166685 -1.104585 0.938265  0.486740 0.873177 -0.025411  0.115875 0.179047 3 19 0.700000 18 0.200000 20 0.100000
0  1.179350 -1.102600 0.814210  0.449914 0.891797 0.047708  0.118774 0.156403 3 19 0.800000 18 0.100000 20 0.100000
0  0.765535 -1.104890 0.814360  -0.493780 0.869262 0.023768  0.074890 0.160095 3 19 0.800000 18 0.100000 20 0.100000
Leo1A
0  1.166685 -1.104585 0.938265  0.486740 0.873177 -0.025411  0.115875 0.179047 3 19 0.700000 18 0.200000 20 0.100000
0  0.765535 -1.104890 0.814360  -0.493780 0.869262 0.023768  0.074890 0.160095 3 19 0.800000 18 0.100000 20 0.100000
0  0.761870 -1.094210 0.935975  -0.508970 0.852510 -0.119067  0.072388 0.178558 3 19 0.700000 18 0.200000 20 0.100000
Leo1A
0  0.734710 -1.069795 1.152955  -0.520386 0.847917 -0.101172  0.069916 0.197021 2 18 0.500000 19 0.500000
0  1.166685 -1.104585 0.938265  0.486740 0.873177 -0.025411  0.115875 0.179047 3 19 0.700000 18 0.200000 20 0.100000
0  0.761870 -1.094210 0.935975  -0.508970 0.852510 -0.119067  0.072388 0.178558 3 19 0.700000 18 0.200000 20 0.100000
Leo1A
0  1.097105 -1.051790 1.167295  0.306516 0.951822 0.009102  0.112946 0.201691 2 18 0.500000 19 0.500000
0  1.166685 -1.104585 0.938265  0.486740 0.873177 -0.025411  0.115875 0.179047 3 19 0.700000 18 0.200000 20 0.100000
0  0.734710 -1.069795 1.152955  -0.520386 0.847917 -0.101172  0.069916 0.197021 2 18 0.500000 19 0.500000
Leo1A
0  0.610045 -1.119845 1.542360  -0.414173 0.652244 -0.634853  0.065033 0.235992 3 13 0.500000 18 0.450000 19 0.050000
0  1.097105 -1.051790 1.167295  0.306516 0.951822 0.009102  0.112946 0.201691 2 18 0.500000 19 0.500000
0  0.734710 -1.069795 1.152955  -0.520386 0.847917 -0.101172  0.069916 0.197021 2 18 0.500000 19 0.500000
Leo1A
0  0.735780 -1.103515 1.579740  0.041398 0.988024 -0.148644  0.073700 0.244110 3 18 0.500000 13 0.400000 19 0.100000
0  1.097105 -1.051790 1.167295  0.306516 0.951822 0.009102  0.112946 0.201691 2 18 0.500000 19 0.500000
0  0.610045 -1.119845 1.542360  -0.414173 0.652244 -0.634853  0.065033 0.235992 3 13 0.500000 18 0.450000 19 0.050000
Leo1A
0  1.036680 -0.978090 2.089690  0.720813 0.567983 -0.397271  0.094513 0.298492 3 18 0.450000 13 0.400000 3 0.150000
0  0.735780 -1.103515 1.579740  0.041398 0.988024 -0.148644  0.073700 0.244110 3 18 0.500000 13 0.400000 19 0.100000
0  0.583040 -1.090700 1.562805  0.311550 0.336467 -0.888666  0.064270 0.242249 3 13 0.650000 18 0.200000 3 0.150000
Leo1A
0  0.583040 -1.090700 1.562805  0.311550 0.336467 -0.888666  0.064270 0.242249 3 13 0.650000 18 0.200000 3 0.150000
0  0.735780 -1.103515 1.579740  0.041398 0.988024 -0.148644  0.073700 0.244110 3 18 0.500000 13 0.400000 19 0.100000
0  0.610045 -1.119845 1.542360  -0.414173 0.652244 -0.634853  0.065033 0.235992 3 13 0.500000 18 0.450000 19 0.050000
Leo1A
0  0.610045 -1.119845 1.542360  -0.414173 0.652244 -0.634853  0.065033 0.235992 3 13 0.500000 18 0.450000 19 0.050000
0  0.491335 -1.512755 1.510010  -0.441067 0.123290 -0.888966  0.008057 0.251434 3 13 0.700000 18 0.200000 19 0.100000
0  0.583040 -1.090700 1.562805  0.311550 0.336467 -0.888666  0.064270 0.242249 3 13 0.650000 18 0.200000 3 0.150000
Leo1A
0  0.610045 -1.119845 1.542360  -0.414173 0.652244 -0.634853  0.065033 0.235992 3 13 0.500000 18 0.450000 19 0.050000
0  0.734710 -1.069795 1.152955  -0.520386 0.847917 -0.101172  0.069916 0.197021 2 18 0.500000 19 0.500000
0  0.491335 -1.512755 1.510010  -0.441067 0.123290 -0.888966  0.008057 0.251434 3 13 0.700000 18 0.200000 19 0.100000
Leo1A
0  0.491335 -1.512755 1.510010  -0.441067 0.123290 -0.888966  0.008057 0.251434 3 13 0.700000 18 0.200000 19 0.100000
0  0.734710 -1.069795 1.152955  -0.520386 0.847917 -0.101172  0.069916 0.197021 2 18 0.500000 19 0.500000
0  0.545195 -1.484070 1.184845  -0.971091 0.200695 -0.129246  0.008057 0.210175 2 18 0.500000 19 0.500000
Leo1A
0  0.734710 -1.069795 1.152955  -0.520386 0.847917 -0.101172  0.069916 0.197021 2 18 0.500000 19 0.500000
0  0.761870 -1.094210 0.935975  -0.508970 0.852510 -0.119067  0.072388 0.178558 3 19 0.700000 18 0.200000 20 0.100000
0  0.545195 -1.484070 1.184845  -0.971091 0.200695 -0.129246  0.008057 0.210175 2 18 0.500000 19 0.500000
Leo1A
0  0.545195 -1.484070 1.184845  -0.971091 0.200695 -0.129246  0.008057 0.210175 2 18 0.500000 19 0.500000
0  0.761870 -1.094210 0.935975  -0.508970 0.852510 -0.119067  0.072388 0.178558 3 19 0.700000 18 0.200000 20 0.100000
0  0.571290 -1.479340 0.942995  -0.963345 0.268116 0.008971  0.008057 0.192719 3 19 0.700000 18 0.200000 20 0.100000
Leo1A
0  0.761870 -1.094210 0.935975  -0.508970 0.852510 -0.119067  0.072388 0.178558 3 19 0.700000 18 0.200000 20 0.100000
0  0.765535 -1.104890 0.814360  -0.493780 0.869262 0.023768  0.074890 0.160095 3 19 0.800000 18 0.100000 20 0.100000
0  0.571290 -1.479340 0.942995  -0.963345 0.268116 0.008971  0.008057 0.192719 3 19 0.700000 18 0.200000 20 0.100000
Leo1A
0  0.765535 -1.104890 0.814360  -0.493780 0.869262 0.023768  0.074890 0.160095 3 19 0.800000 18 0.100000 20 0.100000
0  0.746610 -1.091920 0.647280  -0.358690 0.738355 0.571116  0.067383 0.140930 2 19 0.700000 20 0.300000
0  0.571290 -1.479340 0.942995  -0.963345 0.268116 0.008971  0.008057 0.192719 3 19 0.700000 18 0.200000 20 0.100000
Leo1A
0  0.765535 -1.104890 0.814360  -0.493780 0.869262 0.023768  0.074890 0.160095 3 19 0.800000 18 0.100000 20 0.100000
0  1.215055 -1.113585 0.649110  0.368614 0.711703 0.597999  0.121002 0.140930 2 19 0.700000 20 0.300000
0  0.746610 -1.091920 0.647280  -0.358690 0.738355 0.571116  0.067383 0.140930 2 19 0.700000 20 0.300000
Leo1A
0  1.215055 -1.113585 0.649110  0.368614 0.711703 0.597999  0.121002 0.140930 2 19 0.700000 20 0.300000
0  1.256715 -0.977630 0.557555  0.350552 0.852338 0.388114  0.120911 0.129456 2 19 0.700000 20 0.300000
0  0.746610 -1.091920 0.647280  -0.358690 0.738355 0.571116  0.067383 0.140930 2 19 0.700000 20 0.300000
Leo1A
0  0.583040 -1.090700 1.562805  0.311550 0.336467 -0.888666  0.064270 0.242249 3 13 0.650000 18 0.200000 3 0.150000
0  0.491335 -1.512755 1.510010  -0.441067 0.123290 -0.888966  0.008057 0.251434 3 13 0.700000 18 0.200000 19 0.100000
0  0.331270 -1.483920 1.448820  0.312745 -0.030190 -0.949357  0.008057 0.264099 2 13 0.900000 18 0.100000
Leo1A
0  1.409150 -1.476595 0.946505  0.976174 0.172767 0.131285  0.170105 0.165771 3 19 0.700000 18 0.200000 20 0.100000
0  1.179350 -1.102600 0.814210  0.449914 0.891797 0.047708  0.118774 0.156403 3 19 0.800000 18 0.100000 20 0.100000
0  1.166685 -1.104585 0.938265  0.486740 0.873177 -0.025411  0.115875 0.179047 3 19 0.700000 18 0.200000 20 0.100000
Leo1A
0  1.409150 -1.476595 0.946505  0.976174 0.172767 0.131285  0.170105 0.165771 3 19 0.700000 18 0.200000 20 0.100000
0  1.436920 -1.466370 0.736695  0.718237 0.332017 0.611474  0.171692 0.140930 2 19 0.700000 20 0.300000
0  1.179350 -1.102600 0.814210  0.449914 0.891797 0.047708  0.118774 0.156403 3 19 0.800000 18 0.100000 20 0.100000
Leo1A
0  1.179350 -1.102600 0.814210  0.449914 0.891797 0.047708  0.118774 0.156403 3 19 0.800000 18 0.100000 20 0.100000
0  1.436920 -1.466370 0.736695  0.718237 0.332017 0.611474  0.171692 0.140930 2 19 0.700000 20 0.300000
0  1.215055 -1.113585 0.649110  0.368614 0.711703 0.597999  0.121002 0.140930 2 19 0.700000 20 0.300000
Leo1A
0  1.562045 -1.447295 0.667725  0.808640 0.279794 0.517510  0.169922 0.129456 2 19 0.700000 20 0.300000
0  1.215055 -1.113585 0.649110  0.368614 0.711703 0.597999  0.121002 0.140930 2 19 0.700000 20 0.300000
0  1.436920 -1.466370 0.736695  0.718237 0.332017 0.611474  0.171692 0.140930 2 19 0.700000 20 0.300000
Leo1A
0  1.256715 -0.977630 0.557555  0.350552 0.852338 0.388114  0.120911 0.129456 2 19 0.700000 20 0.300000
0  1.215055 -1.113585 0.649110  0.368614 0.711703 0.597999  0.121002 0.140930 2 19 0.700000 20 0.300000
0  1.562045 -1.447295 0.667725  0.808640 0.279794 0.517510  0.169922 0.129456 2 19 0.700000 20 0.300000
Leo1A
0  1.256715 -0.977630 0.557555  0.350552 0.852338 0.388114  0.120911 0.129456 2 19 0.700000 20 0.300000
0  1.562045 -1.447295 0.667725  0.808640 0.279794 0.517510  0.169922 0.129456 2 19 0.700000 20 0.300000
0  1.590575 -1.434935 0.478060  0.928021 0.209831 -0.307813  0.173218 0.094482 2 19 0.700000 20 0.300000
Leo1A
0  1.562045 -1.447295 0.667725  0.808640 0.279794 0.517510  0.169922 0.129456 2 19 0.700000 20 0.300000
0  1.513365 -1.813810 0.768890  0.727571 -0.222526 0.648939  0.213379 0.129486 2 19 0.600000 20 0.400000
0  1.590575 -1.434935 0.478060  0.928021 0.209831 -0.307813  0.173218 0.094482 2 19 0.700000 20 0.300000
Leo1A
0  1.590575 -1.434935 0.478060  0.928021 0.209831 -0.307813  0.173218 0.094482 2 19 0.700000 20 0.300000
0  1.513365 -1.813810 0.768890  0.727571 -0.222526 0.648939  0.213379 0.129486 2 19 0.600000 20 0.400000
0  1.570740 -1.808165 0.575410  0.931526 -0.361063 -0.043509  0.214600 0.094482 2 20 0.600000 19 0.400000
Leo1A
0  1.513365 -1.813810 0.768890  0.727571 -0.222526 0.648939  0.213379 0.129486 2 19 0.600000 20 0.400000
0  1.215820 -2.150270 0.829620  0.332134 -0.700633 0.631506  0.265320 0.129486 2 19 0.500000 20 0.500000
0  1.570740 -1.808165 0.575410  0.931526 -0.361063 -0.043509  0.214600 0.094482 2 20 0.600000 19 0.400000
Leo1A
0  1.570740 -1.808165 0.575410  0.931526 -0.361063 -0.043509  0.214600 0.094482 2 20 0.600000 19 0.400000
0  1.215820 -2.150270 0.829620  0.332134 -0.700633 0.631506  0.265320 0.129486 2 19 0.500000 20 0.500000
0  1.267700 -2.155455 0.633695  0.402158 -0.895736 -0.189542  0.259644 0.094482 2 20 0.600000 19 0.400000
Leo1A
0  1.267700 -2.155455 0.633695  0.402158 -0.895736 -0.189542  0.259644 0.094482 2 20 0.600000 19 0.400000
0  1.215820 -2.150270 0.829620  0.332134 -0.700633 0.631506  0.265320 0.129486 2 19 0.500000 20 0.500000
0  0.657500 -2.173615 0.619200  -0.409618 -0.845008 -0.343766  0.341248 0.094482 2 20 0.600000 19 0.400000
Leo1A
0  0.681150 -2.049560 0.514985  -0.565588 -0.795212 -0.218512  0.338867 0.081635 2 20 0.700000 19 0.300000
0  1.267700 -2.155455 0.633695  0.402158 -0.895736 -0.189542  0.259644 0.094482 2 20 0.600000 19 0.400000
0  0.657500 -2.173615 0.619200  -0.409618 -0.845008 -0.343766  0.341248 0.094482 2 20 0.600000 19 0.400000
Leo1A
0  0.681150 -2.049560 0.514985  -0.565588 -0.795212 -0.218512  0.338867 0.081635 2 20 0.700000 19 0.300000
0  0.657500 -2.173615 0.619200  -0.409618 -0.845008 -0.343766  0.341248 0.094482 2 20 0.600000 19 0.400000
0  0.540315 -1.800080 0.478975  -0.901085 -0.319937 -0.292723  0.381805 0.081635 2 20 0.800000 19 0.200000
Leo1A
0  0.681150 -2.049560 0.514985  -0.565588 -0.795212 -0.218512  0.338867 0.081635 2 20 0.700000 19 0.300000
0  0.540315 -1.800080 0.478975  -0.901085 -0.319937 -0.292723  0.381805 0.081635 2 20 0.800000 19 0.200000
0  0.480345 -1.845400 0.292510  -0.963220 -0.124898 0.237924  0.382507 0.060364 2 20 0.800000 19 0.200000
Leo1A
0  0.618285 -2.093505 0.343780  -0.658896 -0.438664 0.611089  0.338867 0.060394 2 20 0.900000 19 0.100000
0  0.681150 -2.049560 0.514985  -0.565588 -0.795212 -0.218512  0.338867 0.081635 2 20 0.700000 19 0.300000
0  0.480345 -1.845400 0.292510  -0.963220 -0.124898 0.237924  0.382507 0.060364 2 20 0.800000 19 0.200000
Leo1A
0  0.480345 -1.845400 0.292510  -0.963220 -0.124898 0.237924  0.382507 0.060364 2 20 0.800000 19 0.200000
0  0.450515 -1.891500 0.152325  -0.994688 0.015296 0.101793  0.390076 0.024628 1 20 1.000000
0  0.618285 -2.093505 0.343780  -0.658896 -0.438664 0.611089  0.338867 0.060394 2 20 0.900000 19 0.100000
Leo1A
0  0.618285 -2.093505 0.343780  -0.658896 -0.438664 0.611089  0.338867 0.060394 2 20 0.900000 19 0.100000
0  0.450515 -1.891500 0.152325  -0.994688 0.015296 0.101793  0.390076 0.024628 1 20 1.000000
0  0.504075 -2.414570 0.168345  -0.680662 -0.695828 0.229179  0.338867 0.024719 1 20 1.000000
Leo1A
0  0.504075 -2.414570 0.168345  -0.680662 -0.695828 0.229179  0.338867 0.024719 1 20 1.000000
0  0.880125 -2.207030 0.361330  -0.077508 -0.641935 0.762832  0.310760 0.060394 2 20 0.900000 19 0.100000
0  0.618285 -2.093505 0.343780  -0.658896 -0.438664 0.611089  0.338867 0.060394 2 20 0.900000 19 0.100000
Leo1A
0  0.832900 -2.506885 0.166970  0.222398 -0.959241 0.174342  0.313538 0.024719 1 20 1.000000
0  0.880125 -2.207030 0.361330  -0.077508 -0.641935 0.762832  0.310760 0.060394 2 20 0.900000 19 0.100000
0  0.504075 -2.414570 0.168345  -0.680662 -0.695828 0.229179  0.338867 0.024719 1 20 1.000000
Leo1A
0  0.883410 -2.451955 0.168345  0.110434 -0.964127 0.241378  0.310760 0.024719 1 20 1.000000
0  0.880125 -2.207030 0.361330  -0.077508 -0.641935 0.762832  0.310760 0.060394 2 20 0.900000 19 0.100000
0  0.832900 -2.506885 0.166970  0.222398 -0.959241 0.174342  0.313538 0.024719 1 20 1.000000
Leo1A
0  1.533205 -1.796265 0.482940  0.964228 -0.263608 0.027832  0.215332 0.081635 2 20 0.600000 19 0.400000
0  1.590575 -1.434935 0.478060  0.928021 0.209831 -0.307813  0.173218 0.094482 2 19 0.700000 20 0.300000
0  1.570740 -1.808165 0.575410  0.931526 -0.361063 -0.043509  0.214600 0.094482 2 20 0.600000 19 0.400000
Leo1A
0  0.959395 -2.510705 0.168345  -0.170081 -0.970245 0.172331  0.307831 0.024719 1 20 1.000000
0  1.252975 -2.448905 0.168495  0.473012 -0.860905 0.187357  0.278870 0.024719 1 20 1.000000
0  0.880125 -2.207030 0.361330  -0.077508 -0.641935 0.762832  0.310760 0.060394 2 20 0.900000 19 0.100000
Leo1A
0  0.959395 -2.510705 0.168345  -0.170081 -0.970245 0.172331  0.307831 0.024719 1 20 1.000000
0  0.880125 -2.207030 0.361330  -0.077508 -0.641935 0.762832  0.310760 0.060394 2 20 0.900000 19 0.100000
0  0.883410 -2.451955 0.168345  0.110434 -0.964127 0.241378  0.310760 0.024719 1 20 1.000000
Leo1A
0  0.954210 -2.397940 -0.000415  -0.169665 -0.553926 -0.815095  0.307831 0.008850 1 20 1.000000
0  0.959395 -2.510705 0.168345  -0.170081 -0.970245 0.172331  0.307831 0.024719 1 20 1.000000
0  0.883410 -2.451955 0.168345  0.110434 -0.964127 0.241378  0.310760 0.024719 1 20 1.000000
Leo1A
0  0.883410 -2.451955 0.168345  0.110434 -0.964127 0.241378  0.310760 0.024719 1 20 1.000000
0  0.880050 -2.334920 -0.000570  0.011735 -0.262309 -0.964913  0.310760 0.008850 1 20 1.000000
0  0.954210 -2.397940 -0.000415  -0.169665 -0.553926 -0.815095  0.307831 0.008850 1 20 1.000000
Leo1A
0  0.818865 -2.408470 0.000650  0.183041 -0.584073 -0.790794  0.313538 0.008850 1 20 1.000000
0  0.880050 -2.334920 -0.000570  0.011735 -0.262309 -0.964913  0.310760 0.008850 1 20 1.000000
0  0.883410 -2.451955 0.168345  0.110434 -0.964127 0.241378  0.310760 0.024719 1 20 1.000000
Leo1A
0  0.832900 -2.506885 0.166970  0.222398 -0.959241 0.174342  0.313538 0.024719 1 20 1.000000
0  0.818865 -2.408470 0.000650  0.183041 -0.584073 -0.790794  0.313538 0.008850 1 20 1.000000
0  0.883410 -2.451955 0.168345  0.110434 -0.964127 0.241378  0.310760 0.024719 1 20 1.000000
Leo1A
0  0.818865 -2.408470 0.000650  0.183041 -0.584073 -0.790794  0.313538 0.008850 1 20 1.000000
0  0.832900 -2.506885 0.166970  0.222398 -0.959241 0.174342  0.313538 0.024719 1 20 1.000000
0  0.512620 -2.314320 0.005535  -0.611259 -0.350523 -0.709575  0.338867 0.008850 1 20 1.000000
Leo1A
0  0.512620 -2.314320 0.005535  -0.611259 -0.350523 -0.709575  0.338867 0.008850 1 20 1.000000
0  0.832900 -2.506885 0.166970  0.222398 -0.959241 0.174342  0.313538 0.024719 1 20 1.000000
0  0.504075 -2.414570 0.168345  -0.680662 -0.695828 0.229179  0.338867 0.024719 1 20 1.000000
Leo1A
0  0.504075 -2.414570 0.168345  -0.680662 -0.695828 0.229179  0.338867 0.024719 1 20 1.000000
0  0.475540 -1.880975 -0.001790  -0.692709 0.033332 -0.720447  0.386627 0.008850 1 20 1.000000
0  0.512620 -2.314320 0.005535  -0.611259 -0.350523 -0.709575  0.338867 0.008850 1 20 1.000000
Leo1A
0  0.450515 -1.891500 0.152325  -0.994688 0.015296 0.101793  0.390076 0.024628 1 20 1.000000
0  0.475540 -1.880975 -0.001790  -0.692709 0.033332 -0.720447  0.386627 0.008850 1 20 1.000000
0  0.504075 -2.414570 0.168345  -0.680662 -0.695828 0.229179  0.338867 0.024719 1 20 1.000000
Leo1A
0  0.450515 -1.891500 0.152325  -0.994688 0.015296 0.101793  0.390076 0.024628 1 20 1.000000
0  0.543290 -1.578390 -0.009420  -0.634363 0.144071 -0.759492  0.435303 0.008850 1 20 1.000000
0  0.475540 -1.880975 -0.001790  -0.692709 0.033332 -0.720447  0.386627 0.008850 1 20 1.000000
Leo1A
0  0.480345 -1.845400 0.292510  -0.963220 -0.124898 0.237924  0.382507 0.060364 2 20 0.800000 19 0.200000
0  0.543290 -1.578390 -0.009420  -0.634363 0.144071 -0.759492  0.435303 0.008850 1 20 1.000000
0  0.450515 -1.891500 0.152325  -0.994688 0.015296 0.101793  0.390076 0.024628 1 20 1.000000
Leo1A
0  0.480345 -1.845400 0.292510  -0.963220 -0.124898 0.237924  0.382507 0.060364 2 20 0.800000 19 0.200000
0  0.515745 -1.460875 0.221865  -0.962958 0.265935 -0.044604  0.435303 0.060364 2 20 0.700000 19 0.300000
0  0.543290 -1.578390 -0.009420  -0.634363 0.144071 -0.759492  0.435303 0.008850 1 20 1.000000
Leo1A
0  0.529940 -1.456450 0.394440  -0.900512 0.154951 -0.406286  0.435303 0.081635 2 19 0.700000 20 0.300000
0  0.515745 -1.460875 0.221865  -0.962958 0.265935 -0.044604  0.435303 0.060364 2 20 0.700000 19 0.300000
0  0.480345 -1.845400 0.292510  -0.963220 -0.124898 0.237924  0.382507 0.060364 2 20 0.800000 19 0.200000
Leo1A
0  0.480345 -1.845400 0.292510  -0.963220 -0.124898 0.237924  0.382507 0.060364 2 20 0.800000 19 0.200000
0  0.540315 -1.800080 0.478975  -0.901085 -0.319937 -0.292723  0.381805 0.081635 2 20 0.800000 19 0.200000
0  0.529940 -1.456450 0.394440  -0.900512 0.154951 -0.406286  0.435303 0.081635 2 19 0.700000 20 0.300000
Leo1A
0  0.540315 -1.800080 0.478975  -0.901085 -0.319937 -0.292723  0.381805 0.081635 2 20 0.800000 19 0.200000
0  0.437470 -1.826325 0.568235  -0.872952 -0.308708 -0.377696  0.380676 0.094482 2 20 0.600000 19 0.400000
0  0.529940 -1.456450 0.394440  -0.900512 0.154951 -0.406286  0.435303 0.081635 2 19 0.700000 20 0.300000
Leo1A
0  0.540315 -1.800080 0.478975  -0.901085 -0.319937 -0.292723  0.381805 0.081635 2 20 0.800000 19 0.200000
0  0.657500 -2.173615 0.619200  -0.409618 -0.845008 -0.343766  0.341248 0.094482 2 20 0.600000 19 0.400000
0  0.437470 -1.826325 0.568235  -0.872952 -0.308708 -0.377696  0.380676 0.094482 2 20 0.600000 19 0.400000
Leo1A
0  0.657500 -2.173615 0.619200  -0.409618 -0.845008 -0.343766  0.341248 0.094482 2 20 0.600000 19 0.400000
0  0.442505 -1.845705 0.753785  -0.852290 -0.210172 0.478988  0.379913 0.129486 2 19 0.600000 20 0.400000
0  0.437470 -1.826325 0.568235  -0.872952 -0.308708 -0.377696  0.380676 0.094482 2 20 0.600000 19 0.400000
Leo1A
0  1.252975 -2.448905 0.168495  0.473012 -0.860905 0.187357  0.278870 0.024719 1 20 1.000000
0  0.959395 -2.510705 0.168345  -0.170081 -0.970245 0.172331  0.307831 0.024719 1 20 1.000000
0  0.954210 -2.397940 -0.000415  -0.169665 -0.553926 -0.815095  0.307831 0.008850 1 20 1.000000
Leo1A
0  0.954210 -2.397940 -0.000415  -0.169665 -0.553926 -0.815095  0.307831 0.008850 1 20 1.000000
0  1.265795 -2.336295 -0.000415  0.404747 -0.482616 -0.776699  0.278870 0.008850 1 20 1.000000
0  1.252975 -2.448905 0.168495  0.473012 -0.860905 0.187357  0.278870 0.024719 1 20 1.000000
Leo1A
0  1.265795 -2.336295 -0.000415  0.404747 -0.482616 -0.776699  0.278870 0.008850 1 20 1.000000
0  1.305315 -2.370320 0.169565  0.262961 -0.938381 0.224260  0.275665 0.024719 1 20 1.000000
0  1.252975 -2.448905 0.168495  0.473012 -0.860905 0.187357  0.278870 0.024719 1 20 1.000000
Leo1A
0  1.265795 -2.336295 -0.000415  0.404747 -0.482616 -0.776699  0.278870 0.008850 1 20 1.000000
0  1.321335 -2.251150 -0.000265  0.036176 -0.247390 -0.968241  0.275665 0.008850 1 20 1.000000
0  1.305315 -2.370320 0.169565  0.262961 -0.938381 0.224260  0.275665 0.024719 1 20 1.000000
Leo1A
0  1.305315 -2.370320 0.169565  0.262961 -0.938381 0.224260  0.275665 0.024719 1 20 1.000000
0  1.321335 -2.251150 -0.000265  0.036176 -0.247390 -0.968241  0.275665 0.008850 1 20 1.000000
0  1.385420 -2.305320 0.000955  -0.034305 -0.591144 -0.805836  0.272492 0.008850 1 20 1.000000
Leo1A
0  0.571290 -1.479340 0.942995  -0.963345 0.268116 0.008971  0.008057 0.192719 3 19 0.700000 18 0.200000 20 0.100000
0  0.746610 -1.091920 0.647280  -0.358690 0.738355 0.571116  0.067383 0.140930 2 19 0.700000 20 0.300000
0  0.548860 -1.476285 0.732115  -0.752886 0.352538 0.555769  0.008057 0.140930 2 19 0.700000 20 0.300000
Leo1A
0  0.746610 -1.091920 0.647280  -0.358690 0.738355 0.571116  0.067383 0.140930 2 19 0.700000 20 0.300000
0  0.678405 -1.003570 0.557710  -0.462337 0.808395 0.364338  0.071472 0.129456 2 19 0.700000 20 0.300000
0  0.548860 -1.476285 0.732115  -0.752886 0.352538 0.555769  0.008057 0.140930 2 19 0.700000 20 0.300000
Leo1A
0  0.746610 -1.091920 0.647280  -0.358690 0.738355 0.571116  0.067383 0.140930 2 19 0.700000 20 0.300000
0  1.256715 -0.977630 0.557555  0.350552 0.852338 0.388114  0.120911 0.129456 2 19 0.700000 20 0.300000
0  0.678405 -1.003570 0.557710  -0.462337 0.808395 0.364338  0.071472 0.129456 2 19 0.700000 20 0.300000
Leo1A
0  1.256715 -0.977630 0.557555  0.350552 0.852338 0.388114  0.120911 0.129456 2 19 0.700000 20 0.300000
0  1.289060 -0.997620 0.376280  0.442546 0.739227 -0.507638  0.123962 0.094482 2 19 0.600000 20 0.400000
0  0.678405 -1.003570 0.557710  -0.462337 0.808395 0.364338  0.071472 0.129456 2 19 0.700000 20 0.300000
Leo1A
0  1.590575 -1.434935 0.478060  0.928021 0.209831 -0.307813  0.173218 0.094482 2 19 0.700000 20 0.300000
0  1.289060 -0.997620 0.376280  0.442546 0.739227 -0.507638  0.123962 0.094482 2 19 0.600000 20 0.400000
0  1.256715 -0.977630 0.557555  0.350552 0.852338 0.388114  0.120911 0.129456 2 19 0.700000 20 0.300000
Leo1A
0  1.488190 -1.457975 0.390780  0.883620 0.288949 -0.368407  0.176239 0.081635 2 19 0.700000 20 0.300000
0  1.289060 -0.997620 0.376280  0.442546 0.739227 -0.507638  0.123962 0.094482 2 19 0.600000 20 0.400000
0  1.590575 -1.434935 0.478060  0.928021 0.209831 -0.307813  0.173218 0.094482 2 19 0.700000 20 0.300000
Leo1A
0  1.488190 -1.457975 0.390780  0.883620 0.288949 -0.368407  0.176239 0.081635 2 19 0.700000 20 0.300000
0  1.590575 -1.434935 0.478060  0.928021 0.209831 -0.307813  0.173218 0.094482 2 19 0.700000 20 0.300000
0  1.533205 -1.796265 0.482940  0.964228 -0.263608 0.027832  0.215332 0.081635 2 20 0.600000 19 0.400000
Leo1A
0  1.530915 -1.466675 0.208435  0.895294 0.444722 -0.025894  0.178253 0.060364 2 20 0.700000 19 0.300000
0  1.488190 -1.457975 0.390780  0.883620 0.288949 -0.368407  0.176239 0.081635 2 19 0.700000 20 0.300000
0  1.533205 -1.796265 0.482940  0.964228 -0.263608 0.027832  0.215332 0.081635 2 20 0.600000 19 0.400000
Leo1A
0  1.530915 -1.466675 0.208435  0.895294 0.444722 -0.025894  0.178253 0.060364 2 20 0.700000 19 0.300000
0  1.533205 -1.796265 0.482940  0.964228 -0.263608 0.027832  0.215332 0.081635 2 20 0.600000 19 0.400000
0  1.617430 -1.823425 0.328520  0.949618 0.066844 0.306200  0.215149 0.060364 2 20 0.800000 19 0.200000
Leo1A
0  1.617430 -1.823425 0.328520  0.949618 0.066844 0.306200  0.215149 0.060364 2 20 0.800000 19 0.200000
0  1.620865 -1.882345 0.152780  0.986720 0.160695 -0.023659  0.211426 0.024658 1 20 1.000000
0  1.530915 -1.466675 0.208435  0.895294 0.444722 -0.025894  0.178253 0.060364 2 20 0.700000 19 0.300000
Leo1A
0  1.645890 -2.263665 0.172310  0.772312 -0.597156 0.216654  0.248596 0.024750 1 20 1.000000
0  1.620865 -1.882345 0.152780  0.986720 0.160695 -0.023659  0.211426 0.024658 1 20 1.000000
0  1.617430 -1.823425 0.328520  0.949618 0.066844 0.306200  0.215149 0.060364 2 20 0.800000 19 0.200000
Leo1A
0  1.645890 -2.263665 0.172310  0.772312 -0.597156 0.216654  0.248596 0.024750 1 20 1.000000
0  1.651385 -2.159295 0.006295  0.728918 -0.229504 -0.644986  0.248596 0.008850 1 20 1.000000
0  1.620865 -1.882345 0.152780  0.986720 0.160695 -0.023659  0.211426 0.024658 1 20 1.000000
Leo1A
0  1.385420 -2.305320 0.000955  -0.034305 -0.591144 -0.805836  0.272492 0.008850 1 20 1.000000
0  1.651385 -2.159295 0.006295  0.728918 -0.229504 -0.644986  0.248596 0.008850 1 20 1.000000
0  1.645890 -2.263665 0.172310  0.772312 -0.597156 0.216654  0.248596 0.024750 1 20 1.000000
Leo1A
0  1.376575 -2.410910 0.168190  0.018273 -0.990194 0.138500  0.272492 0.024719 1 20 1.000000
0  1.385420 -2.305320 0.000955  -0.034305 -0.591144 -0.805836  0.272492 0.008850 1 20 1.000000
0  1.645890 -2.263665 0.172310  0.772312 -0.597156 0.216654  0.248596 0.024750 1 20 1.000000
Leo1A
0  1.305315 -2.370320 0.169565  0.262961 -0.938381 0.224260  0.275665 0.024719 1 20 1.000000
0  1.385420 -2.305320 0.000955  -0.034305 -0.591144 -0.805836  0.272492 0.008850 1 20 1.000000
0  1.376575 -2.410910 0.168190  0.018273 -0.990194 0.138500  0.272492 0.024719 1 20 1.000000
Leo1A
0  1.305315 -2.370320 0.169565  0.262961 -0.938381 0.224260  0.275665 0.024719 1 20 1.000000
0  1.376575 -2.410910 0.168190  0.018273 -0.990194 0.138500  0.272492 0.024719 1 20 1.000000
0  1.243285 -2.162475 0.367585  0.182525 -0.714480 0.675428  0.275665 0.060394 2 20 0.900000 19 0.100000
Leo1A
0  1.252975 -2.448905 0.168495  0.473012 -0.860905 0.187357  0.278870 0.024719 1 20 1.000000
0  1.305315 -2.370320 0.169565  0.262961 -0.938381 0.224260  0.275665 0.024719 1 20 1.000000
0  1.243285 -2.162475 0.367585  0.182525 -0.714480 0.675428  0.275665 0.060394 2 20 0.900000 19 0.100000
Leo1A
0  1.252975 -2.448905 0.168495  0.473012 -0.860905 0.187357  0.278870 0.024719 1 20 1.000000
0  1.243285 -2.162475 0.367585  0.182525 -0.714480 0.675428  0.275665 0.060394 2 20 0.900000 19 0.100000
0  0.880125 -2.207030 0.361330  -0.077508 -0.641935 0.762832  0.310760 0.060394 2 20 0.900000 19 0.100000
Leo1A
0  1.651385 -2.159295 0.006295  0.728918 -0.229504 -0.644986  0.248596 0.008850 1 20 1.000000
0  1.616290 -1.868005 -0.001180  0.709759 0.164157 -0.685051  0.213989 0.008850 1 20 1.000000
0  1.620865 -1.882345 0.152780  0.986720 0.160695 -0.023659  0.211426 0.024658 1 20 1.000000
Leo1A
0  1.620865 -1.882345 0.152780  0.986720 0.160695 -0.023659  0.211426 0.024658 1 20 1.000000
0  1.616290 -1.868005 -0.001180  0.709759 0.164157 -0.685051  0.213989 0.008850 1 20 1.000000
0  1.521225 -1.584035 0.006905  0.613038 0.258705 -0.746496  0.174652 0.008850 1 20 1.000000
Leo1A
0  1.620865 -1.882345 0.152780  0.986720 0.160695 -0.023659  0.211426 0.024658 1 20 1.000000
0  1.521225 -1.584035 0.006905  0.613038 0.258705 -0.746496  0.174652 0.008850 1 20 1.000000
0  1.530915 -1.466675 0.208435  0.895294 0.444722 -0.025894  0.178253 0.060364 2 20 0.700000 19 0.300000
Leo1A
0  1.513670 -2.037505 0.365295  0.552831 -0.427163 0.715479  0.248596 0.060394 2 20 0.900000 19 0.100000
0  1.299745 -2.065885 0.514375  0.456061 -0.887256 0.069175  0.248596 0.081635 2 20 0.700000 19 0.300000
0  1.243285 -2.162475 0.367585  0.182525 -0.714480 0.675428  0.275665 0.060394 2 20 0.900000 19 0.100000
Leo1A
0  1.243285 -2.162475 0.367585  0.182525 -0.714480 0.675428  0.275665 0.060394 2 20 0.900000 19 0.100000
0  1.299745 -2.065885 0.514375  0.456061 -0.887256 0.069175  0.248596 0.081635 2 20 0.700000 19 0.300000
0  0.880125 -2.207030 0.361330  -0.077508 -0.641935 0.762832  0.310760 0.060394 2 20 0.900000 19 0.100000
Leo1A
0  1.243285 -2.162475 0.367585  0.182525 -0.714480 0.675428  0.275665 0.060394 2 20 0.900000 19 0.100000
0  1.376575 -2.410910 0.168190  0.018273 -0.990194 0.138500  0.272492 0.024719 1 20 1.000000
0  1.513670 -2.037505 0.365295  0.552831 -0.427163 0.715479  0.248596 0.060394 2 20 0.900000 19 0.100000
Leo1A
0  1.376575 -2.410910 0.168190  0.018273 -0.990194 0.138500  0.272492 0.024719 1 20 1.000000
0  1.645890 -2.263665 0.172310  0.772312 -0.597156 0.216654  0.248596 0.024750 1 20 1.000000
0  1.513670 -2.037505 0.365295  0.552831 -0.427163 0.715479  0.248596 0.060394 2 20 0.900000 19 0.100000
Leo1A
0  1.513670 -2.037505 0.365295  0.552831 -0.427163 0.715479  0.248596 0.060394 2 20 0.900000 19 0.100000
0  1.645890 -2.263665 0.172310  0.772312 -0.597156 0.216654  0.248596 0.024750 1 20 1.000000
0  1.617430 -1.823425 0.328520  0.949618 0.066844 0.306200  0.215149 0.060364 2 20 0.800000 19 0.200000
Leo1A
0  1.617430 -1.823425 0.328520  0.949618 0.066844 0.306200  0.215149 0.060364 2 20 0.800000 19 0.200000
0  1.533205 -1.796265 0.482940  0.964228 -0.263608 0.027832  0.215332 0.081635 2 20 0.600000 19 0.400000
0  1.513670 -2.037505 0.365295  0.552831 -0.427163 0.715479  0.248596 0.060394 2 20 0.900000 19 0.100000
Leo1A
0  1.533205 -1.796265 0.482940  0.964228 -0.263608 0.027832  0.215332 0.081635 2 20 0.600000 19 0.400000
0  1.299745 -2.065885 0.514375  0.456061 -0.887256 0.069175  0.248596 0.081635 2 20 0.700000 19 0.300000
0  1.513670 -2.037505 0.365295  0.552831 -0.427163 0.715479  0.248596 0.060394 2 20 0.900000 19 0.100000
Leo1A
0  1.533205 -1.796265 0.482940  0.964228 -0.263608 0.027832  0.215332 0.081635 2 20 0.600000 19 0.400000
0  1.570740 -1.808165 0.575410  0.931526 -0.361063 -0.043509  0.214600 0.094482 2 20 0.600000 19 0.400000
0  1.299745 -2.065885 0.514375  0.456061 -0.887256 0.069175  0.248596 0.081635 2 20 0.700000 19 0.300000
Leo1A
0  1.299745 -2.065885 0.514375  0.456061 -0.887256 0.069175  0.248596 0.081635 2 20 0.700000 19 0.300000
0  1.570740 -1.808165 0.575410  0.931526 -0.361063 -0.043509  0.214600 0.094482 2 20 0.600000 19 0.400000
0  1.267700 -2.155455 0.633695  0.402158 -0.895736 -0.189542  0.259644 0.094482 2 20 0.600000 19 0.400000
Leo1A
0  1.299745 -2.065885 0.514375  0.456061 -0.887256 0.069175  0.248596 0.081635 2 20 0.700000 19 0.300000
0  1.267700 -2.155455 0.633695  0.402158 -0.895736 -0.189542  0.259644 0.094482 2 20 0.600000 19 0.400000
0  0.681150 -2.049560 0.514985  -0.565588 -0.795212 -0.218512  0.338867 0.081635 2 20 0.700000 19 0.300000
Leo1A
0  0.880125 -2.207030 0.361330  -0.077508 -0.641935 0.762832  0.310760 0.060394 2 20 0.900000 19 0.100000
0  1.299745 -2.065885 0.514375  0.456061 -0.887256 0.069175  0.248596 0.081635 2 20 0.700000 19 0.300000
0  0.681150 -2.049560 0.514985  -0.565588 -0.795212 -0.218512  0.338867 0.081635 2 20 0.700000 19 0.300000
Leo1A
0  0.880125 -2.207030 0.361330  -0.077508 -0.641935 0.762832  0.310760 0.060394 2 20 0.900000 19 0.100000
0  0.681150 -2.049560 0.514985  -0.565588 -0.795212 -0.218512  0.338867 0.081635 2 20 0.700000 19 0.300000
0  0.618285 -2.093505 0.343780  -0.658896 -0.438664 0.611089  0.338867 0.060394 2 20 0.900000 19 0.100000
Leo1A
0  0.548860 -1.476285 0.732115  -0.752886 0.352538 0.555769  0.008057 0.140930 2 19 0.700000 20 0.300000
0  0.678405 -1.003570 0.557710  -0.462337 0.808395 0.364338  0.071472 0.129456 2 19 0.700000 20 0.300000
0  0.437620 -1.459810 0.666655  -0.833209 0.290235 0.470666  0.008057 0.129456 2 19 0.700000 20 0.300000
Leo1A
0  0.678405 -1.003570 0.557710  -0.462337 0.808395 0.364338  0.071472 0.129456 2 19 0.700000 20 0.300000
0  0.667570 -1.008150 0.370940  -0.481258 0.725942 -0.491324  0.070404 0.094482 2 19 0.600000 20 0.400000
0  0.437620 -1.459810 0.666655  -0.833209 0.290235 0.470666  0.008057 0.129456 2 19 0.700000 20 0.300000
Leo1A
0  0.678405 -1.003570 0.557710  -0.462337 0.808395 0.364338  0.071472 0.129456 2 19 0.700000 20 0.300000
0  1.289060 -0.997620 0.376280  0.442546 0.739227 -0.507638  0.123962 0.094482 2 19 0.600000 20 0.400000
0  0.667570 -1.008150 0.370940  -0.481258 0.725942 -0.491324  0.070404 0.094482 2 19 0.600000 20 0.400000
Leo1A
0  1.289060 -0.997620 0.376280  0.442546 0.739227 -0.507638  0.123962 0.094482 2 19 0.600000 20 0.400000
0  1.228180 -1.140900 0.314025  0.426723 0.728007 -0.536576  0.124939 0.081604 2 19 0.600000 20 0.400000
0  0.667570 -1.008150 0.370940  -0.481258 0.725942 -0.491324  0.070404 0.094482 2 19 0.600000 20 0.400000
Leo1A
0  1.488190 -1.457975 0.390780  0.883620 0.288949 -0.368407  0.176239 0.081635 2 19 0.700000 20 0.300000
0  1.228180 -1.140900 0.314025  0.426723 0.728007 -0.536576  0.124939 0.081604 2 19 0.600000 20 0.400000
0  1.289060 -0.997620 0.376280  0.442546 0.739227 -0.507638  0.123962 0.094482 2 19 0.600000 20 0.400000
Leo1A
0  1.530915 -1.466675 0.208435  0.895294 0.444722 -0.025894  0.178253 0.060364 2 20 0.700000 19 0.300000
0  1.228180 -1.140900 0.314025  0.426723 0.728007 -0.536576  0.124939 0.081604 2 19 0.600000 20 0.400000
0  1.488190 -1.457975 0.390780  0.883620 0.288949 -0.368407  0.176239 0.081635 2 19 0.700000 20 0.300000
Leo1A
0  1.530915 -1.466675 0.208435  0.895294 0.444722 -0.025894  0.178253 0.060364 2 20 0.700000 19 0.300000
0  1.251070 -1.109315 0.097200  0.385258 0.833376 -0.396309  0.125977 0.060364 2 20 0.700000 19 0.300000
0  1.228180 -1.140900 0.314025  0.426723 0.728007 -0.536576  0.124939 0.081604 2 19 0.600000 20 0.400000
Leo1A
0  1.530915 -1.466675 0.208435  0.895294 0.444722 -0.025894  0.178253 0.060364 2 20 0.700000 19 0.300000
0  1.521225 -1.584035 0.006905  0.613038 0.258705 -0.746496  0.174652 0.008850 1 20 1.000000
0  1.251070 -1.109315 0.097200  0.385258 0.833376 -0.396309  0.125977 0.060364 2 20 0.700000 19 0.300000
Leo1A
0  1.521225 -1.584035 0.006905  0.613038 0.258705 -0.746496  0.174652 0.008850 1 20 1.000000
0  1.212310 -1.273345 0.013275  0.126899 0.282923 -0.950711  0.124359 0.008881 2 20 0.800000 19 0.200000
0  1.251070 -1.109315 0.097200  0.385258 0.833376 -0.396309  0.125977 0.060364 2 20 0.700000 19 0.300000
Leo1A
0  1.251070 -1.109315 0.097200  0.385258 0.833376 -0.396309  0.125977 0.060364 2 20 0.700000 19 0.300000
0  1.212310 -1.273345 0.013275  0.126899 0.282923 -0.950711  0.124359 0.008881 2 20 0.800000 19 0.200000
0  0.652465 -1.124880 0.096895  -0.534146 0.768281 -0.352749  0.063904 0.060364 2 20 0.700000 19 0.300000
Leo1A
0  1.212310 -1.273345 0.013275  0.126899 0.282923 -0.950711  0.124359 0.008881 2 20 0.800000 19 0.200000
0  0.703430 -1.272280 0.000765  -0.200350 0.310098 -0.929354  0.061157 0.008881 2 20 0.800000 19 0.200000
0  0.652465 -1.124880 0.096895  -0.534146 0.768281 -0.352749  0.063904 0.060364 2 20 0.700000 19 0.300000
Leo1A
0  0.703430 -1.272280 0.000765  -0.200350 0.310098 -0.929354  0.061157 0.008881 2 20 0.800000 19 0.200000
0  0.543290 -1.578390 -0.009420  -0.634363 0.144071 -0.759492  0.008057 0.008881 1 20 1.000000
0  0.652465 -1.124880 0.096895  -0.534146 0.768281 -0.352749  0.063904 0.060364 2 20 0.700000 19 0.300000
Leo1A
0  0.652465 -1.124880 0.096895  -0.534146 0.768281 -0.352749  0.063904 0.060364 2 20 0.700000 19 0.300000
0  0.543290 -1.578390 -0.009420  -0.634363 0.144071 -0.759492  0.008057 0.008881 1 20 1.000000
0  0.515745 -1.460875 0.221865  -0.962958 0.265935 -0.044604  0.008057 0.060364 2 20 0.700000 19 0.300000
Leo1A
0  0.652465 -1.124880 0.096895  -0.534146 0.768281 -0.352749  0.063904 0.060364 2 20 0.700000 19 0.300000
0  0.515745 -1.460875 0.221865  -0.962958 0.265935 -0.044604  0.008057 0.060364 2 20 0.700000 19 0.300000
0  0.717315 -1.129000 0.312650  -0.487221 0.690444 -0.534698  0.068298 0.081604 2 19 0.600000 20 0.400000
Leo1A
0  0.717315 -1.129000 0.312650  -0.487221 0.690444 -0.534698  0.068298 0.081604 2 19 0.600000 20 0.400000
0  0.515745 -1.460875 0.221865  -0.962958 0.265935 -0.044604  0.008057 0.060364 2 20 0.700000 19 0.300000
0  0.529940 -1.456450 0.394440  -0.900512 0.154951 -0.406286  0.008057 0.081635 2 19 0.700000 20 0.300000
Leo1A
0  0.430300 -1.438750 0.477755  -0.914128 0.161165 -0.372017  0.008057 0.094482 2 19 0.700000 20 0.300000
0  0.717315 -1.129000 0.312650  -0.487221 0.690444 -0.534698  0.068298 0.081604 2 19 0.600000 20 0.400000
0  0.529940 -1.456450 0.394440  -0.900512 0.154951 -0.406286  0.008057 0.081635 2 19 0.700000 20 0.300000
Leo1A
0  0.667570 -1.008150 0.370940  -0.481258 0.725942 -0.491324  0.070404 0.094482 2 19 0.600000 20 0.400000
0  0.717315 -1.129000 0.312650  -0.487221 0.690444 -0.534698  0.068298 0.081604 2 19 0.600000 20 0.400000
0  0.430300 -1.438750 0.477755  -0.914128 0.161165 -0.372017  0.008057 0.094482 2 19 0.700000 20 0.300000
Leo1A
0  0.437620 -1.459810 0.666655  -0.833209 0.290235 0.470666  0.008057 0.129456 2 19 0.700000 20 0.300000
0  0.667570 -1.008150 0.370940  -0.481258 0.725942 -0.491324  0.070404 0.094482 2 19 0.600000 20 0.400000
0  0.430300 -1.438750 0.477755  -0.914128 0.161165 -0.372017  0.008057 0.094482 2 19 0.700000 20 0.300000
Leo1A
0  0.667570 -1.008150 0.370940  -0.481258 0.725942 -0.491324  0.070404 0.094482 2 19 0.600000 20 0.400000
0  1.228180 -1.140900 0.314025  0.426723 0.728007 -0.536576  0.124939 0.081604 2 19 0.600000 20 0.400000
0  0.717315 -1.129000 0.312650  -0.487221 0.690444 -0.534698  0.068298 0.081604 2 19 0.600000 20 0.400000
Leo1A
0  1.228180 -1.140900 0.314025  0.426723 0.728007 -0.536576  0.124939 0.081604 2 19 0.600000 20 0.400000
0  1.251070 -1.109315 0.097200  0.385258 0.833376 -0.396309  0.125977 0.060364 2 20 0.700000 19 0.300000
0  0.717315 -1.129000 0.312650  -0.487221 0.690444 -0.534698  0.068298 0.081604 2 19 0.600000 20 0.400000
Leo1A
0  1.251070 -1.109315 0.097200  0.385258 0.833376 -0.396309  0.125977 0.060364 2 20 0.700000 19 0.300000
0  0.652465 -1.124880 0.096895  -0.534146 0.768281 -0.352749  0.063904 0.060364 2 20 0.700000 19 0.300000
0  0.717315 -1.129000 0.312650  -0.487221 0.690444 -0.534698  0.068298 0.081604 2 19 0.600000 20 0.400000
Leo1A
0  -0.078279 -4.420150 3.567760  -0.066481 -0.090558 0.993670  0.393707 0.428192 1 14 1.000000
0  -0.069119 -4.480420 3.562880  -0.134100 -0.263055 0.955416  0.440186 0.417358 1 14 1.000000
0  0.000001 -4.422130 3.568675  0.006036 -0.070029 0.997527  0.486786 0.428192 1 14 1.000000
Leo1A
0  -0.078279 -4.420150 3.567760  -0.066481 -0.090558 0.993670  0.393707 0.428192 1 14 1.000000
0  -0.110169 -4.414960 3.564860  -0.135923 -0.179835 0.974261  0.393433 0.417358 1 14 1.000000
0  -0.069119 -4.480420 3.562880  -0.134100 -0.263055 0.955416  0.440186 0.417358 1 14 1.000000
Leo1A
0  -0.110169 -4.414960 3.564860  -0.135923 -0.179835 0.974261  0.393433 0.417358 1 14 1.000000
0  -0.121919 -4.495220 3.545485  -0.269428 -0.537935 0.798770  0.440186 0.403656 1 14 1.000000
0  -0.069119 -4.480420 3.562880  -0.134100 -0.263055 0.955416  0.440186 0.417358 1 14 1.000000
Leo1A
0  -0.204164 -4.406415 3.557840  -0.313214 -0.409308 0.856950  0.393433 0.403656 1 14 1.000000
0  -0.121919 -4.495220 3.545485  -0.269428 -0.537935 0.798770  0.440186 0.403656 1 14 1.000000
0  -0.110169 -4.414960 3.564860  -0.135923 -0.179835 0.974261  0.393433 0.417358 1 14 1.000000
Leo1A
0  -0.227964 -4.425030 3.533580  -0.626828 -0.722982 0.290490  0.393433 0.376312 1 14 1.000000
0  -0.121919 -4.495220 3.545485  -0.269428 -0.537935 0.798770  0.440186 0.403656 1 14 1.000000
0  -0.204164 -4.406415 3.557840  -0.313214 -0.409308 0.856950  0.393433 0.403656 1 14 1.000000
Leo1A
0  0.000001 -4.422130 3.568675  0.006036 -0.070029 0.997527  0.486786 0.428192 1 14 1.000000
0  0.110171 -4.414960 3.564860  0.118330 -0.187721 0.975069  0.393433 0.417358 1 14 1.000000
0  0.078281 -4.420150 3.567760  0.002511 -0.499445 -0.866342  0.393707 0.428192 1 14 1.000000
Leo1A
0  -0.124969 -4.494765 3.504740  -0.369929 -0.650546 -0.663282  0.440186 0.362610 1 14 1.000000
0  -0.141904 -4.503005 3.526715  -0.536430 -0.843284 0.033388  0.440186 0.376312 1 14 1.000000
0  -0.227964 -4.425030 3.533580  -0.626828 -0.722982 0.290490  0.393433 0.376312 1 14 1.000000
Leo1A
0  -0.141904 -4.503005 3.526715  -0.536430 -0.843284 0.033388  0.440186 0.376312 1 14 1.000000
0  -0.121919 -4.495220 3.545485  -0.269428 -0.537935 0.798770  0.440186 0.403656 1 14 1.000000
0  -0.227964 -4.425030 3.533580  -0.626828 -0.722982 0.290490  0.393433 0.376312 1 14 1.000000
Leo1A
0  -0.121919 -4.495220 3.545485  -0.269428 -0.537935 0.798770  0.440186 0.403656 1 14 1.000000
0  -0.141904 -4.503005 3.526715  -0.536430 -0.843284 0.033388  0.440186 0.376312 1 14 1.000000
0  0.000001 -4.529860 3.548685  0.000001 -0.701835 0.712340  0.486908 0.403656 1 14 1.000000
Leo1A
0  -0.121919 -4.495220 3.545485  -0.269428 -0.537935 0.798770  0.440186 0.403656 1 14 1.000000
0  0.000001 -4.529860 3.548685  0.000001 -0.701835 0.712340  0.486908 0.403656 1 14 1.000000
0  -0.069119 -4.480420 3.562880  -0.134100 -0.263055 0.955416  0.440186 0.417358 1 14 1.000000
Leo1A
0  -0.069119 -4.480420 3.562880  -0.134100 -0.263055 0.955416  0.440186 0.417358 1 14 1.000000
0  0.000001 -4.529860 3.548685  0.000001 -0.701835 0.712340  0.486908 0.403656 1 14 1.000000
0  0.000001 -4.499645 3.564250  0.000000 -0.295172 0.955444  0.486908 0.417358 1 14 1.000000
Leo1A
0  0.000001 -4.422130 3.568675  0.006036 -0.070029 0.997527  0.486786 0.428192 1 14 1.000000
0  -0.069119 -4.480420 3.562880  -0.134100 -0.263055 0.955416  0.440186 0.417358 1 14 1.000000
0  0.000001 -4.499645 3.564250  0.000000 -0.295172 0.955444  0.486908 0.417358 1 14 1.000000
Leo1A
0  0.000001 -4.499645 3.564250  0.000000 -0.295172 0.955444  0.486908 0.417358 1 14 1.000000
0  0.069121 -4.480420 3.562880  0.133792 -0.255810 0.957424  0.440186 0.417358 1 14 1.000000
0  0.000001 -4.422130 3.568675  0.006036 -0.070029 0.997527  0.486786 0.428192 1 14 1.000000
Leo1A
0  0.069121 -4.480420 3.562880  0.133792 -0.255810 0.957424  0.440186 0.417358 1 14 1.000000
0  0.110171 -4.414960 3.564860  0.118330 -0.187721 0.975069  0.393433 0.417358 1 14 1.000000
0  0.000001 -4.422130 3.568675  0.006036 -0.070029 0.997527  0.486786 0.428192 1 14 1.000000
Leo1A
0  0.110171 -4.414960 3.564860  0.118330 -0.187721 0.975069  0.393433 0.417358 1 14 1.000000
0  0.069121 -4.480420 3.562880  0.133792 -0.255810 0.957424  0.440186 0.417358 1 14 1.000000
0  0.121921 -4.495220 3.545485  0.269427 -0.537934 0.798771  0.440186 0.403656 1 14 1.000000
Leo1A
0  0.110171 -4.414960 3.564860  0.118330 -0.187721 0.975069  0.393433 0.417358 1 14 1.000000
0  0.121921 -4.495220 3.545485  0.269427 -0.537934 0.798771  0.440186 0.403656 1 14 1.000000
0  0.204166 -4.406415 3.557840  0.313211 -0.409304 0.856953  0.393433 0.403656 1 14 1.000000
Leo1A
0  0.204166 -4.406415 3.557840  0.313211 -0.409304 0.856953  0.393433 0.403656 1 14 1.000000
0  0.121921 -4.495220 3.545485  0.269427 -0.537934 0.798771  0.440186 0.403656 1 14 1.000000
0  0.227966 -4.425030 3.533580  0.626825 -0.722980 0.290500  0.393433 0.376312 1 14 1.000000
Leo1A
0  0.000001 -4.529860 3.548685  0.000001 -0.701835 0.712340  0.486908 0.403656 1 14 1.000000
0  0.000001 -4.544815 3.524120  0.000000 -0.999862 -0.016608  0.486908 0.376312 1 14 1.000000
0  0.141906 -4.503005 3.526715  0.536428 -0.843286 0.033384  0.440186 0.376312 1 14 1.000000
Leo1A
0  -0.141904 -4.503005 3.526715  -0.536430 -0.843284 0.033388  0.440186 0.376312 1 14 1.000000
0  0.000001 -4.544815 3.524120  0.000000 -0.999862 -0.016608  0.486908 0.376312 1 14 1.000000
0  0.000001 -4.529860 3.548685  0.000001 -0.701835 0.712340  0.486908 0.403656 1 14 1.000000
Leo1A
0  0.000001 -4.530775 3.502300  0.000001 -0.805246 -0.592941  0.486908 0.362610 1 14 1.000000
0  0.000001 -4.544815 3.524120  0.000000 -0.999862 -0.016608  0.486908 0.376312 1 14 1.000000
0  -0.141904 -4.503005 3.526715  -0.536430 -0.843284 0.033388  0.440186 0.376312 1 14 1.000000
Leo1A
0  0.000001 -4.530775 3.502300  0.000001 -0.805246 -0.592941  0.486908 0.362610 1 14 1.000000
0  -0.141904 -4.503005 3.526715  -0.536430 -0.843284 0.033388  0.440186 0.376312 1 14 1.000000
0  -0.124969 -4.494765 3.504740  -0.369929 -0.650546 -0.663282  0.440186 0.362610 1 14 1.000000
Leo1A
0  0.000001 -4.503005 3.470255  -0.000000 -0.670350 -0.742045  0.486908 0.348938 1 14 1.000000
0  0.000001 -4.530775 3.502300  0.000001 -0.805246 -0.592941  0.486908 0.362610 1 14 1.000000
0  -0.124969 -4.494765 3.504740  -0.369929 -0.650546 -0.663282  0.440186 0.362610 1 14 1.000000
Leo1A
0  -0.090789 -4.471875 3.474225  -0.329364 -0.462164 -0.823361  0.440186 0.348938 1 14 1.000000
0  0.000001 -4.503005 3.470255  -0.000000 -0.670350 -0.742045  0.486908 0.348938 1 14 1.000000
0  -0.124969 -4.494765 3.504740  -0.369929 -0.650546 -0.663282  0.440186 0.362610 1 14 1.000000
Leo1A
0  0.000001 -4.467755 3.445385  -0.000002 -0.456491 -0.889728  0.486908 0.335266 1 14 1.000000
0  0.000001 -4.503005 3.470255  -0.000000 -0.670350 -0.742045  0.486908 0.348938 1 14 1.000000
0  -0.090789 -4.471875 3.474225  -0.329364 -0.462164 -0.823361  0.440186 0.348938 1 14 1.000000
Leo1A
0  0.000001 -4.467755 3.445385  -0.000002 -0.456491 -0.889728  0.486908 0.335266 1 14 1.000000
0  0.090791 -4.471875 3.474225  0.329365 -0.462163 -0.823361  0.440186 0.348938 1 14 1.000000
0  0.000001 -4.503005 3.470255  -0.000000 -0.670350 -0.742045  0.486908 0.348938 1 14 1.000000
Leo1A
0  0.047916 -4.451580 3.448435  0.255393 -0.340701 -0.904819  0.440186 0.335266 1 14 1.000000
0  0.090791 -4.471875 3.474225  0.329365 -0.462163 -0.823361  0.440186 0.348938 1 14 1.000000
0  0.000001 -4.467755 3.445385  -0.000002 -0.456491 -0.889728  0.486908 0.335266 1 14 1.000000
Leo1A
0  0.000001 -4.544815 3.524120  0.000000 -0.999862 -0.016608  0.486908 0.376312 1 14 1.000000
0  0.000001 -4.530775 3.502300  0.000001 -0.805246 -0.592941  0.486908 0.362610 1 14 1.000000
0  0.141906 -4.503005 3.526715  0.536428 -0.843286 0.033384  0.440186 0.376312 1 14 1.000000
Leo1A
0  0.141906 -4.503005 3.526715  0.536428 -0.843286 0.033384  0.440186 0.376312 1 14 1.000000
0  0.000001 -4.530775 3.502300  0.000001 -0.805246 -0.592941  0.486908 0.362610 1 14 1.000000
0  0.124971 -4.494765 3.504740  0.369928 -0.650543 -0.663285  0.440186 0.362610 1 14 1.000000
Leo1A
0  0.124971 -4.494765 3.504740  0.369928 -0.650543 -0.663285  0.440186 0.362610 1 14 1.000000
0  0.000001 -4.530775 3.502300  0.000001 -0.805246 -0.592941  0.486908 0.362610 1 14 1.000000
0  0.000001 -4.503005 3.470255  -0.000000 -0.670350 -0.742045  0.486908 0.348938 1 14 1.000000
Leo1A
0  0.090791 -4.471875 3.474225  0.329365 -0.462163 -0.823361  0.440186 0.348938 1 14 1.000000
0  0.124971 -4.494765 3.504740  0.369928 -0.650543 -0.663285  0.440186 0.362610 1 14 1.000000
0  0.000001 -4.503005 3.470255  -0.000000 -0.670350 -0.742045  0.486908 0.348938 1 14 1.000000
Leo1A
0  0.000001 -4.529860 3.548685  0.000001 -0.701835 0.712340  0.486908 0.403656 1 14 1.000000
0  0.069121 -4.480420 3.562880  0.133792 -0.255810 0.957424  0.440186 0.417358 1 14 1.000000
0  0.000001 -4.499645 3.564250  0.000000 -0.295172 0.955444  0.486908 0.417358 1 14 1.000000
Leo1A
0  0.069121 -4.480420 3.562880  0.133792 -0.255810 0.957424  0.440186 0.417358 1 14 1.000000
0  0.000001 -4.529860 3.548685  0.000001 -0.701835 0.712340  0.486908 0.403656 1 14 1.000000
0  0.121921 -4.495220 3.545485  0.269427 -0.537934 0.798771  0.440186 0.403656 1 14 1.000000
Leo1A
0  0.000001 -4.529860 3.548685  0.000001 -0.701835 0.712340  0.486908 0.403656 1 14 1.000000
0  0.141906 -4.503005 3.526715  0.536428 -0.843286 0.033384  0.440186 0.376312 1 14 1.000000
0  0.121921 -4.495220 3.545485  0.269427 -0.537934 0.798771  0.440186 0.403656 1 14 1.000000
Leo1A
0  0.121921 -4.495220 3.545485  0.269427 -0.537934 0.798771  0.440186 0.403656 1 14 1.000000
0  0.141906 -4.503005 3.526715  0.536428 -0.843286 0.033384  0.440186 0.376312 1 14 1.000000
0  0.227966 -4.425030 3.533580  0.626825 -0.722980 0.290500  0.393433 0.376312 1 14 1.000000
Leo1A
0  0.141906 -4.503005 3.526715  0.536428 -0.843286 0.033384  0.440186 0.376312 1 14 1.000000
0  0.124971 -4.494765 3.504740  0.369928 -0.650543 -0.663285  0.440186 0.362610 1 14 1.000000
0  0.227966 -4.425030 3.533580  0.626825 -0.722980 0.290500  0.393433 0.376312 1 14 1.000000
Leo1A
0  0.227966 -4.425030 3.533580  0.626825 -0.722980 0.290500  0.393433 0.376312 1 14 1.000000
0  0.124971 -4.494765 3.504740  0.369928 -0.650543 -0.663285  0.440186 0.362610 1 14 1.000000
0  0.210571 -4.423810 3.510845  0.547526 -0.594818 -0.588563  0.393433 0.362610 1 14 1.000000
Leo1A
0  0.210571 -4.423810 3.510845  0.547526 -0.594818 -0.588563  0.393433 0.362610 1 14 1.000000
0  0.124971 -4.494765 3.504740  0.369928 -0.650543 -0.663285  0.440186 0.362610 1 14 1.000000
0  0.090791 -4.471875 3.474225  0.329365 -0.462163 -0.823361  0.440186 0.348938 1 14 1.000000
Leo1A
0  0.138091 -4.426250 3.480940  0.381419 -0.272241 -0.883405  0.393433 0.348938 1 14 1.000000
0  0.210571 -4.423810 3.510845  0.547526 -0.594818 -0.588563  0.393433 0.362610 1 14 1.000000
0  0.090791 -4.471875 3.474225  0.329365 -0.462163 -0.823361  0.440186 0.348938 1 14 1.000000
Leo1A
0  0.090791 -4.471875 3.474225  0.329365 -0.462163 -0.823361  0.440186 0.348938 1 14 1.000000
0  0.047916 -4.451580 3.448435  0.255393 -0.340701 -0.904819  0.440186 0.335266 1 14 1.000000
0  0.138091 -4.426250 3.480940  0.381419 -0.272241 -0.883405  0.393433 0.348938 1 14 1.000000
Leo1A
0  0.138091 -4.426250 3.480940  0.381419 -0.272241 -0.883405  0.393433 0.348938 1 14 1.000000
0  0.047916 -4.451580 3.448435  0.255393 -0.340701 -0.904819  0.440186 0.335266 1 14 1.000000
0  0.074771 -4.432355 3.452100  0.376621 -0.363686 -0.851991  0.393433 0.335266 1 14 1.000000
Leo1A
0  0.074771 -4.432355 3.452100  0.376621 -0.363686 -0.851991  0.393433 0.335266 1 14 1.000000
0  0.047916 -4.451580 3.448435  0.255393 -0.340701 -0.904819  0.440186 0.335266 1 14 1.000000
0  0.000001 -4.430220 3.434245  -0.000001 -0.247467 -0.968896  0.440186 0.321564 1 14 1.000000
Leo1A
0  0.000001 -4.430220 3.434245  -0.000001 -0.247467 -0.968896  0.440186 0.321564 1 14 1.000000
0  0.047916 -4.451580 3.448435  0.255393 -0.340701 -0.904819  0.440186 0.335266 1 14 1.000000
0  0.000001 -4.467755 3.445385  -0.000002 -0.456491 -0.889728  0.486908 0.335266 1 14 1.000000
Leo1A
0  0.000001 -4.430220 3.434245  -0.000001 -0.247467 -0.968896  0.440186 0.321564 1 14 1.000000
0  0.000001 -4.467755 3.445385  -0.000002 -0.456491 -0.889728  0.486908 0.335266 1 14 1.000000
0  -0.047914 -4.451580 3.448435  -0.255389 -0.340696 -0.904822  0.440186 0.335266 1 14 1.000000
Leo1A
0  -0.047914 -4.451580 3.448435  -0.255389 -0.340696 -0.904822  0.440186 0.335266 1 14 1.000000
0  0.000001 -4.467755 3.445385  -0.000002 -0.456491 -0.889728  0.486908 0.335266 1 14 1.000000
0  -0.090789 -4.471875 3.474225  -0.329364 -0.462164 -0.823361  0.440186 0.348938 1 14 1.000000
Leo1A
0  -0.047914 -4.451580 3.448435  -0.255389 -0.340696 -0.904822  0.440186 0.335266 1 14 1.000000
0  -0.090789 -4.471875 3.474225  -0.329364 -0.462164 -0.823361  0.440186 0.348938 1 14 1.000000
0  -0.138089 -4.426250 3.480940  -0.381418 -0.272241 -0.883405  0.393433 0.348938 1 14 1.000000
Leo1A
0  -0.138089 -4.426250 3.480940  -0.381418 -0.272241 -0.883405  0.393433 0.348938 1 14 1.000000
0  -0.090789 -4.471875 3.474225  -0.329364 -0.462164 -0.823361  0.440186 0.348938 1 14 1.000000
0  -0.210569 -4.423810 3.510845  -0.547521 -0.594812 -0.588574  0.393433 0.362610 1 14 1.000000
Leo1A
0  -0.090789 -4.471875 3.474225  -0.329364 -0.462164 -0.823361  0.440186 0.348938 1 14 1.000000
0  -0.124969 -4.494765 3.504740  -0.369929 -0.650546 -0.663282  0.440186 0.362610 1 14 1.000000
0  -0.210569 -4.423810 3.510845  -0.547521 -0.594812 -0.588574  0.393433 0.362610 1 14 1.000000
Leo1A
0  -0.210569 -4.423810 3.510845  -0.547521 -0.594812 -0.588574  0.393433 0.362610 1 14 1.000000
0  -0.124969 -4.494765 3.504740  -0.369929 -0.650546 -0.663282  0.440186 0.362610 1 14 1.000000
0  -0.227964 -4.425030 3.533580  -0.626828 -0.722982 0.290490  0.393433 0.376312 1 14 1.000000
Leo1A
0  0.000001 -4.430220 3.434245  -0.000001 -0.247467 -0.968896  0.440186 0.321564 1 14 1.000000
0  -0.047914 -4.451580 3.448435  -0.255389 -0.340696 -0.904822  0.440186 0.335266 1 14 1.000000
0  -0.074769 -4.432355 3.452100  -0.376617 -0.363682 -0.851994  0.393433 0.335266 1 14 1.000000
Leo1A
0  -0.074769 -4.432355 3.452100  -0.376617 -0.363682 -0.851994  0.393433 0.335266 1 14 1.000000
0  -0.047914 -4.451580 3.448435  -0.255389 -0.340696 -0.904822  0.440186 0.335266 1 14 1.000000
0  -0.138089 -4.426250 3.480940  -0.381418 -0.272241 -0.883405  0.393433 0.348938 1 14 1.000000
Leo1A
0  0.543290 -1.578390 -0.009420  -0.634363 0.144071 -0.759492  0.705841 0.799591 1 20 1.000000
0  0.703430 -1.272280 0.000765  -0.200350 0.310098 -0.929354  0.680817 0.829773 2 20 0.800000 19 0.200000
0  1.521225 -1.584035 0.006905  0.613038 0.258705 -0.746496  0.601746 0.802734 1 20 1.000000
Leo1A
0  1.521225 -1.584035 0.006905  0.613038 0.258705 -0.746496  0.601746 0.802734 1 20 1.000000
0  0.703430 -1.272280 0.000765  -0.200350 0.310098 -0.929354  0.680817 0.829773 2 20 0.800000 19 0.200000
0  1.212310 -1.273345 0.013275  0.126899 0.282923 -0.950711  0.630341 0.831543 2 20 0.800000 19 0.200000
Leo1A
0  1.385420 -2.305320 0.000955  -0.034305 -0.591144 -0.805836  0.634552 0.714386 1 20 1.000000
0  1.616290 -1.868005 -0.001180  0.709759 0.164157 -0.685051  0.605469 0.761658 1 20 1.000000
0  1.651385 -2.159295 0.006295  0.728918 -0.229504 -0.644986  0.603699 0.722534 1 20 1.000000
Leo1A
0  1.268385 -1.904165 -0.009725  0.014660 0.005494 -0.999877  0.641266 0.760437 1 20 1.000000
0  1.616290 -1.868005 -0.001180  0.709759 0.164157 -0.685051  0.605469 0.761658 1 20 1.000000
0  1.385420 -2.305320 0.000955  -0.034305 -0.591144 -0.805836  0.634552 0.714386 1 20 1.000000
Leo1A
0  1.321335 -2.251150 -0.000265  0.036176 -0.247390 -0.968241  0.637543 0.718903 1 20 1.000000
0  1.268385 -1.904165 -0.009725  0.014660 0.005494 -0.999877  0.641266 0.760437 1 20 1.000000
0  1.385420 -2.305320 0.000955  -0.034305 -0.591144 -0.805836  0.634552 0.714386 1 20 1.000000
Leo1A
0  1.265795 -2.336295 -0.000415  0.404747 -0.482616 -0.776699  0.639862 0.713471 1 20 1.000000
0  1.268385 -1.904165 -0.009725  0.014660 0.005494 -0.999877  0.641266 0.760437 1 20 1.000000
0  1.321335 -2.251150 -0.000265  0.036176 -0.247390 -0.968241  0.637543 0.718903 1 20 1.000000
Leo1A
0  1.265795 -2.336295 -0.000415  0.404747 -0.482616 -0.776699  0.639862 0.713471 1 20 1.000000
0  0.954210 -2.397940 -0.000415  -0.169665 -0.553926 -0.815095  0.671631 0.711762 1 20 1.000000
0  1.268385 -1.904165 -0.009725  0.014660 0.005494 -0.999877  0.641266 0.760437 1 20 1.000000
Leo1A
0  1.268385 -1.904165 -0.009725  0.014660 0.005494 -0.999877  0.641266 0.760437 1 20 1.000000
0  0.954210 -2.397940 -0.000415  -0.169665 -0.553926 -0.815095  0.671631 0.711762 1 20 1.000000
0  0.840075 -1.913320 -0.009725  -0.008913 -0.012167 -0.999886  0.677704 0.759216 1 20 1.000000
Leo1A
0  0.954210 -2.397940 -0.000415  -0.169665 -0.553926 -0.815095  0.671631 0.711762 1 20 1.000000
0  0.880050 -2.334920 -0.000570  0.011735 -0.262309 -0.964913  0.674957 0.716614 1 20 1.000000
0  0.840075 -1.913320 -0.009725  -0.008913 -0.012167 -0.999886  0.677704 0.759216 1 20 1.000000
Leo1A
0  0.880050 -2.334920 -0.000570  0.011735 -0.262309 -0.964913  0.674957 0.716614 1 20 1.000000
0  0.818865 -2.408470 0.000650  0.183041 -0.584073 -0.790794  0.677948 0.711487 1 20 1.000000
0  0.840075 -1.913320 -0.009725  -0.008913 -0.012167 -0.999886  0.677704 0.759216 1 20 1.000000
Leo1A
0  0.840075 -1.913320 -0.009725  -0.008913 -0.012167 -0.999886  0.677704 0.759216 1 20 1.000000
0  0.818865 -2.408470 0.000650  0.183041 -0.584073 -0.790794  0.677948 0.711487 1 20 1.000000
0  0.512620 -2.314320 0.005535  -0.611259 -0.350523 -0.709575  0.704193 0.715851 1 20 1.000000
Leo1A
0  0.512620 -2.314320 0.005535  -0.611259 -0.350523 -0.709575  0.704193 0.715851 1 20 1.000000
0  0.475540 -1.880975 -0.001790  -0.692709 0.033332 -0.720447  0.715149 0.757935 1 20 1.000000
0  0.840075 -1.913320 -0.009725  -0.008913 -0.012167 -0.999886  0.677704 0.759216 1 20 1.000000
Leo1A
0  0.475540 -1.880975 -0.001790  -0.692709 0.033332 -0.720447  0.715149 0.757935 1 20 1.000000
0  0.543290 -1.578390 -0.009420  -0.634363 0.144071 -0.759492  0.705841 0.799591 1 20 1.000000
0  0.840075 -1.913320 -0.009725  -0.008913 -0.012167 -0.999886  0.677704 0.759216 1 20 1.000000
Leo1A
0  0.840075 -1.913320 -0.009725  -0.008913 -0.012167 -0.999886  0.677704 0.759216 1 20 1.000000
0  0.543290 -1.578390 -0.009420  -0.634363 0.144071 -0.759492  0.705841 0.799591 1 20 1.000000
0  1.268385 -1.904165 -0.009725  0.014660 0.005494 -0.999877  0.641266 0.760437 1 20 1.000000
Leo1A
0  0.543290 -1.578390 -0.009420  -0.634363 0.144071 -0.759492  0.705841 0.799591 1 20 1.000000
0  1.521225 -1.584035 0.006905  0.613038 0.258705 -0.746496  0.601746 0.802734 1 20 1.000000
0  1.268385 -1.904165 -0.009725  0.014660 0.005494 -0.999877  0.641266 0.760437 1 20 1.000000
Leo1A
0  1.268385 -1.904165 -0.009725  0.014660 0.005494 -0.999877  0.641266 0.760437 1 20 1.000000
0  1.521225 -1.584035 0.006905  0.613038 0.258705 -0.746496  0.601746 0.802734 1 20 1.000000
0  1.616290 -1.868005 -0.001180  0.709759 0.164157 -0.685051  0.605469 0.761658 1 20 1.000000
Leo1A
0  0.271300 1.303255 0.481110  -0.938199 -0.077157 -0.337385  0.446991 0.098907 2 6 0.800000 5 0.200000
0  0.443725 1.668855 0.418240  -0.805767 0.372052 -0.460780  0.503571 0.087921 2 5 0.800000 6 0.200000
0  0.348815 1.294555 0.403745  -0.976804 0.024824 -0.212690  0.446991 0.087952 2 6 0.800000 5 0.200000
Leo1A
0  0.443725 1.668855 0.418240  -0.805767 0.372052 -0.460780  0.503571 0.087921 2 5 0.800000 6 0.200000
0  0.360565 1.641845 0.164185  -0.888912 0.396661 -0.229121  0.509094 0.053864 2 6 0.800000 5 0.200000
0  0.348815 1.294555 0.403745  -0.976804 0.024824 -0.212690  0.446991 0.087952 2 6 0.800000 5 0.200000
Leo1A
0  0.348815 1.294555 0.403745  -0.976804 0.024824 -0.212690  0.446991 0.087952 2 6 0.800000 5 0.200000
0  0.360565 1.641845 0.164185  -0.888912 0.396661 -0.229121  0.509094 0.053864 2 6 0.800000 5 0.200000
0  0.261535 1.103210 0.190885  -0.995792 0.023757 0.088515  0.446991 0.053864 2 6 0.800000 5 0.200000
Leo1A
0  0.360565 1.641845 0.164185  -0.888912 0.396661 -0.229121  0.509094 0.053864 2 6 0.800000 5 0.200000
0  0.486475 1.591905 0.010315  -0.394547 0.248918 -0.884518  0.519013 0.008453 1 6 1.000000
0  0.261535 1.103210 0.190885  -0.995792 0.023757 0.088515  0.446991 0.053864 2 6 0.800000 5 0.200000
Leo1A
0  0.261535 1.103210 0.190885  -0.995792 0.023757 0.088515  0.446991 0.053864 2 6 0.800000 5 0.200000
0  0.486475 1.591905 0.010315  -0.394547 0.248918 -0.884518  0.519013 0.008453 1 6 1.000000
0  0.293905 1.010240 -0.001590  -0.701104 0.025555 -0.712601  0.446991 0.008453 1 6 1.000000
Leo1A
0  0.271300 1.303255 0.481110  -0.938199 -0.077157 -0.337385  0.446991 0.098907 2 6 0.800000 5 0.200000
0  0.290375 1.309055 0.739590  -0.862083 -0.103656 0.496053  0.446991 0.124420 2 5 0.600000 6 0.400000
0  0.367890 1.798250 0.742490  -0.818063 0.385402 0.426894  0.503540 0.124420 2 5 0.800000 6 0.200000
Leo1A
0  0.367890 1.798250 0.742490  -0.818063 0.385402 0.426894  0.503540 0.124420 2 5 0.800000 6 0.200000
0  0.361635 1.771395 0.471495  -0.776428 0.360438 -0.516957  0.504059 0.098907 2 5 0.800000 6 0.200000
0  0.271300 1.303255 0.481110  -0.938199 -0.077157 -0.337385  0.446991 0.098907 2 6 0.800000 5 0.200000
Leo1A
0  0.361635 1.771395 0.471495  -0.776428 0.360438 -0.516957  0.504059 0.098907 2 5 0.800000 6 0.200000
0  0.443725 1.668855 0.418240  -0.805767 0.372052 -0.460780  0.503571 0.087921 2 5 0.800000 6 0.200000
0  0.271300 1.303255 0.481110  -0.938199 -0.077157 -0.337385  0.446991 0.098907 2 6 0.800000 5 0.200000
Leo1A
0  0.361635 1.771395 0.471495  -0.776428 0.360438 -0.516957  0.504059 0.098907 2 5 0.800000 6 0.200000
0  0.629425 1.904755 0.416565  -0.377033 0.674848 -0.634370  0.548920 0.087921 2 5 0.800000 6 0.200000
0  0.443725 1.668855 0.418240  -0.805767 0.372052 -0.460780  0.503571 0.087921 2 5 0.800000 6 0.200000
Leo1A
0  0.443725 1.668855 0.418240  -0.805767 0.372052 -0.460780  0.503571 0.087921 2 5 0.800000 6 0.200000
0  0.629425 1.904755 0.416565  -0.377033 0.674848 -0.634370  0.548920 0.087921 2 5 0.800000 6 0.200000
0  0.360565 1.641845 0.164185  -0.888912 0.396661 -0.229121  0.509094 0.053864 2 6 0.800000 5 0.200000
Leo1A
0  0.629425 1.904755 0.416565  -0.377033 0.674848 -0.634370  0.548920 0.087921 2 5 0.800000 6 0.200000
0  0.567320 1.862945 0.132750  -0.432957 0.766562 -0.474269  0.547760 0.053864 2 6 0.800000 5 0.200000
0  0.360565 1.641845 0.164185  -0.888912 0.396661 -0.229121  0.509094 0.053864 2 6 0.800000 5 0.200000
Leo1A
0  0.360565 1.641845 0.164185  -0.888912 0.396661 -0.229121  0.509094 0.053864 2 6 0.800000 5 0.200000
0  0.567320 1.862945 0.132750  -0.432957 0.766562 -0.474269  0.547760 0.053864 2 6 0.800000 5 0.200000
0  0.486475 1.591905 0.010315  -0.394547 0.248918 -0.884518  0.519013 0.008453 1 6 1.000000
Leo1A
0  0.980985 1.925355 0.120540  0.068665 0.806300 -0.587508  0.586762 0.053864 2 6 0.800000 5 0.200000
0  0.486475 1.591905 0.010315  -0.394547 0.248918 -0.884518  0.519013 0.008453 1 6 1.000000
0  0.567320 1.862945 0.132750  -0.432957 0.766562 -0.474269  0.547760 0.053864 2 6 0.800000 5 0.200000
Leo1A
0  0.957055 1.667135 0.005280  0.019521 0.241463 -0.970214  0.586731 0.008453 1 6 1.000000
0  0.486475 1.591905 0.010315  -0.394547 0.248918 -0.884518  0.519013 0.008453 1 6 1.000000
0  0.980985 1.925355 0.120540  0.068665 0.806300 -0.587508  0.586762 0.053864 2 6 0.800000 5 0.200000
Leo1A
0  1.343710 1.569475 0.018860  0.450142 0.225684 -0.863967  0.640015 0.008453 1 6 1.000000
0  0.957055 1.667135 0.005280  0.019521 0.241463 -0.970214  0.586731 0.008453 1 6 1.000000
0  0.980985 1.925355 0.120540  0.068665 0.806300 -0.587508  0.586762 0.053864 2 6 0.800000 5 0.200000
Leo1A
0  1.343710 1.569475 0.018860  0.450142 0.225684 -0.863967  0.640015 0.008453 1 6 1.000000
0  0.980985 1.925355 0.120540  0.068665 0.806300 -0.587508  0.586762 0.053864 2 6 0.800000 5 0.200000
0  1.353605 1.795045 0.128780  0.674879 0.605882 -0.421242  0.616394 0.053864 2 6 0.800000 5 0.200000
Leo1A
0  1.353605 1.795045 0.128780  0.674879 0.605882 -0.421242  0.616394 0.053864 2 6 0.800000 5 0.200000
0  1.444090 1.514590 0.153045  0.944291 0.273419 -0.183183  0.652588 0.053864 2 5 0.700000 6 0.300000
0  1.343710 1.569475 0.018860  0.450142 0.225684 -0.863967  0.640015 0.008453 1 6 1.000000
Leo1A
0  1.270600 1.874545 0.421295  0.624650 0.593448 -0.507574  0.616333 0.087921 2 5 0.800000 6 0.200000
0  1.444090 1.514590 0.153045  0.944291 0.273419 -0.183183  0.652588 0.053864 2 5 0.700000 6 0.300000
0  1.353605 1.795045 0.128780  0.674879 0.605882 -0.421242  0.616394 0.053864 2 6 0.800000 5 0.200000
Leo1A
0  1.444090 1.514590 0.153045  0.944291 0.273419 -0.183183  0.652588 0.053864 2 5 0.700000 6 0.300000
0  1.270600 1.874545 0.421295  0.624650 0.593448 -0.507574  0.616333 0.087921 2 5 0.800000 6 0.200000
0  1.374970 1.568455 0.426480  0.905381 0.230532 -0.356567  0.656525 0.087921 2 5 0.800000 6 0.200000
Leo1A
0  1.374970 1.568455 0.426480  0.905381 0.230532 -0.356567  0.656525 0.087921 2 5 0.800000 6 0.200000
0  1.270600 1.874545 0.421295  0.624650 0.593448 -0.507574  0.616333 0.087921 2 5 0.800000 6 0.200000
0  1.319425 1.963195 0.493775  0.681978 0.632690 -0.366892  0.616425 0.098907 2 5 0.800000 6 0.200000
Leo1A
0  1.319425 1.963195 0.493775  0.681978 0.632690 -0.366892  0.616425 0.098907 2 5 0.800000 6 0.200000
0  1.471405 1.569060 0.493470  0.927786 0.145572 -0.343543  0.668793 0.098907 2 5 0.800000 6 0.200000
0  1.374970 1.568455 0.426480  0.905381 0.230532 -0.356567  0.656525 0.087921 2 5 0.800000 6 0.200000
Leo1A
0  1.412505 1.591950 0.760800  0.812769 0.127895 0.568374  0.668579 0.124420 2 5 0.800000 6 0.200000
0  1.471405 1.569060 0.493470  0.927786 0.145572 -0.343543  0.668793 0.098907 2 5 0.800000 6 0.200000
0  1.319425 1.963195 0.493775  0.681978 0.632690 -0.366892  0.616425 0.098907 2 5 0.800000 6 0.200000
Leo1A
0  1.412505 1.591950 0.760800  0.812769 0.127895 0.568374  0.668579 0.124420 2 5 0.800000 6 0.200000
0  1.401365 1.145325 0.754700  0.745697 -0.401155 0.531987  0.742798 0.124420 2 5 0.600000 6 0.400000
0  1.471405 1.569060 0.493470  0.927786 0.145572 -0.343543  0.668793 0.098907 2 5 0.800000 6 0.200000
Leo1A
0  1.319425 1.963195 0.493775  0.681978 0.632690 -0.366892  0.616425 0.098907 2 5 0.800000 6 0.200000
0  0.960540 2.110140 0.770720  0.093530 0.907057 0.410488  0.587219 0.124420 2 5 0.800000 6 0.200000
0  1.278380 1.971745 0.777280  0.626204 0.589185 0.510618  0.616394 0.124420 2 5 0.800000 6 0.200000
Leo1A
0  0.983125 2.100525 0.480805  0.099282 0.872915 -0.477664  0.586700 0.098907 2 5 0.800000 6 0.200000
0  0.960540 2.110140 0.770720  0.093530 0.907057 0.410488  0.587219 0.124420 2 5 0.800000 6 0.200000
0  1.319425 1.963195 0.493775  0.681978 0.632690 -0.366892  0.616425 0.098907 2 5 0.800000 6 0.200000
Leo1A
0  1.270600 1.874545 0.421295  0.624650 0.593448 -0.507574  0.616333 0.087921 2 5 0.800000 6 0.200000
0  0.983125 2.100525 0.480805  0.099282 0.872915 -0.477664  0.586700 0.098907 2 5 0.800000 6 0.200000
0  1.319425 1.963195 0.493775  0.681978 0.632690 -0.366892  0.616425 0.098907 2 5 0.800000 6 0.200000
Leo1A
0  0.983125 2.100525 0.480805  0.099282 0.872915 -0.477664  0.586700 0.098907 2 5 0.800000 6 0.200000
0  1.270600 1.874545 0.421295  0.624650 0.593448 -0.507574  0.616333 0.087921 2 5 0.800000 6 0.200000
0  0.995485 1.978760 0.413815  0.097952 0.784238 -0.612680  0.587311 0.087921 2 5 0.800000 6 0.200000
Leo1A
0  0.995485 1.978760 0.413815  0.097952 0.784238 -0.612680  0.587311 0.087921 2 5 0.800000 6 0.200000
0  1.270600 1.874545 0.421295  0.624650 0.593448 -0.507574  0.616333 0.087921 2 5 0.800000 6 0.200000
0  1.353605 1.795045 0.128780  0.674879 0.605882 -0.421242  0.616394 0.053864 2 6 0.800000 5 0.200000
Leo1A
0  1.353605 1.795045 0.128780  0.674879 0.605882 -0.421242  0.616394 0.053864 2 6 0.800000 5 0.200000
0  0.980985 1.925355 0.120540  0.068665 0.806300 -0.587508  0.586762 0.053864 2 6 0.800000 5 0.200000
0  0.995485 1.978760 0.413815  0.097952 0.784238 -0.612680  0.587311 0.087921 2 5 0.800000 6 0.200000
Leo1A
0  0.980985 1.925355 0.120540  0.068665 0.806300 -0.587508  0.586762 0.053864 2 6 0.800000 5 0.200000
0  0.567320 1.862945 0.132750  -0.432957 0.766562 -0.474269  0.547760 0.053864 2 6 0.800000 5 0.200000
0  0.995485 1.978760 0.413815  0.097952 0.784238 -0.612680  0.587311 0.087921 2 5 0.800000 6 0.200000
Leo1A
0  0.995485 1.978760 0.413815  0.097952 0.784238 -0.612680  0.587311 0.087921 2 5 0.800000 6 0.200000
0  0.567320 1.862945 0.132750  -0.432957 0.766562 -0.474269  0.547760 0.053864 2 6 0.800000 5 0.200000
0  0.629425 1.904755 0.416565  -0.377033 0.674848 -0.634370  0.548920 0.087921 2 5 0.800000 6 0.200000
Leo1A
0  0.995485 1.978760 0.413815  0.097952 0.784238 -0.612680  0.587311 0.087921 2 5 0.800000 6 0.200000
0  0.629425 1.904755 0.416565  -0.377033 0.674848 -0.634370  0.548920 0.087921 2 5 0.800000 6 0.200000
0  0.567170 2.020570 0.467375  -0.432467 0.717172 -0.546477  0.549072 0.098907 2 5 0.800000 6 0.200000
Leo1A
0  0.567170 2.020570 0.467375  -0.432467 0.717172 -0.546477  0.549072 0.098907 2 5 0.800000 6 0.200000
0  0.629425 1.904755 0.416565  -0.377033 0.674848 -0.634370  0.548920 0.087921 2 5 0.800000 6 0.200000
0  0.361635 1.771395 0.471495  -0.776428 0.360438 -0.516957  0.504059 0.098907 2 5 0.800000 6 0.200000
Leo1A
0  0.567170 2.020570 0.467375  -0.432467 0.717172 -0.546477  0.549072 0.098907 2 5 0.800000 6 0.200000
0  0.361635 1.771395 0.471495  -0.776428 0.360438 -0.516957  0.504059 0.098907 2 5 0.800000 6 0.200000
0  0.367890 1.798250 0.742490  -0.818063 0.385402 0.426894  0.503540 0.124420 2 5 0.800000 6 0.200000
Leo1A
0  0.578765 2.057650 0.750885  -0.457602 0.807348 0.372545  0.554443 0.124420 2 5 0.800000 6 0.200000
0  0.567170 2.020570 0.467375  -0.432467 0.717172 -0.546477  0.549072 0.098907 2 5 0.800000 6 0.200000
0  0.367890 1.798250 0.742490  -0.818063 0.385402 0.426894  0.503540 0.124420 2 5 0.800000 6 0.200000
Leo1A
0  0.367890 1.798250 0.742490  -0.818063 0.385402 0.426894  0.503540 0.124420 2 5 0.800000 6 0.200000
0  0.465240 1.727600 0.823670  -0.814829 0.329166 0.477183  0.504852 0.137329 2 5 0.800000 6 0.200000
0  0.578765 2.057650 0.750885  -0.457602 0.807348 0.372545  0.554443 0.124420 2 5 0.800000 6 0.200000
Leo1A
0  0.578765 2.057650 0.750885  -0.457602 0.807348 0.372545  0.554443 0.124420 2 5 0.800000 6 0.200000
0  0.465240 1.727600 0.823670  -0.814829 0.329166 0.477183  0.504852 0.137329 2 5 0.800000 6 0.200000
0  0.632630 1.954500 0.834960  -0.485754 0.724842 0.488515  0.556305 0.137299 2 5 0.800000 6 0.200000
Leo1A
0  0.632630 1.954500 0.834960  -0.485754 0.724842 0.488515  0.556305 0.137299 2 5 0.800000 6 0.200000
0  0.465240 1.727600 0.823670  -0.814829 0.329166 0.477183  0.504852 0.137329 2 5 0.800000 6 0.200000
0  0.446930 1.722565 1.339875  -0.924443 0.378374 -0.047311  0.505188 0.184967 3 5 0.500000 4 0.400000 6 0.100000
Leo1A
0  0.598600 1.952820 1.415865  -0.570671 0.821128 0.009157  0.558899 0.196564 3 5 0.500000 4 0.400000 6 0.100000
0  0.632630 1.954500 0.834960  -0.485754 0.724842 0.488515  0.556305 0.137299 2 5 0.800000 6 0.200000
0  0.446930 1.722565 1.339875  -0.924443 0.378374 -0.047311  0.505188 0.184967 3 5 0.500000 4 0.400000 6 0.100000
Leo1A
0  0.598600 1.952820 1.415865  -0.570671 0.821128 0.009157  0.558899 0.196564 3 5 0.500000 4 0.400000 6 0.100000
0  0.446930 1.722565 1.339875  -0.924443 0.378374 -0.047311  0.505188 0.184967 3 5 0.500000 4 0.400000 6 0.100000
0  0.406035 1.671295 1.673735  -0.914253 0.378763 -0.143803  0.505554 0.216217 2 4 0.650000 5 0.350000
Leo1A
0  0.536345 1.892550 1.779175  -0.583814 0.811641 -0.020015  0.554993 0.226929 2 4 0.700000 5 0.300000
0  0.598600 1.952820 1.415865  -0.570671 0.821128 0.009157  0.558899 0.196564 3 5 0.500000 4 0.400000 6 0.100000
0  0.406035 1.671295 1.673735  -0.914253 0.378763 -0.143803  0.505554 0.216217 2 4 0.650000 5 0.350000
Leo1A
0  0.870665 2.026215 1.438445  0.084653 0.993691 0.073562  0.586945 0.195557 3 5 0.500000 4 0.400000 6 0.100000
0  0.536345 1.892550 1.779175  -0.583814 0.811641 -0.020015  0.554993 0.226929 2 4 0.700000 5 0.300000
0  0.834505 1.975250 1.792300  0.064667 0.990778 0.119064  0.586578 0.230469 2 4 0.700000 5 0.300000
Leo1A
0  0.870665 2.026215 1.438445  0.084653 0.993691 0.073562  0.586945 0.195557 3 5 0.500000 4 0.400000 6 0.100000
0  0.598600 1.952820 1.415865  -0.570671 0.821128 0.009157  0.558899 0.196564 3 5 0.500000 4 0.400000 6 0.100000
0  0.536345 1.892550 1.779175  -0.583814 0.811641 -0.020015  0.554993 0.226929 2 4 0.700000 5 0.300000
Leo1A
0  0.870665 2.026215 1.438445  0.084653 0.993691 0.073562  0.586945 0.195557 3 5 0.500000 4 0.400000 6 0.100000
0  0.632630 1.954500 0.834960  -0.485754 0.724842 0.488515  0.556305 0.137299 2 5 0.800000 6 0.200000
0  0.598600 1.952820 1.415865  -0.570671 0.821128 0.009157  0.558899 0.196564 3 5 0.500000 4 0.400000 6 0.100000
Leo1A
0  0.870665 2.026215 1.438445  0.084653 0.993691 0.073562  0.586945 0.195557 3 5 0.500000 4 0.400000 6 0.100000
0  0.937500 2.003480 0.850675  0.112717 0.869651 0.480626  0.586914 0.137299 2 5 0.800000 6 0.200000
0  0.632630 1.954500 0.834960  -0.485754 0.724842 0.488515  0.556305 0.137299 2 5 0.800000 6 0.200000
Leo1A
0  0.937500 2.003480 0.850675  0.112717 0.869651 0.480626  0.586914 0.137299 2 5 0.800000 6 0.200000
0  0.578765 2.057650 0.750885  -0.457602 0.807348 0.372545  0.554443 0.124420 2 5 0.800000 6 0.200000
0  0.632630 1.954500 0.834960  -0.485754 0.724842 0.488515  0.556305 0.137299 2 5 0.800000 6 0.200000
Leo1A
0  0.937500 2.003480 0.850675  0.112717 0.869651 0.480626  0.586914 0.137299 2 5 0.800000 6 0.200000
0  0.960540 2.110140 0.770720  0.093530 0.907057 0.410488  0.587219 0.124420 2 5 0.800000 6 0.200000
0  0.578765 2.057650 0.750885  -0.457602 0.807348 0.372545  0.554443 0.124420 2 5 0.800000 6 0.200000
Leo1A
0  0.960540 2.110140 0.770720  0.093530 0.907057 0.410488  0.587219 0.124420 2 5 0.800000 6 0.200000
0  0.567170 2.020570 0.467375  -0.432467 0.717172 -0.546477  0.549072 0.098907 2 5 0.800000 6 0.200000
0  0.578765 2.057650 0.750885  -0.457602 0.807348 0.372545  0.554443 0.124420 2 5 0.800000 6 0.200000
Leo1A
0  0.960540 2.110140 0.770720  0.093530 0.907057 0.410488  0.587219 0.124420 2 5 0.800000 6 0.200000
0  0.983125 2.100525 0.480805  0.099282 0.872915 -0.477664  0.586700 0.098907 2 5 0.800000 6 0.200000
0  0.567170 2.020570 0.467375  -0.432467 0.717172 -0.546477  0.549072 0.098907 2 5 0.800000 6 0.200000
Leo1A
0  0.567170 2.020570 0.467375  -0.432467 0.717172 -0.546477  0.549072 0.098907 2 5 0.800000 6 0.200000
0  0.983125 2.100525 0.480805  0.099282 0.872915 -0.477664  0.586700 0.098907 2 5 0.800000 6 0.200000
0  0.995485 1.978760 0.413815  0.097952 0.784238 -0.612680  0.587311 0.087921 2 5 0.800000 6 0.200000
Leo1A
0  0.456695 1.856995 2.054900  -0.520970 0.824440 -0.221107  0.547394 0.258362 3 4 0.750000 3 0.200000 5 0.050000
0  0.406035 1.671295 1.673735  -0.914253 0.378763 -0.143803  0.505554 0.216217 2 4 0.650000 5 0.350000
0  0.320740 1.589510 1.887665  -0.902314 0.356802 -0.241914  0.504089 0.245728 2 4 0.800000 3 0.200000
Leo1A
0  1.005705 1.815645 2.942355  0.654477 0.685181 0.319667  0.616058 0.403076 2 3 0.600000 4 0.400000
0  1.056520 1.861570 2.689975  0.675204 0.732292 0.088589  0.614288 0.374054 2 3 0.600000 4 0.400000
0  0.806730 1.989900 2.651215  0.299445 0.951770 0.066829  0.562988 0.377838 2 3 0.700000 4 0.300000
Leo1A
0  0.806730 1.989900 2.651215  0.299445 0.951770 0.066829  0.562988 0.377838 2 3 0.700000 4 0.300000
0  1.056520 1.861570 2.689975  0.675204 0.732292 0.088589  0.614288 0.374054 2 3 0.600000 4 0.400000
0  0.768740 1.981505 2.388305  0.184510 0.973199 -0.137260  0.557129 0.314178 2 3 0.500000 4 0.500000
Leo1A
0  0.806730 1.989900 2.651215  0.299445 0.951770 0.066829  0.562988 0.377838 2 3 0.700000 4 0.300000
0  0.768740 1.981505 2.388305  0.184510 0.973199 -0.137260  0.557129 0.314178 2 3 0.500000 4 0.500000
0  0.647585 2.005005 2.469940  0.057719 0.981439 -0.182886  0.534943 0.354980 2 3 0.600000 4 0.400000
Leo1A
0  0.647585 2.005005 2.469940  0.057719 0.981439 -0.182886  0.534943 0.354980 2 3 0.600000 4 0.400000
0  0.768740 1.981505 2.388305  0.184510 0.973199 -0.137260  0.557129 0.314178 2 3 0.500000 4 0.500000
0  0.472565 1.944120 2.327730  0.085285 0.865513 -0.493572  0.521820 0.307281 2 3 0.500000 4 0.500000
Leo1A
0  0.768740 1.981505 2.388305  0.184510 0.973199 -0.137260  0.557129 0.314178 2 3 0.500000 4 0.500000
0  0.379945 1.873015 2.182315  -0.209529 0.801458 -0.560145  0.509125 0.286438 2 3 0.500000 4 0.500000
0  0.472565 1.944120 2.327730  0.085285 0.865513 -0.493572  0.521820 0.307281 2 3 0.500000 4 0.500000
Leo1A
0  0.456695 1.856995 2.054900  -0.520970 0.824440 -0.221107  0.547394 0.258362 3 4 0.750000 3 0.200000 5 0.050000
0  0.379945 1.873015 2.182315  -0.209529 0.801458 -0.560145  0.509125 0.286438 2 3 0.500000 4 0.500000
0  0.768740 1.981505 2.388305  0.184510 0.973199 -0.137260  0.557129 0.314178 2 3 0.500000 4 0.500000
Leo1A
0  0.456695 1.856995 2.054900  -0.520970 0.824440 -0.221107  0.547394 0.258362 3 4 0.750000 3 0.200000 5 0.050000
0  0.282595 1.551820 1.958010  -0.655487 0.414268 -0.631442  0.490295 0.284332 2 4 0.700000 3 0.300000
0  0.379945 1.873015 2.182315  -0.209529 0.801458 -0.560145  0.509125 0.286438 2 3 0.500000 4 0.500000
Leo1A
0  0.320740 1.589510 1.887665  -0.902314 0.356802 -0.241914  0.504089 0.245728 2 4 0.800000 3 0.200000
0  0.282595 1.551820 1.958010  -0.655487 0.414268 -0.631442  0.490295 0.284332 2 4 0.700000 3 0.300000
0  0.456695 1.856995 2.054900  -0.520970 0.824440 -0.221107  0.547394 0.258362 3 4 0.750000 3 0.200000 5 0.050000
Leo1A
0  0.320740 1.589510 1.887665  -0.902314 0.356802 -0.241914  0.504089 0.245728 2 4 0.800000 3 0.200000
0  0.255280 0.918120 1.800385  -0.596586 -0.040354 -0.801534  0.446991 0.247040 2 4 0.800000 3 0.200000
0  0.282595 1.551820 1.958010  -0.655487 0.414268 -0.631442  0.490295 0.284332 2 4 0.700000 3 0.300000
Leo1A
0  0.279085 0.993960 1.741790  -0.921418 -0.081489 -0.379931  0.446991 0.223419 2 4 0.900000 3 0.100000
0  0.255280 0.918120 1.800385  -0.596586 -0.040354 -0.801534  0.446991 0.247040 2 4 0.800000 3 0.200000
0  0.320740 1.589510 1.887665  -0.902314 0.356802 -0.241914  0.504089 0.245728 2 4 0.800000 3 0.200000
Leo1A
0  0.320740 1.589510 1.887665  -0.902314 0.356802 -0.241914  0.504089 0.245728 2 4 0.800000 3 0.200000
0  0.358735 1.161345 1.477205  -0.957531 -0.120788 -0.261811  0.446991 0.189148 2 4 0.500000 5 0.500000
0  0.279085 0.993960 1.741790  -0.921418 -0.081489 -0.379931  0.446991 0.223419 2 4 0.900000 3 0.100000
Leo1A
0  0.406035 1.671295 1.673735  -0.914253 0.378763 -0.143803  0.505554 0.216217 2 4 0.650000 5 0.350000
0  0.358735 1.161345 1.477205  -0.957531 -0.120788 -0.261811  0.446991 0.189148 2 4 0.500000 5 0.500000
0  0.320740 1.589510 1.887665  -0.902314 0.356802 -0.241914  0.504089 0.245728 2 4 0.800000 3 0.200000
Leo1A
0  0.406035 1.671295 1.673735  -0.914253 0.378763 -0.143803  0.505554 0.216217 2 4 0.650000 5 0.350000
0  0.394590 1.286925 1.147000  -0.981748 -0.162261 -0.099204  0.446991 0.161987 3 5 0.500000 4 0.400000 6 0.100000
0  0.358735 1.161345 1.477205  -0.957531 -0.120788 -0.261811  0.446991 0.189148 2 4 0.500000 5 0.500000
Leo1A
0  0.446930 1.722565 1.339875  -0.924443 0.378374 -0.047311  0.505188 0.184967 3 5 0.500000 4 0.400000 6 0.100000
0  0.394590 1.286925 1.147000  -0.981748 -0.162261 -0.099204  0.446991 0.161987 3 5 0.500000 4 0.400000 6 0.100000
0  0.406035 1.671295 1.673735  -0.914253 0.378763 -0.143803  0.505554 0.216217 2 4 0.650000 5 0.350000
Leo1A
0  0.446930 1.722565 1.339875  -0.924443 0.378374 -0.047311  0.505188 0.184967 3 5 0.500000 4 0.400000 6 0.100000
0  0.396270 1.321260 0.800320  -0.825404 -0.115086 0.552687  0.446991 0.137390 2 5 0.600000 6 0.400000
0  0.394590 1.286925 1.147000  -0.981748 -0.162261 -0.099204  0.446991 0.161987 3 5 0.500000 4 0.400000 6 0.100000
Leo1A
0  0.465240 1.727600 0.823670  -0.814829 0.329166 0.477183  0.504852 0.137329 2 5 0.800000 6 0.200000
0  0.396270 1.321260 0.800320  -0.825404 -0.115086 0.552687  0.446991 0.137390 2 5 0.600000 6 0.400000
0  0.446930 1.722565 1.339875  -0.924443 0.378374 -0.047311  0.505188 0.184967 3 5 0.500000 4 0.400000 6 0.100000
Leo1A
0  0.290375 1.309055 0.739590  -0.862083 -0.103656 0.496053  0.446991 0.124420 2 5 0.600000 6 0.400000
0  0.396270 1.321260 0.800320  -0.825404 -0.115086 0.552687  0.446991 0.137390 2 5 0.600000 6 0.400000
0  0.465240 1.727600 0.823670  -0.814829 0.329166 0.477183  0.504852 0.137329 2 5 0.800000 6 0.200000
Leo1A
0  0.290375 1.309055 0.739590  -0.862083 -0.103656 0.496053  0.446991 0.124420 2 5 0.600000 6 0.400000
0  0.465240 1.727600 0.823670  -0.814829 0.329166 0.477183  0.504852 0.137329 2 5 0.800000 6 0.200000
0  0.367890 1.798250 0.742490  -0.818063 0.385402 0.426894  0.503540 0.124420 2 5 0.800000 6 0.200000
Leo1A
0  0.282595 1.551820 1.958010  -0.655487 0.414268 -0.631442  0.490295 0.284332 2 4 0.700000 3 0.300000
0  0.255280 0.918120 1.800385  -0.596586 -0.040354 -0.801534  0.446991 0.247040 2 4 0.800000 3 0.200000
0  0.197145 0.859985 1.812745  -0.015050 0.076910 -0.996924  0.446991 0.279480 2 3 0.700000 4 0.300000
Leo1A
0  0.536345 1.892550 1.779175  -0.583814 0.811641 -0.020015  0.554993 0.226929 2 4 0.700000 5 0.300000
0  0.406035 1.671295 1.673735  -0.914253 0.378763 -0.143803  0.505554 0.216217 2 4 0.650000 5 0.350000
0  0.456695 1.856995 2.054900  -0.520970 0.824440 -0.221107  0.547394 0.258362 3 4 0.750000 3 0.200000 5 0.050000
Leo1A
0  0.834505 1.975250 1.792300  0.064667 0.990778 0.119064  0.586578 0.230469 2 4 0.700000 5 0.300000
0  0.536345 1.892550 1.779175  -0.583814 0.811641 -0.020015  0.554993 0.226929 2 4 0.700000 5 0.300000
0  0.456695 1.856995 2.054900  -0.520970 0.824440 -0.221107  0.547394 0.258362 3 4 0.750000 3 0.200000 5 0.050000
Leo1A
0  0.834505 1.975250 1.792300  0.064667 0.990778 0.119064  0.586578 0.230469 2 4 0.700000 5 0.300000
0  0.456695 1.856995 2.054900  -0.520970 0.824440 -0.221107  0.547394 0.258362 3 4 0.750000 3 0.200000 5 0.050000
0  0.815430 1.946565 2.078555  0.074166 0.997200 0.009557  0.584869 0.262024 3 4 0.750000 3 0.200000 5 0.050000
Leo1A
0  0.815430 1.946565 2.078555  0.074166 0.997200 0.009557  0.584869 0.262024 3 4 0.750000 3 0.200000 5 0.050000
0  0.456695 1.856995 2.054900  -0.520970 0.824440 -0.221107  0.547394 0.258362 3 4 0.750000 3 0.200000 5 0.050000
0  0.768740 1.981505 2.388305  0.184510 0.973199 -0.137260  0.557129 0.314178 2 3 0.500000 4 0.500000
Leo1A
0  1.056975 1.845855 2.432250  0.645401 0.763830 -0.004562  0.613648 0.313690 2 3 0.500000 4 0.500000
0  0.815430 1.946565 2.078555  0.074166 0.997200 0.009557  0.584869 0.262024 3 4 0.750000 3 0.200000 5 0.050000
0  0.768740 1.981505 2.388305  0.184510 0.973199 -0.137260  0.557129 0.314178 2 3 0.500000 4 0.500000
Leo1A
0  0.768740 1.981505 2.388305  0.184510 0.973199 -0.137260  0.557129 0.314178 2 3 0.500000 4 0.500000
0  1.056520 1.861570 2.689975  0.675204 0.732292 0.088589  0.614288 0.374054 2 3 0.600000 4 0.400000
0  1.056975 1.845855 2.432250  0.645401 0.763830 -0.004562  0.613648 0.313690 2 3 0.500000 4 0.500000
Leo1A
0  1.056520 1.861570 2.689975  0.675204 0.732292 0.088589  0.614288 0.374054 2 3 0.600000 4 0.400000
0  1.176300 1.638945 2.813265  0.878524 0.419378 0.228730  0.649658 0.370972 2 3 0.500000 4 0.500000
0  1.056975 1.845855 2.432250  0.645401 0.763830 -0.004562  0.613648 0.313690 2 3 0.500000 4 0.500000
Leo1A
0  1.176300 1.638945 2.813265  0.878524 0.419378 0.228730  0.649658 0.370972 2 3 0.500000 4 0.500000
0  1.056520 1.861570 2.689975  0.675204 0.732292 0.088589  0.614288 0.374054 2 3 0.600000 4 0.400000
0  1.005705 1.815645 2.942355  0.654477 0.685181 0.319667  0.616058 0.403076 2 3 0.600000 4 0.400000
Leo1A
0  1.078340 1.560060 3.108370  0.814351 0.376165 0.441965  0.673004 0.423065 2 3 0.600000 4 0.400000
0  1.176300 1.638945 2.813265  0.878524 0.419378 0.228730  0.649658 0.370972 2 3 0.500000 4 0.500000
0  1.005705 1.815645 2.942355  0.654477 0.685181 0.319667  0.616058 0.403076 2 3 0.600000 4 0.400000
Leo1A
0  1.182405 1.328275 3.063965  0.907934 0.193064 0.371999  0.699951 0.406738 2 3 0.500000 4 0.500000
0  1.176300 1.638945 2.813265  0.878524 0.419378 0.228730  0.649658 0.370972 2 3 0.500000 4 0.500000
0  1.078340 1.560060 3.108370  0.814351 0.376165 0.441965  0.673004 0.423065 2 3 0.600000 4 0.400000
Leo1A
0  1.058805 1.237795 3.344725  0.817928 0.164810 0.551210  0.724731 0.439362 2 3 0.600000 4 0.400000
0  1.182405 1.328275 3.063965  0.907934 0.193064 0.371999  0.699951 0.406738 2 3 0.500000 4 0.500000
0  1.078340 1.560060 3.108370  0.814351 0.376165 0.441965  0.673004 0.423065 2 3 0.600000 4 0.400000
Leo1A
0  1.056975 1.845855 2.432250  0.645401 0.763830 -0.004562  0.613648 0.313690 2 3 0.500000 4 0.500000
0  1.176300 1.638945 2.813265  0.878524 0.419378 0.228730  0.649658 0.370972 2 3 0.500000 4 0.500000
0  1.227570 1.621705 2.471160  0.909002 0.415543 0.032247  0.645203 0.311096 2 4 0.800000 3 0.200000
Leo1A
0  1.176300 1.638945 2.813265  0.878524 0.419378 0.228730  0.649658 0.370972 2 3 0.500000 4 0.500000
0  1.269685 1.306760 2.808230  0.970724 0.133943 0.199385  0.694946 0.360626 2 4 0.700000 3 0.300000
0  1.227570 1.621705 2.471160  0.909002 0.415543 0.032247  0.645203 0.311096 2 4 0.800000 3 0.200000
Leo1A
0  1.269685 1.306760 2.808230  0.970724 0.133943 0.199385  0.694946 0.360626 2 4 0.700000 3 0.300000
0  1.176300 1.638945 2.813265  0.878524 0.419378 0.228730  0.649658 0.370972 2 3 0.500000 4 0.500000
0  1.182405 1.328275 3.063965  0.907934 0.193064 0.371999  0.699951 0.406738 2 3 0.500000 4 0.500000
Leo1A
0  1.121520 0.760650 3.213045  0.895819 -0.137705 0.422547  0.791107 0.416962 2 3 0.600000 4 0.400000
0  1.171110 1.057585 3.166045  0.908319 0.002709 0.418270  0.731995 0.411133 2 3 0.500000 4 0.500000
0  1.058805 1.237795 3.344725  0.817928 0.164810 0.551210  0.724731 0.439362 2 3 0.600000 4 0.400000
Leo1A
0  1.171110 1.057585 3.166045  0.908319 0.002709 0.418270  0.731995 0.411133 2 3 0.500000 4 0.500000
0  1.182405 1.328275 3.063965  0.907934 0.193064 0.371999  0.699951 0.406738 2 3 0.500000 4 0.500000
0  1.058805 1.237795 3.344725  0.817928 0.164810 0.551210  0.724731 0.439362 2 3 0.600000 4 0.400000
Leo1A
0  1.266175 0.906370 2.858580  0.971350 -0.066591 0.228132  0.741516 0.359436 2 4 0.700000 3 0.300000
0  1.182405 1.328275 3.063965  0.907934 0.193064 0.371999  0.699951 0.406738 2 3 0.500000 4 0.500000
0  1.171110 1.057585 3.166045  0.908319 0.002709 0.418270  0.731995 0.411133 2 3 0.500000 4 0.500000
Leo1A
0  1.269685 1.306760 2.808230  0.970724 0.133943 0.199385  0.694946 0.360626 2 4 0.700000 3 0.300000
0  1.182405 1.328275 3.063965  0.907934 0.193064 0.371999  0.699951 0.406738 2 3 0.500000 4 0.500000
0  1.266175 0.906370 2.858580  0.971350 -0.066591 0.228132  0.741516 0.359436 2 4 0.700000 3 0.300000
Leo1A
0  1.269685 1.306760 2.808230  0.970724 0.133943 0.199385  0.694946 0.360626 2 4 0.700000 3 0.300000
0  1.266175 0.906370 2.858580  0.971350 -0.066591 0.228132  0.741516 0.359436 2 4 0.700000 3 0.300000
0  1.302335 1.251985 2.494355  0.997436 0.070810 -0.010373  0.684143 0.305878 2 4 0.800000 3 0.200000
Leo1A
0  1.227570 1.621705 2.471160  0.909002 0.415543 0.032247  0.645203 0.311096 2 4 0.800000 3 0.200000
0  1.269685 1.306760 2.808230  0.970724 0.133943 0.199385  0.694946 0.360626 2 4 0.700000 3 0.300000
0  1.302335 1.251985 2.494355  0.997436 0.070810 -0.010373  0.684143 0.305878 2 4 0.800000 3 0.200000
Leo1A
0  1.227570 1.621705 2.471160  0.909002 0.415543 0.032247  0.645203 0.311096 2 4 0.800000 3 0.200000
0  1.302335 1.251985 2.494355  0.997436 0.070810 -0.010373  0.684143 0.305878 2 4 0.800000 3 0.200000
0  1.213530 1.617430 2.038115  0.934166 0.348327 -0.077479  0.643768 0.266205 3 4 0.850000 3 0.100000 5 0.050000
Leo1A
0  1.213530 1.617430 2.038115  0.934166 0.348327 -0.077479  0.643768 0.266205 3 4 0.850000 3 0.100000 5 0.050000
0  1.056975 1.845855 2.432250  0.645401 0.763830 -0.004562  0.613648 0.313690 2 3 0.500000 4 0.500000
0  1.227570 1.621705 2.471160  0.909002 0.415543 0.032247  0.645203 0.311096 2 4 0.800000 3 0.200000
Leo1A
0  1.073760 1.858370 2.071685  0.656519 0.753835 0.026747  0.616516 0.264557 3 4 0.850000 3 0.100000 5 0.050000
0  1.056975 1.845855 2.432250  0.645401 0.763830 -0.004562  0.613648 0.313690 2 3 0.500000 4 0.500000
0  1.213530 1.617430 2.038115  0.934166 0.348327 -0.077479  0.643768 0.266205 3 4 0.850000 3 0.100000 5 0.050000
Leo1A
0  1.073760 1.858370 2.071685  0.656519 0.753835 0.026747  0.616516 0.264557 3 4 0.850000 3 0.100000 5 0.050000
0  0.815430 1.946565 2.078555  0.074166 0.997200 0.009557  0.584869 0.262024 3 4 0.750000 3 0.200000 5 0.050000
0  1.056975 1.845855 2.432250  0.645401 0.763830 -0.004562  0.613648 0.313690 2 3 0.500000 4 0.500000
Leo1A
0  0.815430 1.946565 2.078555  0.074166 0.997200 0.009557  0.584869 0.262024 3 4 0.750000 3 0.200000 5 0.050000
0  1.073760 1.858370 2.071685  0.656519 0.753835 0.026747  0.616516 0.264557 3 4 0.850000 3 0.100000 5 0.050000
0  1.064300 1.883240 1.754610  0.720981 0.687025 0.090457  0.615204 0.229370 2 4 0.700000 5 0.300000
Leo1A
0  1.064300 1.883240 1.754610  0.720981 0.687025 0.090457  0.615204 0.229370 2 4 0.700000 5 0.300000
0  0.834505 1.975250 1.792300  0.064667 0.990778 0.119064  0.586578 0.230469 2 4 0.700000 5 0.300000
0  0.815430 1.946565 2.078555  0.074166 0.997200 0.009557  0.584869 0.262024 3 4 0.750000 3 0.200000 5 0.050000
Leo1A
0  0.834505 1.975250 1.792300  0.064667 0.990778 0.119064  0.586578 0.230469 2 4 0.700000 5 0.300000
0  1.064300 1.883240 1.754610  0.720981 0.687025 0.090457  0.615204 0.229370 2 4 0.700000 5 0.300000
0  1.095735 1.927185 1.410830  0.738353 0.664986 0.112372  0.616547 0.194519 3 5 0.500000 4 0.400000 6 0.100000
Leo1A
0  1.095735 1.927185 1.410830  0.738353 0.664986 0.112372  0.616547 0.194519 3 5 0.500000 4 0.400000 6 0.100000
0  0.870665 2.026215 1.438445  0.084653 0.993691 0.073562  0.586945 0.195557 3 5 0.500000 4 0.400000 6 0.100000
0  0.834505 1.975250 1.792300  0.064667 0.990778 0.119064  0.586578 0.230469 2 4 0.700000 5 0.300000
Leo1A
0  1.095735 1.927185 1.410830  0.738353 0.664986 0.112372  0.616547 0.194519 3 5 0.500000 4 0.400000 6 0.100000
0  1.178895 1.889955 0.840605  0.604593 0.496652 0.622740  0.616333 0.137299 2 5 0.800000 6 0.200000
0  0.870665 2.026215 1.438445  0.084653 0.993691 0.073562  0.586945 0.195557 3 5 0.500000 4 0.400000 6 0.100000
Leo1A
0  1.178895 1.889955 0.840605  0.604593 0.496652 0.622740  0.616333 0.137299 2 5 0.800000 6 0.200000
0  0.937500 2.003480 0.850675  0.112717 0.869651 0.480626  0.586914 0.137299 2 5 0.800000 6 0.200000
0  0.870665 2.026215 1.438445  0.084653 0.993691 0.073562  0.586945 0.195557 3 5 0.500000 4 0.400000 6 0.100000
Leo1A
0  1.178895 1.889955 0.840605  0.604593 0.496652 0.622740  0.616333 0.137299 2 5 0.800000 6 0.200000
0  1.278380 1.971745 0.777280  0.626204 0.589185 0.510618  0.616394 0.124420 2 5 0.800000 6 0.200000
0  0.937500 2.003480 0.850675  0.112717 0.869651 0.480626  0.586914 0.137299 2 5 0.800000 6 0.200000
Leo1A
0  1.278380 1.971745 0.777280  0.626204 0.589185 0.510618  0.616394 0.124420 2 5 0.800000 6 0.200000
0  0.960540 2.110140 0.770720  0.093530 0.907057 0.410488  0.587219 0.124420 2 5 0.800000 6 0.200000
0  0.937500 2.003480 0.850675  0.112717 0.869651 0.480626  0.586914 0.137299 2 5 0.800000 6 0.200000
Leo1A
0  1.191865 0.582580 2.962495  0.925698 -0.260335 0.274426  0.804260 0.370758 2 3 0.600000 4 0.400000
0  1.266175 0.906370 2.858580  0.971350 -0.066591 0.228132  0.741516 0.359436 2 4 0.700000 3 0.300000
0  1.121520 0.760650 3.213045  0.895819 -0.137705 0.422547  0.791107 0.416962 2 3 0.600000 4 0.400000
Leo1A
0  1.266175 0.906370 2.858580  0.971350 -0.066591 0.228132  0.741516 0.359436 2 4 0.700000 3 0.300000
0  1.171110 1.057585 3.166045  0.908319 0.002709 0.418270  0.731995 0.411133 2 3 0.500000 4 0.500000
0  1.121520 0.760650 3.213045  0.895819 -0.137705 0.422547  0.791107 0.416962 2 3 0.600000 4 0.400000
Leo1A
0  1.278380 1.971745 0.777280  0.626204 0.589185 0.510618  0.616394 0.124420 2 5 0.800000 6 0.200000
0  1.412505 1.591950 0.760800  0.812769 0.127895 0.568374  0.668579 0.124420 2 5 0.800000 6 0.200000
0  1.319425 1.963195 0.493775  0.681978 0.632690 -0.366892  0.616425 0.098907 2 5 0.800000 6 0.200000
Leo1A
0  1.289675 1.587070 0.826110  0.785179 0.110753 0.609285  0.662170 0.137329 2 5 0.800000 6 0.200000
0  1.412505 1.591950 0.760800  0.812769 0.127895 0.568374  0.668579 0.124420 2 5 0.800000 6 0.200000
0  1.278380 1.971745 0.777280  0.626204 0.589185 0.510618  0.616394 0.124420 2 5 0.800000 6 0.200000
Leo1A
0  1.289675 1.587070 0.826110  0.785179 0.110753 0.609285  0.662170 0.137329 2 5 0.800000 6 0.200000
0  1.278380 1.971745 0.777280  0.626204 0.589185 0.510618  0.616394 0.124420 2 5 0.800000 6 0.200000
0  1.178895 1.889955 0.840605  0.604593 0.496652 0.622740  0.616333 0.137299 2 5 0.800000 6 0.200000
Leo1A
0  1.095735 1.927185 1.410830  0.738353 0.664986 0.112372  0.616547 0.194519 3 5 0.500000 4 0.400000 6 0.100000
0  1.289675 1.587070 0.826110  0.785179 0.110753 0.609285  0.662170 0.137329 2 5 0.800000 6 0.200000
0  1.178895 1.889955 0.840605  0.604593 0.496652 0.622740  0.616333 0.137299 2 5 0.800000 6 0.200000
Leo1A
0  1.198580 1.577760 1.305235  0.979774 0.155132 0.126400  0.662628 0.183044 3 5 0.500000 4 0.400000 6 0.100000
0  1.289675 1.587070 0.826110  0.785179 0.110753 0.609285  0.662170 0.137329 2 5 0.800000 6 0.200000
0  1.095735 1.927185 1.410830  0.738353 0.664986 0.112372  0.616547 0.194519 3 5 0.500000 4 0.400000 6 0.100000
Leo1A
0  1.095735 1.927185 1.410830  0.738353 0.664986 0.112372  0.616547 0.194519 3 5 0.500000 4 0.400000 6 0.100000
0  1.064300 1.883240 1.754610  0.720981 0.687025 0.090457  0.615204 0.229370 2 4 0.700000 5 0.300000
0  1.198580 1.577760 1.305235  0.979774 0.155132 0.126400  0.662628 0.183044 3 5 0.500000 4 0.400000 6 0.100000
Leo1A
0  1.064300 1.883240 1.754610  0.720981 0.687025 0.090457  0.615204 0.229370 2 4 0.700000 5 0.300000
0  1.174775 1.585695 1.675110  0.972804 0.230360 -0.024211  0.653168 0.221497 2 4 0.650000 5 0.350000
0  1.198580 1.577760 1.305235  0.979774 0.155132 0.126400  0.662628 0.183044 3 5 0.500000 4 0.400000 6 0.100000
Leo1A
0  1.064300 1.883240 1.754610  0.720981 0.687025 0.090457  0.615204 0.229370 2 4 0.700000 5 0.300000
0  1.073760 1.858370 2.071685  0.656519 0.753835 0.026747  0.616516 0.264557 3 4 0.850000 3 0.100000 5 0.050000
0  1.174775 1.585695 1.675110  0.972804 0.230360 -0.024211  0.653168 0.221497 2 4 0.650000 5 0.350000
Leo1A
0  1.174775 1.585695 1.675110  0.972804 0.230360 -0.024211  0.653168 0.221497 2 4 0.650000 5 0.350000
0  1.073760 1.858370 2.071685  0.656519 0.753835 0.026747  0.616516 0.264557 3 4 0.850000 3 0.100000 5 0.050000
0  1.213530 1.617430 2.038115  0.934166 0.348327 -0.077479  0.643768 0.266205 3 4 0.850000 3 0.100000 5 0.050000
Leo1A
0  1.213530 1.617430 2.038115  0.934166 0.348327 -0.077479  0.643768 0.266205 3 4 0.850000 3 0.100000 5 0.050000
0  1.260400 1.257050 2.008285  0.993337 0.001550 -0.115234  0.686523 0.250000 1 4 1.000000
0  1.174775 1.585695 1.675110  0.972804 0.230360 -0.024211  0.653168 0.221497 2 4 0.650000 5 0.350000
Leo1A
0  1.302335 1.251985 2.494355  0.997436 0.070810 -0.010373  0.684143 0.305878 2 4 0.800000 3 0.200000
0  1.260400 1.257050 2.008285  0.993337 0.001550 -0.115234  0.686523 0.250000 1 4 1.000000
0  1.213530 1.617430 2.038115  0.934166 0.348327 -0.077479  0.643768 0.266205 3 4 0.850000 3 0.100000 5 0.050000
Leo1A
0  1.289675 1.587070 0.826110  0.785179 0.110753 0.609285  0.662170 0.137329 2 5 0.800000 6 0.200000
0  1.401365 1.145325 0.754700  0.745697 -0.401155 0.531987  0.742798 0.124420 2 5 0.600000 6 0.400000
0  1.412505 1.591950 0.760800  0.812769 0.127895 0.568374  0.668579 0.124420 2 5 0.800000 6 0.200000
Leo1A
0  1.289675 1.587070 0.826110  0.785179 0.110753 0.609285  0.662170 0.137329 2 5 0.800000 6 0.200000
0  1.293945 1.187135 0.813905  0.672429 -0.345815 0.654409  0.742859 0.137360 2 5 0.600000 6 0.400000
0  1.401365 1.145325 0.754700  0.745697 -0.401155 0.531987  0.742798 0.124420 2 5 0.600000 6 0.400000
Leo1A
0  1.198580 1.577760 1.305235  0.979774 0.155132 0.126400  0.662628 0.183044 3 5 0.500000 4 0.400000 6 0.100000
0  1.293945 1.187135 0.813905  0.672429 -0.345815 0.654409  0.742859 0.137360 2 5 0.600000 6 0.400000
0  1.289675 1.587070 0.826110  0.785179 0.110753 0.609285  0.662170 0.137329 2 5 0.800000 6 0.200000
Leo1A
0  1.198580 1.577760 1.305235  0.979774 0.155132 0.126400  0.662628 0.183044 3 5 0.500000 4 0.400000 6 0.100000
0  1.240845 1.190645 1.139220  0.924726 -0.364798 0.108643  0.737976 0.164276 3 5 0.500000 4 0.400000 6 0.100000
0  1.293945 1.187135 0.813905  0.672429 -0.345815 0.654409  0.742859 0.137360 2 5 0.600000 6 0.400000
Leo1A
0  1.198580 1.577760 1.305235  0.979774 0.155132 0.126400  0.662628 0.183044 3 5 0.500000 4 0.400000 6 0.100000
0  1.174775 1.585695 1.675110  0.972804 0.230360 -0.024211  0.653168 0.221497 2 4 0.650000 5 0.350000
0  1.240845 1.190645 1.139220  0.924726 -0.364798 0.108643  0.737976 0.164276 3 5 0.500000 4 0.400000 6 0.100000
Leo1A
0  1.174775 1.585695 1.675110  0.972804 0.230360 -0.024211  0.653168 0.221497 2 4 0.650000 5 0.350000
0  1.187745 1.212005 1.539305  0.973608 -0.222144 -0.052343  0.734009 0.196503 2 4 0.500000 5 0.500000
0  1.240845 1.190645 1.139220  0.924726 -0.364798 0.108643  0.737976 0.164276 3 5 0.500000 4 0.400000 6 0.100000
Leo1A
0  1.260400 1.257050 2.008285  0.993337 0.001550 -0.115234  0.686523 0.250000 1 4 1.000000
0  1.187745 1.212005 1.539305  0.973608 -0.222144 -0.052343  0.734009 0.196503 2 4 0.500000 5 0.500000
0  1.174775 1.585695 1.675110  0.972804 0.230360 -0.024211  0.653168 0.221497 2 4 0.650000 5 0.350000
Leo1A
0  1.260400 1.257050 2.008285  0.993337 0.001550 -0.115234  0.686523 0.250000 1 4 1.000000
0  1.209280 0.785360 2.103635  0.921409 -0.293357 -0.254847  0.751953 0.258118 1 4 1.000000
0  1.187745 1.212005 1.539305  0.973608 -0.222144 -0.052343  0.734009 0.196503 2 4 0.500000 5 0.500000
Leo1A
0  1.302335 1.251985 2.494355  0.997436 0.070810 -0.010373  0.684143 0.305878 2 4 0.800000 3 0.200000
0  1.209280 0.785360 2.103635  0.921409 -0.293357 -0.254847  0.751953 0.258118 1 4 1.000000
0  1.260400 1.257050 2.008285  0.993337 0.001550 -0.115234  0.686523 0.250000 1 4 1.000000
Leo1A
0  1.302335 1.251985 2.494355  0.997436 0.070810 -0.010373  0.684143 0.305878 2 4 0.800000 3 0.200000
0  1.307985 0.795745 2.575835  0.987147 -0.159815 -0.000785  0.743713 0.328796 2 4 0.800000 3 0.200000
0  1.209280 0.785360 2.103635  0.921409 -0.293357 -0.254847  0.751953 0.258118 1 4 1.000000
Leo1A
0  1.302335 1.251985 2.494355  0.997436 0.070810 -0.010373  0.684143 0.305878 2 4 0.800000 3 0.200000
0  1.266175 0.906370 2.858580  0.971350 -0.066591 0.228132  0.741516 0.359436 2 4 0.700000 3 0.300000
0  1.307985 0.795745 2.575835  0.987147 -0.159815 -0.000785  0.743713 0.328796 2 4 0.800000 3 0.200000
Leo1A
0  1.266175 0.906370 2.858580  0.971350 -0.066591 0.228132  0.741516 0.359436 2 4 0.700000 3 0.300000
0  1.195220 0.465240 2.685395  0.917713 -0.396568 0.023163  0.807190 0.333099 2 3 0.500000 4 0.500000
0  1.307985 0.795745 2.575835  0.987147 -0.159815 -0.000785  0.743713 0.328796 2 4 0.800000 3 0.200000
Leo1A
0  1.195220 0.465240 2.685395  0.917713 -0.396568 0.023163  0.807190 0.333099 2 3 0.500000 4 0.500000
0  1.266175 0.906370 2.858580  0.971350 -0.066591 0.228132  0.741516 0.359436 2 4 0.700000 3 0.300000
0  1.191865 0.582580 2.962495  0.925698 -0.260335 0.274426  0.804260 0.370758 2 3 0.600000 4 0.400000
Leo1A
0  1.085050 0.369720 3.016965  0.820142 -0.479174 0.312666  0.826263 0.386566 2 3 0.700000 4 0.300000
0  1.195220 0.465240 2.685395  0.917713 -0.396568 0.023163  0.807190 0.333099 2 3 0.500000 4 0.500000
0  1.191865 0.582580 2.962495  0.925698 -0.260335 0.274426  0.804260 0.370758 2 3 0.600000 4 0.400000
Leo1A
0  1.121520 0.760650 3.213045  0.895819 -0.137705 0.422547  0.791107 0.416962 2 3 0.600000 4 0.400000
0  1.085050 0.369720 3.016965  0.820142 -0.479174 0.312666  0.826263 0.386566 2 3 0.700000 4 0.300000
0  1.191865 0.582580 2.962495  0.925698 -0.260335 0.274426  0.804260 0.370758 2 3 0.600000 4 0.400000
Leo1A
0  1.037750 0.510710 3.275910  0.821757 -0.304491 0.481664  0.810028 0.419556 2 3 0.700000 4 0.300000
0  1.085050 0.369720 3.016965  0.820142 -0.479174 0.312666  0.826263 0.386566 2 3 0.700000 4 0.300000
0  1.121520 0.760650 3.213045  0.895819 -0.137705 0.422547  0.791107 0.416962 2 3 0.600000 4 0.400000
Leo1A
0  1.045380 0.882875 3.378755  0.826472 -0.080833 0.557144  0.770020 0.435883 2 3 0.600000 4 0.400000
0  1.037750 0.510710 3.275910  0.821757 -0.304491 0.481664  0.810028 0.419556 2 3 0.700000 4 0.300000
0  1.121520 0.760650 3.213045  0.895819 -0.137705 0.422547  0.791107 0.416962 2 3 0.600000 4 0.400000
Leo1A
0  1.058805 1.237795 3.344725  0.817928 0.164810 0.551210  0.724731 0.439362 2 3 0.600000 4 0.400000
0  1.045380 0.882875 3.378755  0.826472 -0.080833 0.557144  0.770020 0.435883 2 3 0.600000 4 0.400000
0  1.121520 0.760650 3.213045  0.895819 -0.137705 0.422547  0.791107 0.416962 2 3 0.600000 4 0.400000
Leo1A
0  1.209280 0.785360 2.103635  0.921409 -0.293357 -0.254847  0.751953 0.258118 1 4 1.000000
0  1.307985 0.795745 2.575835  0.987147 -0.159815 -0.000785  0.743713 0.328796 2 4 0.800000 3 0.200000
0  1.180420 0.530550 2.363125  0.844910 -0.479256 -0.237571  0.800171 0.296356 2 4 0.800000 3 0.200000
Leo1A
0  1.307985 0.795745 2.575835  0.987147 -0.159815 -0.000785  0.743713 0.328796 2 4 0.800000 3 0.200000
0  1.195220 0.465240 2.685395  0.917713 -0.396568 0.023163  0.807190 0.333099 2 3 0.500000 4 0.500000
0  1.180420 0.530550 2.363125  0.844910 -0.479256 -0.237571  0.800171 0.296356 2 4 0.800000 3 0.200000
Leo1A
0  1.195220 0.465240 2.685395  0.917713 -0.396568 0.023163  0.807190 0.333099 2 3 0.500000 4 0.500000
0  1.074370 0.249025 2.726745  0.751758 -0.659365 -0.009871  0.839172 0.347290 2 3 0.600000 4 0.400000
0  1.180420 0.530550 2.363125  0.844910 -0.479256 -0.237571  0.800171 0.296356 2 4 0.800000 3 0.200000
Leo1A
0  1.074370 0.249025 2.726745  0.751758 -0.659365 -0.009871  0.839172 0.347290 2 3 0.600000 4 0.400000
0  1.195220 0.465240 2.685395  0.917713 -0.396568 0.023163  0.807190 0.333099 2 3 0.500000 4 0.500000
0  1.085050 0.369720 3.016965  0.820142 -0.479174 0.312666  0.826263 0.386566 2 3 0.700000 4 0.300000
Leo1A
0  1.240845 1.190645 1.139220  0.924726 -0.364798 0.108643  0.737976 0.164276 3 5 0.500000 4 0.400000 6 0.100000
0  1.001585 0.975800 1.095730  0.322660 -0.922437 -0.212131  0.806183 0.159271 3 5 0.500000 4 0.400000 6 0.100000
0  1.293945 1.187135 0.813905  0.672429 -0.345815 0.654409  0.742859 0.137360 2 5 0.600000 6 0.400000
Leo1A
0  1.240845 1.190645 1.139220  0.924726 -0.364798 0.108643  0.737976 0.164276 3 5 0.500000 4 0.400000 6 0.100000
0  0.929110 0.822600 1.366270  0.404438 -0.798495 -0.445910  0.808167 0.176727 2 4 0.700000 5 0.300000
0  1.001585 0.975800 1.095730  0.322660 -0.922437 -0.212131  0.806183 0.159271 3 5 0.500000 4 0.400000 6 0.100000
Leo1A
0  1.187745 1.212005 1.539305  0.973608 -0.222144 -0.052343  0.734009 0.196503 2 4 0.500000 5 0.500000
0  0.929110 0.822600 1.366270  0.404438 -0.798495 -0.445910  0.808167 0.176727 2 4 0.700000 5 0.300000
0  1.240845 1.190645 1.139220  0.924726 -0.364798 0.108643  0.737976 0.164276 3 5 0.500000 4 0.400000 6 0.100000
Leo1A
0  1.187745 1.212005 1.539305  0.973608 -0.222144 -0.052343  0.734009 0.196503 2 4 0.500000 5 0.500000
0  0.916465 0.538055 1.733875  0.440802 -0.747874 -0.496365  0.812531 0.238770 1 4 1.000000
0  0.929110 0.822600 1.366270  0.404438 -0.798495 -0.445910  0.808167 0.176727 2 4 0.700000 5 0.300000
Leo1A
0  1.209280 0.785360 2.103635  0.921409 -0.293357 -0.254847  0.751953 0.258118 1 4 1.000000
0  0.916465 0.538055 1.733875  0.440802 -0.747874 -0.496365  0.812531 0.238770 1 4 1.000000
0  1.187745 1.212005 1.539305  0.973608 -0.222144 -0.052343  0.734009 0.196503 2 4 0.500000 5 0.500000
Leo1A
0  1.209280 0.785360 2.103635  0.921409 -0.293357 -0.254847  0.751953 0.258118 1 4 1.000000
0  1.180420 0.530550 2.363125  0.844910 -0.479256 -0.237571  0.800171 0.296356 2 4 0.800000 3 0.200000
0  0.916465 0.538055 1.733875  0.440802 -0.747874 -0.496365  0.812531 0.238770 1 4 1.000000
Leo1A
0  0.916465 0.538055 1.733875  0.440802 -0.747874 -0.496365  0.812531 0.238770 1 4 1.000000
0  1.180420 0.530550 2.363125  0.844910 -0.479256 -0.237571  0.800171 0.296356 2 4 0.800000 3 0.200000
0  0.919950 0.328675 2.173765  0.656803 -0.593301 -0.465408  0.842255 0.281860 2 4 0.800000 3 0.200000
Leo1A
0  1.180420 0.530550 2.363125  0.844910 -0.479256 -0.237571  0.800171 0.296356 2 4 0.800000 3 0.200000
0  1.074370 0.249025 2.726745  0.751758 -0.659365 -0.009871  0.839172 0.347290 2 3 0.600000 4 0.400000
0  0.919950 0.328675 2.173765  0.656803 -0.593301 -0.465408  0.842255 0.281860 2 4 0.800000 3 0.200000
Leo1A
0  1.389160 1.126405 0.431670  0.917108 -0.386171 0.098921  0.742828 0.087952 2 6 0.800000 5 0.200000
0  1.467895 0.833435 0.205840  0.687053 -0.511870 0.515700  0.805664 0.053864 2 6 0.850000 5 0.150000
0  1.562805 1.101840 0.175625  0.986645 0.024778 0.160990  0.742859 0.053864 2 6 0.800000 5 0.200000
Leo1A
0  1.389160 1.126405 0.431670  0.917108 -0.386171 0.098921  0.742828 0.087952 2 6 0.800000 5 0.200000
0  1.243745 0.980990 0.428465  0.588891 -0.782993 0.200322  0.805756 0.087952 2 6 0.800000 5 0.200000
0  1.467895 0.833435 0.205840  0.687053 -0.511870 0.515700  0.805664 0.053864 2 6 0.850000 5 0.150000
Leo1A
0  1.440735 1.139830 0.499725  0.900037 -0.398913 -0.175503  0.742889 0.098907 2 6 0.800000 5 0.200000
0  1.243745 0.980990 0.428465  0.588891 -0.782993 0.200322  0.805756 0.087952 2 6 0.800000 5 0.200000
0  1.389160 1.126405 0.431670  0.917108 -0.386171 0.098921  0.742828 0.087952 2 6 0.800000 5 0.200000
Leo1A
0  1.440735 1.139830 0.499725  0.900037 -0.398913 -0.175503  0.742889 0.098907 2 6 0.800000 5 0.200000
0  1.141050 0.854800 0.481415  0.359057 -0.903677 -0.233337  0.805573 0.098907 2 6 0.800000 5 0.200000
0  1.243745 0.980990 0.428465  0.588891 -0.782993 0.200322  0.805756 0.087952 2 6 0.800000 5 0.200000
Leo1A
0  1.056975 0.882720 0.751190  0.170276 -0.796966 0.579526  0.806183 0.124420 2 5 0.500000 6 0.500000
0  1.141050 0.854800 0.481415  0.359057 -0.903677 -0.233337  0.805573 0.098907 2 6 0.800000 5 0.200000
0  1.440735 1.139830 0.499725  0.900037 -0.398913 -0.175503  0.742889 0.098907 2 6 0.800000 5 0.200000
Leo1A
0  1.141050 0.854800 0.481415  0.359057 -0.903677 -0.233337  0.805573 0.098907 2 6 0.800000 5 0.200000
0  1.056975 0.882720 0.751190  0.170276 -0.796966 0.579526  0.806183 0.124420 2 5 0.500000 6 0.500000
0  0.416870 0.946960 0.473935  -0.591159 -0.758858 -0.273249  0.888123 0.098907 2 6 0.800000 5 0.200000
Leo1A
0  0.416870 0.946960 0.473935  -0.591159 -0.758858 -0.273249  0.888123 0.098907 2 6 0.800000 5 0.200000
0  1.056975 0.882720 0.751190  0.170276 -0.796966 0.579526  0.806183 0.124420 2 5 0.500000 6 0.500000
0  0.430300 0.962985 0.743100  -0.513818 -0.681154 0.521556  0.885864 0.124420 2 5 0.500000 6 0.500000
Leo1A
0  1.056975 0.882720 0.751190  0.170276 -0.796966 0.579526  0.806183 0.124420 2 5 0.500000 6 0.500000
0  1.037290 1.008605 0.793610  0.179801 -0.750479 0.635966  0.806183 0.137390 2 5 0.500000 6 0.500000
0  0.430300 0.962985 0.743100  -0.513818 -0.681154 0.521556  0.885864 0.124420 2 5 0.500000 6 0.500000
Leo1A
0  0.430300 0.962985 0.743100  -0.513818 -0.681154 0.521556  0.885864 0.124420 2 5 0.500000 6 0.500000
0  1.037290 1.008605 0.793610  0.179801 -0.750479 0.635966  0.806183 0.137390 2 5 0.500000 6 0.500000
0  0.478365 1.069795 0.790100  -0.507302 -0.519683 0.687440  0.885895 0.137390 2 5 0.500000 6 0.500000
Leo1A
0  1.037290 1.008605 0.793610  0.179801 -0.750479 0.635966  0.806183 0.137390 2 5 0.500000 6 0.500000
0  1.001585 0.975800 1.095730  0.322660 -0.922437 -0.212131  0.806183 0.159271 3 5 0.500000 4 0.400000 6 0.100000
0  0.478365 1.069795 0.790100  -0.507302 -0.519683 0.687440  0.885895 0.137390 2 5 0.500000 6 0.500000
Leo1A
0  0.478365 1.069795 0.790100  -0.507302 -0.519683 0.687440  0.885895 0.137390 2 5 0.500000 6 0.500000
0  1.001585 0.975800 1.095730  0.322660 -0.922437 -0.212131  0.806183 0.159271 3 5 0.500000 4 0.400000 6 0.100000
0  0.542910 1.044465 1.085510  -0.582831 -0.779422 -0.229802  0.885925 0.161163 3 5 0.500000 4 0.400000 6 0.100000
Leo1A
0  1.001585 0.975800 1.095730  0.322660 -0.922437 -0.212131  0.806183 0.159271 3 5 0.500000 4 0.400000 6 0.100000
0  0.929110 0.822600 1.366270  0.404438 -0.798495 -0.445910  0.808167 0.176727 2 4 0.700000 5 0.300000
0  0.542910 1.044465 1.085510  -0.582831 -0.779422 -0.229802  0.885925 0.161163 3 5 0.500000 4 0.400000 6 0.100000
Leo1A
0  0.542910 1.044465 1.085510  -0.582831 -0.779422 -0.229802  0.885925 0.161163 3 5 0.500000 4 0.400000 6 0.100000
0  0.929110 0.822600 1.366270  0.404438 -0.798495 -0.445910  0.808167 0.176727 2 4 0.700000 5 0.300000
0  0.536195 0.889740 1.335905  -0.526742 -0.668370 -0.525189  0.879944 0.179565 2 4 0.700000 5 0.300000
Leo1A
0  0.929110 0.822600 1.366270  0.404438 -0.798495 -0.445910  0.808167 0.176727 2 4 0.700000 5 0.300000
0  0.916465 0.538055 1.733875  0.440802 -0.747874 -0.496365  0.812531 0.238770 1 4 1.000000
0  0.536195 0.889740 1.335905  -0.526742 -0.668370 -0.525189  0.879944 0.179565 2 4 0.700000 5 0.300000
Leo1A
0  0.536195 0.889740 1.335905  -0.526742 -0.668370 -0.525189  0.879944 0.179565 2 4 0.700000 5 0.300000
0  0.916465 0.538055 1.733875  0.440802 -0.747874 -0.496365  0.812531 0.238770 1 4 1.000000
0  0.498070 0.555600 1.686345  -0.438244 -0.694303 -0.570864  0.880035 0.226349 1 4 1.000000
Leo1A
0  0.919950 0.328675 2.173765  0.656803 -0.593301 -0.465408  0.842255 0.281860 2 4 0.800000 3 0.200000
0  0.498070 0.555600 1.686345  -0.438244 -0.694303 -0.570864  0.880035 0.226349 1 4 1.000000
0  0.916465 0.538055 1.733875  0.440802 -0.747874 -0.496365  0.812531 0.238770 1 4 1.000000
Leo1A
0  0.507355 0.352630 1.956175  0.465120 -0.217024 -0.858233  0.889282 0.266998 2 3 0.700000 4 0.300000
0  0.498070 0.555600 1.686345  -0.438244 -0.694303 -0.570864  0.880035 0.226349 1 4 1.000000
0  0.919950 0.328675 2.173765  0.656803 -0.593301 -0.465408  0.842255 0.281860 2 4 0.800000 3 0.200000
Leo1A
0  0.430300 0.962985 0.743100  -0.513818 -0.681154 0.521556  0.885864 0.124420 2 5 0.500000 6 0.500000
0  0.478365 1.069795 0.790100  -0.507302 -0.519683 0.687440  0.885895 0.137390 2 5 0.500000 6 0.500000
0  0.290375 1.309055 0.739590  -0.862083 -0.103656 0.496053  0.922943 0.124420 2 5 0.600000 6 0.400000
Leo1A
0  0.290375 1.309055 0.739590  -0.862083 -0.103656 0.496053  0.922943 0.124420 2 5 0.600000 6 0.400000
0  0.478365 1.069795 0.790100  -0.507302 -0.519683 0.687440  0.885895 0.137390 2 5 0.500000 6 0.500000
0  0.396270 1.321260 0.800320  -0.825404 -0.115086 0.552687  0.922943 0.137390 2 5 0.600000 6 0.400000
Leo1A
0  0.478365 1.069795 0.790100  -0.507302 -0.519683 0.687440  0.885895 0.137390 2 5 0.500000 6 0.500000
0  0.542910 1.044465 1.085510  -0.582831 -0.779422 -0.229802  0.885925 0.161163 3 5 0.500000 4 0.400000 6 0.100000
0  0.396270 1.321260 0.800320  -0.825404 -0.115086 0.552687  0.922943 0.137390 2 5 0.600000 6 0.400000
Leo1A
0  0.396270 1.321260 0.800320  -0.825404 -0.115086 0.552687  0.922943 0.137390 2 5 0.600000 6 0.400000
0  0.542910 1.044465 1.085510  -0.582831 -0.779422 -0.229802  0.885925 0.161163 3 5 0.500000 4 0.400000 6 0.100000
0  0.394590 1.286925 1.147000  -0.981748 -0.162261 -0.099204  0.922943 0.162079 3 5 0.500000 4 0.400000 6 0.100000
Leo1A
0  0.542910 1.044465 1.085510  -0.582831 -0.779422 -0.229802  0.885925 0.161163 3 5 0.500000 4 0.400000 6 0.100000
0  0.536195 0.889740 1.335905  -0.526742 -0.668370 -0.525189  0.879944 0.179565 2 4 0.700000 5 0.300000
0  0.394590 1.286925 1.147000  -0.981748 -0.162261 -0.099204  0.922943 0.162079 3 5 0.500000 4 0.400000 6 0.100000
Leo1A
0  0.394590 1.286925 1.147000  -0.981748 -0.162261 -0.099204  0.922943 0.162079 3 5 0.500000 4 0.400000 6 0.100000
0  0.536195 0.889740 1.335905  -0.526742 -0.668370 -0.525189  0.879944 0.179565 2 4 0.700000 5 0.300000
0  0.358735 1.161345 1.477205  -0.957531 -0.120788 -0.261811  0.922943 0.188568 2 4 0.500000 5 0.500000
Leo1A
0  0.536195 0.889740 1.335905  -0.526742 -0.668370 -0.525189  0.879944 0.179565 2 4 0.700000 5 0.300000
0  0.498070 0.555600 1.686345  -0.438244 -0.694303 -0.570864  0.880035 0.226349 1 4 1.000000
0  0.358735 1.161345 1.477205  -0.957531 -0.120788 -0.261811  0.922943 0.188568 2 4 0.500000 5 0.500000
Leo1A
0  0.358735 1.161345 1.477205  -0.957531 -0.120788 -0.261811  0.922943 0.188568 2 4 0.500000 5 0.500000
0  0.498070 0.555600 1.686345  -0.438244 -0.694303 -0.570864  0.880035 0.226349 1 4 1.000000
0  0.279085 0.993960 1.741790  -0.921418 -0.081489 -0.379931  0.922943 0.223297 2 4 0.900000 3 0.100000
Leo1A
0  0.498070 0.555600 1.686345  -0.438244 -0.694303 -0.570864  0.880035 0.226349 1 4 1.000000
0  0.255280 0.918120 1.800385  -0.596586 -0.040354 -0.801534  0.922943 0.247070 2 4 0.800000 3 0.200000
0  0.279085 0.993960 1.741790  -0.921418 -0.081489 -0.379931  0.922943 0.223297 2 4 0.900000 3 0.100000
Leo1A
0  0.507355 0.352630 1.956175  0.465120 -0.217024 -0.858233  0.889282 0.266998 2 3 0.700000 4 0.300000
0  0.255280 0.918120 1.800385  -0.596586 -0.040354 -0.801534  0.922943 0.247070 2 4 0.800000 3 0.200000
0  0.498070 0.555600 1.686345  -0.438244 -0.694303 -0.570864  0.880035 0.226349 1 4 1.000000
Leo1A
0  0.407410 0.359495 1.871945  0.522451 0.098846 -0.846920  0.903229 0.294800 2 3 0.750000 4 0.250000
0  0.255280 0.918120 1.800385  -0.596586 -0.040354 -0.801534  0.922943 0.247070 2 4 0.800000 3 0.200000
0  0.507355 0.352630 1.956175  0.465120 -0.217024 -0.858233  0.889282 0.266998 2 3 0.700000 4 0.300000
Leo1A
0  0.507355 0.352630 1.956175  0.465120 -0.217024 -0.858233  0.889282 0.266998 2 3 0.700000 4 0.300000
0  0.536500 0.170135 1.916200  0.511567 0.340511 -0.788893  0.894135 0.301849 3 3 0.800000 4 0.150000 13 0.050000
0  0.407410 0.359495 1.871945  0.522451 0.098846 -0.846920  0.903229 0.294800 2 3 0.750000 4 0.250000
Leo1A
0  0.536500 0.170135 1.916200  0.511567 0.340511 -0.788893  0.894135 0.301849 3 3 0.800000 4 0.150000 13 0.050000
0  0.507355 0.352630 1.956175  0.465120 -0.217024 -0.858233  0.889282 0.266998 2 3 0.700000 4 0.300000
0  0.847930 0.170900 2.170410  0.773687 0.116431 -0.622778  0.869324 0.314392 3 3 0.650000 4 0.300000 13 0.050000
Leo1A
0  0.919950 0.328675 2.173765  0.656803 -0.593301 -0.465408  0.842255 0.281860 2 4 0.800000 3 0.200000
0  0.847930 0.170900 2.170410  0.773687 0.116431 -0.622778  0.869324 0.314392 3 3 0.650000 4 0.300000 13 0.050000
0  0.507355 0.352630 1.956175  0.465120 -0.217024 -0.858233  0.889282 0.266998 2 3 0.700000 4 0.300000
Leo1A
0  0.995025 0.185240 2.708435  0.978838 -0.143915 -0.145482  0.845734 0.350189 3 3 0.600000 4 0.350000 13 0.050000
0  0.847930 0.170900 2.170410  0.773687 0.116431 -0.622778  0.869324 0.314392 3 3 0.650000 4 0.300000 13 0.050000
0  0.919950 0.328675 2.173765  0.656803 -0.593301 -0.465408  0.842255 0.281860 2 4 0.800000 3 0.200000
Leo1A
0  1.074370 0.249025 2.726745  0.751758 -0.659365 -0.009871  0.839172 0.347290 2 3 0.600000 4 0.400000
0  0.995025 0.185240 2.708435  0.978838 -0.143915 -0.145482  0.845734 0.350189 3 3 0.600000 4 0.350000 13 0.050000
0  0.919950 0.328675 2.173765  0.656803 -0.593301 -0.465408  0.842255 0.281860 2 4 0.800000 3 0.200000
Leo1A
0  0.985720 0.252075 3.026120  0.957787 -0.139707 0.251249  0.831421 0.390259 3 3 0.700000 4 0.250000 13 0.050000
0  0.995025 0.185240 2.708435  0.978838 -0.143915 -0.145482  0.845734 0.350189 3 3 0.600000 4 0.350000 13 0.050000
0  1.074370 0.249025 2.726745  0.751758 -0.659365 -0.009871  0.839172 0.347290 2 3 0.600000 4 0.400000
Leo1A
0  1.085050 0.369720 3.016965  0.820142 -0.479174 0.312666  0.826263 0.386566 2 3 0.700000 4 0.300000
0  0.985720 0.252075 3.026120  0.957787 -0.139707 0.251249  0.831421 0.390259 3 3 0.700000 4 0.250000 13 0.050000
0  1.074370 0.249025 2.726745  0.751758 -0.659365 -0.009871  0.839172 0.347290 2 3 0.600000 4 0.400000
Leo1A
0  1.037750 0.510710 3.275910  0.821757 -0.304491 0.481664  0.810028 0.419556 2 3 0.700000 4 0.300000
0  0.985720 0.252075 3.026120  0.957787 -0.139707 0.251249  0.831421 0.390259 3 3 0.700000 4 0.250000 13 0.050000
0  1.085050 0.369720 3.016965  0.820142 -0.479174 0.312666  0.826263 0.386566 2 3 0.700000 4 0.300000
Leo1A
0  0.197145 0.859985 1.812745  -0.015050 0.076910 -0.996924  0.922943 0.279480 2 3 0.700000 4 0.300000
0  0.255280 0.918120 1.800385  -0.596586 -0.040354 -0.801534  0.922943 0.247070 2 4 0.800000 3 0.200000
0  0.407410 0.359495 1.871945  0.522451 0.098846 -0.846920  0.903229 0.294800 2 3 0.750000 4 0.250000
Leo1A
0  1.056540 0.667985 0.220580  0.190425 -0.816635 0.544836  0.836151 0.053864 1 6 1.000000
0  1.067830 0.624805 0.091950  0.213514 -0.972206 -0.096060  0.836151 0.020599 1 6 1.000000
0  1.132225 0.655320 0.091795  0.093606 -0.989155 -0.113182  0.833557 0.020569 1 6 1.000000
Leo1A
0  0.703605 0.669515 0.220275  -0.193490 -0.822479 0.534873  0.864502 0.053864 1 6 1.000000
0  1.067830 0.624805 0.091950  0.213514 -0.972206 -0.096060  0.836151 0.020599 1 6 1.000000
0  1.056540 0.667985 0.220580  0.190425 -0.816635 0.544836  0.836151 0.053864 1 6 1.000000
Leo1A
0  0.703605 0.669515 0.220275  -0.193490 -0.822479 0.534873  0.864502 0.053864 1 6 1.000000
0  0.713675 0.625260 0.091795  -0.177687 -0.978865 -0.101245  0.864502 0.020813 1 6 1.000000
0  1.067830 0.624805 0.091950  0.213514 -0.972206 -0.096060  0.836151 0.020599 1 6 1.000000
Leo1A
0  0.644095 0.698960 0.221040  -0.113373 -0.809419 0.576183  0.866821 0.053864 1 6 1.000000
0  0.713675 0.625260 0.091795  -0.177687 -0.978865 -0.101245  0.864502 0.020813 1 6 1.000000
0  0.703605 0.669515 0.220275  -0.193490 -0.822479 0.534873  0.864502 0.053864 1 6 1.000000
Leo1A
0  0.644095 0.698960 0.221040  -0.113373 -0.809419 0.576183  0.866821 0.053864 1 6 1.000000
0  0.635550 0.655780 0.091795  -0.070669 -0.990599 -0.117134  0.866821 0.020782 1 6 1.000000
0  0.713675 0.625260 0.091795  -0.177687 -0.978865 -0.101245  0.864502 0.020813 1 6 1.000000
Leo1A
0  0.635550 0.655780 0.091795  -0.070669 -0.990599 -0.117134  0.866821 0.020782 1 6 1.000000
0  0.644095 0.698960 0.221040  -0.113373 -0.809419 0.576183  0.866821 0.053864 1 6 1.000000
0  0.589775 0.685075 0.214020  -0.119361 -0.826802 0.549683  0.869171 0.053864 1 6 1.000000
Leo1A
0  0.571770 0.641435 0.089965  -0.106862 -0.991112 -0.079228  0.869171 0.020813 1 6 1.000000
0  0.635550 0.655780 0.091795  -0.070669 -0.990599 -0.117134  0.866821 0.020782 1 6 1.000000
0  0.589775 0.685075 0.214020  -0.119361 -0.826802 0.549683  0.869171 0.053864 1 6 1.000000
Leo1A
0  0.589775 0.685075 0.214020  -0.119361 -0.826802 0.549683  0.869171 0.053864 1 6 1.000000
0  0.305200 0.765645 0.086915  -0.787185 -0.616465 0.017610  0.892151 0.020905 1 6 1.000000
0  0.571770 0.641435 0.089965  -0.106862 -0.991112 -0.079228  0.869171 0.020813 1 6 1.000000
Leo1A
0  0.571770 0.641435 0.089965  -0.106862 -0.991112 -0.079228  0.869171 0.020813 1 6 1.000000
0  0.305200 0.765645 0.086915  -0.787185 -0.616465 0.017610  0.892151 0.020905 1 6 1.000000
0  0.318780 0.798755 0.001465  -0.593261 -0.370856 -0.714498  0.889526 0.008759 1 6 1.000000
Leo1A
0  0.318780 0.798755 0.001465  -0.593261 -0.370856 -0.714498  0.889526 0.008759 1 6 1.000000
0  0.305200 0.765645 0.086915  -0.787185 -0.616465 0.017610  0.892151 0.020905 1 6 1.000000
0  0.293905 1.010240 -0.001590  -0.701104 0.025555 -0.712601  0.922943 0.008759 1 6 1.000000
Leo1A
0  0.305200 0.765645 0.086915  -0.787185 -0.616465 0.017610  0.892151 0.020905 1 6 1.000000
0  0.314790 0.830080 0.203395  -0.759523 -0.456308 0.463581  0.890991 0.053864 2 6 0.850000 5 0.150000
0  0.293905 1.010240 -0.001590  -0.701104 0.025555 -0.712601  0.922943 0.008759 1 6 1.000000
Leo1A
0  0.293905 1.010240 -0.001590  -0.701104 0.025555 -0.712601  0.922943 0.008759 1 6 1.000000
0  0.314790 0.830080 0.203395  -0.759523 -0.456308 0.463581  0.890991 0.053864 2 6 0.850000 5 0.150000
0  0.261535 1.103210 0.190885  -0.995792 0.023757 0.088515  0.922943 0.053864 2 6 0.800000 5 0.200000
Leo1A
0  0.314790 0.830080 0.203395  -0.759523 -0.456308 0.463581  0.890991 0.053864 2 6 0.850000 5 0.150000
0  0.410005 1.024630 0.412750  -0.871244 -0.463534 0.161461  0.886780 0.087952 2 6 0.800000 5 0.200000
0  0.261535 1.103210 0.190885  -0.995792 0.023757 0.088515  0.922943 0.053864 2 6 0.800000 5 0.200000
Leo1A
0  0.261535 1.103210 0.190885  -0.995792 0.023757 0.088515  0.922943 0.053864 2 6 0.800000 5 0.200000
0  0.410005 1.024630 0.412750  -0.871244 -0.463534 0.161461  0.886780 0.087952 2 6 0.800000 5 0.200000
0  0.348815 1.294555 0.403745  -0.976804 0.024824 -0.212690  0.922943 0.087952 2 6 0.800000 5 0.200000
Leo1A
0  0.410005 1.024630 0.412750  -0.871244 -0.463534 0.161461  0.886780 0.087952 2 6 0.800000 5 0.200000
0  0.416870 0.946960 0.473935  -0.591159 -0.758858 -0.273249  0.888123 0.098907 2 6 0.800000 5 0.200000
0  0.348815 1.294555 0.403745  -0.976804 0.024824 -0.212690  0.922943 0.087952 2 6 0.800000 5 0.200000
Leo1A
0  0.348815 1.294555 0.403745  -0.976804 0.024824 -0.212690  0.922943 0.087952 2 6 0.800000 5 0.200000
0  0.416870 0.946960 0.473935  -0.591159 -0.758858 -0.273249  0.888123 0.098907 2 6 0.800000 5 0.200000
0  0.271300 1.303255 0.481110  -0.938199 -0.077157 -0.337385  0.922943 0.098907 2 6 0.800000 5 0.200000
Leo1A
0  0.416870 0.946960 0.473935  -0.591159 -0.758858 -0.273249  0.888123 0.098907 2 6 0.800000 5 0.200000
0  0.430300 0.962985 0.743100  -0.513818 -0.681154 0.521556  0.885864 0.124420 2 5 0.500000 6 0.500000
0  0.271300 1.303255 0.481110  -0.938199 -0.077157 -0.337385  0.922943 0.098907 2 6 0.800000 5 0.200000
Leo1A
0  0.271300 1.303255 0.481110  -0.938199 -0.077157 -0.337385  0.922943 0.098907 2 6 0.800000 5 0.200000
0  0.430300 0.962985 0.743100  -0.513818 -0.681154 0.521556  0.885864 0.124420 2 5 0.500000 6 0.500000
0  0.290375 1.309055 0.739590  -0.862083 -0.103656 0.496053  0.922943 0.124420 2 5 0.600000 6 0.400000
Leo1A
0  1.020355 0.884245 0.416410  0.077621 -0.973099 0.216920  0.833649 0.087952 2 6 0.800000 5 0.200000
0  1.141050 0.854800 0.481415  0.359057 -0.903677 -0.233337  0.805573 0.098907 2 6 0.800000 5 0.200000
0  0.679930 0.906680 0.413055  -0.172372 -0.884945 0.432620  0.866821 0.087952 2 6 0.800000 5 0.200000
Leo1A
0  0.679930 0.906680 0.413055  -0.172372 -0.884945 0.432620  0.866821 0.087952 2 6 0.800000 5 0.200000
0  1.141050 0.854800 0.481415  0.359057 -0.903677 -0.233337  0.805573 0.098907 2 6 0.800000 5 0.200000
0  0.416870 0.946960 0.473935  -0.591159 -0.758858 -0.273249  0.888123 0.098907 2 6 0.800000 5 0.200000
Leo1A
0  0.410005 1.024630 0.412750  -0.871244 -0.463534 0.161461  0.886780 0.087952 2 6 0.800000 5 0.200000
0  0.679930 0.906680 0.413055  -0.172372 -0.884945 0.432620  0.866821 0.087952 2 6 0.800000 5 0.200000
0  0.416870 0.946960 0.473935  -0.591159 -0.758858 -0.273249  0.888123 0.098907 2 6 0.800000 5 0.200000
Leo1A
0  0.314790 0.830080 0.203395  -0.759523 -0.456308 0.463581  0.890991 0.053864 2 6 0.850000 5 0.150000
0  0.679930 0.906680 0.413055  -0.172372 -0.884945 0.432620  0.866821 0.087952 2 6 0.800000 5 0.200000
0  0.410005 1.024630 0.412750  -0.871244 -0.463534 0.161461  0.886780 0.087952 2 6 0.800000 5 0.200000
Leo1A
0  1.141050 0.854800 0.481415  0.359057 -0.903677 -0.233337  0.805573 0.098907 2 6 0.800000 5 0.200000
0  1.020355 0.884245 0.416410  0.077621 -0.973099 0.216920  0.833649 0.087952 2 6 0.800000 5 0.200000
0  1.243745 0.980990 0.428465  0.588891 -0.782993 0.200322  0.805756 0.087952 2 6 0.800000 5 0.200000
Leo1A
0  1.243745 0.980990 0.428465  0.588891 -0.782993 0.200322  0.805756 0.087952 2 6 0.800000 5 0.200000
0  1.020355 0.884245 0.416410  0.077621 -0.973099 0.216920  0.833649 0.087952 2 6 0.800000 5 0.200000
0  1.467895 0.833435 0.205840  0.687053 -0.511870 0.515700  0.805664 0.053864 2 6 0.850000 5 0.150000
Leo1A
0  1.020355 0.884245 0.416410  0.077621 -0.973099 0.216920  0.833649 0.087952 2 6 0.800000 5 0.200000
0  1.168845 0.682940 0.214325  0.118179 -0.834432 0.538291  0.831177 0.053864 1 6 1.000000
0  1.467895 0.833435 0.205840  0.687053 -0.511870 0.515700  0.805664 0.053864 2 6 0.850000 5 0.150000
Leo1A
0  1.109030 0.696825 0.221495  0.129277 -0.814396 0.565727  0.833588 0.053864 1 6 1.000000
0  1.168845 0.682940 0.214325  0.118179 -0.834432 0.538291  0.831177 0.053864 1 6 1.000000
0  1.020355 0.884245 0.416410  0.077621 -0.973099 0.216920  0.833649 0.087952 2 6 0.800000 5 0.200000
Leo1A
0  1.109030 0.696825 0.221495  0.129277 -0.814396 0.565727  0.833588 0.053864 1 6 1.000000
0  1.020355 0.884245 0.416410  0.077621 -0.973099 0.216920  0.833649 0.087952 2 6 0.800000 5 0.200000
0  1.056540 0.667985 0.220580  0.190425 -0.816635 0.544836  0.836151 0.053864 1 6 1.000000
Leo1A
0  1.056540 0.667985 0.220580  0.190425 -0.816635 0.544836  0.836151 0.053864 1 6 1.000000
0  1.020355 0.884245 0.416410  0.077621 -0.973099 0.216920  0.833649 0.087952 2 6 0.800000 5 0.200000
0  0.679930 0.906680 0.413055  -0.172372 -0.884945 0.432620  0.866821 0.087952 2 6 0.800000 5 0.200000
Leo1A
0  0.679930 0.906680 0.413055  -0.172372 -0.884945 0.432620  0.866821 0.087952 2 6 0.800000 5 0.200000
0  0.703605 0.669515 0.220275  -0.193490 -0.822479 0.534873  0.864502 0.053864 1 6 1.000000
0  1.056540 0.667985 0.220580  0.190425 -0.816635 0.544836  0.836151 0.053864 1 6 1.000000
Leo1A
0  0.644095 0.698960 0.221040  -0.113373 -0.809419 0.576183  0.866821 0.053864 1 6 1.000000
0  0.703605 0.669515 0.220275  -0.193490 -0.822479 0.534873  0.864502 0.053864 1 6 1.000000
0  0.679930 0.906680 0.413055  -0.172372 -0.884945 0.432620  0.866821 0.087952 2 6 0.800000 5 0.200000
Leo1A
0  0.589775 0.685075 0.214020  -0.119361 -0.826802 0.549683  0.869171 0.053864 1 6 1.000000
0  0.644095 0.698960 0.221040  -0.113373 -0.809419 0.576183  0.866821 0.053864 1 6 1.000000
0  0.679930 0.906680 0.413055  -0.172372 -0.884945 0.432620  0.866821 0.087952 2 6 0.800000 5 0.200000
Leo1A
0  0.679930 0.906680 0.413055  -0.172372 -0.884945 0.432620  0.866821 0.087952 2 6 0.800000 5 0.200000
0  0.314790 0.830080 0.203395  -0.759523 -0.456308 0.463581  0.890991 0.053864 2 6 0.850000 5 0.150000
0  0.589775 0.685075 0.214020  -0.119361 -0.826802 0.549683  0.869171 0.053864 1 6 1.000000
Leo1A
0  0.314790 0.830080 0.203395  -0.759523 -0.456308 0.463581  0.890991 0.053864 2 6 0.850000 5 0.150000
0  0.305200 0.765645 0.086915  -0.787185 -0.616465 0.017610  0.892151 0.020905 1 6 1.000000
0  0.589775 0.685075 0.214020  -0.119361 -0.826802 0.549683  0.869171 0.053864 1 6 1.000000
Leo1A
0  1.001585 0.975800 1.095730  0.322660 -0.922437 -0.212131  0.806183 0.159271 3 5 0.500000 4 0.400000 6 0.100000
0  1.037290 1.008605 0.793610  0.179801 -0.750479 0.635966  0.806183 0.137390 2 5 0.500000 6 0.500000
0  1.293945 1.187135 0.813905  0.672429 -0.345815 0.654409  0.742859 0.137360 2 5 0.600000 6 0.400000
Leo1A
0  1.293945 1.187135 0.813905  0.672429 -0.345815 0.654409  0.742859 0.137360 2 5 0.600000 6 0.400000
0  1.037290 1.008605 0.793610  0.179801 -0.750479 0.635966  0.806183 0.137390 2 5 0.500000 6 0.500000
0  1.056975 0.882720 0.751190  0.170276 -0.796966 0.579526  0.806183 0.124420 2 5 0.500000 6 0.500000
Leo1A
0  1.293945 1.187135 0.813905  0.672429 -0.345815 0.654409  0.742859 0.137360 2 5 0.600000 6 0.400000
0  1.056975 0.882720 0.751190  0.170276 -0.796966 0.579526  0.806183 0.124420 2 5 0.500000 6 0.500000
0  1.401365 1.145325 0.754700  0.745697 -0.401155 0.531987  0.742798 0.124420 2 5 0.600000 6 0.400000
Leo1A
0  1.401365 1.145325 0.754700  0.745697 -0.401155 0.531987  0.742798 0.124420 2 5 0.600000 6 0.400000
0  1.056975 0.882720 0.751190  0.170276 -0.796966 0.579526  0.806183 0.124420 2 5 0.500000 6 0.500000
0  1.440735 1.139830 0.499725  0.900037 -0.398913 -0.175503  0.742889 0.098907 2 6 0.800000 5 0.200000
Leo1A
0  1.401365 1.145325 0.754700  0.745697 -0.401155 0.531987  0.742798 0.124420 2 5 0.600000 6 0.400000
0  1.440735 1.139830 0.499725  0.900037 -0.398913 -0.175503  0.742889 0.098907 2 6 0.800000 5 0.200000
0  1.471405 1.569060 0.493470  0.927786 0.145572 -0.343543  0.668793 0.098907 2 5 0.800000 6 0.200000
Leo1A
0  1.471405 1.569060 0.493470  0.927786 0.145572 -0.343543  0.668793 0.098907 2 5 0.800000 6 0.200000
0  1.440735 1.139830 0.499725  0.900037 -0.398913 -0.175503  0.742889 0.098907 2 6 0.800000 5 0.200000
0  1.389160 1.126405 0.431670  0.917108 -0.386171 0.098921  0.742828 0.087952 2 6 0.800000 5 0.200000
Leo1A
0  1.471405 1.569060 0.493470  0.927786 0.145572 -0.343543  0.668793 0.098907 2 5 0.800000 6 0.200000
0  1.389160 1.126405 0.431670  0.917108 -0.386171 0.098921  0.742828 0.087952 2 6 0.800000 5 0.200000
0  1.374970 1.568455 0.426480  0.905381 0.230532 -0.356567  0.656525 0.087921 2 5 0.800000 6 0.200000
Leo1A
0  1.374970 1.568455 0.426480  0.905381 0.230532 -0.356567  0.656525 0.087921 2 5 0.800000 6 0.200000
0  1.389160 1.126405 0.431670  0.917108 -0.386171 0.098921  0.742828 0.087952 2 6 0.800000 5 0.200000
0  1.562805 1.101840 0.175625  0.986645 0.024778 0.160990  0.742859 0.053864 2 6 0.800000 5 0.200000
Leo1A
0  1.562805 1.101840 0.175625  0.986645 0.024778 0.160990  0.742859 0.053864 2 6 0.800000 5 0.200000
0  1.444090 1.514590 0.153045  0.944291 0.273419 -0.183183  0.652588 0.053864 2 5 0.700000 6 0.300000
0  1.374970 1.568455 0.426480  0.905381 0.230532 -0.356567  0.656525 0.087921 2 5 0.800000 6 0.200000
Leo1A
0  1.444090 1.514590 0.153045  0.944291 0.273419 -0.183183  0.652588 0.053864 2 5 0.700000 6 0.300000
0  1.562805 1.101840 0.175625  0.986645 0.024778 0.160990  0.742859 0.053864 2 6 0.800000 5 0.200000
0  1.343710 1.569475 0.018860  0.450142 0.225684 -0.863967  0.640015 0.008453 1 6 1.000000
Leo1A
0  1.343710 1.569475 0.018860  0.450142 0.225684 -0.863967  0.640015 0.008453 1 6 1.000000
0  1.562805 1.101840 0.175625  0.986645 0.024778 0.160990  0.742859 0.053864 2 6 0.800000 5 0.200000
0  1.546960 1.007495 0.011995  0.768581 -0.046435 -0.638065  0.747009 0.008453 1 6 1.000000
Leo1A
0  1.562805 1.101840 0.175625  0.986645 0.024778 0.160990  0.742859 0.053864 2 6 0.800000 5 0.200000
0  1.467895 0.833435 0.205840  0.687053 -0.511870 0.515700  0.805664 0.053864 2 6 0.850000 5 0.150000
0  1.546960 1.007495 0.011995  0.768581 -0.046435 -0.638065  0.747009 0.008453 1 6 1.000000
Leo1A
0  1.467895 0.833435 0.205840  0.687053 -0.511870 0.515700  0.805664 0.053864 2 6 0.850000 5 0.150000
0  1.478600 0.768390 0.086610  0.716640 -0.692923 0.079277  0.806152 0.020386 1 6 1.000000
0  1.546960 1.007495 0.011995  0.768581 -0.046435 -0.638065  0.747009 0.008453 1 6 1.000000
Leo1A
0  1.467895 0.833435 0.205840  0.687053 -0.511870 0.515700  0.805664 0.053864 2 6 0.850000 5 0.150000
0  1.168845 0.682940 0.214325  0.118179 -0.834432 0.538291  0.831177 0.053864 1 6 1.000000
0  1.478600 0.768390 0.086610  0.716640 -0.692923 0.079277  0.806152 0.020386 1 6 1.000000
Leo1A
0  1.168845 0.682940 0.214325  0.118179 -0.834432 0.538291  0.831177 0.053864 1 6 1.000000
0  1.196465 0.641895 0.090120  0.118920 -0.990390 -0.070614  0.831177 0.020599 1 6 1.000000
0  1.478600 0.768390 0.086610  0.716640 -0.692923 0.079277  0.806152 0.020386 1 6 1.000000
Leo1A
0  1.196465 0.641895 0.090120  0.118920 -0.990390 -0.070614  0.831177 0.020599 1 6 1.000000
0  1.168845 0.682940 0.214325  0.118179 -0.834432 0.538291  0.831177 0.053864 1 6 1.000000
0  1.109030 0.696825 0.221495  0.129277 -0.814396 0.565727  0.833588 0.053864 1 6 1.000000
Leo1A
0  1.196465 0.641895 0.090120  0.118920 -0.990390 -0.070614  0.831177 0.020599 1 6 1.000000
0  1.109030 0.696825 0.221495  0.129277 -0.814396 0.565727  0.833588 0.053864 1 6 1.000000
0  1.132225 0.655320 0.091795  0.093606 -0.989155 -0.113182  0.833557 0.020569 1 6 1.000000
Leo1A
0  1.132225 0.655320 0.091795  0.093606 -0.989155 -0.113182  0.833557 0.020569 1 6 1.000000
0  1.109030 0.696825 0.221495  0.129277 -0.814396 0.565727  0.833588 0.053864 1 6 1.000000
0  1.056540 0.667985 0.220580  0.190425 -0.816635 0.544836  0.836151 0.053864 1 6 1.000000
Leo1A
0  1.546960 1.007495 0.011995  0.768581 -0.046435 -0.638065  0.747009 0.008453 1 6 1.000000
0  1.478600 0.768390 0.086610  0.716640 -0.692923 0.079277  0.806152 0.020386 1 6 1.000000
0  1.483025 0.802110 0.001310  0.581863 -0.412685 -0.700804  0.806152 0.008759 1 6 1.000000
Leo1A
0  1.478600 0.768390 0.086610  0.716640 -0.692923 0.079277  0.806152 0.020386 1 6 1.000000
0  1.196465 0.641895 0.090120  0.118920 -0.990390 -0.070614  0.831177 0.020599 1 6 1.000000
0  1.483025 0.802110 0.001310  0.581863 -0.412685 -0.700804  0.806152 0.008759 1 6 1.000000
Leo1A
0  1.483025 0.802110 0.001310  0.581863 -0.412685 -0.700804  0.806152 0.008759 1 6 1.000000
0  1.196465 0.641895 0.090120  0.118920 -0.990390 -0.070614  0.831177 0.020599 1 6 1.000000
0  1.179985 0.696215 -0.009065  -0.013358 -0.566649 -0.823851  0.831177 0.008759 1 6 1.000000
Leo1A
0  1.179985 0.696215 -0.009065  -0.013358 -0.566649 -0.823851  0.831177 0.008759 1 6 1.000000
0  1.196465 0.641895 0.090120  0.118920 -0.990390 -0.070614  0.831177 0.020599 1 6 1.000000
0  1.132225 0.655320 0.091795  0.093606 -0.989155 -0.113182  0.833557 0.020569 1 6 1.000000
Leo1A
0  1.132225 0.655320 0.091795  0.093606 -0.989155 -0.113182  0.833557 0.020569 1 6 1.000000
0  1.130545 0.719410 -0.009675  0.017576 -0.351539 -0.936008  0.833557 0.008759 1 6 1.000000
0  1.179985 0.696215 -0.009065  -0.013358 -0.566649 -0.823851  0.831177 0.008759 1 6 1.000000
Leo1A
0  1.067830 0.624805 0.091950  0.213514 -0.972206 -0.096060  0.836151 0.020599 1 6 1.000000
0  1.130545 0.719410 -0.009675  0.017576 -0.351539 -0.936008  0.833557 0.008759 1 6 1.000000
0  1.132225 0.655320 0.091795  0.093606 -0.989155 -0.113182  0.833557 0.020569 1 6 1.000000
Leo1A
0  1.067830 0.624805 0.091950  0.213514 -0.972206 -0.096060  0.836151 0.020599 1 6 1.000000
0  1.074700 0.686600 -0.009675  0.167071 -0.535032 -0.828148  0.836151 0.008759 1 6 1.000000
0  1.130545 0.719410 -0.009675  0.017576 -0.351539 -0.936008  0.833557 0.008759 1 6 1.000000
Leo1A
0  0.713675 0.625260 0.091795  -0.177687 -0.978865 -0.101245  0.864502 0.020813 1 6 1.000000
0  1.074700 0.686600 -0.009675  0.167071 -0.535032 -0.828148  0.836151 0.008759 1 6 1.000000
0  1.067830 0.624805 0.091950  0.213514 -0.972206 -0.096060  0.836151 0.020599 1 6 1.000000
Leo1A
0  0.713675 0.625260 0.091795  -0.177687 -0.978865 -0.101245  0.864502 0.020813 1 6 1.000000
0  0.713370 0.686905 -0.009675  -0.124194 -0.520544 -0.844755  0.864502 0.008759 1 6 1.000000
0  1.074700 0.686600 -0.009675  0.167071 -0.535032 -0.828148  0.836151 0.008759 1 6 1.000000
Leo1A
0  0.635550 0.655780 0.091795  -0.070669 -0.990599 -0.117134  0.866821 0.020782 1 6 1.000000
0  0.713370 0.686905 -0.009675  -0.124194 -0.520544 -0.844755  0.864502 0.008759 1 6 1.000000
0  0.713675 0.625260 0.091795  -0.177687 -0.978865 -0.101245  0.864502 0.020813 1 6 1.000000
Leo1A
0  0.649285 0.719560 -0.009675  -0.038326 -0.369890 -0.928285  0.866821 0.008759 1 6 1.000000
0  0.713370 0.686905 -0.009675  -0.124194 -0.520544 -0.844755  0.864502 0.008759 1 6 1.000000
0  0.635550 0.655780 0.091795  -0.070669 -0.990599 -0.117134  0.866821 0.020782 1 6 1.000000
Leo1A
0  0.649285 0.719560 -0.009675  -0.038326 -0.369890 -0.928285  0.866821 0.008759 1 6 1.000000
0  0.635550 0.655780 0.091795  -0.070669 -0.990599 -0.117134  0.866821 0.020782 1 6 1.000000
0  0.571770 0.641435 0.089965  -0.106862 -0.991112 -0.079228  0.869171 0.020813 1 6 1.000000
Leo1A
0  0.649285 0.719560 -0.009675  -0.038326 -0.369890 -0.928285  0.866821 0.008759 1 6 1.000000
0  0.571770 0.641435 0.089965  -0.106862 -0.991112 -0.079228  0.869171 0.020813 1 6 1.000000
0  0.587485 0.696215 -0.009065  0.006647 -0.582108 -0.813084  0.869202 0.008759 1 6 1.000000
Leo1A
0  0.587485 0.696215 -0.009065  0.006647 -0.582108 -0.813084  0.869202 0.008759 1 6 1.000000
0  0.571770 0.641435 0.089965  -0.106862 -0.991112 -0.079228  0.869171 0.020813 1 6 1.000000
0  0.318780 0.798755 0.001465  -0.593261 -0.370856 -0.714498  0.889526 0.008759 1 6 1.000000
Leo1A
0  -1.233370 -0.935670 2.637480  -0.613148 0.762205 0.207589  0.120819 0.360474 2 13 0.600000 21 0.400000
0  -1.202545 -0.992430 2.801665  -0.728573 0.601213 0.328214  0.127075 0.374847 2 13 0.700000 21 0.300000
0  -1.096955 -0.901030 2.501830  -0.839623 0.516985 -0.166613  0.091370 0.354889 3 13 0.600000 21 0.300000 3 0.100000
Leo1A
0  -1.096955 -0.901030 2.501830  -0.839623 0.516985 -0.166613  0.091370 0.354889 3 13 0.600000 21 0.300000 3 0.100000
0  -1.202545 -0.992430 2.801665  -0.728573 0.601213 0.328214  0.127075 0.374847 2 13 0.700000 21 0.300000
0  -1.115570 -0.990755 2.935790  -0.903146 0.285805 0.320378  0.134583 0.403503 2 13 0.800000 21 0.200000
Leo1A
0  -1.115570 -0.990755 2.935790  -0.903146 0.285805 0.320378  0.134583 0.403503 2 13 0.800000 21 0.200000
0  -1.202545 -0.992430 2.801665  -0.728573 0.601213 0.328214  0.127075 0.374847 2 13 0.700000 21 0.300000
0  -1.068725 -1.311800 3.205260  -0.837783 -0.051442 0.543575  0.169891 0.440002 2 13 0.850000 21 0.150000
Leo1A
0  -1.280975 -1.805725 1.336975  -0.870787 -0.491006 0.025353  0.222290 0.209503 2 21 0.500000 22 0.500000
0  -1.045225 -2.063295 1.408995  -0.424559 -0.897594 -0.118634  0.266876 0.230652 2 21 0.500000 22 0.500000
0  -1.258085 -1.838685 1.704405  -0.894747 -0.446459 -0.010116  0.214417 0.250031 2 21 0.800000 22 0.200000
Leo1A
0  -1.258085 -1.838685 1.704405  -0.894747 -0.446459 -0.010116  0.214417 0.250031 2 21 0.800000 22 0.200000
0  -1.045225 -2.063295 1.408995  -0.424559 -0.897594 -0.118634  0.266876 0.230652 2 21 0.500000 22 0.500000
0  -1.027985 -2.124330 1.728360  -0.451140 -0.886489 -0.103008  0.273224 0.268585 3 21 0.700000 22 0.200000 13 0.100000
Leo1A
0  -1.027985 -2.124330 1.728360  -0.451140 -0.886489 -0.103008  0.273224 0.268585 3 21 0.700000 22 0.200000 13 0.100000
0  -1.239090 -1.887535 2.206835  -0.888053 -0.455652 0.061183  0.219177 0.303375 1 21 1.000000
0  -1.258085 -1.838685 1.704405  -0.894747 -0.446459 -0.010116  0.214417 0.250031 2 21 0.800000 22 0.200000
Leo1A
0  -1.239090 -1.887535 2.206835  -0.888053 -0.455652 0.061183  0.219177 0.303375 1 21 1.000000
0  -1.027985 -2.124330 1.728360  -0.451140 -0.886489 -0.103008  0.273224 0.268585 3 21 0.700000 22 0.200000 13 0.100000
0  -0.996705 -2.156680 2.248230  -0.440259 -0.895129 0.070116  0.282074 0.321533 2 21 0.800000 13 0.200000
Leo1A
0  -0.996705 -2.156680 2.248230  -0.440259 -0.895129 0.070116  0.282074 0.321533 2 21 0.800000 13 0.200000
0  -1.178435 -1.911470 2.569275  -0.840263 -0.490797 0.230382  0.222321 0.339417 2 13 0.500000 21 0.500000
0  -1.239090 -1.887535 2.206835  -0.888053 -0.455652 0.061183  0.219177 0.303375 1 21 1.000000
Leo1A
0  -1.178435 -1.911470 2.569275  -0.840263 -0.490797 0.230382  0.222321 0.339417 2 13 0.500000 21 0.500000
0  -0.996705 -2.156680 2.248230  -0.440259 -0.895129 0.070116  0.282074 0.321533 2 21 0.800000 13 0.200000
0  -1.014250 -2.091830 2.559815  -0.469957 -0.850493 0.236226  0.260040 0.344574 2 13 0.500000 21 0.500000
Leo1A
0  -1.014250 -2.091830 2.559815  -0.469957 -0.850493 0.236226  0.260040 0.344574 2 13 0.500000 21 0.500000
0  -1.067045 -1.895445 2.835540  -0.714102 -0.571131 0.404805  0.226715 0.370392 2 13 0.700000 21 0.300000
0  -1.178435 -1.911470 2.569275  -0.840263 -0.490797 0.230382  0.222321 0.339417 2 13 0.500000 21 0.500000
Leo1A
0  -1.014250 -2.091830 2.559815  -0.469957 -0.850493 0.236226  0.260040 0.344574 2 13 0.500000 21 0.500000
0  -0.830690 -2.057800 2.834015  -0.984179 0.060187 -0.166640  0.326202 0.396637 2 13 0.900000 14 0.100000
0  -1.067045 -1.895445 2.835540  -0.714102 -0.571131 0.404805  0.226715 0.370392 2 13 0.700000 21 0.300000
Leo1A
0  -1.067045 -1.895445 2.835540  -0.714102 -0.571131 0.404805  0.226715 0.370392 2 13 0.700000 21 0.300000
0  -0.830690 -2.057800 2.834015  -0.984179 0.060187 -0.166640  0.326202 0.396637 2 13 0.900000 14 0.100000
0  -1.011505 -1.835480 3.004915  -0.694917 -0.550425 0.462734  0.241974 0.400238 2 13 0.900000 21 0.100000
Leo1A
0  -0.830690 -2.057800 2.834015  -0.984179 0.060187 -0.166640  0.326202 0.396637 2 13 0.900000 14 0.100000
0  -0.938720 -1.775820 3.183745  -0.744600 -0.432809 0.508181  0.259338 0.454529 2 13 0.950000 21 0.050000
0  -1.011505 -1.835480 3.004915  -0.694917 -0.550425 0.462734  0.241974 0.400238 2 13 0.900000 21 0.100000
Leo1A
0  -1.068725 -1.311800 3.205260  -0.837783 -0.051442 0.543575  0.169891 0.440002 2 13 0.850000 21 0.150000
0  -1.011505 -1.835480 3.004915  -0.694917 -0.550425 0.462734  0.241974 0.400238 2 13 0.900000 21 0.100000
0  -0.938720 -1.775820 3.183745  -0.744600 -0.432809 0.508181  0.259338 0.454529 2 13 0.950000 21 0.050000
Leo1A
0  -1.196290 -1.414490 2.983855  -0.877239 -0.096924 0.470168  0.182312 0.403565 2 13 0.750000 21 0.250000
0  -1.011505 -1.835480 3.004915  -0.694917 -0.550425 0.462734  0.241974 0.400238 2 13 0.900000 21 0.100000
0  -1.068725 -1.311800 3.205260  -0.837783 -0.051442 0.543575  0.169891 0.440002 2 13 0.850000 21 0.150000
Leo1A
0  -1.202545 -0.992430 2.801665  -0.728573 0.601213 0.328214  0.127075 0.374847 2 13 0.700000 21 0.300000
0  -1.196290 -1.414490 2.983855  -0.877239 -0.096924 0.470168  0.182312 0.403565 2 13 0.750000 21 0.250000
0  -1.068725 -1.311800 3.205260  -0.837783 -0.051442 0.543575  0.169891 0.440002 2 13 0.850000 21 0.150000
Leo1A
0  -1.277925 -1.464540 2.788695  -0.940735 -0.127582 0.314229  0.178375 0.373871 2 13 0.600000 21 0.400000
0  -1.196290 -1.414490 2.983855  -0.877239 -0.096924 0.470168  0.182312 0.403565 2 13 0.750000 21 0.250000
0  -1.202545 -0.992430 2.801665  -0.728573 0.601213 0.328214  0.127075 0.374847 2 13 0.700000 21 0.300000
Leo1A
0  -1.202545 -0.992430 2.801665  -0.728573 0.601213 0.328214  0.127075 0.374847 2 13 0.700000 21 0.300000
0  -1.233370 -0.935670 2.637480  -0.613148 0.762205 0.207589  0.120819 0.360474 2 13 0.600000 21 0.400000
0  -1.277925 -1.464540 2.788695  -0.940735 -0.127582 0.314229  0.178375 0.373871 2 13 0.600000 21 0.400000
Leo1A
0  -1.277925 -1.464540 2.788695  -0.940735 -0.127582 0.314229  0.178375 0.373871 2 13 0.600000 21 0.400000
0  -1.233370 -0.935670 2.637480  -0.613148 0.762205 0.207589  0.120819 0.360474 2 13 0.600000 21 0.400000
0  -1.280210 -1.011200 2.436065  -0.813588 0.563599 -0.142940  0.127624 0.347107 2 13 0.500000 21 0.500000
Leo1A
0  -1.280210 -1.011200 2.436065  -0.813588 0.563599 -0.142940  0.127624 0.347107 2 13 0.500000 21 0.500000
0  -1.233370 -0.935670 2.637480  -0.613148 0.762205 0.207589  0.120819 0.360474 2 13 0.600000 21 0.400000
0  -1.096955 -0.901030 2.501830  -0.839623 0.516985 -0.166613  0.091370 0.354889 3 13 0.600000 21 0.300000 3 0.100000
Leo1A
0  -1.280210 -1.011200 2.436065  -0.813588 0.563599 -0.142940  0.127624 0.347107 2 13 0.500000 21 0.500000
0  -1.096955 -0.901030 2.501830  -0.839623 0.516985 -0.166613  0.091370 0.354889 3 13 0.600000 21 0.300000 3 0.100000
0  -1.173250 -1.018370 2.316435  -0.453501 0.854225 -0.254236  0.110596 0.335083 2 13 0.500000 21 0.500000
Leo1A
0  -1.338350 -1.505435 2.519380  -0.982751 -0.135204 0.126172  0.185455 0.339691 2 13 0.500000 21 0.500000
0  -1.277925 -1.464540 2.788695  -0.940735 -0.127582 0.314229  0.178375 0.373871 2 13 0.600000 21 0.400000
0  -1.280210 -1.011200 2.436065  -0.813588 0.563599 -0.142940  0.127624 0.347107 2 13 0.500000 21 0.500000
Leo1A
0  -1.196290 -1.414490 2.983855  -0.877239 -0.096924 0.470168  0.182312 0.403565 2 13 0.750000 21 0.250000
0  -1.277925 -1.464540 2.788695  -0.940735 -0.127582 0.314229  0.178375 0.373871 2 13 0.600000 21 0.400000
0  -1.011505 -1.835480 3.004915  -0.694917 -0.550425 0.462734  0.241974 0.400238 2 13 0.900000 21 0.100000
Leo1A
0  -1.011505 -1.835480 3.004915  -0.694917 -0.550425 0.462734  0.241974 0.400238 2 13 0.900000 21 0.100000
0  -1.277925 -1.464540 2.788695  -0.940735 -0.127582 0.314229  0.178375 0.373871 2 13 0.600000 21 0.400000
0  -1.067045 -1.895445 2.835540  -0.714102 -0.571131 0.404805  0.226715 0.370392 2 13 0.700000 21 0.300000
Leo1A
0  -1.067045 -1.895445 2.835540  -0.714102 -0.571131 0.404805  0.226715 0.370392 2 13 0.700000 21 0.300000
0  -1.277925 -1.464540 2.788695  -0.940735 -0.127582 0.314229  0.178375 0.373871 2 13 0.600000 21 0.400000
0  -1.338350 -1.505435 2.519380  -0.982751 -0.135204 0.126172  0.185455 0.339691 2 13 0.500000 21 0.500000
Leo1A
0  -1.178435 -1.911470 2.569275  -0.840263 -0.490797 0.230382  0.222321 0.339417 2 13 0.500000 21 0.500000
0  -1.067045 -1.895445 2.835540  -0.714102 -0.571131 0.404805  0.226715 0.370392 2 13 0.700000 21 0.300000
0  -1.338350 -1.505435 2.519380  -0.982751 -0.135204 0.126172  0.185455 0.339691 2 13 0.500000 21 0.500000
Leo1A
0  -1.178435 -1.911470 2.569275  -0.840263 -0.490797 0.230382  0.222321 0.339417 2 13 0.500000 21 0.500000
0  -1.338350 -1.505435 2.519380  -0.982751 -0.135204 0.126172  0.185455 0.339691 2 13 0.500000 21 0.500000
0  -1.338195 -1.492615 2.155000  -0.999791 -0.017923 -0.009784  0.172577 0.304657 2 21 0.800000 13 0.200000
Leo1A
0  -1.338195 -1.492615 2.155000  -0.999791 -0.017923 -0.009784  0.172577 0.304657 2 21 0.800000 13 0.200000
0  -1.338350 -1.505435 2.519380  -0.982751 -0.135204 0.126172  0.185455 0.339691 2 13 0.500000 21 0.500000
0  -1.280210 -1.011200 2.436065  -0.813588 0.563599 -0.142940  0.127624 0.347107 2 13 0.500000 21 0.500000
Leo1A
0  -1.248320 -1.063235 2.258455  -0.751014 0.607994 -0.257529  0.121491 0.326569 2 21 0.600000 13 0.400000
0  -1.338195 -1.492615 2.155000  -0.999791 -0.017923 -0.009784  0.172577 0.304657 2 21 0.800000 13 0.200000
0  -1.280210 -1.011200 2.436065  -0.813588 0.563599 -0.142940  0.127624 0.347107 2 13 0.500000 21 0.500000
Leo1A
0  -1.173250 -1.018370 2.316435  -0.453501 0.854225 -0.254236  0.110596 0.335083 2 13 0.500000 21 0.500000
0  -1.248320 -1.063235 2.258455  -0.751014 0.607994 -0.257529  0.121491 0.326569 2 21 0.600000 13 0.400000
0  -1.280210 -1.011200 2.436065  -0.813588 0.563599 -0.142940  0.127624 0.347107 2 13 0.500000 21 0.500000
Leo1A
0  -0.567015 -0.591280 3.587950  -0.314958 0.032066 0.948564  0.392517 0.550354 2 13 0.700000 3 0.300000
0  -0.668640 -0.190125 3.488160  -0.488862 0.010588 0.872297  0.456787 0.579559 2 3 0.500000 13 0.500000
0  -0.756685 -0.729370 3.489685  -0.594261 0.053378 0.802499  0.372436 0.609131 3 13 0.750000 3 0.200000 21 0.050000
Leo1A
0  -0.945435 -0.644990 3.268890  -0.829948 0.041114 0.556323  0.409058 0.656494 3 13 0.850000 3 0.100000 21 0.050000
0  -1.057740 -0.913085 3.104095  -0.929255 0.115151 0.351035  0.330994 0.704987 2 13 0.850000 21 0.150000
0  -0.935670 -0.978090 3.351590  -0.770213 0.088189 0.631661  0.344849 0.659668 2 13 0.900000 21 0.100000
Leo1A
0  -0.945435 -0.644990 3.268890  -0.829948 0.041114 0.556323  0.409058 0.656494 3 13 0.850000 3 0.100000 21 0.050000
0  -0.935670 -0.978090 3.351590  -0.770213 0.088189 0.631661  0.344849 0.659668 2 13 0.900000 21 0.100000
0  -0.756685 -0.729370 3.489685  -0.594261 0.053378 0.802499  0.372436 0.609131 3 13 0.750000 3 0.200000 21 0.050000
Leo1A
0  -0.756685 -0.729370 3.489685  -0.594261 0.053378 0.802499  0.372436 0.609131 3 13 0.750000 3 0.200000 21 0.050000
0  -0.966950 -0.255430 3.244475  -0.802491 0.003918 0.596651  0.454224 0.657044 2 3 0.500000 13 0.500000
0  -0.945435 -0.644990 3.268890  -0.829948 0.041114 0.556323  0.409058 0.656494 3 13 0.850000 3 0.100000 21 0.050000
Leo1A
0  -0.801390 -0.220185 3.398285  -0.632615 0.007665 0.774428  0.461243 0.610321 2 3 0.500000 13 0.500000
0  -0.966950 -0.255430 3.244475  -0.802491 0.003918 0.596651  0.454224 0.657044 2 3 0.500000 13 0.500000
0  -0.756685 -0.729370 3.489685  -0.594261 0.053378 0.802499  0.372436 0.609131 3 13 0.750000 3 0.200000 21 0.050000
Leo1A
0  -0.668640 -0.190125 3.488160  -0.488862 0.010588 0.872297  0.456787 0.579559 2 3 0.500000 13 0.500000
0  -0.801390 -0.220185 3.398285  -0.632615 0.007665 0.774428  0.461243 0.610321 2 3 0.500000 13 0.500000
0  -0.756685 -0.729370 3.489685  -0.594261 0.053378 0.802499  0.372436 0.609131 3 13 0.750000 3 0.200000 21 0.050000
Leo1A
0  -0.801390 -0.220185 3.398285  -0.632615 0.007665 0.774428  0.461243 0.610321 2 3 0.500000 13 0.500000
0  -0.668640 -0.190125 3.488160  -0.488862 0.010588 0.872297  0.456787 0.579559 2 3 0.500000 13 0.500000
0  -0.668640 -0.019380 3.506775  -0.454450 -0.137501 0.880096  0.480347 0.577881 2 3 0.700000 13 0.300000
Leo1A
0  -1.060945 -0.717925 3.035430  -0.950262 0.015027 0.311089  0.381897 0.701111 3 13 0.850000 3 0.100000 21 0.050000
0  -0.945435 -0.644990 3.268890  -0.829948 0.041114 0.556323  0.409058 0.656494 3 13 0.850000 3 0.100000 21 0.050000
0  -1.097565 -0.280610 3.005675  -0.952018 0.003185 0.306024  0.447784 0.699127 2 3 0.500000 13 0.500000
Leo1A
0  -1.097565 -0.280610 3.005675  -0.952018 0.003185 0.306024  0.447784 0.699127 2 3 0.500000 13 0.500000
0  -0.945435 -0.644990 3.268890  -0.829948 0.041114 0.556323  0.409058 0.656494 3 13 0.850000 3 0.100000 21 0.050000
0  -0.966950 -0.255430 3.244475  -0.802491 0.003918 0.596651  0.454224 0.657044 2 3 0.500000 13 0.500000
Leo1A
0  -1.045380 0.882875 3.378755  -0.826472 -0.080833 0.557144  0.607910 0.660553 2 3 0.600000 7 0.400000
0  -0.925750 0.963135 3.533325  -0.702984 0.010108 0.711134  0.606415 0.647095 2 3 0.700000 7 0.300000
0  -1.058805 1.237795 3.344725  -0.817927 0.164811 0.551210  0.653229 0.669647 2 3 0.600000 7 0.400000
Leo1A
0  -1.037750 0.510710 3.275910  -0.821756 -0.304492 0.481665  0.563080 0.659119 2 3 0.700000 7 0.300000
0  -0.925750 0.963135 3.533325  -0.702984 0.010108 0.711134  0.606415 0.647095 2 3 0.700000 7 0.300000
0  -1.045380 0.882875 3.378755  -0.826472 -0.080833 0.557144  0.607910 0.660553 2 3 0.600000 7 0.400000
Leo1A
0  -0.895845 0.679015 3.513795  -0.693867 -0.200749 0.691556  0.574097 0.638306 2 3 0.700000 7 0.300000
0  -0.925750 0.963135 3.533325  -0.702984 0.010108 0.711134  0.606415 0.647095 2 3 0.700000 7 0.300000
0  -1.037750 0.510710 3.275910  -0.821756 -0.304492 0.481665  0.563080 0.659119 2 3 0.700000 7 0.300000
Leo1A
0  -0.778505 0.886840 3.657685  -0.538774 -0.048195 0.841071  0.586456 0.609009 2 3 0.800000 7 0.200000
0  -0.925750 0.963135 3.533325  -0.702984 0.010108 0.711134  0.606415 0.647095 2 3 0.700000 7 0.300000
0  -0.895845 0.679015 3.513795  -0.693867 -0.200749 0.691556  0.574097 0.638306 2 3 0.700000 7 0.300000
Leo1A
0  -0.843200 0.263670 3.421785  -0.774922 -0.156983 0.612251  0.519806 0.626648 3 3 0.800000 7 0.100000 13 0.100000
0  -0.778505 0.886840 3.657685  -0.538774 -0.048195 0.841071  0.586456 0.609009 2 3 0.800000 7 0.200000
0  -0.895845 0.679015 3.513795  -0.693867 -0.200749 0.691556  0.574097 0.638306 2 3 0.700000 7 0.300000
Leo1A
0  -0.713350 0.368500 3.579560  -0.545159 -0.202893 0.813410  0.528809 0.586487 2 3 0.900000 13 0.100000
0  -0.778505 0.886840 3.657685  -0.538774 -0.048195 0.841071  0.586456 0.609009 2 3 0.800000 7 0.200000
0  -0.843200 0.263670 3.421785  -0.774922 -0.156983 0.612251  0.519806 0.626648 3 3 0.800000 7 0.100000 13 0.100000
Leo1A
0  -0.843200 0.263670 3.421785  -0.774922 -0.156983 0.612251  0.519806 0.626648 3 3 0.800000 7 0.100000 13 0.100000
0  -0.668640 -0.019380 3.506775  -0.454450 -0.137501 0.880096  0.480347 0.577881 2 3 0.700000 13 0.300000
0  -0.713350 0.368500 3.579560  -0.545159 -0.202893 0.813410  0.528809 0.586487 2 3 0.900000 13 0.100000
Leo1A
0  -0.843200 0.263670 3.421785  -0.774922 -0.156983 0.612251  0.519806 0.626648 3 3 0.800000 7 0.100000 13 0.100000
0  -0.812990 -0.066375 3.403775  -0.649682 -0.063870 0.757518  0.479858 0.615509 2 3 0.700000 13 0.300000
0  -0.668640 -0.019380 3.506775  -0.454450 -0.137501 0.880096  0.480347 0.577881 2 3 0.700000 13 0.300000
Leo1A
0  -0.812990 -0.066375 3.403775  -0.649682 -0.063870 0.757518  0.479858 0.615509 2 3 0.700000 13 0.300000
0  -0.801390 -0.220185 3.398285  -0.632615 0.007665 0.774428  0.461243 0.610321 2 3 0.500000 13 0.500000
0  -0.668640 -0.019380 3.506775  -0.454450 -0.137501 0.880096  0.480347 0.577881 2 3 0.700000 13 0.300000
Leo1A
0  -0.964815 -0.109255 3.251495  -0.815458 0.025066 0.578273  0.471832 0.657654 2 3 0.700000 13 0.300000
0  -0.801390 -0.220185 3.398285  -0.632615 0.007665 0.774428  0.461243 0.610321 2 3 0.500000 13 0.500000
0  -0.812990 -0.066375 3.403775  -0.649682 -0.063870 0.757518  0.479858 0.615509 2 3 0.700000 13 0.300000
Leo1A
0  -0.964815 -0.109255 3.251495  -0.815458 0.025066 0.578273  0.471832 0.657654 2 3 0.700000 13 0.300000
0  -0.966950 -0.255430 3.244475  -0.802491 0.003918 0.596651  0.454224 0.657044 2 3 0.500000 13 0.500000
0  -0.801390 -0.220185 3.398285  -0.632615 0.007665 0.774428  0.461243 0.610321 2 3 0.500000 13 0.500000
Leo1A
0  -1.092680 -0.142670 3.002320  -0.956958 0.111417 0.267989  0.467926 0.699493 2 3 0.700000 13 0.300000
0  -0.966950 -0.255430 3.244475  -0.802491 0.003918 0.596651  0.454224 0.657044 2 3 0.500000 13 0.500000
0  -0.964815 -0.109255 3.251495  -0.815458 0.025066 0.578273  0.471832 0.657654 2 3 0.700000 13 0.300000
Leo1A
0  -1.092680 -0.142670 3.002320  -0.956958 0.111417 0.267989  0.467926 0.699493 2 3 0.700000 13 0.300000
0  -1.097565 -0.280610 3.005675  -0.952018 0.003185 0.306024  0.447784 0.699127 2 3 0.500000 13 0.500000
0  -0.966950 -0.255430 3.244475  -0.802491 0.003918 0.596651  0.454224 0.657044 2 3 0.500000 13 0.500000
Leo1A
0  -1.125185 -0.308075 2.786105  -0.998911 0.041983 -0.020337  0.439758 0.724060 2 3 0.500000 13 0.500000
0  -1.097565 -0.280610 3.005675  -0.952018 0.003185 0.306024  0.447784 0.699127 2 3 0.500000 13 0.500000
0  -1.092680 -0.142670 3.002320  -0.956958 0.111417 0.267989  0.467926 0.699493 2 3 0.700000 13 0.300000
Leo1A
0  -1.097565 -0.280610 3.005675  -0.952018 0.003185 0.306024  0.447784 0.699127 2 3 0.500000 13 0.500000
0  -1.125185 -0.308075 2.786105  -0.998911 0.041983 -0.020337  0.439758 0.724060 2 3 0.500000 13 0.500000
0  -1.106415 -0.790560 2.811890  -0.997523 0.007919 0.069894  0.367676 0.727142 3 13 0.700000 3 0.150000 21 0.150000
Leo1A
0  -1.106415 -0.790560 2.811890  -0.997523 0.007919 0.069894  0.367676 0.727142 3 13 0.700000 3 0.150000 21 0.150000
0  -1.060945 -0.717925 3.035430  -0.950262 0.015027 0.311089  0.381897 0.701111 3 13 0.850000 3 0.100000 21 0.050000
0  -1.097565 -0.280610 3.005675  -0.952018 0.003185 0.306024  0.447784 0.699127 2 3 0.500000 13 0.500000
Leo1A
0  -1.060945 -0.717925 3.035430  -0.950262 0.015027 0.311089  0.381897 0.701111 3 13 0.850000 3 0.100000 21 0.050000
0  -1.106415 -0.790560 2.811890  -0.997523 0.007919 0.069894  0.367676 0.727142 3 13 0.700000 3 0.150000 21 0.150000
0  -1.057740 -0.913085 3.104095  -0.929255 0.115151 0.351035  0.330994 0.704987 2 13 0.850000 21 0.150000
Leo1A
0  -1.060945 -0.717925 3.035430  -0.950262 0.015027 0.311089  0.381897 0.701111 3 13 0.850000 3 0.100000 21 0.050000
0  -1.057740 -0.913085 3.104095  -0.929255 0.115151 0.351035  0.330994 0.704987 2 13 0.850000 21 0.150000
0  -0.945435 -0.644990 3.268890  -0.829948 0.041114 0.556323  0.409058 0.656494 3 13 0.850000 3 0.100000 21 0.050000
Leo1A
0  -0.936280 0.185700 3.267825  -0.895148 0.098599 0.434729  0.508118 0.659180 3 3 0.800000 7 0.100000 13 0.100000
0  -0.964815 -0.109255 3.251495  -0.815458 0.025066 0.578273  0.471832 0.657654 2 3 0.700000 13 0.300000
0  -0.812990 -0.066375 3.403775  -0.649682 -0.063870 0.757518  0.479858 0.615509 2 3 0.700000 13 0.300000
Leo1A
0  -0.936280 0.185700 3.267825  -0.895148 0.098599 0.434729  0.508118 0.659180 3 3 0.800000 7 0.100000 13 0.100000
0  -0.812990 -0.066375 3.403775  -0.649682 -0.063870 0.757518  0.479858 0.615509 2 3 0.700000 13 0.300000
0  -0.843200 0.263670 3.421785  -0.774922 -0.156983 0.612251  0.519806 0.626648 3 3 0.800000 7 0.100000 13 0.100000
Leo1A
0  -0.843200 0.263670 3.421785  -0.774922 -0.156983 0.612251  0.519806 0.626648 3 3 0.800000 7 0.100000 13 0.100000
0  -0.921480 0.262910 3.263700  -0.917430 -0.082002 0.389356  0.517029 0.659546 3 3 0.750000 7 0.200000 13 0.050000
0  -0.936280 0.185700 3.267825  -0.895148 0.098599 0.434729  0.508118 0.659180 3 3 0.800000 7 0.100000 13 0.100000
Leo1A
0  -0.895845 0.679015 3.513795  -0.693867 -0.200749 0.691556  0.574097 0.638306 2 3 0.700000 7 0.300000
0  -0.921480 0.262910 3.263700  -0.917430 -0.082002 0.389356  0.517029 0.659546 3 3 0.750000 7 0.200000 13 0.050000
0  -0.843200 0.263670 3.421785  -0.774922 -0.156983 0.612251  0.519806 0.626648 3 3 0.800000 7 0.100000 13 0.100000
Leo1A
0  -0.895845 0.679015 3.513795  -0.693867 -0.200749 0.691556  0.574097 0.638306 2 3 0.700000 7 0.300000
0  -1.037750 0.510710 3.275910  -0.821756 -0.304492 0.481665  0.563080 0.659119 2 3 0.700000 7 0.300000
0  -0.921480 0.262910 3.263700  -0.917430 -0.082002 0.389356  0.517029 0.659546 3 3 0.750000 7 0.200000 13 0.050000
Leo1A
0  -0.921480 0.262910 3.263700  -0.917430 -0.082002 0.389356  0.517029 0.659546 3 3 0.750000 7 0.200000 13 0.050000
0  -1.037750 0.510710 3.275910  -0.821756 -0.304492 0.481665  0.563080 0.659119 2 3 0.700000 7 0.300000
0  -0.985720 0.252075 3.026120  -0.957787 -0.139708 0.251249  0.530243 0.703979 3 3 0.700000 7 0.250000 13 0.050000
Leo1A
0  -0.921480 0.262910 3.263700  -0.917430 -0.082002 0.389356  0.517029 0.659546 3 3 0.750000 7 0.200000 13 0.050000
0  -0.985720 0.252075 3.026120  -0.957787 -0.139708 0.251249  0.530243 0.703979 3 3 0.700000 7 0.250000 13 0.050000
0  -0.936280 0.185700 3.267825  -0.895148 0.098599 0.434729  0.508118 0.659180 3 3 0.800000 7 0.100000 13 0.100000
Leo1A
0  -0.936280 0.185700 3.267825  -0.895148 0.098599 0.434729  0.508118 0.659180 3 3 0.800000 7 0.100000 13 0.100000
0  -0.985720 0.252075 3.026120  -0.957787 -0.139708 0.251249  0.530243 0.703979 3 3 0.700000 7 0.250000 13 0.050000
0  -1.033175 0.149690 3.017270  -0.943130 0.291956 0.158959  0.508789 0.702423 3 3 0.800000 7 0.100000 13 0.100000
Leo1A
0  -1.033175 0.149690 3.017270  -0.943130 0.291956 0.158959  0.508789 0.702423 3 3 0.800000 7 0.100000 13 0.100000
0  -0.964815 -0.109255 3.251495  -0.815458 0.025066 0.578273  0.471832 0.657654 2 3 0.700000 13 0.300000
0  -0.936280 0.185700 3.267825  -0.895148 0.098599 0.434729  0.508118 0.659180 3 3 0.800000 7 0.100000 13 0.100000
Leo1A
0  -1.033175 0.149690 3.017270  -0.943130 0.291956 0.158959  0.508789 0.702423 3 3 0.800000 7 0.100000 13 0.100000
0  -1.092680 -0.142670 3.002320  -0.956958 0.111417 0.267989  0.467926 0.699493 2 3 0.700000 13 0.300000
0  -0.964815 -0.109255 3.251495  -0.815458 0.025066 0.578273  0.471832 0.657654 2 3 0.700000 13 0.300000
Leo1A
0  -1.107790 -0.149995 2.803955  -0.984764 0.169551 -0.038633  0.467346 0.727387 2 3 0.700000 13 0.300000
0  -1.092680 -0.142670 3.002320  -0.956958 0.111417 0.267989  0.467926 0.699493 2 3 0.700000 13 0.300000
0  -1.033175 0.149690 3.017270  -0.943130 0.291956 0.158959  0.508789 0.702423 3 3 0.800000 7 0.100000 13 0.100000
Leo1A
0  -1.107790 -0.149995 2.803955  -0.984764 0.169551 -0.038633  0.467346 0.727387 2 3 0.700000 13 0.300000
0  -1.125185 -0.308075 2.786105  -0.998911 0.041983 -0.020337  0.439758 0.724060 2 3 0.500000 13 0.500000
0  -1.092680 -0.142670 3.002320  -0.956958 0.111417 0.267989  0.467926 0.699493 2 3 0.700000 13 0.300000
Leo1A
0  -1.079865 -0.167540 2.603760  -0.963670 0.163185 -0.211448  0.466766 0.755279 2 3 0.700000 13 0.300000
0  -1.125185 -0.308075 2.786105  -0.998911 0.041983 -0.020337  0.439758 0.724060 2 3 0.500000 13 0.500000
0  -1.107790 -0.149995 2.803955  -0.984764 0.169551 -0.038633  0.467346 0.727387 2 3 0.700000 13 0.300000
Leo1A
0  -1.079865 -0.167540 2.603760  -0.963670 0.163185 -0.211448  0.466766 0.755279 2 3 0.700000 13 0.300000
0  -1.107790 -0.149995 2.803955  -0.984764 0.169551 -0.038633  0.467346 0.727387 2 3 0.700000 13 0.300000
0  -1.031495 0.108795 2.679290  -0.919926 0.357199 -0.161696  0.500641 0.759521 3 3 0.800000 7 0.100000 13 0.100000
Leo1A
0  -0.903015 0.065305 2.160185  -0.805568 0.326692 -0.494300  0.511169 0.815613 3 3 0.800000 7 0.100000 13 0.100000
0  -1.079865 -0.167540 2.603760  -0.963670 0.163185 -0.211448  0.466766 0.755279 2 3 0.700000 13 0.300000
0  -1.031495 0.108795 2.679290  -0.919926 0.357199 -0.161696  0.500641 0.759521 3 3 0.800000 7 0.100000 13 0.100000
Leo1A
0  -1.031495 0.108795 2.679290  -0.919926 0.357199 -0.161696  0.500641 0.759521 3 3 0.800000 7 0.100000 13 0.100000
0  -0.847930 0.170900 2.170410  -0.773687 0.116431 -0.622777  0.525330 0.817383 3 3 0.650000 7 0.300000 13 0.050000
0  -0.903015 0.065305 2.160185  -0.805568 0.326692 -0.494300  0.511169 0.815613 3 3 0.800000 7 0.100000 13 0.100000
Leo1A
0  -0.847930 0.170900 2.170410  -0.773687 0.116431 -0.622777  0.525330 0.817383 3 3 0.650000 7 0.300000 13 0.050000
0  -0.536500 0.170135 1.916200  -0.511567 0.340511 -0.788893  0.542175 0.860474 3 3 0.800000 7 0.150000 13 0.050000
0  -0.903015 0.065305 2.160185  -0.805568 0.326692 -0.494300  0.511169 0.815613 3 3 0.800000 7 0.100000 13 0.100000
Leo1A
0  -1.031495 0.108795 2.679290  -0.919926 0.357199 -0.161696  0.500641 0.759521 3 3 0.800000 7 0.100000 13 0.100000
0  -1.107790 -0.149995 2.803955  -0.984764 0.169551 -0.038633  0.467346 0.727387 2 3 0.700000 13 0.300000
0  -1.033175 0.149690 3.017270  -0.943130 0.291956 0.158959  0.508789 0.702423 3 3 0.800000 7 0.100000 13 0.100000
Leo1A
0  -1.033175 0.149690 3.017270  -0.943130 0.291956 0.158959  0.508789 0.702423 3 3 0.800000 7 0.100000 13 0.100000
0  -0.995025 0.185240 2.708435  -0.978838 -0.143915 -0.145482  0.517975 0.761688 3 3 0.600000 7 0.350000 13 0.050000
0  -1.031495 0.108795 2.679290  -0.919926 0.357199 -0.161696  0.500641 0.759521 3 3 0.800000 7 0.100000 13 0.100000
Leo1A
0  -0.985720 0.252075 3.026120  -0.957787 -0.139708 0.251249  0.530243 0.703979 3 3 0.700000 7 0.250000 13 0.050000
0  -0.995025 0.185240 2.708435  -0.978838 -0.143915 -0.145482  0.517975 0.761688 3 3 0.600000 7 0.350000 13 0.050000
0  -1.033175 0.149690 3.017270  -0.943130 0.291956 0.158959  0.508789 0.702423 3 3 0.800000 7 0.100000 13 0.100000
Leo1A
0  -0.995025 0.185240 2.708435  -0.978838 -0.143915 -0.145482  0.517975 0.761688 3 3 0.600000 7 0.350000 13 0.050000
0  -0.847930 0.170900 2.170410  -0.773687 0.116431 -0.622777  0.525330 0.817383 3 3 0.650000 7 0.300000 13 0.050000
0  -1.031495 0.108795 2.679290  -0.919926 0.357199 -0.161696  0.500641 0.759521 3 3 0.800000 7 0.100000 13 0.100000
Leo1A
0  -0.953825 -0.211485 2.134705  -0.854078 0.184554 -0.486302  0.471405 0.810608 2 3 0.700000 13 0.300000
0  -1.079865 -0.167540 2.603760  -0.963670 0.163185 -0.211448  0.466766 0.755279 2 3 0.700000 13 0.300000
0  -0.903015 0.065305 2.160185  -0.805568 0.326692 -0.494300  0.511169 0.815613 3 3 0.800000 7 0.100000 13 0.100000
Leo1A
0  -0.953825 -0.211485 2.134705  -0.854078 0.184554 -0.486302  0.471405 0.810608 2 3 0.700000 13 0.300000
0  -1.089475 -0.333860 2.568815  -0.974022 0.072731 -0.214457  0.444336 0.754242 2 3 0.500000 13 0.500000
0  -1.079865 -0.167540 2.603760  -0.963670 0.163185 -0.211448  0.466766 0.755279 2 3 0.700000 13 0.300000
Leo1A
0  -1.079865 -0.167540 2.603760  -0.963670 0.163185 -0.211448  0.466766 0.755279 2 3 0.700000 13 0.300000
0  -1.089475 -0.333860 2.568815  -0.974022 0.072731 -0.214457  0.444336 0.754242 2 3 0.500000 13 0.500000
0  -1.125185 -0.308075 2.786105  -0.998911 0.041983 -0.020337  0.439758 0.724060 2 3 0.500000 13 0.500000
Leo1A
0  -1.125185 -0.308075 2.786105  -0.998911 0.041983 -0.020337  0.439758 0.724060 2 3 0.500000 13 0.500000
0  -1.089475 -0.333860 2.568815  -0.974022 0.072731 -0.214457  0.444336 0.754242 2 3 0.500000 13 0.500000
0  -1.096955 -0.901030 2.501830  -0.839623 0.516985 -0.166613  0.348145 0.762970 3 13 0.600000 21 0.300000 3 0.100000
Leo1A
0  -1.125185 -0.308075 2.786105  -0.998911 0.041983 -0.020337  0.439758 0.724060 2 3 0.500000 13 0.500000
0  -1.096955 -0.901030 2.501830  -0.839623 0.516985 -0.166613  0.348145 0.762970 3 13 0.600000 21 0.300000 3 0.100000
0  -1.106415 -0.790560 2.811890  -0.997523 0.007919 0.069894  0.367676 0.727142 3 13 0.700000 3 0.150000 21 0.150000
Leo1A
0  -1.106415 -0.790560 2.811890  -0.997523 0.007919 0.069894  0.367676 0.727142 3 13 0.700000 3 0.150000 21 0.150000
0  -1.096955 -0.901030 2.501830  -0.839623 0.516985 -0.166613  0.348145 0.762970 3 13 0.600000 21 0.300000 3 0.100000
0  -1.115570 -0.990755 2.935790  -0.903146 0.285805 0.320378  0.314575 0.731201 2 13 0.800000 21 0.200000
Leo1A
0  -1.106415 -0.790560 2.811890  -0.997523 0.007919 0.069894  0.367676 0.727142 3 13 0.700000 3 0.150000 21 0.150000
0  -1.115570 -0.990755 2.935790  -0.903146 0.285805 0.320378  0.314575 0.731201 2 13 0.800000 21 0.200000
0  -1.057740 -0.913085 3.104095  -0.929255 0.115151 0.351035  0.330994 0.704987 2 13 0.850000 21 0.150000
Leo1A
0  -1.115570 -0.990755 2.935790  -0.903146 0.285805 0.320378  0.314575 0.731201 2 13 0.800000 21 0.200000
0  -1.068725 -1.311800 3.205260  -0.837783 -0.051442 0.543575  0.290192 0.708130 2 13 0.850000 21 0.150000
0  -1.057740 -0.913085 3.104095  -0.929255 0.115151 0.351035  0.330994 0.704987 2 13 0.850000 21 0.150000
Leo1A
0  -1.057740 -0.913085 3.104095  -0.929255 0.115151 0.351035  0.330994 0.704987 2 13 0.850000 21 0.150000
0  -1.068725 -1.311800 3.205260  -0.837783 -0.051442 0.543575  0.290192 0.708130 2 13 0.850000 21 0.150000
0  -0.935670 -0.978090 3.351590  -0.770213 0.088189 0.631661  0.344849 0.659668 2 13 0.900000 21 0.100000
Leo1A
0  -0.935670 -0.978090 3.351590  -0.770213 0.088189 0.631661  0.344849 0.659668 2 13 0.900000 21 0.100000
0  -1.068725 -1.311800 3.205260  -0.837783 -0.051442 0.543575  0.290192 0.708130 2 13 0.850000 21 0.150000
0  -0.945740 -1.278685 3.360135  -0.681680 -0.083906 0.726824  0.302063 0.658997 2 13 0.900000 21 0.100000
Leo1A
0  -0.935670 -0.978090 3.351590  -0.770213 0.088189 0.631661  0.344849 0.659668 2 13 0.900000 21 0.100000
0  -0.945740 -1.278685 3.360135  -0.681680 -0.083906 0.726824  0.302063 0.658997 2 13 0.900000 21 0.100000
0  -0.756685 -0.729370 3.489685  -0.594261 0.053378 0.802499  0.372436 0.609131 3 13 0.750000 3 0.200000 21 0.050000
Leo1A
0  -0.756685 -0.729370 3.489685  -0.594261 0.053378 0.802499  0.372436 0.609131 3 13 0.750000 3 0.200000 21 0.050000
0  -0.945740 -1.278685 3.360135  -0.681680 -0.083906 0.726824  0.302063 0.658997 2 13 0.900000 21 0.100000
0  -0.755770 -1.114805 3.493805  -0.460750 -0.038209 0.886707  0.320709 0.620514 2 13 0.950000 21 0.050000
Leo1A
0  -0.755770 -1.114805 3.493805  -0.460750 -0.038209 0.886707  0.320709 0.620514 2 13 0.950000 21 0.050000
0  -0.567015 -0.591280 3.587950  -0.314958 0.032066 0.948564  0.392517 0.550354 2 13 0.700000 3 0.300000
0  -0.756685 -0.729370 3.489685  -0.594261 0.053378 0.802499  0.372436 0.609131 3 13 0.750000 3 0.200000 21 0.050000
Leo1A
0  -0.547945 -0.988920 3.574425  -0.264837 -0.037780 0.963553  0.336365 0.556122 1 13 1.000000
0  -0.567015 -0.591280 3.587950  -0.314958 0.032066 0.948564  0.392517 0.550354 2 13 0.700000 3 0.300000
0  -0.755770 -1.114805 3.493805  -0.460750 -0.038209 0.886707  0.320709 0.620514 2 13 0.950000 21 0.050000
Leo1A
0  -0.547945 -0.988920 3.574425  -0.264837 -0.037780 0.963553  0.336365 0.556122 1 13 1.000000
0  -0.329895 -0.529175 3.618775  -0.092623 0.015774 0.995576  0.405548 0.508942 2 13 0.700000 3 0.300000
0  -0.567015 -0.591280 3.587950  -0.314958 0.032066 0.948564  0.392517 0.550354 2 13 0.700000 3 0.300000
Leo1A
0  -0.371705 -1.121215 3.609060  -0.161725 -0.008910 0.986796  0.320435 0.510529 1 13 1.000000
0  -0.329895 -0.529175 3.618775  -0.092623 0.015774 0.995576  0.405548 0.508942 2 13 0.700000 3 0.300000
0  -0.547945 -0.988920 3.574425  -0.264837 -0.037780 0.963553  0.336365 0.556122 1 13 1.000000
Leo1A
0  -0.514375 -1.247255 3.568930  -0.276316 -0.073289 0.958268  0.303253 0.559509 1 13 1.000000
0  -0.371705 -1.121215 3.609060  -0.161725 -0.008910 0.986796  0.320435 0.510529 1 13 1.000000
0  -0.547945 -0.988920 3.574425  -0.264837 -0.037780 0.963553  0.336365 0.556122 1 13 1.000000
Leo1A
0  -0.547945 -0.988920 3.574425  -0.264837 -0.037780 0.963553  0.336365 0.556122 1 13 1.000000
0  -0.755770 -1.114805 3.493805  -0.460750 -0.038209 0.886707  0.320709 0.620514 2 13 0.950000 21 0.050000
0  -0.514375 -1.247255 3.568930  -0.276316 -0.073289 0.958268  0.303253 0.559509 1 13 1.000000
Leo1A
0  -0.514375 -1.247255 3.568930  -0.276316 -0.073289 0.958268  0.303253 0.559509 1 13 1.000000
0  -0.755770 -1.114805 3.493805  -0.460750 -0.038209 0.886707  0.320709 0.620514 2 13 0.950000 21 0.050000
0  -0.728760 -1.433870 3.478240  -0.443805 -0.139058 0.885269  0.278137 0.621918 2 13 0.950000 21 0.050000
Leo1A
0  -0.945740 -1.278685 3.360135  -0.681680 -0.083906 0.726824  0.302063 0.658997 2 13 0.900000 21 0.100000
0  -0.728760 -1.433870 3.478240  -0.443805 -0.139058 0.885269  0.278137 0.621918 2 13 0.950000 21 0.050000
0  -0.755770 -1.114805 3.493805  -0.460750 -0.038209 0.886707  0.320709 0.620514 2 13 0.950000 21 0.050000
Leo1A
0  -0.844115 -1.618655 3.356015  -0.641085 -0.242711 0.728081  0.252228 0.658173 2 13 0.950000 21 0.050000
0  -0.728760 -1.433870 3.478240  -0.443805 -0.139058 0.885269  0.278137 0.621918 2 13 0.950000 21 0.050000
0  -0.945740 -1.278685 3.360135  -0.681680 -0.083906 0.726824  0.302063 0.658997 2 13 0.900000 21 0.100000
Leo1A
0  -0.938720 -1.775820 3.183745  -0.744600 -0.432809 0.508181  0.215393 0.691284 2 13 0.950000 21 0.050000
0  -0.844115 -1.618655 3.356015  -0.641085 -0.242711 0.728081  0.252228 0.658173 2 13 0.950000 21 0.050000
0  -0.945740 -1.278685 3.360135  -0.681680 -0.083906 0.726824  0.302063 0.658997 2 13 0.900000 21 0.100000
Leo1A
0  -0.945740 -1.278685 3.360135  -0.681680 -0.083906 0.726824  0.302063 0.658997 2 13 0.900000 21 0.100000
0  -1.068725 -1.311800 3.205260  -0.837783 -0.051442 0.543575  0.290192 0.708130 2 13 0.850000 21 0.150000
0  -0.938720 -1.775820 3.183745  -0.744600 -0.432809 0.508181  0.215393 0.691284 2 13 0.950000 21 0.050000
Leo1A
0  -0.371705 -1.121215 3.609060  -0.161725 -0.008910 0.986796  0.320435 0.510529 1 13 1.000000
0  -0.098115 -0.473635 3.628085  -0.048767 0.020262 0.998605  0.409882 0.474854 2 13 0.700000 3 0.300000
0  -0.329895 -0.529175 3.618775  -0.092623 0.015774 0.995576  0.405548 0.508942 2 13 0.700000 3 0.300000
Leo1A
0  -0.101165 -1.060485 3.621725  -0.054501 0.034681 0.997911  0.325775 0.472839 1 13 1.000000
0  -0.098115 -0.473635 3.628085  -0.048767 0.020262 0.998605  0.409882 0.474854 2 13 0.700000 3 0.300000
0  -0.371705 -1.121215 3.609060  -0.161725 -0.008910 0.986796  0.320435 0.510529 1 13 1.000000
Leo1A
0  -0.371705 -1.121215 3.609060  -0.161725 -0.008910 0.986796  0.320435 0.510529 1 13 1.000000
0  -0.128175 -1.556550 3.668365  -0.280936 -0.026466 0.959362  0.243012 0.490723 2 13 0.500000 14 0.500000
0  -0.101165 -1.060485 3.621725  -0.054501 0.034681 0.997911  0.325775 0.472839 1 13 1.000000
Leo1A
0  -0.331725 -1.646575 3.582610  -0.317712 -0.090006 0.943906  0.243225 0.508179 2 13 0.500000 14 0.500000
0  -0.128175 -1.556550 3.668365  -0.280936 -0.026466 0.959362  0.243012 0.490723 2 13 0.500000 14 0.500000
0  -0.371705 -1.121215 3.609060  -0.161725 -0.008910 0.986796  0.320435 0.510529 1 13 1.000000
Leo1A
0  -0.514375 -1.247255 3.568930  -0.276316 -0.073289 0.958268  0.303253 0.559509 1 13 1.000000
0  -0.331725 -1.646575 3.582610  -0.317712 -0.090006 0.943906  0.243225 0.508179 2 13 0.500000 14 0.500000
0  -0.371705 -1.121215 3.609060  -0.161725 -0.008910 0.986796  0.320435 0.510529 1 13 1.000000
Leo1A
0  -0.479735 -1.709750 3.527220  -0.339173 -0.140407 0.930187  0.242188 0.560059 2 13 0.500000 14 0.500000
0  -0.331725 -1.646575 3.582610  -0.317712 -0.090006 0.943906  0.243225 0.508179 2 13 0.500000 14 0.500000
0  -0.514375 -1.247255 3.568930  -0.276316 -0.073289 0.958268  0.303253 0.559509 1 13 1.000000
Leo1A
0  -0.728760 -1.433870 3.478240  -0.443805 -0.139058 0.885269  0.278137 0.621918 2 13 0.950000 21 0.050000
0  -0.479735 -1.709750 3.527220  -0.339173 -0.140407 0.930187  0.242188 0.560059 2 13 0.500000 14 0.500000
0  -0.514375 -1.247255 3.568930  -0.276316 -0.073289 0.958268  0.303253 0.559509 1 13 1.000000
Leo1A
0  -0.655975 -1.762390 3.438720  -0.478092 -0.228245 0.848135  0.239777 0.607575 2 13 0.500000 14 0.500000
0  -0.479735 -1.709750 3.527220  -0.339173 -0.140407 0.930187  0.242188 0.560059 2 13 0.500000 14 0.500000
0  -0.728760 -1.433870 3.478240  -0.443805 -0.139058 0.885269  0.278137 0.621918 2 13 0.950000 21 0.050000
Leo1A
0  -0.844115 -1.618655 3.356015  -0.641085 -0.242711 0.728081  0.252228 0.658173 2 13 0.950000 21 0.050000
0  -0.655975 -1.762390 3.438720  -0.478092 -0.228245 0.848135  0.239777 0.607575 2 13 0.500000 14 0.500000
0  -0.728760 -1.433870 3.478240  -0.443805 -0.139058 0.885269  0.278137 0.621918 2 13 0.950000 21 0.050000
Leo1A
0  -0.774535 -1.804810 3.337250  -0.617558 -0.256521 0.743518  0.218262 0.645569 2 13 0.500000 14 0.500000
0  -0.655975 -1.762390 3.438720  -0.478092 -0.228245 0.848135  0.239777 0.607575 2 13 0.500000 14 0.500000
0  -0.844115 -1.618655 3.356015  -0.641085 -0.242711 0.728081  0.252228 0.658173 2 13 0.950000 21 0.050000
Leo1A
0  -0.774535 -1.804810 3.337250  -0.617558 -0.256521 0.743518  0.218262 0.645569 2 13 0.500000 14 0.500000
0  -0.844115 -1.618655 3.356015  -0.641085 -0.242711 0.728081  0.252228 0.658173 2 13 0.950000 21 0.050000
0  -0.938720 -1.775820 3.183745  -0.744600 -0.432809 0.508181  0.215393 0.691284 2 13 0.950000 21 0.050000
Leo1A
0  -0.774535 -1.804810 3.337250  -0.617558 -0.256521 0.743518  0.218262 0.645569 2 13 0.500000 14 0.500000
0  -0.938720 -1.775820 3.183745  -0.744600 -0.432809 0.508181  0.215393 0.691284 2 13 0.950000 21 0.050000
0  -0.816345 -1.869965 3.250120  -0.906978 0.418687 -0.045737  0.167023 0.685791 2 13 0.800000 14 0.200000
Leo1A
0  -0.816345 -1.869965 3.250120  -0.906978 0.418687 -0.045737  0.167023 0.685791 2 13 0.800000 14 0.200000
0  -0.938720 -1.775820 3.183745  -0.744600 -0.432809 0.508181  0.215393 0.691284 2 13 0.950000 21 0.050000
0  -0.830690 -2.057800 2.834015  -0.984179 0.060187 -0.166640  0.133453 0.744781 2 13 0.900000 14 0.100000
Leo1A
0  -0.270385 -2.287445 2.257385  -0.358405 -0.273516 -0.892600  0.042114 0.821686 2 13 0.900000 14 0.100000
0  -0.587465 -2.209320 2.467195  -0.800598 0.013071 -0.599060  0.075439 0.757568 2 13 0.900000 14 0.100000
0  -0.621185 -2.213135 2.147065  -0.180462 -0.983559 0.006751  0.127716 0.785034 2 13 0.800000 21 0.200000
Leo1A
0  -0.621185 -2.213135 2.147065  -0.180462 -0.983559 0.006751  0.127716 0.785034 2 13 0.800000 21 0.200000
0  -0.587465 -2.209320 2.467195  -0.800598 0.013071 -0.599060  0.075439 0.757568 2 13 0.900000 14 0.100000
0  -0.830690 -2.057800 2.834015  -0.984179 0.060187 -0.166640  0.133453 0.744781 2 13 0.900000 14 0.100000
Leo1A
0  0.333710 -1.862490 1.494905  0.216338 -0.165029 -0.962270  0.203613 0.851868 2 13 0.900000 18 0.100000
0  0.333710 -2.118990 1.541900  0.421445 -0.435908 -0.795216  0.160217 0.889282 2 13 0.950000 18 0.050000
0  0.149995 -1.941530 1.457570  0.219440 -0.139863 -0.965549  0.196320 0.918091 1 13 1.000000
Leo1A
0  0.460970 -2.094725 1.597290  0.412772 -0.541793 -0.732175  0.169586 0.850342 2 13 0.900000 18 0.100000
0  0.333710 -2.118990 1.541900  0.421445 -0.435908 -0.795216  0.160217 0.889282 2 13 0.950000 18 0.050000
0  0.333710 -1.862490 1.494905  0.216338 -0.165029 -0.962270  0.203613 0.851868 2 13 0.900000 18 0.100000
Leo1A
0  0.530700 -2.198790 1.787720  0.408038 -0.831427 -0.377139  0.158630 0.825043 2 13 0.900000 18 0.100000
0  0.333710 -2.118990 1.541900  0.421445 -0.435908 -0.795216  0.160217 0.889282 2 13 0.950000 18 0.050000
0  0.460970 -2.094725 1.597290  0.412772 -0.541793 -0.732175  0.169586 0.850342 2 13 0.900000 18 0.100000
Leo1A
0  0.366210 -2.238770 1.744840  0.295050 -0.920865 -0.254860  0.127258 0.869080 2 13 0.950000 18 0.050000
0  0.333710 -2.118990 1.541900  0.421445 -0.435908 -0.795216  0.160217 0.889282 2 13 0.950000 18 0.050000
0  0.530700 -2.198790 1.787720  0.408038 -0.831427 -0.377139  0.158630 0.825043 2 13 0.900000 18 0.100000
Leo1A
0  0.621185 -2.213135 2.147065  0.180463 -0.983559 0.006751  0.127716 0.785034 2 13 0.800000 18 0.200000
0  0.366210 -2.238770 1.744840  0.295050 -0.920865 -0.254860  0.127258 0.869080 2 13 0.950000 18 0.050000
0  0.530700 -2.198790 1.787720  0.408038 -0.831427 -0.377139  0.158630 0.825043 2 13 0.900000 18 0.100000
Leo1A
0  0.300295 -2.254030 2.031150  0.168121 -0.983428 -0.067858  0.089355 0.846191 1 13 1.000000
0  0.366210 -2.238770 1.744840  0.295050 -0.920865 -0.254860  0.127258 0.869080 2 13 0.950000 18 0.050000
0  0.621185 -2.213135 2.147065  0.180463 -0.983559 0.006751  0.127716 0.785034 2 13 0.800000 18 0.200000
Leo1A
0  0.621185 -2.213135 2.147065  0.180463 -0.983559 0.006751  0.127716 0.785034 2 13 0.800000 18 0.200000
0  0.270385 -2.287445 2.257385  0.358405 -0.273515 -0.892600  0.042114 0.821686 2 13 0.900000 14 0.100000
0  0.300295 -2.254030 2.031150  0.168121 -0.983428 -0.067858  0.089355 0.846191 1 13 1.000000
Leo1A
0  0.300295 -2.254030 2.031150  0.168121 -0.983428 -0.067858  0.089355 0.846191 1 13 1.000000
0  0.270385 -2.287445 2.257385  0.358405 -0.273515 -0.892600  0.042114 0.821686 2 13 0.900000 14 0.100000
0  0.000000 -2.304535 1.941430  0.000000 -0.999925 -0.012219  0.054688 0.914276 1 13 1.000000
Leo1A
0  0.270385 -2.287445 2.257385  0.358405 -0.273515 -0.892600  0.042114 0.821686 2 13 0.900000 14 0.100000
0  0.000000 -2.332155 2.186890  0.000000 -0.208040 -0.978120  0.005981 0.864563 2 13 0.900000 14 0.100000
0  0.000000 -2.304535 1.941430  0.000000 -0.999925 -0.012219  0.054688 0.914276 1 13 1.000000
Leo1A
0  0.000000 -2.304535 1.941430  0.000000 -0.999925 -0.012219  0.054688 0.914276 1 13 1.000000
0  0.000000 -2.332155 2.186890  0.000000 -0.208040 -0.978120  0.005981 0.864563 2 13 0.900000 14 0.100000
0  -0.270385 -2.287445 2.257385  -0.358405 -0.273516 -0.892600  0.042114 0.821686 2 13 0.900000 14 0.100000
Leo1A
0  0.000000 -2.304535 1.941430  0.000000 -0.999925 -0.012219  0.054688 0.914276 1 13 1.000000
0  -0.270385 -2.287445 2.257385  -0.358405 -0.273516 -0.892600  0.042114 0.821686 2 13 0.900000 14 0.100000
0  -0.300295 -2.254030 2.031150  -0.168121 -0.983428 -0.067858  0.089355 0.846191 1 13 1.000000
Leo1A
0  -0.300295 -2.254030 2.031150  -0.168121 -0.983428 -0.067858  0.089355 0.846191 1 13 1.000000
0  -0.270385 -2.287445 2.257385  -0.358405 -0.273516 -0.892600  0.042114 0.821686 2 13 0.900000 14 0.100000
0  -0.621185 -2.213135 2.147065  -0.180462 -0.983559 0.006751  0.127716 0.785034 2 13 0.800000 21 0.200000
Leo1A
0  -0.366210 -2.238770 1.744840  -0.295050 -0.920865 -0.254860  0.127258 0.869080 2 13 0.950000 21 0.050000
0  -0.300295 -2.254030 2.031150  -0.168121 -0.983428 -0.067858  0.089355 0.846191 1 13 1.000000
0  -0.621185 -2.213135 2.147065  -0.180462 -0.983559 0.006751  0.127716 0.785034 2 13 0.800000 21 0.200000
Leo1A
0  -0.530700 -2.198790 1.787720  -0.408038 -0.831427 -0.377139  0.158630 0.825043 2 13 0.900000 21 0.100000
0  -0.366210 -2.238770 1.744840  -0.295050 -0.920865 -0.254860  0.127258 0.869080 2 13 0.950000 21 0.050000
0  -0.621185 -2.213135 2.147065  -0.180462 -0.983559 0.006751  0.127716 0.785034 2 13 0.800000 21 0.200000
Leo1A
0  -0.530700 -2.198790 1.787720  -0.408038 -0.831427 -0.377139  0.158630 0.825043 2 13 0.900000 21 0.100000
0  -0.333710 -2.118990 1.541900  -0.421445 -0.435907 -0.795216  0.160217 0.889282 2 13 0.950000 21 0.050000
0  -0.366210 -2.238770 1.744840  -0.295050 -0.920865 -0.254860  0.127258 0.869080 2 13 0.950000 21 0.050000
Leo1A
0  -0.530700 -2.198790 1.787720  -0.408038 -0.831427 -0.377139  0.158630 0.825043 2 13 0.900000 21 0.100000
0  -0.460970 -2.094725 1.597290  -0.412772 -0.541793 -0.732175  0.169586 0.850342 2 13 0.900000 21 0.100000
0  -0.333710 -2.118990 1.541900  -0.421445 -0.435907 -0.795216  0.160217 0.889282 2 13 0.950000 21 0.050000
Leo1A
0  -0.460970 -2.094725 1.597290  -0.412772 -0.541793 -0.732175  0.169586 0.850342 2 13 0.900000 21 0.100000
0  -0.333710 -1.862490 1.494905  -0.216338 -0.165029 -0.962270  0.203613 0.851868 2 13 0.900000 21 0.100000
0  -0.333710 -2.118990 1.541900  -0.421445 -0.435907 -0.795216  0.160217 0.889282 2 13 0.950000 21 0.050000
Leo1A
0  -0.333710 -2.118990 1.541900  -0.421445 -0.435907 -0.795216  0.160217 0.889282 2 13 0.950000 21 0.050000
0  -0.333710 -1.862490 1.494905  -0.216338 -0.165029 -0.962270  0.203613 0.851868 2 13 0.900000 21 0.100000
0  -0.149995 -1.941530 1.457570  -0.219440 -0.139863 -0.965549  0.196320 0.918091 1 13 1.000000
Leo1A
0  0.000000 -2.304535 1.941430  0.000000 -0.999925 -0.012219  0.054688 0.914276 1 13 1.000000
0  -0.300295 -2.254030 2.031150  -0.168121 -0.983428 -0.067858  0.089355 0.846191 1 13 1.000000
0  -0.366210 -2.238770 1.744840  -0.295050 -0.920865 -0.254860  0.127258 0.869080 2 13 0.950000 21 0.050000
Leo1A
0  0.270385 -2.287445 2.257385  0.358405 -0.273515 -0.892600  0.042114 0.821686 2 13 0.900000 14 0.100000
0  0.621185 -2.213135 2.147065  0.180463 -0.983559 0.006751  0.127716 0.785034 2 13 0.800000 18 0.200000
0  0.587465 -2.209320 2.467195  0.800597 0.013071 -0.599061  0.075439 0.757568 2 13 0.900000 14 0.100000
Leo1A
0  0.587465 -2.209320 2.467195  0.800597 0.013071 -0.599061  0.075439 0.757568 2 13 0.900000 14 0.100000
0  0.621185 -2.213135 2.147065  0.180463 -0.983559 0.006751  0.127716 0.785034 2 13 0.800000 18 0.200000
0  0.830690 -2.057800 2.834015  0.984179 0.060185 -0.166640  0.133453 0.744781 2 13 0.900000 14 0.100000
Leo1A
0  0.151670 -1.479800 1.395775  0.187897 -0.051443 -0.980841  0.246429 0.916840 1 13 1.000000
0  0.331270 -1.483920 1.448820  0.312745 -0.030190 -0.949357  0.243073 0.853210 2 13 0.900000 18 0.100000
0  0.333710 -1.862490 1.494905  0.216338 -0.165029 -0.962270  0.203613 0.851868 2 13 0.900000 18 0.100000
Leo1A
0  0.333710 -1.862490 1.494905  0.216338 -0.165029 -0.962270  0.203613 0.851868 2 13 0.900000 18 0.100000
0  0.149995 -1.941530 1.457570  0.219440 -0.139863 -0.965549  0.196320 0.918091 1 13 1.000000
0  0.151670 -1.479800 1.395775  0.187897 -0.051443 -0.980841  0.246429 0.916840 1 13 1.000000
Leo1A
0  0.149995 -1.941530 1.457570  0.219440 -0.139863 -0.965549  0.196320 0.918091 1 13 1.000000
0  0.000000 -1.960910 1.434990  -0.000000 -0.127402 -0.991851  0.202301 0.977570 1 13 1.000000
0  0.151670 -1.479800 1.395775  0.187897 -0.051443 -0.980841  0.246429 0.916840 1 13 1.000000
Leo1A
0  0.000000 -2.369690 1.487175  0.000000 -0.824107 -0.566435  0.113434 0.970886 1 13 1.000000
0  0.000000 -1.960910 1.434990  -0.000000 -0.127402 -0.991851  0.202301 0.977570 1 13 1.000000
0  0.149995 -1.941530 1.457570  0.219440 -0.139863 -0.965549  0.196320 0.918091 1 13 1.000000
Leo1A
0  -0.149995 -1.941530 1.457570  -0.219440 -0.139863 -0.965549  0.196320 0.918091 1 13 1.000000
0  0.000000 -1.960910 1.434990  -0.000000 -0.127402 -0.991851  0.202301 0.977570 1 13 1.000000
0  0.000000 -2.369690 1.487175  0.000000 -0.824107 -0.566435  0.113434 0.970886 1 13 1.000000
Leo1A
0  -0.190580 -2.205660 1.508995  -0.435555 -0.493238 -0.753000  0.140259 0.930756 1 13 1.000000
0  -0.149995 -1.941530 1.457570  -0.219440 -0.139863 -0.965549  0.196320 0.918091 1 13 1.000000
0  0.000000 -2.369690 1.487175  0.000000 -0.824107 -0.566435  0.113434 0.970886 1 13 1.000000
Leo1A
0  -0.333710 -2.118990 1.541900  -0.421445 -0.435907 -0.795216  0.160217 0.889282 2 13 0.950000 21 0.050000
0  -0.149995 -1.941530 1.457570  -0.219440 -0.139863 -0.965549  0.196320 0.918091 1 13 1.000000
0  -0.190580 -2.205660 1.508995  -0.435555 -0.493238 -0.753000  0.140259 0.930756 1 13 1.000000
Leo1A
0  -0.333710 -2.118990 1.541900  -0.421445 -0.435907 -0.795216  0.160217 0.889282 2 13 0.950000 21 0.050000
0  -0.190580 -2.205660 1.508995  -0.435555 -0.493238 -0.753000  0.140259 0.930756 1 13 1.000000
0  -0.366210 -2.238770 1.744840  -0.295050 -0.920865 -0.254860  0.127258 0.869080 2 13 0.950000 21 0.050000
Leo1A
0  -0.366210 -2.238770 1.744840  -0.295050 -0.920865 -0.254860  0.127258 0.869080 2 13 0.950000 21 0.050000
0  -0.190580 -2.205660 1.508995  -0.435555 -0.493238 -0.753000  0.140259 0.930756 1 13 1.000000
0  -0.155335 -2.296600 1.696065  -0.327039 -0.943663 -0.050452  0.107635 0.919556 1 13 1.000000
Leo1A
0  -0.155335 -2.296600 1.696065  -0.327039 -0.943663 -0.050452  0.107635 0.919556 1 13 1.000000
0  0.000000 -2.304535 1.941430  0.000000 -0.999925 -0.012219  0.054688 0.914276 1 13 1.000000
0  -0.366210 -2.238770 1.744840  -0.295050 -0.920865 -0.254860  0.127258 0.869080 2 13 0.950000 21 0.050000
Leo1A
0  0.000000 -2.304535 1.941430  0.000000 -0.999925 -0.012219  0.054688 0.914276 1 13 1.000000
0  -0.155335 -2.296600 1.696065  -0.327039 -0.943663 -0.050452  0.107635 0.919556 1 13 1.000000
0  0.000000 -2.335970 1.633660  -0.000000 -0.983793 0.179305  0.095032 0.955475 1 13 1.000000
Leo1A
0  0.155335 -2.296600 1.696065  0.327039 -0.943663 -0.050451  0.107635 0.919556 1 13 1.000000
0  0.000000 -2.304535 1.941430  0.000000 -0.999925 -0.012219  0.054688 0.914276 1 13 1.000000
0  0.000000 -2.335970 1.633660  -0.000000 -0.983793 0.179305  0.095032 0.955475 1 13 1.000000
Leo1A
0  0.000000 -2.335970 1.633660  -0.000000 -0.983793 0.179305  0.095032 0.955475 1 13 1.000000
0  0.000000 -2.369690 1.487175  0.000000 -0.824107 -0.566435  0.113434 0.970886 1 13 1.000000
0  0.155335 -2.296600 1.696065  0.327039 -0.943663 -0.050451  0.107635 0.919556 1 13 1.000000
Leo1A
0  0.000000 -2.369690 1.487175  0.000000 -0.824107 -0.566435  0.113434 0.970886 1 13 1.000000
0  0.190580 -2.205660 1.508995  0.435555 -0.493238 -0.753000  0.140259 0.930756 1 13 1.000000
0  0.155335 -2.296600 1.696065  0.327039 -0.943663 -0.050451  0.107635 0.919556 1 13 1.000000
Leo1A
0  0.000000 -2.369690 1.487175  0.000000 -0.824107 -0.566435  0.113434 0.970886 1 13 1.000000
0  0.149995 -1.941530 1.457570  0.219440 -0.139863 -0.965549  0.196320 0.918091 1 13 1.000000
0  0.190580 -2.205660 1.508995  0.435555 -0.493238 -0.753000  0.140259 0.930756 1 13 1.000000
Leo1A
0  0.190580 -2.205660 1.508995  0.435555 -0.493238 -0.753000  0.140259 0.930756 1 13 1.000000
0  0.149995 -1.941530 1.457570  0.219440 -0.139863 -0.965549  0.196320 0.918091 1 13 1.000000
0  0.333710 -2.118990 1.541900  0.421445 -0.435908 -0.795216  0.160217 0.889282 2 13 0.950000 18 0.050000
Leo1A
0  0.190580 -2.205660 1.508995  0.435555 -0.493238 -0.753000  0.140259 0.930756 1 13 1.000000
0  0.333710 -2.118990 1.541900  0.421445 -0.435908 -0.795216  0.160217 0.889282 2 13 0.950000 18 0.050000
0  0.366210 -2.238770 1.744840  0.295050 -0.920865 -0.254860  0.127258 0.869080 2 13 0.950000 18 0.050000
Leo1A
0  0.155335 -2.296600 1.696065  0.327039 -0.943663 -0.050451  0.107635 0.919556 1 13 1.000000
0  0.190580 -2.205660 1.508995  0.435555 -0.493238 -0.753000  0.140259 0.930756 1 13 1.000000
0  0.366210 -2.238770 1.744840  0.295050 -0.920865 -0.254860  0.127258 0.869080 2 13 0.950000 18 0.050000
Leo1A
0  0.366210 -2.238770 1.744840  0.295050 -0.920865 -0.254860  0.127258 0.869080 2 13 0.950000 18 0.050000
0  0.000000 -2.304535 1.941430  0.000000 -0.999925 -0.012219  0.054688 0.914276 1 13 1.000000
0  0.155335 -2.296600 1.696065  0.327039 -0.943663 -0.050451  0.107635 0.919556 1 13 1.000000
Leo1A
0  0.300295 -2.254030 2.031150  0.168121 -0.983428 -0.067858  0.089355 0.846191 1 13 1.000000
0  0.000000 -2.304535 1.941430  0.000000 -0.999925 -0.012219  0.054688 0.914276 1 13 1.000000
0  0.366210 -2.238770 1.744840  0.295050 -0.920865 -0.254860  0.127258 0.869080 2 13 0.950000 18 0.050000
Leo1A
0  -0.155335 -2.296600 1.696065  -0.327039 -0.943663 -0.050452  0.107635 0.919556 1 13 1.000000
0  0.000000 -2.369690 1.487175  0.000000 -0.824107 -0.566435  0.113434 0.970886 1 13 1.000000
0  0.000000 -2.335970 1.633660  -0.000000 -0.983793 0.179305  0.095032 0.955475 1 13 1.000000
Leo1A
0  -0.190580 -2.205660 1.508995  -0.435555 -0.493238 -0.753000  0.140259 0.930756 1 13 1.000000
0  0.000000 -2.369690 1.487175  0.000000 -0.824107 -0.566435  0.113434 0.970886 1 13 1.000000
0  -0.155335 -2.296600 1.696065  -0.327039 -0.943663 -0.050452  0.107635 0.919556 1 13 1.000000
Leo1A
0  -0.149995 -1.941530 1.457570  -0.219440 -0.139863 -0.965549  0.196320 0.918091 1 13 1.000000
0  -0.333710 -1.862490 1.494905  -0.216338 -0.165029 -0.962270  0.203613 0.851868 2 13 0.900000 21 0.100000
0  -0.151670 -1.479800 1.395775  -0.187897 -0.051443 -0.980841  0.246429 0.916840 1 13 1.000000
Leo1A
0  0.000000 -1.960910 1.434990  -0.000000 -0.127402 -0.991851  0.202301 0.977570 1 13 1.000000
0  -0.149995 -1.941530 1.457570  -0.219440 -0.139863 -0.965549  0.196320 0.918091 1 13 1.000000
0  -0.151670 -1.479800 1.395775  -0.187897 -0.051443 -0.980841  0.246429 0.916840 1 13 1.000000
Leo1A
0  0.000000 -1.960910 1.434990  -0.000000 -0.127402 -0.991851  0.202301 0.977570 1 13 1.000000
0  -0.151670 -1.479800 1.395775  -0.187897 -0.051443 -0.980841  0.246429 0.916840 1 13 1.000000
0  0.000000 -1.478270 1.381735  0.000000 -0.050730 -0.998712  0.245697 0.978027 1 13 1.000000
Leo1A
0  0.151670 -1.479800 1.395775  0.187897 -0.051443 -0.980841  0.246429 0.916840 1 13 1.000000
0  0.000000 -1.960910 1.434990  -0.000000 -0.127402 -0.991851  0.202301 0.977570 1 13 1.000000
0  0.000000 -1.478270 1.381735  0.000000 -0.050730 -0.998712  0.245697 0.978027 1 13 1.000000
Leo1A
0  0.000000 -1.478270 1.381735  0.000000 -0.050730 -0.998712  0.245697 0.978027 1 13 1.000000
0  0.158845 -1.009675 1.403350  0.250660 0.086367 -0.964215  0.307953 0.926544 2 13 0.700000 3 0.300000
0  0.151670 -1.479800 1.395775  0.187897 -0.051443 -0.980841  0.246429 0.916840 1 13 1.000000
Leo1A
0  0.158845 -1.009675 1.403350  0.250660 0.086367 -0.964215  0.307953 0.926544 2 13 0.700000 3 0.300000
0  0.331270 -1.483920 1.448820  0.312745 -0.030190 -0.949357  0.243073 0.853210 2 13 0.900000 18 0.100000
0  0.151670 -1.479800 1.395775  0.187897 -0.051443 -0.980841  0.246429 0.916840 1 13 1.000000
Leo1A
0  0.338590 -1.017455 1.462705  0.367942 0.106781 -0.923697  0.307709 0.887482 2 13 0.700000 3 0.300000
0  0.331270 -1.483920 1.448820  0.312745 -0.030190 -0.949357  0.243073 0.853210 2 13 0.900000 18 0.100000
0  0.158845 -1.009675 1.403350  0.250660 0.086367 -0.964215  0.307953 0.926544 2 13 0.700000 3 0.300000
Leo1A
0  0.583040 -1.090700 1.562805  0.311550 0.336467 -0.888666  0.309418 0.843750 3 13 0.650000 18 0.200000 3 0.150000
0  0.331270 -1.483920 1.448820  0.312745 -0.030190 -0.949357  0.243073 0.853210 2 13 0.900000 18 0.100000
0  0.338590 -1.017455 1.462705  0.367942 0.106781 -0.923697  0.307709 0.887482 2 13 0.700000 3 0.300000
Leo1A
0  0.655365 -0.468140 1.743010  0.625140 0.163998 -0.763089  0.445709 0.852753 2 3 0.500000 13 0.500000
0  0.583040 -1.090700 1.562805  0.311550 0.336467 -0.888666  0.309418 0.843750 3 13 0.650000 18 0.200000 3 0.150000
0  0.338590 -1.017455 1.462705  0.367942 0.106781 -0.923697  0.307709 0.887482 2 13 0.700000 3 0.300000
Leo1A
0  0.655365 -0.468140 1.743010  0.625140 0.163998 -0.763089  0.445709 0.852753 2 3 0.500000 13 0.500000
0  0.978545 -0.393980 2.122345  0.880345 0.118963 -0.459174  0.443115 0.807709 2 3 0.500000 13 0.500000
0  0.583040 -1.090700 1.562805  0.311550 0.336467 -0.888666  0.309418 0.843750 3 13 0.650000 18 0.200000 3 0.150000
Leo1A
0  0.953825 -0.211485 2.134705  0.854078 0.184554 -0.486302  0.471405 0.810608 2 3 0.700000 13 0.300000
0  0.978545 -0.393980 2.122345  0.880345 0.118963 -0.459174  0.443115 0.807709 2 3 0.500000 13 0.500000
0  0.655365 -0.468140 1.743010  0.625140 0.163998 -0.763089  0.445709 0.852753 2 3 0.500000 13 0.500000
Leo1A
0  1.089475 -0.333860 2.568815  0.974022 0.072732 -0.214457  0.444336 0.754242 2 3 0.500000 13 0.500000
0  0.978545 -0.393980 2.122345  0.880345 0.118963 -0.459174  0.443115 0.807709 2 3 0.500000 13 0.500000
0  0.953825 -0.211485 2.134705  0.854078 0.184554 -0.486302  0.471405 0.810608 2 3 0.700000 13 0.300000
Leo1A
0  1.079865 -0.167540 2.603760  0.963670 0.163186 -0.211448  0.466766 0.755279 2 3 0.700000 13 0.300000
0  1.089475 -0.333860 2.568815  0.974022 0.072732 -0.214457  0.444336 0.754242 2 3 0.500000 13 0.500000
0  0.953825 -0.211485 2.134705  0.854078 0.184554 -0.486302  0.471405 0.810608 2 3 0.700000 13 0.300000
Leo1A
0  1.125185 -0.308075 2.786105  0.998911 0.041983 -0.020337  0.439758 0.724060 2 3 0.500000 13 0.500000
0  1.089475 -0.333860 2.568815  0.974022 0.072732 -0.214457  0.444336 0.754242 2 3 0.500000 13 0.500000
0  1.079865 -0.167540 2.603760  0.963670 0.163186 -0.211448  0.466766 0.755279 2 3 0.700000 13 0.300000
Leo1A
0  1.107790 -0.149995 2.803955  0.984764 0.169551 -0.038633  0.467346 0.727387 2 3 0.700000 13 0.300000
0  1.125185 -0.308075 2.786105  0.998911 0.041983 -0.020337  0.439758 0.724060 2 3 0.500000 13 0.500000
0  1.079865 -0.167540 2.603760  0.963670 0.163186 -0.211448  0.466766 0.755279 2 3 0.700000 13 0.300000
Leo1A
0  1.092680 -0.142670 3.002320  0.956958 0.111417 0.267989  0.467926 0.699493 2 3 0.700000 13 0.300000
0  1.125185 -0.308075 2.786105  0.998911 0.041983 -0.020337  0.439758 0.724060 2 3 0.500000 13 0.500000
0  1.107790 -0.149995 2.803955  0.984764 0.169551 -0.038633  0.467346 0.727387 2 3 0.700000 13 0.300000
Leo1A
0  1.107790 -0.149995 2.803955  0.984764 0.169551 -0.038633  0.467346 0.727387 2 3 0.700000 13 0.300000
0  1.033175 0.149690 3.017270  0.943130 0.291956 0.158959  0.508789 0.702423 3 3 0.800000 4 0.100000 13 0.100000
0  1.092680 -0.142670 3.002320  0.956958 0.111417 0.267989  0.467926 0.699493 2 3 0.700000 13 0.300000
Leo1A
0  1.092680 -0.142670 3.002320  0.956958 0.111417 0.267989  0.467926 0.699493 2 3 0.700000 13 0.300000
0  1.033175 0.149690 3.017270  0.943130 0.291956 0.158959  0.508789 0.702423 3 3 0.800000 4 0.100000 13 0.100000
0  0.964815 -0.109255 3.251495  0.815458 0.025066 0.578274  0.471832 0.657654 2 3 0.700000 13 0.300000
Leo1A
0  1.125185 -0.308075 2.786105  0.998911 0.041983 -0.020337  0.439758 0.724060 2 3 0.500000 13 0.500000
0  1.096955 -0.901030 2.501830  0.839623 0.516985 -0.166613  0.348145 0.762970 3 13 0.600000 18 0.300000 3 0.100000
0  1.089475 -0.333860 2.568815  0.974022 0.072732 -0.214457  0.444336 0.754242 2 3 0.500000 13 0.500000
Leo1A
0  1.089475 -0.333860 2.568815  0.974022 0.072732 -0.214457  0.444336 0.754242 2 3 0.500000 13 0.500000
0  1.096955 -0.901030 2.501830  0.839623 0.516985 -0.166613  0.348145 0.762970 3 13 0.600000 18 0.300000 3 0.100000
0  0.978545 -0.393980 2.122345  0.880345 0.118963 -0.459174  0.443115 0.807709 2 3 0.500000 13 0.500000
Leo1A
0  0.978545 -0.393980 2.122345  0.880345 0.118963 -0.459174  0.443115 0.807709 2 3 0.500000 13 0.500000
0  1.096955 -0.901030 2.501830  0.839623 0.516985 -0.166613  0.348145 0.762970 3 13 0.600000 18 0.300000 3 0.100000
0  1.036680 -0.978090 2.089690  0.720813 0.567983 -0.397271  0.326141 0.802490 3 18 0.450000 13 0.400000 3 0.150000
Leo1A
0  0.583040 -1.090700 1.562805  0.311550 0.336467 -0.888666  0.309418 0.843750 3 13 0.650000 18 0.200000 3 0.150000
0  0.978545 -0.393980 2.122345  0.880345 0.118963 -0.459174  0.443115 0.807709 2 3 0.500000 13 0.500000
0  1.036680 -0.978090 2.089690  0.720813 0.567983 -0.397271  0.326141 0.802490 3 18 0.450000 13 0.400000 3 0.150000
Leo1A
0  0.357970 -0.525970 1.558075  0.407274 0.198565 -0.891460  0.443543 0.895783 2 3 0.500000 13 0.500000
0  0.655365 -0.468140 1.743010  0.625140 0.163998 -0.763089  0.445709 0.852753 2 3 0.500000 13 0.500000
0  0.338590 -1.017455 1.462705  0.367942 0.106781 -0.923697  0.307709 0.887482 2 13 0.700000 3 0.300000
Leo1A
0  0.644990 -0.251160 1.791840  0.591895 0.253639 -0.765067  0.476868 0.855164 2 3 0.700000 13 0.300000
0  0.655365 -0.468140 1.743010  0.625140 0.163998 -0.763089  0.445709 0.852753 2 3 0.500000 13 0.500000
0  0.357970 -0.525970 1.558075  0.407274 0.198565 -0.891460  0.443543 0.895783 2 3 0.500000 13 0.500000
Leo1A
0  0.953825 -0.211485 2.134705  0.854078 0.184554 -0.486302  0.471405 0.810608 2 3 0.700000 13 0.300000
0  0.655365 -0.468140 1.743010  0.625140 0.163998 -0.763089  0.445709 0.852753 2 3 0.500000 13 0.500000
0  0.644990 -0.251160 1.791840  0.591895 0.253639 -0.765067  0.476868 0.855164 2 3 0.700000 13 0.300000
Leo1A
0  0.644990 -0.251160 1.791840  0.591895 0.253639 -0.765067  0.476868 0.855164 2 3 0.700000 13 0.300000
0  0.357970 -0.525970 1.558075  0.407274 0.198565 -0.891460  0.443543 0.895783 2 3 0.500000 13 0.500000
0  0.363310 -0.296175 1.624295  0.385961 0.292779 -0.874822  0.485138 0.892975 2 3 0.700000 13 0.300000
Leo1A
0  0.158845 -1.009675 1.403350  0.250660 0.086367 -0.964215  0.307953 0.926544 2 13 0.700000 3 0.300000
0  0.357970 -0.525970 1.558075  0.407274 0.198565 -0.891460  0.443543 0.895783 2 3 0.500000 13 0.500000
0  0.338590 -1.017455 1.462705  0.367942 0.106781 -0.923697  0.307709 0.887482 2 13 0.700000 3 0.300000
Leo1A
0  0.187075 -0.552215 1.492155  0.243901 0.216707 -0.945278  0.435333 0.927399 2 3 0.500000 13 0.500000
0  0.357970 -0.525970 1.558075  0.407274 0.198565 -0.891460  0.443543 0.895783 2 3 0.500000 13 0.500000
0  0.158845 -1.009675 1.403350  0.250660 0.086367 -0.964215  0.307953 0.926544 2 13 0.700000 3 0.300000
Leo1A
0  0.363310 -0.296175 1.624295  0.385961 0.292779 -0.874822  0.485138 0.892975 2 3 0.700000 13 0.300000
0  0.357970 -0.525970 1.558075  0.407274 0.198565 -0.891460  0.443543 0.895783 2 3 0.500000 13 0.500000
0  0.187075 -0.552215 1.492155  0.243901 0.216707 -0.945278  0.435333 0.927399 2 3 0.500000 13 0.500000
Leo1A
0  0.363310 -0.296175 1.624295  0.385961 0.292779 -0.874822  0.485138 0.892975 2 3 0.700000 13 0.300000
0  0.187075 -0.552215 1.492155  0.243901 0.216707 -0.945278  0.435333 0.927399 2 3 0.500000 13 0.500000
0  0.194550 -0.290680 1.566315  0.194882 0.332153 -0.922873  0.487732 0.922241 2 3 0.700000 13 0.300000
Leo1A
0  0.000000 -0.998840 1.371765  -0.000000 0.084577 -0.996417  0.308258 0.978699 2 13 0.700000 3 0.300000
0  0.158845 -1.009675 1.403350  0.250660 0.086367 -0.964215  0.307953 0.926544 2 13 0.700000 3 0.300000
0  0.000000 -1.478270 1.381735  0.000000 -0.050730 -0.998712  0.245697 0.978027 1 13 1.000000
Leo1A
0  0.000000 -0.998840 1.371765  -0.000000 0.084577 -0.996417  0.308258 0.978699 2 13 0.700000 3 0.300000
0  0.187075 -0.552215 1.492155  0.243901 0.216707 -0.945278  0.435333 0.927399 2 3 0.500000 13 0.500000
0  0.158845 -1.009675 1.403350  0.250660 0.086367 -0.964215  0.307953 0.926544 2 13 0.700000 3 0.300000
Leo1A
0  0.000000 -0.577085 1.456145  -0.000000 0.238757 -0.971079  0.425049 0.979919 2 3 0.500000 13 0.500000
0  0.187075 -0.552215 1.492155  0.243901 0.216707 -0.945278  0.435333 0.927399 2 3 0.500000 13 0.500000
0  0.000000 -0.998840 1.371765  -0.000000 0.084577 -0.996417  0.308258 0.978699 2 13 0.700000 3 0.300000
Leo1A
0  0.194550 -0.290680 1.566315  0.194882 0.332153 -0.922873  0.487732 0.922241 2 3 0.700000 13 0.300000
0  0.187075 -0.552215 1.492155  0.243901 0.216707 -0.945278  0.435333 0.927399 2 3 0.500000 13 0.500000
0  0.000000 -0.577085 1.456145  -0.000000 0.238757 -0.971079  0.425049 0.979919 2 3 0.500000 13 0.500000
Leo1A
0  0.194550 -0.290680 1.566315  0.194882 0.332153 -0.922873  0.487732 0.922241 2 3 0.700000 13 0.300000
0  0.000000 -0.577085 1.456145  -0.000000 0.238757 -0.971079  0.425049 0.979919 2 3 0.500000 13 0.500000
0  0.000000 -0.289305 1.554260  0.000000 0.367198 -0.930143  0.493591 0.979340 2 3 0.700000 13 0.300000
Leo1A
0  0.000000 -0.289305 1.554260  0.000000 0.367198 -0.930143  0.493591 0.979340 2 3 0.700000 13 0.300000
0  0.000000 -0.577085 1.456145  -0.000000 0.238757 -0.971079  0.425049 0.979919 2 3 0.500000 13 0.500000
0  -0.194550 -0.290680 1.566315  -0.194882 0.332153 -0.922873  0.487732 0.922241 2 3 0.700000 13 0.300000
Leo1A
0  0.000000 -0.577085 1.456145  -0.000000 0.238757 -0.971079  0.425049 0.979919 2 3 0.500000 13 0.500000
0  -0.187075 -0.552215 1.492155  -0.243901 0.216706 -0.945278  0.435333 0.927399 2 3 0.500000 13 0.500000
0  -0.194550 -0.290680 1.566315  -0.194882 0.332153 -0.922873  0.487732 0.922241 2 3 0.700000 13 0.300000
Leo1A
0  -0.187075 -0.552215 1.492155  -0.243901 0.216706 -0.945278  0.435333 0.927399 2 3 0.500000 13 0.500000
0  0.000000 -0.577085 1.456145  -0.000000 0.238757 -0.971079  0.425049 0.979919 2 3 0.500000 13 0.500000
0  0.000000 -0.998840 1.371765  -0.000000 0.084577 -0.996417  0.308258 0.978699 2 13 0.700000 3 0.300000
Leo1A
0  -0.158845 -1.009675 1.403350  -0.250660 0.086367 -0.964215  0.307953 0.926544 2 13 0.700000 3 0.300000
0  -0.187075 -0.552215 1.492155  -0.243901 0.216706 -0.945278  0.435333 0.927399 2 3 0.500000 13 0.500000
0  0.000000 -0.998840 1.371765  -0.000000 0.084577 -0.996417  0.308258 0.978699 2 13 0.700000 3 0.300000
Leo1A
0  -0.158845 -1.009675 1.403350  -0.250660 0.086367 -0.964215  0.307953 0.926544 2 13 0.700000 3 0.300000
0  0.000000 -0.998840 1.371765  -0.000000 0.084577 -0.996417  0.308258 0.978699 2 13 0.700000 3 0.300000
0  0.000000 -1.478270 1.381735  0.000000 -0.050730 -0.998712  0.245697 0.978027 1 13 1.000000
Leo1A
0  0.000000 -1.478270 1.381735  0.000000 -0.050730 -0.998712  0.245697 0.978027 1 13 1.000000
0  -0.151670 -1.479800 1.395775  -0.187897 -0.051443 -0.980841  0.246429 0.916840 1 13 1.000000
0  -0.158845 -1.009675 1.403350  -0.250660 0.086367 -0.964215  0.307953 0.926544 2 13 0.700000 3 0.300000
Leo1A
0  -0.151670 -1.479800 1.395775  -0.187897 -0.051443 -0.980841  0.246429 0.916840 1 13 1.000000
0  -0.331270 -1.483920 1.448820  -0.312745 -0.030190 -0.949357  0.243073 0.853210 2 13 0.900000 21 0.100000
0  -0.158845 -1.009675 1.403350  -0.250660 0.086367 -0.964215  0.307953 0.926544 2 13 0.700000 3 0.300000
Leo1A
0  -0.151670 -1.479800 1.395775  -0.187897 -0.051443 -0.980841  0.246429 0.916840 1 13 1.000000
0  -0.333710 -1.862490 1.494905  -0.216338 -0.165029 -0.962270  0.203613 0.851868 2 13 0.900000 21 0.100000
0  -0.331270 -1.483920 1.448820  -0.312745 -0.030190 -0.949357  0.243073 0.853210 2 13 0.900000 21 0.100000
Leo1A
0  1.037750 0.510710 3.275910  0.821757 -0.304491 0.481664  0.563080 0.659119 2 3 0.700000 4 0.300000
0  0.921480 0.262910 3.263700  0.917430 -0.082001 0.389356  0.517029 0.659546 3 3 0.750000 4 0.200000 13 0.050000
0  0.985720 0.252075 3.026120  0.957787 -0.139707 0.251249  0.530243 0.703979 3 3 0.700000 4 0.250000 13 0.050000
Leo1A
0  0.921480 0.262910 3.263700  0.917430 -0.082001 0.389356  0.517029 0.659546 3 3 0.750000 4 0.200000 13 0.050000
0  0.936280 0.185700 3.267825  0.895148 0.098599 0.434729  0.508118 0.659180 3 3 0.800000 4 0.100000 13 0.100000
0  0.985720 0.252075 3.026120  0.957787 -0.139707 0.251249  0.530243 0.703979 3 3 0.700000 4 0.250000 13 0.050000
Leo1A
0  0.985720 0.252075 3.026120  0.957787 -0.139707 0.251249  0.530243 0.703979 3 3 0.700000 4 0.250000 13 0.050000
0  0.936280 0.185700 3.267825  0.895148 0.098599 0.434729  0.508118 0.659180 3 3 0.800000 4 0.100000 13 0.100000
0  1.033175 0.149690 3.017270  0.943130 0.291956 0.158959  0.508789 0.702423 3 3 0.800000 4 0.100000 13 0.100000
Leo1A
0  0.985720 0.252075 3.026120  0.957787 -0.139707 0.251249  0.530243 0.703979 3 3 0.700000 4 0.250000 13 0.050000
0  1.033175 0.149690 3.017270  0.943130 0.291956 0.158959  0.508789 0.702423 3 3 0.800000 4 0.100000 13 0.100000
0  0.995025 0.185240 2.708435  0.978838 -0.143915 -0.145482  0.517975 0.761688 3 3 0.600000 4 0.350000 13 0.050000
Leo1A
0  0.995025 0.185240 2.708435  0.978838 -0.143915 -0.145482  0.517975 0.761688 3 3 0.600000 4 0.350000 13 0.050000
0  1.033175 0.149690 3.017270  0.943130 0.291956 0.158959  0.508789 0.702423 3 3 0.800000 4 0.100000 13 0.100000
0  1.031495 0.108795 2.679290  0.919926 0.357199 -0.161696  0.500641 0.759521 3 3 0.800000 4 0.100000 13 0.100000
Leo1A
0  1.107790 -0.149995 2.803955  0.984764 0.169551 -0.038633  0.467346 0.727387 2 3 0.700000 13 0.300000
0  1.031495 0.108795 2.679290  0.919926 0.357199 -0.161696  0.500641 0.759521 3 3 0.800000 4 0.100000 13 0.100000
0  1.033175 0.149690 3.017270  0.943130 0.291956 0.158959  0.508789 0.702423 3 3 0.800000 4 0.100000 13 0.100000
Leo1A
0  1.079865 -0.167540 2.603760  0.963670 0.163186 -0.211448  0.466766 0.755279 2 3 0.700000 13 0.300000
0  1.031495 0.108795 2.679290  0.919926 0.357199 -0.161696  0.500641 0.759521 3 3 0.800000 4 0.100000 13 0.100000
0  1.107790 -0.149995 2.803955  0.984764 0.169551 -0.038633  0.467346 0.727387 2 3 0.700000 13 0.300000
Leo1A
0  1.079865 -0.167540 2.603760  0.963670 0.163186 -0.211448  0.466766 0.755279 2 3 0.700000 13 0.300000
0  0.903015 0.065305 2.160185  0.805568 0.326692 -0.494300  0.511169 0.815613 3 3 0.800000 4 0.100000 13 0.100000
0  1.031495 0.108795 2.679290  0.919926 0.357199 -0.161696  0.500641 0.759521 3 3 0.800000 4 0.100000 13 0.100000
Leo1A
0  0.953825 -0.211485 2.134705  0.854078 0.184554 -0.486302  0.471405 0.810608 2 3 0.700000 13 0.300000
0  0.903015 0.065305 2.160185  0.805568 0.326692 -0.494300  0.511169 0.815613 3 3 0.800000 4 0.100000 13 0.100000
0  1.079865 -0.167540 2.603760  0.963670 0.163186 -0.211448  0.466766 0.755279 2 3 0.700000 13 0.300000
Leo1A
0  0.953825 -0.211485 2.134705  0.854078 0.184554 -0.486302  0.471405 0.810608 2 3 0.700000 13 0.300000
0  0.597990 0.028685 1.863860  0.526177 0.378471 -0.761510  0.524750 0.859039 3 3 0.800000 4 0.100000 13 0.100000
0  0.903015 0.065305 2.160185  0.805568 0.326692 -0.494300  0.511169 0.815613 3 3 0.800000 4 0.100000 13 0.100000
Leo1A
0  0.644990 -0.251160 1.791840  0.591895 0.253639 -0.765067  0.476868 0.855164 2 3 0.700000 13 0.300000
0  0.597990 0.028685 1.863860  0.526177 0.378471 -0.761510  0.524750 0.859039 3 3 0.800000 4 0.100000 13 0.100000
0  0.953825 -0.211485 2.134705  0.854078 0.184554 -0.486302  0.471405 0.810608 2 3 0.700000 13 0.300000
Leo1A
0  0.644990 -0.251160 1.791840  0.591895 0.253639 -0.765067  0.476868 0.855164 2 3 0.700000 13 0.300000
0  0.360720 -0.016325 1.733550  0.304014 0.440073 -0.844933  0.528259 0.886871 2 3 0.900000 13 0.100000
0  0.597990 0.028685 1.863860  0.526177 0.378471 -0.761510  0.524750 0.859039 3 3 0.800000 4 0.100000 13 0.100000
Leo1A
0  0.363310 -0.296175 1.624295  0.385961 0.292779 -0.874822  0.485138 0.892975 2 3 0.700000 13 0.300000
0  0.360720 -0.016325 1.733550  0.304014 0.440073 -0.844933  0.528259 0.886871 2 3 0.900000 13 0.100000
0  0.644990 -0.251160 1.791840  0.591895 0.253639 -0.765067  0.476868 0.855164 2 3 0.700000 13 0.300000
Leo1A
0  0.363310 -0.296175 1.624295  0.385961 0.292779 -0.874822  0.485138 0.892975 2 3 0.700000 13 0.300000
0  0.193480 -0.028990 1.675720  0.133356 0.505511 -0.852452  0.530396 0.913849 2 3 0.900000 13 0.100000
0  0.360720 -0.016325 1.733550  0.304014 0.440073 -0.844933  0.528259 0.886871 2 3 0.900000 13 0.100000
Leo1A
0  0.194550 -0.290680 1.566315  0.194882 0.332153 -0.922873  0.487732 0.922241 2 3 0.700000 13 0.300000
0  0.193480 -0.028990 1.675720  0.133356 0.505511 -0.852452  0.530396 0.913849 2 3 0.900000 13 0.100000
0  0.363310 -0.296175 1.624295  0.385961 0.292779 -0.874822  0.485138 0.892975 2 3 0.700000 13 0.300000
Leo1A
0  0.194550 -0.290680 1.566315  0.194882 0.332153 -0.922873  0.487732 0.922241 2 3 0.700000 13 0.300000
0  0.000000 -0.053255 1.660920  0.000000 0.502921 -0.864332  0.542572 0.977966 2 3 0.900000 13 0.100000
0  0.193480 -0.028990 1.675720  0.133356 0.505511 -0.852452  0.530396 0.913849 2 3 0.900000 13 0.100000
Leo1A
0  0.000000 -0.289305 1.554260  0.000000 0.367198 -0.930143  0.493591 0.979340 2 3 0.700000 13 0.300000
0  0.000000 -0.053255 1.660920  0.000000 0.502921 -0.864332  0.542572 0.977966 2 3 0.900000 13 0.100000
0  0.194550 -0.290680 1.566315  0.194882 0.332153 -0.922873  0.487732 0.922241 2 3 0.700000 13 0.300000
Leo1A
0  0.000000 -0.289305 1.554260  0.000000 0.367198 -0.930143  0.493591 0.979340 2 3 0.700000 13 0.300000
0  -0.194550 -0.290680 1.566315  -0.194882 0.332153 -0.922873  0.487732 0.922241 2 3 0.700000 13 0.300000
0  0.000000 -0.053255 1.660920  0.000000 0.502921 -0.864332  0.542572 0.977966 2 3 0.900000 13 0.100000
Leo1A
0  0.995025 0.185240 2.708435  0.978838 -0.143915 -0.145482  0.517975 0.761688 3 3 0.600000 4 0.350000 13 0.050000
0  1.031495 0.108795 2.679290  0.919926 0.357199 -0.161696  0.500641 0.759521 3 3 0.800000 4 0.100000 13 0.100000
0  0.847930 0.170900 2.170410  0.773687 0.116431 -0.622778  0.525330 0.817383 3 3 0.650000 4 0.300000 13 0.050000
Leo1A
0  0.847930 0.170900 2.170410  0.773687 0.116431 -0.622778  0.525330 0.817383 3 3 0.650000 4 0.300000 13 0.050000
0  1.031495 0.108795 2.679290  0.919926 0.357199 -0.161696  0.500641 0.759521 3 3 0.800000 4 0.100000 13 0.100000
0  0.903015 0.065305 2.160185  0.805568 0.326692 -0.494300  0.511169 0.815613 3 3 0.800000 4 0.100000 13 0.100000
Leo1A
0  0.903015 0.065305 2.160185  0.805568 0.326692 -0.494300  0.511169 0.815613 3 3 0.800000 4 0.100000 13 0.100000
0  0.536500 0.170135 1.916200  0.511567 0.340511 -0.788893  0.542175 0.860474 3 3 0.800000 4 0.150000 13 0.050000
0  0.847930 0.170900 2.170410  0.773687 0.116431 -0.622778  0.525330 0.817383 3 3 0.650000 4 0.300000 13 0.050000
Leo1A
0  0.597990 0.028685 1.863860  0.526177 0.378471 -0.761510  0.524750 0.859039 3 3 0.800000 4 0.100000 13 0.100000
0  0.536500 0.170135 1.916200  0.511567 0.340511 -0.788893  0.542175 0.860474 3 3 0.800000 4 0.150000 13 0.050000
0  0.903015 0.065305 2.160185  0.805568 0.326692 -0.494300  0.511169 0.815613 3 3 0.800000 4 0.100000 13 0.100000
Leo1A
0  0.597990 0.028685 1.863860  0.526177 0.378471 -0.761510  0.524750 0.859039 3 3 0.800000 4 0.100000 13 0.100000
0  0.360720 -0.016325 1.733550  0.304014 0.440073 -0.844933  0.528259 0.886871 2 3 0.900000 13 0.100000
0  0.536500 0.170135 1.916200  0.511567 0.340511 -0.788893  0.542175 0.860474 3 3 0.800000 4 0.150000 13 0.050000
Leo1A
0  0.000000 -0.053255 1.660920  0.000000 0.502921 -0.864332  0.542572 0.977966 2 3 0.900000 13 0.100000
0  -0.194550 -0.290680 1.566315  -0.194882 0.332153 -0.922873  0.487732 0.922241 2 3 0.700000 13 0.300000
0  -0.193480 -0.028990 1.675720  -0.133356 0.505511 -0.852452  0.530396 0.913849 2 3 0.900000 13 0.100000
Leo1A
0  -0.193480 -0.028990 1.675720  -0.133356 0.505511 -0.852452  0.530396 0.913849 2 3 0.900000 13 0.100000
0  -0.000000 0.120085 1.798705  0.000000 0.283867 -0.958864  0.578583 0.976959 2 3 0.950000 13 0.050000
0  0.000000 -0.053255 1.660920  0.000000 0.502921 -0.864332  0.542572 0.977966 2 3 0.900000 13 0.100000
Leo1A
0  -0.000000 0.120085 1.798705  0.000000 0.283867 -0.958864  0.578583 0.976959 2 3 0.950000 13 0.050000
0  0.193480 -0.028990 1.675720  0.133356 0.505511 -0.852452  0.530396 0.913849 2 3 0.900000 13 0.100000
0  0.000000 -0.053255 1.660920  0.000000 0.502921 -0.864332  0.542572 0.977966 2 3 0.900000 13 0.100000
Leo1A
0  0.189820 0.123900 1.802675  0.110035 0.297296 -0.948424  0.555756 0.908875 3 3 0.900000 4 0.050000 13 0.050000
0  0.193480 -0.028990 1.675720  0.133356 0.505511 -0.852452  0.530396 0.913849 2 3 0.900000 13 0.100000
0  -0.000000 0.120085 1.798705  0.000000 0.283867 -0.958864  0.578583 0.976959 2 3 0.950000 13 0.050000
Leo1A
0  0.189820 0.123900 1.802675  0.110035 0.297296 -0.948424  0.555756 0.908875 3 3 0.900000 4 0.050000 13 0.050000
0  0.360720 -0.016325 1.733550  0.304014 0.440073 -0.844933  0.528259 0.886871 2 3 0.900000 13 0.100000
0  0.193480 -0.028990 1.675720  0.133356 0.505511 -0.852452  0.530396 0.913849 2 3 0.900000 13 0.100000
Leo1A
0  0.353395 0.133665 1.829070  0.258395 0.312027 -0.914260  0.547821 0.884125 3 3 0.850000 4 0.100000 13 0.050000
0  0.360720 -0.016325 1.733550  0.304014 0.440073 -0.844933  0.528259 0.886871 2 3 0.900000 13 0.100000
0  0.189820 0.123900 1.802675  0.110035 0.297296 -0.948424  0.555756 0.908875 3 3 0.900000 4 0.050000 13 0.050000
Leo1A
0  0.536500 0.170135 1.916200  0.511567 0.340511 -0.788893  0.542175 0.860474 3 3 0.800000 4 0.150000 13 0.050000
0  0.360720 -0.016325 1.733550  0.304014 0.440073 -0.844933  0.528259 0.886871 2 3 0.900000 13 0.100000
0  0.353395 0.133665 1.829070  0.258395 0.312027 -0.914260  0.547821 0.884125 3 3 0.850000 4 0.100000 13 0.050000
Leo1A
0  0.353395 0.133665 1.829070  0.258395 0.312027 -0.914260  0.547821 0.884125 3 3 0.850000 4 0.100000 13 0.050000
0  0.407410 0.359495 1.871945  0.522451 0.098846 -0.846920  0.582672 0.869812 2 3 0.750000 4 0.250000
0  0.536500 0.170135 1.916200  0.511567 0.340511 -0.788893  0.542175 0.860474 3 3 0.800000 4 0.150000 13 0.050000
Leo1A
0  0.304110 0.353395 1.821440  0.379335 0.030704 -0.924750  0.586700 0.886017 2 3 0.800000 4 0.200000
0  0.407410 0.359495 1.871945  0.522451 0.098846 -0.846920  0.582672 0.869812 2 3 0.750000 4 0.250000
0  0.353395 0.133665 1.829070  0.258395 0.312027 -0.914260  0.547821 0.884125 3 3 0.850000 4 0.100000 13 0.050000
Leo1A
0  0.304110 0.353395 1.821440  0.379335 0.030704 -0.924750  0.586700 0.886017 2 3 0.800000 4 0.200000
0  0.197145 0.859985 1.812745  -0.015050 0.076910 -0.996924  0.670471 0.890076 2 3 0.700000 4 0.300000
0  0.407410 0.359495 1.871945  0.522451 0.098846 -0.846920  0.582672 0.869812 2 3 0.750000 4 0.250000
Leo1A
0  0.192110 0.352325 1.777345  0.206309 -0.026470 -0.978129  0.592285 0.902893 2 3 0.900000 4 0.100000
0  0.197145 0.859985 1.812745  -0.015050 0.076910 -0.996924  0.670471 0.890076 2 3 0.700000 4 0.300000
0  0.304110 0.353395 1.821440  0.379335 0.030704 -0.924750  0.586700 0.886017 2 3 0.800000 4 0.200000
Leo1A
0  0.197145 0.859985 1.812745  -0.015050 0.076910 -0.996924  0.670471 0.890076 2 3 0.700000 4 0.300000
0  0.192110 0.352325 1.777345  0.206309 -0.026470 -0.978129  0.592285 0.902893 2 3 0.900000 4 0.100000
0  -0.000000 0.885465 1.800590  0.000000 0.186801 -0.982398  0.731049 0.944580 1 3 1.000000
Leo1A
0  -0.000000 0.885465 1.800590  0.000000 0.186801 -0.982398  0.731049 0.944580 1 3 1.000000
0  0.192110 0.352325 1.777345  0.206309 -0.026470 -0.978129  0.592285 0.902893 2 3 0.900000 4 0.100000
0  -0.000000 0.351105 1.768395  -0.000000 -0.035415 -0.999373  0.624573 0.967194 1 3 1.000000
Leo1A
0  -0.000000 0.351105 1.768395  -0.000000 -0.035415 -0.999373  0.624573 0.967194 1 3 1.000000
0  0.192110 0.352325 1.777345  0.206309 -0.026470 -0.978129  0.592285 0.902893 2 3 0.900000 4 0.100000
0  -0.000000 0.120085 1.798705  0.000000 0.283867 -0.958864  0.578583 0.976959 2 3 0.950000 13 0.050000
Leo1A
0  -0.000000 0.120085 1.798705  0.000000 0.283867 -0.958864  0.578583 0.976959 2 3 0.950000 13 0.050000
0  0.192110 0.352325 1.777345  0.206309 -0.026470 -0.978129  0.592285 0.902893 2 3 0.900000 4 0.100000
0  0.189820 0.123900 1.802675  0.110035 0.297296 -0.948424  0.555756 0.908875 3 3 0.900000 4 0.050000 13 0.050000
Leo1A
0  0.192110 0.352325 1.777345  0.206309 -0.026470 -0.978129  0.592285 0.902893 2 3 0.900000 4 0.100000
0  0.304110 0.353395 1.821440  0.379335 0.030704 -0.924750  0.586700 0.886017 2 3 0.800000 4 0.200000
0  0.189820 0.123900 1.802675  0.110035 0.297296 -0.948424  0.555756 0.908875 3 3 0.900000 4 0.050000 13 0.050000
Leo1A
0  0.304110 0.353395 1.821440  0.379335 0.030704 -0.924750  0.586700 0.886017 2 3 0.800000 4 0.200000
0  0.353395 0.133665 1.829070  0.258395 0.312027 -0.914260  0.547821 0.884125 3 3 0.850000 4 0.100000 13 0.050000
0  0.189820 0.123900 1.802675  0.110035 0.297296 -0.948424  0.555756 0.908875 3 3 0.900000 4 0.050000 13 0.050000
Leo1A
0  -0.000000 0.351105 1.768395  -0.000000 -0.035415 -0.999373  0.624573 0.967194 1 3 1.000000
0  -0.192110 0.352325 1.777345  -0.206308 -0.026470 -0.978129  0.592285 0.902893 2 3 0.900000 7 0.100000
0  -0.000000 0.885465 1.800590  0.000000 0.186801 -0.982398  0.731049 0.944580 1 3 1.000000
Leo1A
0  -0.192110 0.352325 1.777345  -0.206308 -0.026470 -0.978129  0.592285 0.902893 2 3 0.900000 7 0.100000
0  -0.000000 0.351105 1.768395  -0.000000 -0.035415 -0.999373  0.624573 0.967194 1 3 1.000000
0  -0.000000 0.120085 1.798705  0.000000 0.283867 -0.958864  0.578583 0.976959 2 3 0.950000 13 0.050000
Leo1A
0  -0.189820 0.123900 1.802675  -0.110034 0.297296 -0.948424  0.555756 0.908875 3 3 0.900000 7 0.050000 13 0.050000
0  -0.192110 0.352325 1.777345  -0.206308 -0.026470 -0.978129  0.592285 0.902893 2 3 0.900000 7 0.100000
0  -0.000000 0.120085 1.798705  0.000000 0.283867 -0.958864  0.578583 0.976959 2 3 0.950000 13 0.050000
Leo1A
0  -0.189820 0.123900 1.802675  -0.110034 0.297296 -0.948424  0.555756 0.908875 3 3 0.900000 7 0.050000 13 0.050000
0  -0.000000 0.120085 1.798705  0.000000 0.283867 -0.958864  0.578583 0.976959 2 3 0.950000 13 0.050000
0  -0.193480 -0.028990 1.675720  -0.133356 0.505511 -0.852452  0.530396 0.913849 2 3 0.900000 13 0.100000
Leo1A
0  -0.360720 -0.016325 1.733550  -0.304015 0.440073 -0.844933  0.528259 0.886871 2 3 0.900000 13 0.100000
0  -0.189820 0.123900 1.802675  -0.110034 0.297296 -0.948424  0.555756 0.908875 3 3 0.900000 7 0.050000 13 0.050000
0  -0.193480 -0.028990 1.675720  -0.133356 0.505511 -0.852452  0.530396 0.913849 2 3 0.900000 13 0.100000
Leo1A
0  -0.193480 -0.028990 1.675720  -0.133356 0.505511 -0.852452  0.530396 0.913849 2 3 0.900000 13 0.100000
0  -0.363310 -0.296175 1.624295  -0.385961 0.292779 -0.874822  0.485138 0.892975 2 3 0.700000 13 0.300000
0  -0.360720 -0.016325 1.733550  -0.304015 0.440073 -0.844933  0.528259 0.886871 2 3 0.900000 13 0.100000
Leo1A
0  -0.363310 -0.296175 1.624295  -0.385961 0.292779 -0.874822  0.485138 0.892975 2 3 0.700000 13 0.300000
0  -0.644990 -0.251160 1.791840  -0.591895 0.253639 -0.765067  0.476868 0.855164 2 3 0.700000 13 0.300000
0  -0.360720 -0.016325 1.733550  -0.304015 0.440073 -0.844933  0.528259 0.886871 2 3 0.900000 13 0.100000
Leo1A
0  -0.363310 -0.296175 1.624295  -0.385961 0.292779 -0.874822  0.485138 0.892975 2 3 0.700000 13 0.300000
0  -0.357970 -0.525970 1.558075  -0.407273 0.198565 -0.891460  0.443543 0.895783 2 3 0.500000 13 0.500000
0  -0.644990 -0.251160 1.791840  -0.591895 0.253639 -0.765067  0.476868 0.855164 2 3 0.700000 13 0.300000
Leo1A
0  -0.357970 -0.525970 1.558075  -0.407273 0.198565 -0.891460  0.443543 0.895783 2 3 0.500000 13 0.500000
0  -0.655365 -0.468140 1.743010  -0.625141 0.163998 -0.763088  0.445709 0.852753 2 3 0.500000 13 0.500000
0  -0.644990 -0.251160 1.791840  -0.591895 0.253639 -0.765067  0.476868 0.855164 2 3 0.700000 13 0.300000
Leo1A
0  -0.655365 -0.468140 1.743010  -0.625141 0.163998 -0.763088  0.445709 0.852753 2 3 0.500000 13 0.500000
0  -0.357970 -0.525970 1.558075  -0.407273 0.198565 -0.891460  0.443543 0.895783 2 3 0.500000 13 0.500000
0  -0.338590 -1.017455 1.462705  -0.367942 0.106781 -0.923697  0.307709 0.887482 2 13 0.700000 3 0.300000
Leo1A
0  -0.655365 -0.468140 1.743010  -0.625141 0.163998 -0.763088  0.445709 0.852753 2 3 0.500000 13 0.500000
0  -0.338590 -1.017455 1.462705  -0.367942 0.106781 -0.923697  0.307709 0.887482 2 13 0.700000 3 0.300000
0  -0.583040 -1.090700 1.562805  -0.311550 0.336466 -0.888666  0.309418 0.843750 3 13 0.650000 21 0.200000 3 0.150000
Leo1A
0  -0.583040 -1.090700 1.562805  -0.311550 0.336466 -0.888666  0.309418 0.843750 3 13 0.650000 21 0.200000 3 0.150000
0  -0.338590 -1.017455 1.462705  -0.367942 0.106781 -0.923697  0.307709 0.887482 2 13 0.700000 3 0.300000
0  -0.331270 -1.483920 1.448820  -0.312745 -0.030190 -0.949357  0.243073 0.853210 2 13 0.900000 21 0.100000
Leo1A
0  -0.158845 -1.009675 1.403350  -0.250660 0.086367 -0.964215  0.307953 0.926544 2 13 0.700000 3 0.300000
0  -0.331270 -1.483920 1.448820  -0.312745 -0.030190 -0.949357  0.243073 0.853210 2 13 0.900000 21 0.100000
0  -0.338590 -1.017455 1.462705  -0.367942 0.106781 -0.923697  0.307709 0.887482 2 13 0.700000 3 0.300000
Leo1A
0  -0.338590 -1.017455 1.462705  -0.367942 0.106781 -0.923697  0.307709 0.887482 2 13 0.700000 3 0.300000
0  -0.357970 -0.525970 1.558075  -0.407273 0.198565 -0.891460  0.443543 0.895783 2 3 0.500000 13 0.500000
0  -0.158845 -1.009675 1.403350  -0.250660 0.086367 -0.964215  0.307953 0.926544 2 13 0.700000 3 0.300000
Leo1A
0  -0.357970 -0.525970 1.558075  -0.407273 0.198565 -0.891460  0.443543 0.895783 2 3 0.500000 13 0.500000
0  -0.187075 -0.552215 1.492155  -0.243901 0.216706 -0.945278  0.435333 0.927399 2 3 0.500000 13 0.500000
0  -0.158845 -1.009675 1.403350  -0.250660 0.086367 -0.964215  0.307953 0.926544 2 13 0.700000 3 0.300000
Leo1A
0  -0.187075 -0.552215 1.492155  -0.243901 0.216706 -0.945278  0.435333 0.927399 2 3 0.500000 13 0.500000
0  -0.357970 -0.525970 1.558075  -0.407273 0.198565 -0.891460  0.443543 0.895783 2 3 0.500000 13 0.500000
0  -0.363310 -0.296175 1.624295  -0.385961 0.292779 -0.874822  0.485138 0.892975 2 3 0.700000 13 0.300000
Leo1A
0  -0.194550 -0.290680 1.566315  -0.194882 0.332153 -0.922873  0.487732 0.922241 2 3 0.700000 13 0.300000
0  -0.187075 -0.552215 1.492155  -0.243901 0.216706 -0.945278  0.435333 0.927399 2 3 0.500000 13 0.500000
0  -0.363310 -0.296175 1.624295  -0.385961 0.292779 -0.874822  0.485138 0.892975 2 3 0.700000 13 0.300000
Leo1A
0  -0.194550 -0.290680 1.566315  -0.194882 0.332153 -0.922873  0.487732 0.922241 2 3 0.700000 13 0.300000
0  -0.363310 -0.296175 1.624295  -0.385961 0.292779 -0.874822  0.485138 0.892975 2 3 0.700000 13 0.300000
0  -0.193480 -0.028990 1.675720  -0.133356 0.505511 -0.852452  0.530396 0.913849 2 3 0.900000 13 0.100000
Leo1A
0  -0.953825 -0.211485 2.134705  -0.854078 0.184554 -0.486302  0.471405 0.810608 2 3 0.700000 13 0.300000
0  -0.978545 -0.393980 2.122345  -0.880345 0.118963 -0.459174  0.443115 0.807709 2 3 0.500000 13 0.500000
0  -1.089475 -0.333860 2.568815  -0.974022 0.072731 -0.214457  0.444336 0.754242 2 3 0.500000 13 0.500000
Leo1A
0  -1.089475 -0.333860 2.568815  -0.974022 0.072731 -0.214457  0.444336 0.754242 2 3 0.500000 13 0.500000
0  -0.978545 -0.393980 2.122345  -0.880345 0.118963 -0.459174  0.443115 0.807709 2 3 0.500000 13 0.500000
0  -1.096955 -0.901030 2.501830  -0.839623 0.516985 -0.166613  0.348145 0.762970 3 13 0.600000 21 0.300000 3 0.100000
Leo1A
0  -1.096955 -0.901030 2.501830  -0.839623 0.516985 -0.166613  0.348145 0.762970 3 13 0.600000 21 0.300000 3 0.100000
0  -0.978545 -0.393980 2.122345  -0.880345 0.118963 -0.459174  0.443115 0.807709 2 3 0.500000 13 0.500000
0  -1.036680 -0.978090 2.089690  -0.720813 0.567982 -0.397271  0.326141 0.802490 3 21 0.450000 13 0.400000 3 0.150000
Leo1A
0  -1.036680 -0.978090 2.089690  -0.720813 0.567982 -0.397271  0.326141 0.802490 3 21 0.450000 13 0.400000 3 0.150000
0  -0.978545 -0.393980 2.122345  -0.880345 0.118963 -0.459174  0.443115 0.807709 2 3 0.500000 13 0.500000
0  -0.583040 -1.090700 1.562805  -0.311550 0.336466 -0.888666  0.309418 0.843750 3 13 0.650000 21 0.200000 3 0.150000
Leo1A
0  -0.583040 -1.090700 1.562805  -0.311550 0.336466 -0.888666  0.309418 0.843750 3 13 0.650000 21 0.200000 3 0.150000
0  -0.978545 -0.393980 2.122345  -0.880345 0.118963 -0.459174  0.443115 0.807709 2 3 0.500000 13 0.500000
0  -0.655365 -0.468140 1.743010  -0.625141 0.163998 -0.763088  0.445709 0.852753 2 3 0.500000 13 0.500000
Leo1A
0  -0.655365 -0.468140 1.743010  -0.625141 0.163998 -0.763088  0.445709 0.852753 2 3 0.500000 13 0.500000
0  -0.978545 -0.393980 2.122345  -0.880345 0.118963 -0.459174  0.443115 0.807709 2 3 0.500000 13 0.500000
0  -0.953825 -0.211485 2.134705  -0.854078 0.184554 -0.486302  0.471405 0.810608 2 3 0.700000 13 0.300000
Leo1A
0  -0.644990 -0.251160 1.791840  -0.591895 0.253639 -0.765067  0.476868 0.855164 2 3 0.700000 13 0.300000
0  -0.655365 -0.468140 1.743010  -0.625141 0.163998 -0.763088  0.445709 0.852753 2 3 0.500000 13 0.500000
0  -0.953825 -0.211485 2.134705  -0.854078 0.184554 -0.486302  0.471405 0.810608 2 3 0.700000 13 0.300000
Leo1A
0  -0.644990 -0.251160 1.791840  -0.591895 0.253639 -0.765067  0.476868 0.855164 2 3 0.700000 13 0.300000
0  -0.953825 -0.211485 2.134705  -0.854078 0.184554 -0.486302  0.471405 0.810608 2 3 0.700000 13 0.300000
0  -0.597990 0.028685 1.863860  -0.526177 0.378471 -0.761510  0.524750 0.859039 3 3 0.800000 7 0.100000 13 0.100000
Leo1A
0  -0.360720 -0.016325 1.733550  -0.304015 0.440073 -0.844933  0.528259 0.886871 2 3 0.900000 13 0.100000
0  -0.644990 -0.251160 1.791840  -0.591895 0.253639 -0.765067  0.476868 0.855164 2 3 0.700000 13 0.300000
0  -0.597990 0.028685 1.863860  -0.526177 0.378471 -0.761510  0.524750 0.859039 3 3 0.800000 7 0.100000 13 0.100000
Leo1A
0  0.241700 1.972505 2.295075  0.016422 0.839290 -0.543436  0.808868 0.793610 2 3 0.700000 4 0.300000
0  0.542605 2.024385 2.611390  0.093849 0.995580 -0.003630  0.837921 0.704956 2 3 0.800000 4 0.200000
0  0.647585 2.005005 2.469940  0.057719 0.981439 -0.182886  0.806305 0.717499 2 3 0.600000 4 0.400000
Leo1A
0  0.472565 1.944120 2.327730  0.085285 0.865513 -0.493572  0.781464 0.767944 2 3 0.500000 4 0.500000
0  0.241700 1.972505 2.295075  0.016422 0.839290 -0.543436  0.808868 0.793610 2 3 0.700000 4 0.300000
0  0.647585 2.005005 2.469940  0.057719 0.981439 -0.182886  0.806305 0.717499 2 3 0.600000 4 0.400000
Leo1A
0  0.379945 1.873015 2.182315  -0.209529 0.801458 -0.560145  0.767273 0.790894 2 3 0.500000 4 0.500000
0  0.241700 1.972505 2.295075  0.016422 0.839290 -0.543436  0.808868 0.793610 2 3 0.700000 4 0.300000
0  0.472565 1.944120 2.327730  0.085285 0.865513 -0.493572  0.781464 0.767944 2 3 0.500000 4 0.500000
Leo1A
0  0.241700 1.972505 2.295075  0.016422 0.839290 -0.543436  0.808868 0.793610 2 3 0.700000 4 0.300000
0  0.379945 1.873015 2.182315  -0.209529 0.801458 -0.560145  0.767273 0.790894 2 3 0.500000 4 0.500000
0  0.190430 1.544800 1.989595  -0.179827 0.431428 -0.884043  0.754395 0.824158 2 3 0.700000 4 0.300000
Leo1A
0  0.379945 1.873015 2.182315  -0.209529 0.801458 -0.560145  0.767273 0.790894 2 3 0.500000 4 0.500000
0  0.282595 1.551820 1.958010  -0.655487 0.414268 -0.631442  0.737915 0.820984 2 4 0.700000 3 0.300000
0  0.190430 1.544800 1.989595  -0.179827 0.431428 -0.884043  0.754395 0.824158 2 3 0.700000 4 0.300000
Leo1A
0  0.190430 1.544800 1.989595  -0.179827 0.431428 -0.884043  0.754395 0.824158 2 3 0.700000 4 0.300000
0  0.282595 1.551820 1.958010  -0.655487 0.414268 -0.631442  0.737915 0.820984 2 4 0.700000 3 0.300000
0  0.197145 0.859985 1.812745  -0.015050 0.076910 -0.996924  0.670471 0.890076 2 3 0.700000 4 0.300000
Leo1A
0  0.190430 1.544800 1.989595  -0.179827 0.431428 -0.884043  0.754395 0.824158 2 3 0.700000 4 0.300000
0  0.197145 0.859985 1.812745  -0.015050 0.076910 -0.996924  0.670471 0.890076 2 3 0.700000 4 0.300000
0  -0.000000 1.533815 1.995905  -0.000000 0.415272 -0.909697  0.821106 0.861939 1 3 1.000000
Leo1A
0  -0.000000 1.533815 1.995905  -0.000000 0.415272 -0.909697  0.821106 0.861939 1 3 1.000000
0  0.197145 0.859985 1.812745  -0.015050 0.076910 -0.996924  0.670471 0.890076 2 3 0.700000 4 0.300000
0  -0.000000 0.885465 1.800590  0.000000 0.186801 -0.982398  0.731049 0.944580 1 3 1.000000
Leo1A
0  -0.000000 1.533815 1.995905  -0.000000 0.415272 -0.909697  0.821106 0.861939 1 3 1.000000
0  -0.000000 0.885465 1.800590  0.000000 0.186801 -0.982398  0.731049 0.944580 1 3 1.000000
0  -0.197145 0.859985 1.812745  0.015050 0.076910 -0.996924  0.670471 0.890076 2 3 0.700000 7 0.300000
Leo1A
0  -0.000000 0.885465 1.800590  0.000000 0.186801 -0.982398  0.731049 0.944580 1 3 1.000000
0  -0.192110 0.352325 1.777345  -0.206308 -0.026470 -0.978129  0.592285 0.902893 2 3 0.900000 7 0.100000
0  -0.197145 0.859985 1.812745  0.015050 0.076910 -0.996924  0.670471 0.890076 2 3 0.700000 7 0.300000
Leo1A
0  -0.197145 0.859985 1.812745  0.015050 0.076910 -0.996924  0.670471 0.890076 2 3 0.700000 7 0.300000
0  -0.192110 0.352325 1.777345  -0.206308 -0.026470 -0.978129  0.592285 0.902893 2 3 0.900000 7 0.100000
0  -0.304110 0.353395 1.821440  -0.379335 0.030703 -0.924750  0.586700 0.886017 2 3 0.800000 7 0.200000
Leo1A
0  -0.304110 0.353395 1.821440  -0.379335 0.030703 -0.924750  0.586700 0.886017 2 3 0.800000 7 0.200000
0  -0.192110 0.352325 1.777345  -0.206308 -0.026470 -0.978129  0.592285 0.902893 2 3 0.900000 7 0.100000
0  -0.189820 0.123900 1.802675  -0.110034 0.297296 -0.948424  0.555756 0.908875 3 3 0.900000 7 0.050000 13 0.050000
Leo1A
0  -0.353395 0.133665 1.829070  -0.258395 0.312027 -0.914260  0.547821 0.884125 3 3 0.850000 7 0.100000 13 0.050000
0  -0.304110 0.353395 1.821440  -0.379335 0.030703 -0.924750  0.586700 0.886017 2 3 0.800000 7 0.200000
0  -0.189820 0.123900 1.802675  -0.110034 0.297296 -0.948424  0.555756 0.908875 3 3 0.900000 7 0.050000 13 0.050000
Leo1A
0  -0.353395 0.133665 1.829070  -0.258395 0.312027 -0.914260  0.547821 0.884125 3 3 0.850000 7 0.100000 13 0.050000
0  -0.189820 0.123900 1.802675  -0.110034 0.297296 -0.948424  0.555756 0.908875 3 3 0.900000 7 0.050000 13 0.050000
0  -0.360720 -0.016325 1.733550  -0.304015 0.440073 -0.844933  0.528259 0.886871 2 3 0.900000 13 0.100000
Leo1A
0  -0.360720 -0.016325 1.733550  -0.304015 0.440073 -0.844933  0.528259 0.886871 2 3 0.900000 13 0.100000
0  -0.536500 0.170135 1.916200  -0.511567 0.340511 -0.788893  0.542175 0.860474 3 3 0.800000 7 0.150000 13 0.050000
0  -0.353395 0.133665 1.829070  -0.258395 0.312027 -0.914260  0.547821 0.884125 3 3 0.850000 7 0.100000 13 0.050000
Leo1A
0  -0.360720 -0.016325 1.733550  -0.304015 0.440073 -0.844933  0.528259 0.886871 2 3 0.900000 13 0.100000
0  -0.597990 0.028685 1.863860  -0.526177 0.378471 -0.761510  0.524750 0.859039 3 3 0.800000 7 0.100000 13 0.100000
0  -0.536500 0.170135 1.916200  -0.511567 0.340511 -0.788893  0.542175 0.860474 3 3 0.800000 7 0.150000 13 0.050000
Leo1A
0  -0.903015 0.065305 2.160185  -0.805568 0.326692 -0.494300  0.511169 0.815613 3 3 0.800000 7 0.100000 13 0.100000
0  -0.536500 0.170135 1.916200  -0.511567 0.340511 -0.788893  0.542175 0.860474 3 3 0.800000 7 0.150000 13 0.050000
0  -0.597990 0.028685 1.863860  -0.526177 0.378471 -0.761510  0.524750 0.859039 3 3 0.800000 7 0.100000 13 0.100000
Leo1A
0  -0.597990 0.028685 1.863860  -0.526177 0.378471 -0.761510  0.524750 0.859039 3 3 0.800000 7 0.100000 13 0.100000
0  -0.953825 -0.211485 2.134705  -0.854078 0.184554 -0.486302  0.471405 0.810608 2 3 0.700000 13 0.300000
0  -0.903015 0.065305 2.160185  -0.805568 0.326692 -0.494300  0.511169 0.815613 3 3 0.800000 7 0.100000 13 0.100000
Leo1A
0  -0.304110 0.353395 1.821440  -0.379335 0.030703 -0.924750  0.586700 0.886017 2 3 0.800000 7 0.200000
0  -0.407410 0.359495 1.871945  -0.522451 0.098846 -0.846920  0.582672 0.869812 2 3 0.750000 7 0.250000
0  -0.197145 0.859985 1.812745  0.015050 0.076910 -0.996924  0.670471 0.890076 2 3 0.700000 7 0.300000
Leo1A
0  -0.353395 0.133665 1.829070  -0.258395 0.312027 -0.914260  0.547821 0.884125 3 3 0.850000 7 0.100000 13 0.050000
0  -0.407410 0.359495 1.871945  -0.522451 0.098846 -0.846920  0.582672 0.869812 2 3 0.750000 7 0.250000
0  -0.304110 0.353395 1.821440  -0.379335 0.030703 -0.924750  0.586700 0.886017 2 3 0.800000 7 0.200000
Leo1A
0  -0.353395 0.133665 1.829070  -0.258395 0.312027 -0.914260  0.547821 0.884125 3 3 0.850000 7 0.100000 13 0.050000
0  -0.536500 0.170135 1.916200  -0.511567 0.340511 -0.788893  0.542175 0.860474 3 3 0.800000 7 0.150000 13 0.050000
0  -0.407410 0.359495 1.871945  -0.522451 0.098846 -0.846920  0.582672 0.869812 2 3 0.750000 7 0.250000
Leo1A
0  0.274355 2.052460 2.591860  0.073154 0.993781 -0.083953  0.882904 0.706573 2 3 0.800000 4 0.200000
0  0.542605 2.024385 2.611390  0.093849 0.995580 -0.003630  0.837921 0.704956 2 3 0.800000 4 0.200000
0  0.241700 1.972505 2.295075  0.016422 0.839290 -0.543436  0.808868 0.793610 2 3 0.700000 4 0.300000
Leo1A
0  0.274355 2.052460 2.591860  0.073154 0.993781 -0.083953  0.882904 0.706573 2 3 0.800000 4 0.200000
0  0.241700 1.972505 2.295075  0.016422 0.839290 -0.543436  0.808868 0.793610 2 3 0.700000 4 0.300000
0  -0.000000 2.055970 2.570955  -0.000000 0.993697 -0.112098  0.943787 0.707306 3 3 0.800000 4 0.100000 7 0.100000
Leo1A
0  -0.000000 2.055970 2.570955  -0.000000 0.993697 -0.112098  0.943787 0.707306 3 3 0.800000 4 0.100000 7 0.100000
0  0.241700 1.972505 2.295075  0.016422 0.839290 -0.543436  0.808868 0.793610 2 3 0.700000 4 0.300000
0  -0.000000 1.974030 2.300875  -0.000000 0.814588 -0.580040  0.881531 0.797974 3 3 0.800000 4 0.100000 7 0.100000
Leo1A
0  0.241700 1.972505 2.295075  0.016422 0.839290 -0.543436  0.808868 0.793610 2 3 0.700000 4 0.300000
0  0.190430 1.544800 1.989595  -0.179827 0.431428 -0.884043  0.754395 0.824158 2 3 0.700000 4 0.300000
0  -0.000000 1.974030 2.300875  -0.000000 0.814588 -0.580040  0.881531 0.797974 3 3 0.800000 4 0.100000 7 0.100000
Leo1A
0  -0.000000 1.974030 2.300875  -0.000000 0.814588 -0.580040  0.881531 0.797974 3 3 0.800000 4 0.100000 7 0.100000
0  0.190430 1.544800 1.989595  -0.179827 0.431428 -0.884043  0.754395 0.824158 2 3 0.700000 4 0.300000
0  -0.000000 1.533815 1.995905  -0.000000 0.415272 -0.909697  0.821106 0.861939 1 3 1.000000
Leo1A
0  -0.000000 1.533815 1.995905  -0.000000 0.415272 -0.909697  0.821106 0.861939 1 3 1.000000
0  -0.190430 1.544800 1.989595  0.179827 0.431428 -0.884043  0.754395 0.824158 2 3 0.700000 7 0.300000
0  -0.000000 1.974030 2.300875  -0.000000 0.814588 -0.580040  0.881531 0.797974 3 3 0.800000 4 0.100000 7 0.100000
Leo1A
0  -0.190430 1.544800 1.989595  0.179827 0.431428 -0.884043  0.754395 0.824158 2 3 0.700000 7 0.300000
0  -0.000000 1.533815 1.995905  -0.000000 0.415272 -0.909697  0.821106 0.861939 1 3 1.000000
0  -0.197145 0.859985 1.812745  0.015050 0.076910 -0.996924  0.670471 0.890076 2 3 0.700000 7 0.300000
Leo1A
0  -0.282595 1.551820 1.958010  0.655487 0.414268 -0.631442  0.737915 0.820984 2 7 0.700000 3 0.300000
0  -0.190430 1.544800 1.989595  0.179827 0.431428 -0.884043  0.754395 0.824158 2 3 0.700000 7 0.300000
0  -0.197145 0.859985 1.812745  0.015050 0.076910 -0.996924  0.670471 0.890076 2 3 0.700000 7 0.300000
Leo1A
0  -0.379945 1.873015 2.182315  0.209528 0.801458 -0.560146  0.767273 0.790894 2 3 0.500000 7 0.500000
0  -0.190430 1.544800 1.989595  0.179827 0.431428 -0.884043  0.754395 0.824158 2 3 0.700000 7 0.300000
0  -0.282595 1.551820 1.958010  0.655487 0.414268 -0.631442  0.737915 0.820984 2 7 0.700000 3 0.300000
Leo1A
0  -0.190430 1.544800 1.989595  0.179827 0.431428 -0.884043  0.754395 0.824158 2 3 0.700000 7 0.300000
0  -0.379945 1.873015 2.182315  0.209528 0.801458 -0.560146  0.767273 0.790894 2 3 0.500000 7 0.500000
0  -0.241700 1.972505 2.295075  -0.016423 0.839290 -0.543436  0.808868 0.793610 2 3 0.700000 7 0.300000
Leo1A
0  -0.241700 1.972505 2.295075  -0.016423 0.839290 -0.543436  0.808868 0.793610 2 3 0.700000 7 0.300000
0  -0.379945 1.873015 2.182315  0.209528 0.801458 -0.560146  0.767273 0.790894 2 3 0.500000 7 0.500000
0  -0.472565 1.944120 2.327730  -0.085286 0.865513 -0.493573  0.781464 0.767944 2 3 0.500000 7 0.500000
Leo1A
0  -0.472565 1.944120 2.327730  -0.085286 0.865513 -0.493573  0.781464 0.767944 2 3 0.500000 7 0.500000
0  -0.647585 2.005005 2.469940  -0.057720 0.981438 -0.182887  0.806305 0.717499 2 3 0.600000 7 0.400000
0  -0.241700 1.972505 2.295075  -0.016423 0.839290 -0.543436  0.808868 0.793610 2 3 0.700000 7 0.300000
Leo1A
0  -0.000000 1.974030 2.300875  -0.000000 0.814588 -0.580040  0.881531 0.797974 3 3 0.800000 4 0.100000 7 0.100000
0  -0.241700 1.972505 2.295075  -0.016423 0.839290 -0.543436  0.808868 0.793610 2 3 0.700000 7 0.300000
0  -0.000000 2.055970 2.570955  -0.000000 0.993697 -0.112098  0.943787 0.707306 3 3 0.800000 4 0.100000 7 0.100000
Leo1A
0  -0.000000 1.974030 2.300875  -0.000000 0.814588 -0.580040  0.881531 0.797974 3 3 0.800000 4 0.100000 7 0.100000
0  -0.190430 1.544800 1.989595  0.179827 0.431428 -0.884043  0.754395 0.824158 2 3 0.700000 7 0.300000
0  -0.241700 1.972505 2.295075  -0.016423 0.839290 -0.543436  0.808868 0.793610 2 3 0.700000 7 0.300000
Leo1A
0  0.778505 0.886840 3.657685  0.538774 -0.048195 0.841070  0.586456 0.609009 2 3 0.800000 4 0.200000
0  0.744475 1.446840 3.577120  0.502600 0.362322 0.784930  0.667938 0.616028 2 3 0.800000 4 0.200000
0  0.592650 0.963135 3.751070  0.342823 -0.003259 0.939394  0.588074 0.579620 2 3 0.900000 4 0.100000
Leo1A
0  0.592650 0.963135 3.751070  0.342823 -0.003259 0.939394  0.588074 0.579620 2 3 0.900000 4 0.100000
0  0.744475 1.446840 3.577120  0.502600 0.362322 0.784930  0.667938 0.616028 2 3 0.800000 4 0.200000
0  0.514220 1.521760 3.658905  0.311262 0.451594 0.836169  0.671448 0.550201 2 3 0.900000 4 0.100000
Leo1A
0  0.744475 1.446840 3.577120  0.502600 0.362322 0.784930  0.667938 0.616028 2 3 0.800000 4 0.200000
0  0.759125 1.782835 3.285220  0.406995 0.702910 0.583329  0.753388 0.618866 2 3 0.800000 4 0.200000
0  0.514220 1.521760 3.658905  0.311262 0.451594 0.836169  0.671448 0.550201 2 3 0.900000 4 0.100000
Leo1A
0  0.514220 1.521760 3.658905  0.311262 0.451594 0.836169  0.671448 0.550201 2 3 0.900000 4 0.100000
0  0.759125 1.782835 3.285220  0.406995 0.702910 0.583329  0.753388 0.618866 2 3 0.800000 4 0.200000
0  0.524290 1.862335 3.306885  0.212508 0.813847 0.540826  0.769928 0.569427 2 3 0.900000 4 0.100000
Leo1A
0  0.759125 1.782835 3.285220  0.406995 0.702910 0.583329  0.753388 0.618866 2 3 0.800000 4 0.200000
0  0.814055 1.913145 3.018190  0.381412 0.871890 0.307138  0.784119 0.659332 2 3 0.700000 4 0.300000
0  0.524290 1.862335 3.306885  0.212508 0.813847 0.540826  0.769928 0.569427 2 3 0.900000 4 0.100000
Leo1A
0  0.524290 1.862335 3.306885  0.212508 0.813847 0.540826  0.769928 0.569427 2 3 0.900000 4 0.100000
0  0.814055 1.913145 3.018190  0.381412 0.871890 0.307138  0.784119 0.659332 2 3 0.700000 4 0.300000
0  0.538635 1.973725 3.048860  0.165749 0.951279 0.259992  0.816742 0.636169 2 3 0.900000 4 0.100000
Leo1A
0  0.814055 1.913145 3.018190  0.381412 0.871890 0.307138  0.784119 0.659332 2 3 0.700000 4 0.300000
0  0.542605 2.024385 2.611390  0.093849 0.995580 -0.003630  0.837921 0.704956 2 3 0.800000 4 0.200000
0  0.538635 1.973725 3.048860  0.165749 0.951279 0.259992  0.816742 0.636169 2 3 0.900000 4 0.100000
Leo1A
0  0.538635 1.973725 3.048860  0.165749 0.951279 0.259992  0.816742 0.636169 2 3 0.900000 4 0.100000
0  0.542605 2.024385 2.611390  0.093849 0.995580 -0.003630  0.837921 0.704956 2 3 0.800000 4 0.200000
0  0.275115 1.995545 3.065545  0.101994 0.962192 0.252554  0.864166 0.595612 1 3 1.000000
Leo1A
0  0.275115 1.995545 3.065545  0.101994 0.962192 0.252554  0.864166 0.595612 1 3 1.000000
0  0.542605 2.024385 2.611390  0.093849 0.995580 -0.003630  0.837921 0.704956 2 3 0.800000 4 0.200000
0  0.274355 2.052460 2.591860  0.073154 0.993781 -0.083953  0.882904 0.706573 2 3 0.800000 4 0.200000
Leo1A
0  0.275115 1.995545 3.065545  0.101994 0.962192 0.252554  0.864166 0.595612 1 3 1.000000
0  0.274355 2.052460 2.591860  0.073154 0.993781 -0.083953  0.882904 0.706573 2 3 0.800000 4 0.200000
0  -0.000000 2.020415 3.076530  0.000000 0.971474 0.237144  0.905609 0.562958 1 3 1.000000
Leo1A
0  -0.000000 2.020415 3.076530  0.000000 0.971474 0.237144  0.905609 0.562958 1 3 1.000000
0  0.274355 2.052460 2.591860  0.073154 0.993781 -0.083953  0.882904 0.706573 2 3 0.800000 4 0.200000
0  -0.000000 2.055970 2.570955  -0.000000 0.993697 -0.112098  0.943787 0.707306 3 3 0.800000 4 0.100000 7 0.100000
Leo1A
0  -0.000000 2.055970 2.570955  -0.000000 0.993697 -0.112098  0.943787 0.707306 3 3 0.800000 4 0.100000 7 0.100000
0  -0.274355 2.052460 2.591860  -0.073154 0.993781 -0.083953  0.882904 0.706573 2 3 0.800000 7 0.200000
0  -0.000000 2.020415 3.076530  0.000000 0.971474 0.237144  0.905609 0.562958 1 3 1.000000
Leo1A
0  -0.000000 2.055970 2.570955  -0.000000 0.993697 -0.112098  0.943787 0.707306 3 3 0.800000 4 0.100000 7 0.100000
0  -0.241700 1.972505 2.295075  -0.016423 0.839290 -0.543436  0.808868 0.793610 2 3 0.700000 7 0.300000
0  -0.274355 2.052460 2.591860  -0.073154 0.993781 -0.083953  0.882904 0.706573 2 3 0.800000 7 0.200000
Leo1A
0  -0.241700 1.972505 2.295075  -0.016423 0.839290 -0.543436  0.808868 0.793610 2 3 0.700000 7 0.300000
0  -0.542605 2.024385 2.611390  -0.093849 0.995580 -0.003630  0.837921 0.704956 2 3 0.800000 7 0.200000
0  -0.274355 2.052460 2.591860  -0.073154 0.993781 -0.083953  0.882904 0.706573 2 3 0.800000 7 0.200000
Leo1A
0  -0.647585 2.005005 2.469940  -0.057720 0.981438 -0.182887  0.806305 0.717499 2 3 0.600000 7 0.400000
0  -0.542605 2.024385 2.611390  -0.093849 0.995580 -0.003630  0.837921 0.704956 2 3 0.800000 7 0.200000
0  -0.241700 1.972505 2.295075  -0.016423 0.839290 -0.543436  0.808868 0.793610 2 3 0.700000 7 0.300000
Leo1A
0  -0.806730 1.989900 2.651215  -0.299446 0.951770 0.066828  0.797089 0.705139 2 3 0.700000 7 0.300000
0  -0.542605 2.024385 2.611390  -0.093849 0.995580 -0.003630  0.837921 0.704956 2 3 0.800000 7 0.200000
0  -0.647585 2.005005 2.469940  -0.057720 0.981438 -0.182887  0.806305 0.717499 2 3 0.600000 7 0.400000
Leo1A
0  -0.814055 1.913145 3.018190  -0.381414 0.871888 0.307139  0.784119 0.659332 2 3 0.700000 7 0.300000
0  -0.542605 2.024385 2.611390  -0.093849 0.995580 -0.003630  0.837921 0.704956 2 3 0.800000 7 0.200000
0  -0.806730 1.989900 2.651215  -0.299446 0.951770 0.066828  0.797089 0.705139 2 3 0.700000 7 0.300000
Leo1A
0  -1.005705 1.815645 2.942355  -0.654476 0.685180 0.319669  0.754273 0.678345 2 3 0.600000 7 0.400000
0  -0.814055 1.913145 3.018190  -0.381414 0.871888 0.307139  0.784119 0.659332 2 3 0.700000 7 0.300000
0  -0.806730 1.989900 2.651215  -0.299446 0.951770 0.066828  0.797089 0.705139 2 3 0.700000 7 0.300000
Leo1A
0  0.271760 1.566620 3.699850  0.144946 0.504982 0.850873  0.679901 0.484192 1 3 1.000000
0  0.276335 1.092375 3.807730  0.113735 0.035898 0.992862  0.593750 0.493713 1 3 1.000000
0  0.514220 1.521760 3.658905  0.311262 0.451594 0.836169  0.671448 0.550201 2 3 0.900000 4 0.100000
Leo1A
0  0.514220 1.521760 3.658905  0.311262 0.451594 0.836169  0.671448 0.550201 2 3 0.900000 4 0.100000
0  0.524290 1.862335 3.306885  0.212508 0.813847 0.540826  0.769928 0.569427 2 3 0.900000 4 0.100000
0  0.271760 1.566620 3.699850  0.144946 0.504982 0.850873  0.679901 0.484192 1 3 1.000000
Leo1A
0  0.271760 1.566620 3.699850  0.144946 0.504982 0.850873  0.679901 0.484192 1 3 1.000000
0  0.524290 1.862335 3.306885  0.212508 0.813847 0.540826  0.769928 0.569427 2 3 0.900000 4 0.100000
0  0.232695 1.892240 3.329060  0.122431 0.847484 0.516509  0.784851 0.520844 1 3 1.000000
Leo1A
0  0.232695 1.892240 3.329060  0.122431 0.847484 0.516509  0.784851 0.520844 1 3 1.000000
0  0.524290 1.862335 3.306885  0.212508 0.813847 0.540826  0.769928 0.569427 2 3 0.900000 4 0.100000
0  0.275115 1.995545 3.065545  0.101994 0.962192 0.252554  0.864166 0.595612 1 3 1.000000
Leo1A
0  0.275115 1.995545 3.065545  0.101994 0.962192 0.252554  0.864166 0.595612 1 3 1.000000
0  0.524290 1.862335 3.306885  0.212508 0.813847 0.540826  0.769928 0.569427 2 3 0.900000 4 0.100000
0  0.538635 1.973725 3.048860  0.165749 0.951279 0.259992  0.816742 0.636169 2 3 0.900000 4 0.100000
Leo1A
0  0.232695 1.892240 3.329060  0.122431 0.847484 0.516509  0.784851 0.520844 1 3 1.000000
0  -0.000000 1.933290 3.299155  -0.000000 0.906697 0.421782  0.827972 0.484924 1 3 1.000000
0  0.072175 1.871185 3.388115  0.104875 0.801343 0.588941  0.749786 0.464569 1 3 1.000000
Leo1A
0  0.275115 1.995545 3.065545  0.101994 0.962192 0.252554  0.864166 0.595612 1 3 1.000000
0  -0.000000 1.933290 3.299155  -0.000000 0.906697 0.421782  0.827972 0.484924 1 3 1.000000
0  0.232695 1.892240 3.329060  0.122431 0.847484 0.516509  0.784851 0.520844 1 3 1.000000
Leo1A
0  -0.000000 2.020415 3.076530  0.000000 0.971474 0.237144  0.905609 0.562958 1 3 1.000000
0  -0.000000 1.933290 3.299155  -0.000000 0.906697 0.421782  0.827972 0.484924 1 3 1.000000
0  0.275115 1.995545 3.065545  0.101994 0.962192 0.252554  0.864166 0.595612 1 3 1.000000
Leo1A
0  -0.275115 1.995545 3.065545  -0.101994 0.962192 0.252555  0.864166 0.595612 1 3 1.000000
0  -0.000000 1.933290 3.299155  -0.000000 0.906697 0.421782  0.827972 0.484924 1 3 1.000000
0  -0.000000 2.020415 3.076530  0.000000 0.971474 0.237144  0.905609 0.562958 1 3 1.000000
Leo1A
0  -0.000000 2.020415 3.076530  0.000000 0.971474 0.237144  0.905609 0.562958 1 3 1.000000
0  -0.274355 2.052460 2.591860  -0.073154 0.993781 -0.083953  0.882904 0.706573 2 3 0.800000 7 0.200000
0  -0.275115 1.995545 3.065545  -0.101994 0.962192 0.252555  0.864166 0.595612 1 3 1.000000
Leo1A
0  -0.274355 2.052460 2.591860  -0.073154 0.993781 -0.083953  0.882904 0.706573 2 3 0.800000 7 0.200000
0  -0.542605 2.024385 2.611390  -0.093849 0.995580 -0.003630  0.837921 0.704956 2 3 0.800000 7 0.200000
0  -0.275115 1.995545 3.065545  -0.101994 0.962192 0.252555  0.864166 0.595612 1 3 1.000000
Leo1A
0  -0.275115 1.995545 3.065545  -0.101994 0.962192 0.252555  0.864166 0.595612 1 3 1.000000
0  -0.542605 2.024385 2.611390  -0.093849 0.995580 -0.003630  0.837921 0.704956 2 3 0.800000 7 0.200000
0  -0.538635 1.973725 3.048860  -0.165749 0.951279 0.259992  0.816742 0.636169 2 3 0.900000 7 0.100000
Leo1A
0  -0.538635 1.973725 3.048860  -0.165749 0.951279 0.259992  0.816742 0.636169 2 3 0.900000 7 0.100000
0  -0.542605 2.024385 2.611390  -0.093849 0.995580 -0.003630  0.837921 0.704956 2 3 0.800000 7 0.200000
0  -0.814055 1.913145 3.018190  -0.381414 0.871888 0.307139  0.784119 0.659332 2 3 0.700000 7 0.300000
Leo1A
0  -0.524290 1.862335 3.306885  -0.212508 0.813847 0.540826  0.769928 0.569427 2 3 0.900000 7 0.100000
0  -0.538635 1.973725 3.048860  -0.165749 0.951279 0.259992  0.816742 0.636169 2 3 0.900000 7 0.100000
0  -0.814055 1.913145 3.018190  -0.381414 0.871888 0.307139  0.784119 0.659332 2 3 0.700000 7 0.300000
Leo1A
0  -0.759125 1.782835 3.285220  -0.407001 0.702907 0.583329  0.753388 0.618866 2 3 0.800000 7 0.200000
0  -0.524290 1.862335 3.306885  -0.212508 0.813847 0.540826  0.769928 0.569427 2 3 0.900000 7 0.100000
0  -0.814055 1.913145 3.018190  -0.381414 0.871888 0.307139  0.784119 0.659332 2 3 0.700000 7 0.300000
Leo1A
0  -0.514220 1.521760 3.658905  -0.311262 0.451594 0.836169  0.671448 0.550201 2 3 0.900000 7 0.100000
0  -0.524290 1.862335 3.306885  -0.212508 0.813847 0.540826  0.769928 0.569427 2 3 0.900000 7 0.100000
0  -0.759125 1.782835 3.285220  -0.407001 0.702907 0.583329  0.753388 0.618866 2 3 0.800000 7 0.200000
Leo1A
0  -0.744475 1.446840 3.577120  -0.502601 0.362323 0.784929  0.667938 0.616028 2 3 0.800000 7 0.200000
0  -0.514220 1.521760 3.658905  -0.311262 0.451594 0.836169  0.671448 0.550201 2 3 0.900000 7 0.100000
0  -0.759125 1.782835 3.285220  -0.407001 0.702907 0.583329  0.753388 0.618866 2 3 0.800000 7 0.200000
Leo1A
0  -0.592650 0.963135 3.751070  -0.342823 -0.003259 0.939394  0.588074 0.579620 2 3 0.900000 7 0.100000
0  -0.514220 1.521760 3.658905  -0.311262 0.451594 0.836169  0.671448 0.550201 2 3 0.900000 7 0.100000
0  -0.744475 1.446840 3.577120  -0.502601 0.362323 0.784929  0.667938 0.616028 2 3 0.800000 7 0.200000
Leo1A
0  -0.446320 1.023865 3.788450  -0.181503 0.015291 0.983271  0.589844 0.531982 2 3 0.950000 7 0.050000
0  -0.514220 1.521760 3.658905  -0.311262 0.451594 0.836169  0.671448 0.550201 2 3 0.900000 7 0.100000
0  -0.592650 0.963135 3.751070  -0.342823 -0.003259 0.939394  0.588074 0.579620 2 3 0.900000 7 0.100000
Leo1A
0  -0.446320 1.023865 3.788450  -0.181503 0.015291 0.983271  0.589844 0.531982 2 3 0.950000 7 0.050000
0  -0.592650 0.963135 3.751070  -0.342823 -0.003259 0.939394  0.588074 0.579620 2 3 0.900000 7 0.100000
0  -0.459900 0.510560 3.693695  -0.158544 -0.208059 0.965182  0.535553 0.533356 2 3 0.900000 13 0.100000
Leo1A
0  -0.459900 0.510560 3.693695  -0.158544 -0.208059 0.965182  0.535553 0.533356 2 3 0.900000 13 0.100000
0  -0.276335 1.092375 3.807730  -0.113735 0.035898 0.992862  0.593750 0.493713 1 3 1.000000
0  -0.446320 1.023865 3.788450  -0.181503 0.015291 0.983271  0.589844 0.531982 2 3 0.950000 7 0.050000
Leo1A
0  -0.277100 0.581665 3.725280  -0.075704 -0.200002 0.976866  0.536285 0.496643 2 3 0.900000 13 0.100000
0  -0.276335 1.092375 3.807730  -0.113735 0.035898 0.992862  0.593750 0.493713 1 3 1.000000
0  -0.459900 0.510560 3.693695  -0.158544 -0.208059 0.965182  0.535553 0.533356 2 3 0.900000 13 0.100000
Leo1A
0  -0.116270 0.614470 3.742215  -0.058130 -0.199808 0.978109  0.538574 0.461548 2 3 0.900000 13 0.100000
0  -0.276335 1.092375 3.807730  -0.113735 0.035898 0.992862  0.593750 0.493713 1 3 1.000000
0  -0.277100 0.581665 3.725280  -0.075704 -0.200002 0.976866  0.536285 0.496643 2 3 0.900000 13 0.100000
Leo1A
0  -0.275115 1.995545 3.065545  -0.101994 0.962192 0.252555  0.864166 0.595612 1 3 1.000000
0  -0.538635 1.973725 3.048860  -0.165749 0.951279 0.259992  0.816742 0.636169 2 3 0.900000 7 0.100000
0  -0.524290 1.862335 3.306885  -0.212508 0.813847 0.540826  0.769928 0.569427 2 3 0.900000 7 0.100000
Leo1A
0  -0.271760 1.566620 3.699850  -0.144946 0.504982 0.850872  0.679901 0.484192 1 3 1.000000
0  -0.514220 1.521760 3.658905  -0.311262 0.451594 0.836169  0.671448 0.550201 2 3 0.900000 7 0.100000
0  -0.276335 1.092375 3.807730  -0.113735 0.035898 0.992862  0.593750 0.493713 1 3 1.000000
Leo1A
0  -0.276335 1.092375 3.807730  -0.113735 0.035898 0.992862  0.593750 0.493713 1 3 1.000000
0  -0.514220 1.521760 3.658905  -0.311262 0.451594 0.836169  0.671448 0.550201 2 3 0.900000 7 0.100000
0  -0.446320 1.023865 3.788450  -0.181503 0.015291 0.983271  0.589844 0.531982 2 3 0.950000 7 0.050000
Leo1A
0  -0.524290 1.862335 3.306885  -0.212508 0.813847 0.540826  0.769928 0.569427 2 3 0.900000 7 0.100000
0  -0.514220 1.521760 3.658905  -0.311262 0.451594 0.836169  0.671448 0.550201 2 3 0.900000 7 0.100000
0  -0.271760 1.566620 3.699850  -0.144946 0.504982 0.850872  0.679901 0.484192 1 3 1.000000
Leo1A
0  -0.232695 1.892240 3.329060  -0.122430 0.847484 0.516509  0.784851 0.520844 1 3 1.000000
0  -0.524290 1.862335 3.306885  -0.212508 0.813847 0.540826  0.769928 0.569427 2 3 0.900000 7 0.100000
0  -0.271760 1.566620 3.699850  -0.144946 0.504982 0.850872  0.679901 0.484192 1 3 1.000000
Leo1A
0  -0.232695 1.892240 3.329060  -0.122430 0.847484 0.516509  0.784851 0.520844 1 3 1.000000
0  -0.275115 1.995545 3.065545  -0.101994 0.962192 0.252555  0.864166 0.595612 1 3 1.000000
0  -0.524290 1.862335 3.306885  -0.212508 0.813847 0.540826  0.769928 0.569427 2 3 0.900000 7 0.100000
Leo1A
0  -0.000000 1.933290 3.299155  -0.000000 0.906697 0.421782  0.827972 0.484924 1 3 1.000000
0  -0.275115 1.995545 3.065545  -0.101994 0.962192 0.252555  0.864166 0.595612 1 3 1.000000
0  -0.232695 1.892240 3.329060  -0.122430 0.847484 0.516509  0.784851 0.520844 1 3 1.000000
Leo1A
0  -0.072175 1.871185 3.388115  -0.104875 0.801343 0.588941  0.749786 0.464569 1 3 1.000000
0  -0.000000 1.933290 3.299155  -0.000000 0.906697 0.421782  0.827972 0.484924 1 3 1.000000
0  -0.232695 1.892240 3.329060  -0.122430 0.847484 0.516509  0.784851 0.520844 1 3 1.000000
Leo1A
0  -0.271760 1.566620 3.699850  -0.144946 0.504982 0.850872  0.679901 0.484192 1 3 1.000000
0  -0.072175 1.871185 3.388115  -0.104875 0.801343 0.588941  0.749786 0.464569 1 3 1.000000
0  -0.232695 1.892240 3.329060  -0.122430 0.847484 0.516509  0.784851 0.520844 1 3 1.000000
Leo1A
0  -0.138550 1.574250 3.704735  -0.061389 0.530554 0.845425  0.683136 0.458374 1 3 1.000000
0  -0.072175 1.871185 3.388115  -0.104875 0.801343 0.588941  0.749786 0.464569 1 3 1.000000
0  -0.271760 1.566620 3.699850  -0.144946 0.504982 0.850872  0.679901 0.484192 1 3 1.000000
Leo1A
0  -0.144195 1.136320 3.817650  -0.089795 0.075634 0.993084  0.595459 0.460419 1 3 1.000000
0  -0.138550 1.574250 3.704735  -0.061389 0.530554 0.845425  0.683136 0.458374 1 3 1.000000
0  -0.271760 1.566620 3.699850  -0.144946 0.504982 0.850872  0.679901 0.484192 1 3 1.000000
Leo1A
0  -0.271760 1.566620 3.699850  -0.144946 0.504982 0.850872  0.679901 0.484192 1 3 1.000000
0  -0.276335 1.092375 3.807730  -0.113735 0.035898 0.992862  0.593750 0.493713 1 3 1.000000
0  -0.144195 1.136320 3.817650  -0.089795 0.075634 0.993084  0.595459 0.460419 1 3 1.000000
Leo1A
0  -0.144195 1.136320 3.817650  -0.089795 0.075634 0.993084  0.595459 0.460419 1 3 1.000000
0  -0.276335 1.092375 3.807730  -0.113735 0.035898 0.992862  0.593750 0.493713 1 3 1.000000
0  -0.116270 0.614470 3.742215  -0.058130 -0.199808 0.978109  0.538574 0.461548 2 3 0.900000 13 0.100000
Leo1A
0  -0.613710 0.431060 3.636625  -0.321184 -0.201494 0.925333  0.534851 0.572662 2 3 0.900000 13 0.100000
0  -0.521240 0.012665 3.561860  -0.236498 -0.134320 0.962303  0.479553 0.546387 2 3 0.700000 13 0.300000
0  -0.459900 0.510560 3.693695  -0.158544 -0.208059 0.965182  0.535553 0.533356 2 3 0.900000 13 0.100000
Leo1A
0  -0.459900 0.510560 3.693695  -0.158544 -0.208059 0.965182  0.535553 0.533356 2 3 0.900000 13 0.100000
0  -0.592650 0.963135 3.751070  -0.342823 -0.003259 0.939394  0.588074 0.579620 2 3 0.900000 7 0.100000
0  -0.613710 0.431060 3.636625  -0.321184 -0.201494 0.925333  0.534851 0.572662 2 3 0.900000 13 0.100000
Leo1A
0  -0.459900 0.510560 3.693695  -0.158544 -0.208059 0.965182  0.535553 0.533356 2 3 0.900000 13 0.100000
0  -0.284120 0.054475 3.593750  -0.083369 -0.098904 0.991599  0.476288 0.496307 2 3 0.700000 13 0.300000
0  -0.277100 0.581665 3.725280  -0.075704 -0.200002 0.976866  0.536285 0.496643 2 3 0.900000 13 0.100000
Leo1A
0  -0.521240 0.012665 3.561860  -0.236498 -0.134320 0.962303  0.479553 0.546387 2 3 0.700000 13 0.300000
0  -0.284120 0.054475 3.593750  -0.083369 -0.098904 0.991599  0.476288 0.496307 2 3 0.700000 13 0.300000
0  -0.459900 0.510560 3.693695  -0.158544 -0.208059 0.965182  0.535553 0.533356 2 3 0.900000 13 0.100000
Leo1A
0  -0.521240 0.012665 3.561860  -0.236498 -0.134320 0.962303  0.479553 0.546387 2 3 0.700000 13 0.300000
0  -0.298155 -0.124970 3.601535  -0.118704 0.045407 0.991891  0.454529 0.500183 2 3 0.500000 13 0.500000
0  -0.284120 0.054475 3.593750  -0.083369 -0.098904 0.991599  0.476288 0.496307 2 3 0.700000 13 0.300000
Leo1A
0  -0.518190 -0.164335 3.557280  -0.311779 0.037198 0.949426  0.454712 0.543701 2 3 0.500000 13 0.500000
0  -0.298155 -0.124970 3.601535  -0.118704 0.045407 0.991891  0.454529 0.500183 2 3 0.500000 13 0.500000
0  -0.521240 0.012665 3.561860  -0.236498 -0.134320 0.962303  0.479553 0.546387 2 3 0.700000 13 0.300000
Leo1A
0  -0.277100 0.581665 3.725280  -0.075704 -0.200002 0.976866  0.536285 0.496643 2 3 0.900000 13 0.100000
0  -0.074005 0.105745 3.612060  -0.056624 -0.133062 0.989489  0.483063 0.464905 2 3 0.700000 13 0.300000
0  -0.116270 0.614470 3.742215  -0.058130 -0.199808 0.978109  0.538574 0.461548 2 3 0.900000 13 0.100000
Leo1A
0  -0.284120 0.054475 3.593750  -0.083369 -0.098904 0.991599  0.476288 0.496307 2 3 0.700000 13 0.300000
0  -0.074005 0.105745 3.612060  -0.056624 -0.133062 0.989489  0.483063 0.464905 2 3 0.700000 13 0.300000
0  -0.277100 0.581665 3.725280  -0.075704 -0.200002 0.976866  0.536285 0.496643 2 3 0.900000 13 0.100000
Leo1A
0  -0.284120 0.054475 3.593750  -0.083369 -0.098904 0.991599  0.476288 0.496307 2 3 0.700000 13 0.300000
0  -0.079805 -0.103760 3.615110  -0.073545 0.034311 0.996701  0.456879 0.468475 2 3 0.500000 13 0.500000
0  -0.074005 0.105745 3.612060  -0.056624 -0.133062 0.989489  0.483063 0.464905 2 3 0.700000 13 0.300000
Leo1A
0  -0.298155 -0.124970 3.601535  -0.118704 0.045407 0.991891  0.454529 0.500183 2 3 0.500000 13 0.500000
0  -0.079805 -0.103760 3.615110  -0.073545 0.034311 0.996701  0.456879 0.468475 2 3 0.500000 13 0.500000
0  -0.284120 0.054475 3.593750  -0.083369 -0.098904 0.991599  0.476288 0.496307 2 3 0.700000 13 0.300000
Leo1A
0  -0.298155 -0.124970 3.601535  -0.118704 0.045407 0.991891  0.454529 0.500183 2 3 0.500000 13 0.500000
0  -0.098115 -0.473635 3.628085  -0.048767 0.020262 0.998605  0.409882 0.474854 2 13 0.700000 3 0.300000
0  -0.079805 -0.103760 3.615110  -0.073545 0.034311 0.996701  0.456879 0.468475 2 3 0.500000 13 0.500000
Leo1A
0  -0.934600 1.714020 3.212735  -0.641748 0.561605 0.522264  0.741730 0.659973 2 3 0.700000 7 0.300000
0  -0.814055 1.913145 3.018190  -0.381414 0.871888 0.307139  0.784119 0.659332 2 3 0.700000 7 0.300000
0  -1.005705 1.815645 2.942355  -0.654476 0.685180 0.319669  0.754273 0.678345 2 3 0.600000 7 0.400000
Leo1A
0  -1.078340 1.560060 3.108370  -0.814348 0.376167 0.441969  0.730743 0.678345 2 3 0.600000 7 0.400000
0  -0.934600 1.714020 3.212735  -0.641748 0.561605 0.522264  0.741730 0.659973 2 3 0.700000 7 0.300000
0  -1.005705 1.815645 2.942355  -0.654476 0.685180 0.319669  0.754273 0.678345 2 3 0.600000 7 0.400000
Leo1A
0  -1.058805 1.237795 3.344725  -0.817927 0.164811 0.551210  0.653229 0.669647 2 3 0.600000 7 0.400000
0  -0.934600 1.714020 3.212735  -0.641748 0.561605 0.522264  0.741730 0.659973 2 3 0.700000 7 0.300000
0  -1.078340 1.560060 3.108370  -0.814348 0.376167 0.441969  0.730743 0.678345 2 3 0.600000 7 0.400000
Leo1A
0  -0.923310 1.352235 3.471225  -0.675600 0.268275 0.686727  0.664093 0.656403 2 3 0.700000 7 0.300000
0  -0.934600 1.714020 3.212735  -0.641748 0.561605 0.522264  0.741730 0.659973 2 3 0.700000 7 0.300000
0  -1.058805 1.237795 3.344725  -0.817927 0.164811 0.551210  0.653229 0.669647 2 3 0.600000 7 0.400000
Leo1A
0  -1.058805 1.237795 3.344725  -0.817927 0.164811 0.551210  0.653229 0.669647 2 3 0.600000 7 0.400000
0  -0.925750 0.963135 3.533325  -0.702984 0.010108 0.711134  0.606415 0.647095 2 3 0.700000 7 0.300000
0  -0.923310 1.352235 3.471225  -0.675600 0.268275 0.686727  0.664093 0.656403 2 3 0.700000 7 0.300000
Leo1A
0  -0.925750 0.963135 3.533325  -0.702984 0.010108 0.711134  0.606415 0.647095 2 3 0.700000 7 0.300000
0  -0.744475 1.446840 3.577120  -0.502601 0.362323 0.784929  0.667938 0.616028 2 3 0.800000 7 0.200000
0  -0.923310 1.352235 3.471225  -0.675600 0.268275 0.686727  0.664093 0.656403 2 3 0.700000 7 0.300000
Leo1A
0  -0.744475 1.446840 3.577120  -0.502601 0.362323 0.784929  0.667938 0.616028 2 3 0.800000 7 0.200000
0  -0.925750 0.963135 3.533325  -0.702984 0.010108 0.711134  0.606415 0.647095 2 3 0.700000 7 0.300000
0  -0.778505 0.886840 3.657685  -0.538774 -0.048195 0.841071  0.586456 0.609009 2 3 0.800000 7 0.200000
Leo1A
0  -0.778505 0.886840 3.657685  -0.538774 -0.048195 0.841071  0.586456 0.609009 2 3 0.800000 7 0.200000
0  -0.592650 0.963135 3.751070  -0.342823 -0.003259 0.939394  0.588074 0.579620 2 3 0.900000 7 0.100000
0  -0.744475 1.446840 3.577120  -0.502601 0.362323 0.784929  0.667938 0.616028 2 3 0.800000 7 0.200000
Leo1A
0  -0.713350 0.368500 3.579560  -0.545159 -0.202893 0.813410  0.528809 0.586487 2 3 0.900000 13 0.100000
0  -0.592650 0.963135 3.751070  -0.342823 -0.003259 0.939394  0.588074 0.579620 2 3 0.900000 7 0.100000
0  -0.778505 0.886840 3.657685  -0.538774 -0.048195 0.841071  0.586456 0.609009 2 3 0.800000 7 0.200000
Leo1A
0  -0.613710 0.431060 3.636625  -0.321184 -0.201494 0.925333  0.534851 0.572662 2 3 0.900000 13 0.100000
0  -0.592650 0.963135 3.751070  -0.342823 -0.003259 0.939394  0.588074 0.579620 2 3 0.900000 7 0.100000
0  -0.713350 0.368500 3.579560  -0.545159 -0.202893 0.813410  0.528809 0.586487 2 3 0.900000 13 0.100000
Leo1A
0  -0.713350 0.368500 3.579560  -0.545159 -0.202893 0.813410  0.528809 0.586487 2 3 0.900000 13 0.100000
0  -0.668640 -0.019380 3.506775  -0.454450 -0.137501 0.880096  0.480347 0.577881 2 3 0.700000 13 0.300000
0  -0.613710 0.431060 3.636625  -0.321184 -0.201494 0.925333  0.534851 0.572662 2 3 0.900000 13 0.100000
Leo1A
0  -0.668640 -0.019380 3.506775  -0.454450 -0.137501 0.880096  0.480347 0.577881 2 3 0.700000 13 0.300000
0  -0.521240 0.012665 3.561860  -0.236498 -0.134320 0.962303  0.479553 0.546387 2 3 0.700000 13 0.300000
0  -0.613710 0.431060 3.636625  -0.321184 -0.201494 0.925333  0.534851 0.572662 2 3 0.900000 13 0.100000
Leo1A
0  -0.668640 -0.019380 3.506775  -0.454450 -0.137501 0.880096  0.480347 0.577881 2 3 0.700000 13 0.300000
0  -0.668640 -0.190125 3.488160  -0.488862 0.010588 0.872297  0.456787 0.579559 2 3 0.500000 13 0.500000
0  -0.521240 0.012665 3.561860  -0.236498 -0.134320 0.962303  0.479553 0.546387 2 3 0.700000 13 0.300000
Leo1A
0  -0.668640 -0.190125 3.488160  -0.488862 0.010588 0.872297  0.456787 0.579559 2 3 0.500000 13 0.500000
0  -0.518190 -0.164335 3.557280  -0.311779 0.037198 0.949426  0.454712 0.543701 2 3 0.500000 13 0.500000
0  -0.521240 0.012665 3.561860  -0.236498 -0.134320 0.962303  0.479553 0.546387 2 3 0.700000 13 0.300000
Leo1A
0  -0.518190 -0.164335 3.557280  -0.311779 0.037198 0.949426  0.454712 0.543701 2 3 0.500000 13 0.500000
0  -0.668640 -0.190125 3.488160  -0.488862 0.010588 0.872297  0.456787 0.579559 2 3 0.500000 13 0.500000
0  -0.567015 -0.591280 3.587950  -0.314958 0.032066 0.948564  0.392517 0.550354 2 13 0.700000 3 0.300000
Leo1A
0  -0.298155 -0.124970 3.601535  -0.118704 0.045407 0.991891  0.454529 0.500183 2 3 0.500000 13 0.500000
0  -0.518190 -0.164335 3.557280  -0.311779 0.037198 0.949426  0.454712 0.543701 2 3 0.500000 13 0.500000
0  -0.567015 -0.591280 3.587950  -0.314958 0.032066 0.948564  0.392517 0.550354 2 13 0.700000 3 0.300000
Leo1A
0  -0.567015 -0.591280 3.587950  -0.314958 0.032066 0.948564  0.392517 0.550354 2 13 0.700000 3 0.300000
0  -0.329895 -0.529175 3.618775  -0.092623 0.015774 0.995576  0.405548 0.508942 2 13 0.700000 3 0.300000
0  -0.298155 -0.124970 3.601535  -0.118704 0.045407 0.991891  0.454529 0.500183 2 3 0.500000 13 0.500000
Leo1A
0  -0.329895 -0.529175 3.618775  -0.092623 0.015774 0.995576  0.405548 0.508942 2 13 0.700000 3 0.300000
0  -0.098115 -0.473635 3.628085  -0.048767 0.020262 0.998605  0.409882 0.474854 2 13 0.700000 3 0.300000
0  -0.298155 -0.124970 3.601535  -0.118704 0.045407 0.991891  0.454529 0.500183 2 3 0.500000 13 0.500000
Leo1A
0  -0.923310 1.352235 3.471225  -0.675600 0.268275 0.686727  0.664093 0.656403 2 3 0.700000 7 0.300000
0  -0.744475 1.446840 3.577120  -0.502601 0.362323 0.784929  0.667938 0.616028 2 3 0.800000 7 0.200000
0  -0.934600 1.714020 3.212735  -0.641748 0.561605 0.522264  0.741730 0.659973 2 3 0.700000 7 0.300000
Leo1A
0  -0.744475 1.446840 3.577120  -0.502601 0.362323 0.784929  0.667938 0.616028 2 3 0.800000 7 0.200000
0  -0.759125 1.782835 3.285220  -0.407001 0.702907 0.583329  0.753388 0.618866 2 3 0.800000 7 0.200000
0  -0.934600 1.714020 3.212735  -0.641748 0.561605 0.522264  0.741730 0.659973 2 3 0.700000 7 0.300000
Leo1A
0  -0.934600 1.714020 3.212735  -0.641748 0.561605 0.522264  0.741730 0.659973 2 3 0.700000 7 0.300000
0  -0.759125 1.782835 3.285220  -0.407001 0.702907 0.583329  0.753388 0.618866 2 3 0.800000 7 0.200000
0  -0.814055 1.913145 3.018190  -0.381414 0.871888 0.307139  0.784119 0.659332 2 3 0.700000 7 0.300000
Leo1A
0  -0.444945 -2.526245 2.804715  -0.479327 -0.864957 -0.148646  0.118073 0.615112 2 13 0.700000 14 0.300000
0  -0.668335 -2.395325 2.916260  -0.624855 -0.776379 0.082418  0.084686 0.610199 2 13 0.800000 14 0.200000
0  -0.521545 -2.480925 2.706605  -0.487076 -0.872328 -0.042441  0.113220 0.590546 2 13 0.800000 14 0.200000
Leo1A
0  -0.668335 -2.395325 2.916260  -0.624855 -0.776379 0.082418  0.084686 0.610199 2 13 0.800000 14 0.200000
0  -0.639190 -2.421115 2.949065  -0.661571 -0.749880 -0.001769  0.079224 0.640320 2 13 0.500000 14 0.500000
0  -0.788420 -2.163545 3.165740  -0.539222 -0.666950 0.514216  0.041321 0.639191 2 13 0.600000 14 0.400000
Leo1A
0  -0.441285 -2.539370 2.840270  -0.514066 -0.821937 -0.245266  0.120422 0.640137 2 13 0.500000 14 0.500000
0  -0.639190 -2.421115 2.949065  -0.661571 -0.749880 -0.001769  0.079224 0.640320 2 13 0.500000 14 0.500000
0  -0.668335 -2.395325 2.916260  -0.624855 -0.776379 0.082418  0.084686 0.610199 2 13 0.800000 14 0.200000
Leo1A
0  -0.444945 -2.526245 2.804715  -0.479327 -0.864957 -0.148646  0.118073 0.615112 2 13 0.700000 14 0.300000
0  -0.441285 -2.539370 2.840270  -0.514066 -0.821937 -0.245266  0.120422 0.640137 2 13 0.500000 14 0.500000
0  -0.668335 -2.395325 2.916260  -0.624855 -0.776379 0.082418  0.084686 0.610199 2 13 0.800000 14 0.200000
Leo1A
0  -0.441285 -2.539370 2.840270  -0.514066 -0.821937 -0.245266  0.120422 0.640137 2 13 0.500000 14 0.500000
0  -0.444945 -2.526245 2.804715  -0.479327 -0.864957 -0.148646  0.118073 0.615112 2 13 0.700000 14 0.300000
0  -0.222015 -2.634735 2.781220  -0.329563 -0.835372 -0.439934  0.154083 0.640045 2 13 0.500000 14 0.500000
Leo1A
0  -0.270385 -2.287445 2.257385  -0.358405 -0.273516 -0.892600  0.005920 0.503937 2 13 0.900000 14 0.100000
0  -0.310820 -2.346345 2.194215  -0.304917 0.528354 -0.792381  0.071594 0.502533 2 13 0.900000 14 0.100000
0  -0.634765 -2.246705 2.392270  -0.555164 0.434935 -0.708960  0.053436 0.538208 2 13 0.900000 14 0.100000
Leo1A
0  -0.270385 -2.287445 2.257385  -0.358405 -0.273516 -0.892600  0.005920 0.503937 2 13 0.900000 14 0.100000
0  -0.634765 -2.246705 2.392270  -0.555164 0.434935 -0.708960  0.053436 0.538208 2 13 0.900000 14 0.100000
0  -0.587465 -2.209320 2.467195  -0.800598 0.013071 -0.599060  0.005920 0.528290 2 13 0.900000 14 0.100000
Leo1A
0  -0.587465 -2.209320 2.467195  -0.800598 0.013071 -0.599060  0.005920 0.528290 2 13 0.900000 14 0.100000
0  -0.634765 -2.246705 2.392270  -0.555164 0.434935 -0.708960  0.053436 0.538208 2 13 0.900000 14 0.100000
0  -0.974120 -2.102355 2.836000  -0.913263 0.232649 -0.334404  0.039032 0.575012 2 13 0.900000 14 0.100000
Leo1A
0  -0.974120 -2.102355 2.836000  -0.913263 0.232649 -0.334404  0.039032 0.575012 2 13 0.900000 14 0.100000
0  -0.830690 -2.057800 2.834015  -0.984179 0.060187 -0.166640  0.005951 0.549713 2 13 0.900000 14 0.100000
0  -0.587465 -2.209320 2.467195  -0.800598 0.013071 -0.599060  0.005920 0.528290 2 13 0.900000 14 0.100000
Leo1A
0  -0.816345 -1.869965 3.250120  -0.906978 0.418687 -0.045737  0.005920 0.592651 2 13 0.800000 14 0.200000
0  -0.830690 -2.057800 2.834015  -0.984179 0.060187 -0.166640  0.005951 0.549713 2 13 0.900000 14 0.100000
0  -0.974120 -2.102355 2.836000  -0.913263 0.232649 -0.334404  0.039032 0.575012 2 13 0.900000 14 0.100000
Leo1A
0  -0.970765 -1.912690 3.230440  -0.840521 0.417507 0.345272  0.019287 0.601807 2 13 0.700000 14 0.300000
0  -0.816345 -1.869965 3.250120  -0.906978 0.418687 -0.045737  0.005920 0.592651 2 13 0.800000 14 0.200000
0  -0.974120 -2.102355 2.836000  -0.913263 0.232649 -0.334404  0.039032 0.575012 2 13 0.900000 14 0.100000
Leo1A
0  -0.774535 -1.804810 3.337250  -0.617558 -0.256521 0.743518  0.005920 0.640503 2 13 0.500000 14 0.500000
0  -0.816345 -1.869965 3.250120  -0.906978 0.418687 -0.045737  0.005920 0.592651 2 13 0.800000 14 0.200000
0  -0.970765 -1.912690 3.230440  -0.840521 0.417507 0.345272  0.019287 0.601807 2 13 0.700000 14 0.300000
Leo1A
0  -0.907745 -2.028655 3.212735  -0.547494 -0.520367 0.655339  0.031799 0.615082 2 13 0.700000 14 0.300000
0  -0.774535 -1.804810 3.337250  -0.617558 -0.256521 0.743518  0.005920 0.640503 2 13 0.500000 14 0.500000
0  -0.970765 -1.912690 3.230440  -0.840521 0.417507 0.345272  0.019287 0.601807 2 13 0.700000 14 0.300000
Leo1A
0  -0.907745 -2.028655 3.212735  -0.547494 -0.520367 0.655339  0.031799 0.615082 2 13 0.700000 14 0.300000
0  -0.788420 -2.163545 3.165740  -0.539222 -0.666950 0.514216  0.041321 0.639191 2 13 0.600000 14 0.400000
0  -0.774535 -1.804810 3.337250  -0.617558 -0.256521 0.743518  0.005920 0.640503 2 13 0.500000 14 0.500000
Leo1A
0  -0.897825 -2.243805 2.850035  -0.769132 -0.639062 -0.005907  0.053558 0.598083 2 13 0.800000 14 0.200000
0  -0.788420 -2.163545 3.165740  -0.539222 -0.666950 0.514216  0.041321 0.639191 2 13 0.600000 14 0.400000
0  -0.907745 -2.028655 3.212735  -0.547494 -0.520367 0.655339  0.031799 0.615082 2 13 0.700000 14 0.300000
Leo1A
0  -0.897825 -2.243805 2.850035  -0.769132 -0.639062 -0.005907  0.053558 0.598083 2 13 0.800000 14 0.200000
0  -0.668335 -2.395325 2.916260  -0.624855 -0.776379 0.082418  0.084686 0.610199 2 13 0.800000 14 0.200000
0  -0.788420 -2.163545 3.165740  -0.539222 -0.666950 0.514216  0.041321 0.639191 2 13 0.600000 14 0.400000
Leo1A
0  -0.625305 -2.402800 2.423400  -0.705017 -0.551834 -0.445455  0.104614 0.549591 2 13 0.800000 14 0.200000
0  -0.668335 -2.395325 2.916260  -0.624855 -0.776379 0.082418  0.084686 0.610199 2 13 0.800000 14 0.200000
0  -0.897825 -2.243805 2.850035  -0.769132 -0.639062 -0.005907  0.053558 0.598083 2 13 0.800000 14 0.200000
Leo1A
0  -0.668335 -2.395325 2.916260  -0.624855 -0.776379 0.082418  0.084686 0.610199 2 13 0.800000 14 0.200000
0  -0.625305 -2.402800 2.423400  -0.705017 -0.551834 -0.445455  0.104614 0.549591 2 13 0.800000 14 0.200000
0  -0.521545 -2.480925 2.706605  -0.487076 -0.872328 -0.042441  0.113220 0.590546 2 13 0.800000 14 0.200000
Leo1A
0  -0.521545 -2.480925 2.706605  -0.487076 -0.872328 -0.042441  0.113220 0.590546 2 13 0.800000 14 0.200000
0  -0.625305 -2.402800 2.423400  -0.705017 -0.551834 -0.445455  0.104614 0.549591 2 13 0.800000 14 0.200000
0  -0.283815 -2.576140 2.317810  -0.336176 -0.938852 -0.074450  0.153870 0.536682 2 13 0.800000 14 0.200000
Leo1A
0  -0.521545 -2.480925 2.706605  -0.487076 -0.872328 -0.042441  0.113220 0.590546 2 13 0.800000 14 0.200000
0  -0.283815 -2.576140 2.317810  -0.336176 -0.938852 -0.074450  0.153870 0.536682 2 13 0.800000 14 0.200000
0  -0.258330 -2.586975 2.485045  -0.266662 -0.963072 -0.037189  0.153198 0.564087 2 13 0.800000 14 0.200000
Leo1A
0  -0.444945 -2.526245 2.804715  -0.479327 -0.864957 -0.148646  0.118073 0.615112 2 13 0.700000 14 0.300000
0  -0.521545 -2.480925 2.706605  -0.487076 -0.872328 -0.042441  0.113220 0.590546 2 13 0.800000 14 0.200000
0  -0.258330 -2.586975 2.485045  -0.266662 -0.963072 -0.037189  0.153198 0.564087 2 13 0.800000 14 0.200000
Leo1A
0  -0.444945 -2.526245 2.804715  -0.479327 -0.864957 -0.148646  0.118073 0.615112 2 13 0.700000 14 0.300000
0  -0.258330 -2.586975 2.485045  -0.266662 -0.963072 -0.037189  0.153198 0.564087 2 13 0.800000 14 0.200000
0  -0.223845 -2.612610 2.741395  -0.310931 -0.914487 -0.258911  0.153626 0.606171 2 13 0.700000 14 0.300000
Leo1A
0  -0.222015 -2.634735 2.781220  -0.329563 -0.835372 -0.439934  0.154083 0.640045 2 13 0.500000 14 0.500000
0  -0.444945 -2.526245 2.804715  -0.479327 -0.864957 -0.148646  0.118073 0.615112 2 13 0.700000 14 0.300000
0  -0.223845 -2.612610 2.741395  -0.310931 -0.914487 -0.258911  0.153626 0.606171 2 13 0.700000 14 0.300000
Leo1A
0  -0.223845 -2.612610 2.741395  -0.310931 -0.914487 -0.258911  0.153626 0.606171 2 13 0.700000 14 0.300000
0  0.000000 -2.678680 2.755125  0.000000 -0.886579 -0.462578  0.185333 0.639923 2 13 0.500000 14 0.500000
0  -0.222015 -2.634735 2.781220  -0.329563 -0.835372 -0.439934  0.154083 0.640045 2 13 0.500000 14 0.500000
Leo1A
0  -0.970765 -1.912690 3.230440  -0.840521 0.417507 0.345272  0.019287 0.601807 2 13 0.700000 14 0.300000
0  -0.974120 -2.102355 2.836000  -0.913263 0.232649 -0.334404  0.039032 0.575012 2 13 0.900000 14 0.100000
0  -0.907745 -2.028655 3.212735  -0.547494 -0.520367 0.655339  0.031799 0.615082 2 13 0.700000 14 0.300000
Leo1A
0  -0.974120 -2.102355 2.836000  -0.913263 0.232649 -0.334404  0.039032 0.575012 2 13 0.900000 14 0.100000
0  -0.897825 -2.243805 2.850035  -0.769132 -0.639062 -0.005907  0.053558 0.598083 2 13 0.800000 14 0.200000
0  -0.907745 -2.028655 3.212735  -0.547494 -0.520367 0.655339  0.031799 0.615082 2 13 0.700000 14 0.300000
Leo1A
0  -0.634765 -2.246705 2.392270  -0.555164 0.434935 -0.708960  0.053436 0.538208 2 13 0.900000 14 0.100000
0  -0.897825 -2.243805 2.850035  -0.769132 -0.639062 -0.005907  0.053558 0.598083 2 13 0.800000 14 0.200000
0  -0.974120 -2.102355 2.836000  -0.913263 0.232649 -0.334404  0.039032 0.575012 2 13 0.900000 14 0.100000
Leo1A
0  -0.634765 -2.246705 2.392270  -0.555164 0.434935 -0.708960  0.053436 0.538208 2 13 0.900000 14 0.100000
0  -0.625305 -2.402800 2.423400  -0.705017 -0.551834 -0.445455  0.104614 0.549591 2 13 0.800000 14 0.200000
0  -0.897825 -2.243805 2.850035  -0.769132 -0.639062 -0.005907  0.053558 0.598083 2 13 0.800000 14 0.200000
Leo1A
0  -0.310820 -2.346345 2.194215  -0.304917 0.528354 -0.792381  0.071594 0.502533 2 13 0.900000 14 0.100000
0  -0.625305 -2.402800 2.423400  -0.705017 -0.551834 -0.445455  0.104614 0.549591 2 13 0.800000 14 0.200000
0  -0.634765 -2.246705 2.392270  -0.555164 0.434935 -0.708960  0.053436 0.538208 2 13 0.900000 14 0.100000
Leo1A
0  -0.310820 -2.346345 2.194215  -0.304917 0.528354 -0.792381  0.071594 0.502533 2 13 0.900000 14 0.100000
0  -0.280150 -2.543490 2.097165  -0.592936 -0.349210 -0.725589  0.154633 0.505035 2 13 0.800000 14 0.200000
0  -0.625305 -2.402800 2.423400  -0.705017 -0.551834 -0.445455  0.104614 0.549591 2 13 0.800000 14 0.200000
Leo1A
0  -0.625305 -2.402800 2.423400  -0.705017 -0.551834 -0.445455  0.104614 0.549591 2 13 0.800000 14 0.200000
0  -0.280150 -2.543490 2.097165  -0.592936 -0.349210 -0.725589  0.154633 0.505035 2 13 0.800000 14 0.200000
0  -0.283815 -2.576140 2.317810  -0.336176 -0.938852 -0.074450  0.153870 0.536682 2 13 0.800000 14 0.200000
Leo1A
0  0.639190 -2.421115 2.949065  0.661572 -0.749880 -0.001765  0.079224 0.640320 2 13 0.500000 14 0.500000
0  0.668335 -2.395325 2.916260  0.624855 -0.776378 0.082418  0.084686 0.610199 2 13 0.800000 14 0.200000
0  0.788420 -2.163545 3.165740  0.539223 -0.666949 0.514216  0.041321 0.639191 2 13 0.600000 14 0.400000
Leo1A
0  0.441285 -2.539370 2.840270  0.514065 -0.821938 -0.245264  0.120422 0.640137 2 13 0.500000 14 0.500000
0  0.668335 -2.395325 2.916260  0.624855 -0.776378 0.082418  0.084686 0.610199 2 13 0.800000 14 0.200000
0  0.639190 -2.421115 2.949065  0.661572 -0.749880 -0.001765  0.079224 0.640320 2 13 0.500000 14 0.500000
Leo1A
0  0.441285 -2.539370 2.840270  0.514065 -0.821938 -0.245264  0.120422 0.640137 2 13 0.500000 14 0.500000
0  0.444945 -2.526245 2.804715  0.479327 -0.864957 -0.148645  0.118073 0.615112 2 13 0.700000 14 0.300000
0  0.668335 -2.395325 2.916260  0.624855 -0.776378 0.082418  0.084686 0.610199 2 13 0.800000 14 0.200000
Leo1A
0  0.222015 -2.634735 2.781220  0.329563 -0.835373 -0.439931  0.154083 0.640045 2 13 0.500000 14 0.500000
0  0.444945 -2.526245 2.804715  0.479327 -0.864957 -0.148645  0.118073 0.615112 2 13 0.700000 14 0.300000
0  0.441285 -2.539370 2.840270  0.514065 -0.821938 -0.245264  0.120422 0.640137 2 13 0.500000 14 0.500000
Leo1A
0  0.222015 -2.634735 2.781220  0.329563 -0.835373 -0.439931  0.154083 0.640045 2 13 0.500000 14 0.500000
0  0.223845 -2.612610 2.741395  0.310931 -0.914487 -0.258911  0.153626 0.606171 2 13 0.700000 14 0.300000
0  0.444945 -2.526245 2.804715  0.479327 -0.864957 -0.148645  0.118073 0.615112 2 13 0.700000 14 0.300000
Leo1A
0  0.000000 -2.678680 2.755125  0.000000 -0.886579 -0.462578  0.185333 0.639923 2 13 0.500000 14 0.500000
0  0.223845 -2.612610 2.741395  0.310931 -0.914487 -0.258911  0.153626 0.606171 2 13 0.700000 14 0.300000
0  0.222015 -2.634735 2.781220  0.329563 -0.835373 -0.439931  0.154083 0.640045 2 13 0.500000 14 0.500000
Leo1A
0  0.000000 -2.657470 2.714235  0.000000 -0.956119 -0.292979  0.185333 0.601288 2 13 0.700000 14 0.300000
0  0.223845 -2.612610 2.741395  0.310931 -0.914487 -0.258911  0.153626 0.606171 2 13 0.700000 14 0.300000
0  0.000000 -2.678680 2.755125  0.000000 -0.886579 -0.462578  0.185333 0.639923 2 13 0.500000 14 0.500000
Leo1A
0  0.000000 -2.657470 2.714235  0.000000 -0.956119 -0.292979  0.185333 0.601288 2 13 0.700000 14 0.300000
0  0.000000 -2.678680 2.755125  0.000000 -0.886579 -0.462578  0.185333 0.639923 2 13 0.500000 14 0.500000
0  -0.223845 -2.612610 2.741395  -0.310931 -0.914487 -0.258911  0.153626 0.606171 2 13 0.700000 14 0.300000
Leo1A
0  0.000000 -2.620390 2.427675  0.000000 -0.998962 -0.045544  0.185333 0.546204 2 13 0.800000 14 0.200000
0  0.000000 -2.657470 2.714235  0.000000 -0.956119 -0.292979  0.185333 0.601288 2 13 0.700000 14 0.300000
0  -0.223845 -2.612610 2.741395  -0.310931 -0.914487 -0.258911  0.153626 0.606171 2 13 0.700000 14 0.300000
Leo1A
0  -0.223845 -2.612610 2.741395  -0.310931 -0.914487 -0.258911  0.153626 0.606171 2 13 0.700000 14 0.300000
0  -0.258330 -2.586975 2.485045  -0.266662 -0.963072 -0.037189  0.153198 0.564087 2 13 0.800000 14 0.200000
0  0.000000 -2.620390 2.427675  0.000000 -0.998962 -0.045544  0.185333 0.546204 2 13 0.800000 14 0.200000
Leo1A
0  -0.258330 -2.586975 2.485045  -0.266662 -0.963072 -0.037189  0.153198 0.564087 2 13 0.800000 14 0.200000
0  0.000000 -2.619935 2.223205  0.000000 -0.999814 -0.019300  0.185333 0.522003 2 13 0.800000 14 0.200000
0  0.000000 -2.620390 2.427675  0.000000 -0.998962 -0.045544  0.185333 0.546204 2 13 0.800000 14 0.200000
Leo1A
0  -0.258330 -2.586975 2.485045  -0.266662 -0.963072 -0.037189  0.153198 0.564087 2 13 0.800000 14 0.200000
0  -0.283815 -2.576140 2.317810  -0.336176 -0.938852 -0.074450  0.153870 0.536682 2 13 0.800000 14 0.200000
0  0.000000 -2.619935 2.223205  0.000000 -0.999814 -0.019300  0.185333 0.522003 2 13 0.800000 14 0.200000
Leo1A
0  -0.283815 -2.576140 2.317810  -0.336176 -0.938852 -0.074450  0.153870 0.536682 2 13 0.800000 14 0.200000
0  0.000000 -2.612000 1.853330  -0.000000 -0.305966 -0.952043  0.185303 0.473328 2 13 0.800000 14 0.200000
0  0.000000 -2.619935 2.223205  0.000000 -0.999814 -0.019300  0.185333 0.522003 2 13 0.800000 14 0.200000
Leo1A
0  -0.283815 -2.576140 2.317810  -0.336176 -0.938852 -0.074450  0.153870 0.536682 2 13 0.800000 14 0.200000
0  -0.280150 -2.543490 2.097165  -0.592936 -0.349210 -0.725589  0.154633 0.505035 2 13 0.800000 14 0.200000
0  0.000000 -2.612000 1.853330  -0.000000 -0.305966 -0.952043  0.185303 0.473328 2 13 0.800000 14 0.200000
Leo1A
0  -0.280150 -2.543490 2.097165  -0.592936 -0.349210 -0.725589  0.154633 0.505035 2 13 0.800000 14 0.200000
0  0.000000 -2.375335 2.129975  0.000000 0.714212 -0.699929  0.081635 0.473450 2 13 0.900000 14 0.100000
0  0.000000 -2.612000 1.853330  -0.000000 -0.305966 -0.952043  0.185303 0.473328 2 13 0.800000 14 0.200000
Leo1A
0  0.000000 -2.375335 2.129975  0.000000 0.714212 -0.699929  0.081635 0.473450 2 13 0.900000 14 0.100000
0  -0.280150 -2.543490 2.097165  -0.592936 -0.349210 -0.725589  0.154633 0.505035 2 13 0.800000 14 0.200000
0  -0.310820 -2.346345 2.194215  -0.304917 0.528354 -0.792381  0.071594 0.502533 2 13 0.900000 14 0.100000
Leo1A
0  0.000000 -2.332155 2.186890  0.000000 -0.208040 -0.978120  0.005920 0.473419 2 13 0.900000 14 0.100000
0  0.000000 -2.375335 2.129975  0.000000 0.714212 -0.699929  0.081635 0.473450 2 13 0.900000 14 0.100000
0  -0.310820 -2.346345 2.194215  -0.304917 0.528354 -0.792381  0.071594 0.502533 2 13 0.900000 14 0.100000
Leo1A
0  0.000000 -2.332155 2.186890  0.000000 -0.208040 -0.978120  0.005920 0.473419 2 13 0.900000 14 0.100000
0  -0.310820 -2.346345 2.194215  -0.304917 0.528354 -0.792381  0.071594 0.502533 2 13 0.900000 14 0.100000
0  -0.270385 -2.287445 2.257385  -0.358405 -0.273516 -0.892600  0.005920 0.503937 2 13 0.900000 14 0.100000
Leo1A
0  0.000000 -2.619935 2.223205  0.000000 -0.999814 -0.019300  0.185333 0.522003 2 13 0.800000 14 0.200000
0  0.000000 -2.612000 1.853330  -0.000000 -0.305966 -0.952043  0.185303 0.473328 2 13 0.800000 14 0.200000
0  0.283815 -2.576140 2.317810  0.336177 -0.938852 -0.074450  0.153870 0.536682 2 13 0.800000 14 0.200000
Leo1A
0  0.000000 -2.619935 2.223205  0.000000 -0.999814 -0.019300  0.185333 0.522003 2 13 0.800000 14 0.200000
0  0.283815 -2.576140 2.317810  0.336177 -0.938852 -0.074450  0.153870 0.536682 2 13 0.800000 14 0.200000
0  0.258330 -2.586975 2.485045  0.266662 -0.963072 -0.037188  0.153198 0.564087 2 13 0.800000 14 0.200000
Leo1A
0  0.000000 -2.620390 2.427675  0.000000 -0.998962 -0.045544  0.185333 0.546204 2 13 0.800000 14 0.200000
0  0.000000 -2.619935 2.223205  0.000000 -0.999814 -0.019300  0.185333 0.522003 2 13 0.800000 14 0.200000
0  0.258330 -2.586975 2.485045  0.266662 -0.963072 -0.037188  0.153198 0.564087 2 13 0.800000 14 0.200000
Leo1A
0  0.258330 -2.586975 2.485045  0.266662 -0.963072 -0.037188  0.153198 0.564087 2 13 0.800000 14 0.200000
0  0.223845 -2.612610 2.741395  0.310931 -0.914487 -0.258911  0.153626 0.606171 2 13 0.700000 14 0.300000
0  0.000000 -2.620390 2.427675  0.000000 -0.998962 -0.045544  0.185333 0.546204 2 13 0.800000 14 0.200000
Leo1A
0  0.223845 -2.612610 2.741395  0.310931 -0.914487 -0.258911  0.153626 0.606171 2 13 0.700000 14 0.300000
0  0.000000 -2.657470 2.714235  0.000000 -0.956119 -0.292979  0.185333 0.601288 2 13 0.700000 14 0.300000
0  0.000000 -2.620390 2.427675  0.000000 -0.998962 -0.045544  0.185333 0.546204 2 13 0.800000 14 0.200000
Leo1A
0  0.668335 -2.395325 2.916260  0.624855 -0.776378 0.082418  0.084686 0.610199 2 13 0.800000 14 0.200000
0  0.444945 -2.526245 2.804715  0.479327 -0.864957 -0.148645  0.118073 0.615112 2 13 0.700000 14 0.300000
0  0.521545 -2.480925 2.706605  0.487076 -0.872328 -0.042442  0.113220 0.590546 2 13 0.800000 14 0.200000
Leo1A
0  0.974120 -2.102355 2.836000  0.913263 0.232648 -0.334404  0.039032 0.575012 2 13 0.900000 14 0.100000
0  0.970765 -1.912690 3.230440  0.840521 0.417506 0.345272  0.019287 0.601807 2 13 0.700000 14 0.300000
0  0.907745 -2.028655 3.212735  0.547493 -0.520367 0.655339  0.031799 0.615082 2 13 0.700000 14 0.300000
Leo1A
0  0.897825 -2.243805 2.850035  0.769133 -0.639062 -0.005907  0.053558 0.598083 2 13 0.800000 14 0.200000
0  0.974120 -2.102355 2.836000  0.913263 0.232648 -0.334404  0.039032 0.575012 2 13 0.900000 14 0.100000
0  0.907745 -2.028655 3.212735  0.547493 -0.520367 0.655339  0.031799 0.615082 2 13 0.700000 14 0.300000
Leo1A
0  0.634765 -2.246705 2.392270  0.555164 0.434934 -0.708960  0.053436 0.538208 2 13 0.900000 14 0.100000
0  0.974120 -2.102355 2.836000  0.913263 0.232648 -0.334404  0.039032 0.575012 2 13 0.900000 14 0.100000
0  0.897825 -2.243805 2.850035  0.769133 -0.639062 -0.005907  0.053558 0.598083 2 13 0.800000 14 0.200000
Leo1A
0  0.625305 -2.402800 2.423400  0.705017 -0.551834 -0.445454  0.104614 0.549591 2 13 0.800000 14 0.200000
0  0.634765 -2.246705 2.392270  0.555164 0.434934 -0.708960  0.053436 0.538208 2 13 0.900000 14 0.100000
0  0.897825 -2.243805 2.850035  0.769133 -0.639062 -0.005907  0.053558 0.598083 2 13 0.800000 14 0.200000
Leo1A
0  0.310820 -2.346345 2.194215  0.304917 0.528355 -0.792381  0.071594 0.502533 2 13 0.900000 14 0.100000
0  0.634765 -2.246705 2.392270  0.555164 0.434934 -0.708960  0.053436 0.538208 2 13 0.900000 14 0.100000
0  0.625305 -2.402800 2.423400  0.705017 -0.551834 -0.445454  0.104614 0.549591 2 13 0.800000 14 0.200000
Leo1A
0  0.280150 -2.543490 2.097165  0.592936 -0.349209 -0.725589  0.154633 0.505035 2 13 0.800000 14 0.200000
0  0.310820 -2.346345 2.194215  0.304917 0.528355 -0.792381  0.071594 0.502533 2 13 0.900000 14 0.100000
0  0.625305 -2.402800 2.423400  0.705017 -0.551834 -0.445454  0.104614 0.549591 2 13 0.800000 14 0.200000
Leo1A
0  0.283815 -2.576140 2.317810  0.336177 -0.938852 -0.074450  0.153870 0.536682 2 13 0.800000 14 0.200000
0  0.280150 -2.543490 2.097165  0.592936 -0.349209 -0.725589  0.154633 0.505035 2 13 0.800000 14 0.200000
0  0.625305 -2.402800 2.423400  0.705017 -0.551834 -0.445454  0.104614 0.549591 2 13 0.800000 14 0.200000
Leo1A
0  0.283815 -2.576140 2.317810  0.336177 -0.938852 -0.074450  0.153870 0.536682 2 13 0.800000 14 0.200000
0  0.625305 -2.402800 2.423400  0.705017 -0.551834 -0.445454  0.104614 0.549591 2 13 0.800000 14 0.200000
0  0.521545 -2.480925 2.706605  0.487076 -0.872328 -0.042442  0.113220 0.590546 2 13 0.800000 14 0.200000
Leo1A
0  0.258330 -2.586975 2.485045  0.266662 -0.963072 -0.037188  0.153198 0.564087 2 13 0.800000 14 0.200000
0  0.283815 -2.576140 2.317810  0.336177 -0.938852 -0.074450  0.153870 0.536682 2 13 0.800000 14 0.200000
0  0.521545 -2.480925 2.706605  0.487076 -0.872328 -0.042442  0.113220 0.590546 2 13 0.800000 14 0.200000
Leo1A
0  0.521545 -2.480925 2.706605  0.487076 -0.872328 -0.042442  0.113220 0.590546 2 13 0.800000 14 0.200000
0  0.444945 -2.526245 2.804715  0.479327 -0.864957 -0.148645  0.118073 0.615112 2 13 0.700000 14 0.300000
0  0.258330 -2.586975 2.485045  0.266662 -0.963072 -0.037188  0.153198 0.564087 2 13 0.800000 14 0.200000
Leo1A
0  0.444945 -2.526245 2.804715  0.479327 -0.864957 -0.148645  0.118073 0.615112 2 13 0.700000 14 0.300000
0  0.223845 -2.612610 2.741395  0.310931 -0.914487 -0.258911  0.153626 0.606171 2 13 0.700000 14 0.300000
0  0.258330 -2.586975 2.485045  0.266662 -0.963072 -0.037188  0.153198 0.564087 2 13 0.800000 14 0.200000
Leo1A
0  0.521545 -2.480925 2.706605  0.487076 -0.872328 -0.042442  0.113220 0.590546 2 13 0.800000 14 0.200000
0  0.625305 -2.402800 2.423400  0.705017 -0.551834 -0.445454  0.104614 0.549591 2 13 0.800000 14 0.200000
0  0.668335 -2.395325 2.916260  0.624855 -0.776378 0.082418  0.084686 0.610199 2 13 0.800000 14 0.200000
Leo1A
0  0.625305 -2.402800 2.423400  0.705017 -0.551834 -0.445454  0.104614 0.549591 2 13 0.800000 14 0.200000
0  0.897825 -2.243805 2.850035  0.769133 -0.639062 -0.005907  0.053558 0.598083 2 13 0.800000 14 0.200000
0  0.668335 -2.395325 2.916260  0.624855 -0.776378 0.082418  0.084686 0.610199 2 13 0.800000 14 0.200000
Leo1A
0  0.668335 -2.395325 2.916260  0.624855 -0.776378 0.082418  0.084686 0.610199 2 13 0.800000 14 0.200000
0  0.897825 -2.243805 2.850035  0.769133 -0.639062 -0.005907  0.053558 0.598083 2 13 0.800000 14 0.200000
0  0.788420 -2.163545 3.165740  0.539223 -0.666949 0.514216  0.041321 0.639191 2 13 0.600000 14 0.400000
Leo1A
0  0.897825 -2.243805 2.850035  0.769133 -0.639062 -0.005907  0.053558 0.598083 2 13 0.800000 14 0.200000
0  0.907745 -2.028655 3.212735  0.547493 -0.520367 0.655339  0.031799 0.615082 2 13 0.700000 14 0.300000
0  0.788420 -2.163545 3.165740  0.539223 -0.666949 0.514216  0.041321 0.639191 2 13 0.600000 14 0.400000
Leo1A
0  0.788420 -2.163545 3.165740  0.539223 -0.666949 0.514216  0.041321 0.639191 2 13 0.600000 14 0.400000
0  0.907745 -2.028655 3.212735  0.547493 -0.520367 0.655339  0.031799 0.615082 2 13 0.700000 14 0.300000
0  0.774535 -1.804810 3.337250  0.617557 -0.256520 0.743519  0.005920 0.640503 2 13 0.500000 14 0.500000
Leo1A
0  0.907745 -2.028655 3.212735  0.547493 -0.520367 0.655339  0.031799 0.615082 2 13 0.700000 14 0.300000
0  0.970765 -1.912690 3.230440  0.840521 0.417506 0.345272  0.019287 0.601807 2 13 0.700000 14 0.300000
0  0.774535 -1.804810 3.337250  0.617557 -0.256520 0.743519  0.005920 0.640503 2 13 0.500000 14 0.500000
Leo1A
0  0.970765 -1.912690 3.230440  0.840521 0.417506 0.345272  0.019287 0.601807 2 13 0.700000 14 0.300000
0  0.816345 -1.869965 3.250120  0.906977 0.418690 -0.045733  0.005920 0.592651 2 13 0.800000 14 0.200000
0  0.774535 -1.804810 3.337250  0.617557 -0.256520 0.743519  0.005920 0.640503 2 13 0.500000 14 0.500000
Leo1A
0  0.974120 -2.102355 2.836000  0.913263 0.232648 -0.334404  0.039032 0.575012 2 13 0.900000 14 0.100000
0  0.816345 -1.869965 3.250120  0.906977 0.418690 -0.045733  0.005920 0.592651 2 13 0.800000 14 0.200000
0  0.970765 -1.912690 3.230440  0.840521 0.417506 0.345272  0.019287 0.601807 2 13 0.700000 14 0.300000
Leo1A
0  0.816345 -1.869965 3.250120  0.906977 0.418690 -0.045733  0.005920 0.592651 2 13 0.800000 14 0.200000
0  0.974120 -2.102355 2.836000  0.913263 0.232648 -0.334404  0.039032 0.575012 2 13 0.900000 14 0.100000
0  0.830690 -2.057800 2.834015  0.984179 0.060185 -0.166640  0.005951 0.549713 2 13 0.900000 14 0.100000
Leo1A
0  0.830690 -2.057800 2.834015  0.984179 0.060185 -0.166640  0.005951 0.549713 2 13 0.900000 14 0.100000
0  0.974120 -2.102355 2.836000  0.913263 0.232648 -0.334404  0.039032 0.575012 2 13 0.900000 14 0.100000
0  0.587465 -2.209320 2.467195  0.800597 0.013071 -0.599061  0.005920 0.528290 2 13 0.900000 14 0.100000
Leo1A
0  0.974120 -2.102355 2.836000  0.913263 0.232648 -0.334404  0.039032 0.575012 2 13 0.900000 14 0.100000
0  0.634765 -2.246705 2.392270  0.555164 0.434934 -0.708960  0.053436 0.538208 2 13 0.900000 14 0.100000
0  0.587465 -2.209320 2.467195  0.800597 0.013071 -0.599061  0.005920 0.528290 2 13 0.900000 14 0.100000
Leo1A
0  0.587465 -2.209320 2.467195  0.800597 0.013071 -0.599061  0.005920 0.528290 2 13 0.900000 14 0.100000
0  0.634765 -2.246705 2.392270  0.555164 0.434934 -0.708960  0.053436 0.538208 2 13 0.900000 14 0.100000
0  0.270385 -2.287445 2.257385  0.358405 -0.273515 -0.892600  0.005920 0.503937 2 13 0.900000 14 0.100000
Leo1A
0  0.634765 -2.246705 2.392270  0.555164 0.434934 -0.708960  0.053436 0.538208 2 13 0.900000 14 0.100000
0  0.310820 -2.346345 2.194215  0.304917 0.528355 -0.792381  0.071594 0.502533 2 13 0.900000 14 0.100000
0  0.270385 -2.287445 2.257385  0.358405 -0.273515 -0.892600  0.005920 0.503937 2 13 0.900000 14 0.100000
Leo1A
0  0.270385 -2.287445 2.257385  0.358405 -0.273515 -0.892600  0.005920 0.503937 2 13 0.900000 14 0.100000
0  0.310820 -2.346345 2.194215  0.304917 0.528355 -0.792381  0.071594 0.502533 2 13 0.900000 14 0.100000
0  0.000000 -2.332155 2.186890  0.000000 -0.208040 -0.978120  0.005920 0.473419 2 13 0.900000 14 0.100000
Leo1A
0  0.310820 -2.346345 2.194215  0.304917 0.528355 -0.792381  0.071594 0.502533 2 13 0.900000 14 0.100000
0  0.000000 -2.375335 2.129975  0.000000 0.714212 -0.699929  0.081635 0.473450 2 13 0.900000 14 0.100000
0  0.000000 -2.332155 2.186890  0.000000 -0.208040 -0.978120  0.005920 0.473419 2 13 0.900000 14 0.100000
Leo1A
0  0.000000 -2.375335 2.129975  0.000000 0.714212 -0.699929  0.081635 0.473450 2 13 0.900000 14 0.100000
0  0.310820 -2.346345 2.194215  0.304917 0.528355 -0.792381  0.071594 0.502533 2 13 0.900000 14 0.100000
0  0.280150 -2.543490 2.097165  0.592936 -0.349209 -0.725589  0.154633 0.505035 2 13 0.800000 14 0.200000
Leo1A
0  0.000000 -2.612000 1.853330  -0.000000 -0.305966 -0.952043  0.185303 0.473328 2 13 0.800000 14 0.200000
0  0.000000 -2.375335 2.129975  0.000000 0.714212 -0.699929  0.081635 0.473450 2 13 0.900000 14 0.100000
0  0.280150 -2.543490 2.097165  0.592936 -0.349209 -0.725589  0.154633 0.505035 2 13 0.800000 14 0.200000
Leo1A
0  0.000000 -2.612000 1.853330  -0.000000 -0.305966 -0.952043  0.185303 0.473328 2 13 0.800000 14 0.200000
0  0.280150 -2.543490 2.097165  0.592936 -0.349209 -0.725589  0.154633 0.505035 2 13 0.800000 14 0.200000
0  0.283815 -2.576140 2.317810  0.336177 -0.938852 -0.074450  0.153870 0.536682 2 13 0.800000 14 0.200000
Leo1A
0  0.923310 1.352235 3.471225  0.675599 0.268273 0.686728  0.664093 0.656403 2 3 0.700000 4 0.300000
0  0.744475 1.446840 3.577120  0.502600 0.362322 0.784930  0.667938 0.616028 2 3 0.800000 4 0.200000
0  0.925750 0.963135 3.533325  0.702984 0.010109 0.711133  0.606415 0.647095 2 3 0.700000 4 0.300000
Leo1A
0  0.744475 1.446840 3.577120  0.502600 0.362322 0.784930  0.667938 0.616028 2 3 0.800000 4 0.200000
0  0.778505 0.886840 3.657685  0.538774 -0.048195 0.841070  0.586456 0.609009 2 3 0.800000 4 0.200000
0  0.925750 0.963135 3.533325  0.702984 0.010109 0.711133  0.606415 0.647095 2 3 0.700000 4 0.300000
Leo1A
0  0.925750 0.963135 3.533325  0.702984 0.010109 0.711133  0.606415 0.647095 2 3 0.700000 4 0.300000
0  0.778505 0.886840 3.657685  0.538774 -0.048195 0.841070  0.586456 0.609009 2 3 0.800000 4 0.200000
0  0.895845 0.679015 3.513795  0.693867 -0.200749 0.691555  0.574097 0.638306 2 3 0.700000 4 0.300000
Leo1A
0  0.895845 0.679015 3.513795  0.693867 -0.200749 0.691555  0.574097 0.638306 2 3 0.700000 4 0.300000
0  0.778505 0.886840 3.657685  0.538774 -0.048195 0.841070  0.586456 0.609009 2 3 0.800000 4 0.200000
0  0.843200 0.263670 3.421785  0.774923 -0.156983 0.612251  0.519806 0.626648 3 3 0.800000 4 0.100000 13 0.100000
Leo1A
0  1.033175 0.149690 3.017270  0.943130 0.291956 0.158959  0.508789 0.702423 3 3 0.800000 4 0.100000 13 0.100000
0  0.936280 0.185700 3.267825  0.895148 0.098599 0.434729  0.508118 0.659180 3 3 0.800000 4 0.100000 13 0.100000
0  0.964815 -0.109255 3.251495  0.815458 0.025066 0.578274  0.471832 0.657654 2 3 0.700000 13 0.300000
Leo1A
0  0.964815 -0.109255 3.251495  0.815458 0.025066 0.578274  0.471832 0.657654 2 3 0.700000 13 0.300000
0  0.936280 0.185700 3.267825  0.895148 0.098599 0.434729  0.508118 0.659180 3 3 0.800000 4 0.100000 13 0.100000
0  0.812990 -0.066375 3.403775  0.649682 -0.063870 0.757518  0.479858 0.615509 2 3 0.700000 13 0.300000
Leo1A
0  0.936280 0.185700 3.267825  0.895148 0.098599 0.434729  0.508118 0.659180 3 3 0.800000 4 0.100000 13 0.100000
0  0.843200 0.263670 3.421785  0.774923 -0.156983 0.612251  0.519806 0.626648 3 3 0.800000 4 0.100000 13 0.100000
0  0.812990 -0.066375 3.403775  0.649682 -0.063870 0.757518  0.479858 0.615509 2 3 0.700000 13 0.300000
Leo1A
0  0.921480 0.262910 3.263700  0.917430 -0.082001 0.389356  0.517029 0.659546 3 3 0.750000 4 0.200000 13 0.050000
0  0.843200 0.263670 3.421785  0.774923 -0.156983 0.612251  0.519806 0.626648 3 3 0.800000 4 0.100000 13 0.100000
0  0.936280 0.185700 3.267825  0.895148 0.098599 0.434729  0.508118 0.659180 3 3 0.800000 4 0.100000 13 0.100000
Leo1A
0  0.895845 0.679015 3.513795  0.693867 -0.200749 0.691555  0.574097 0.638306 2 3 0.700000 4 0.300000
0  0.843200 0.263670 3.421785  0.774923 -0.156983 0.612251  0.519806 0.626648 3 3 0.800000 4 0.100000 13 0.100000
0  0.921480 0.262910 3.263700  0.917430 -0.082001 0.389356  0.517029 0.659546 3 3 0.750000 4 0.200000 13 0.050000
Leo1A
0  0.895845 0.679015 3.513795  0.693867 -0.200749 0.691555  0.574097 0.638306 2 3 0.700000 4 0.300000
0  0.921480 0.262910 3.263700  0.917430 -0.082001 0.389356  0.517029 0.659546 3 3 0.750000 4 0.200000 13 0.050000
0  1.037750 0.510710 3.275910  0.821757 -0.304491 0.481664  0.563080 0.659119 2 3 0.700000 4 0.300000
Leo1A
0  0.895845 0.679015 3.513795  0.693867 -0.200749 0.691555  0.574097 0.638306 2 3 0.700000 4 0.300000
0  1.037750 0.510710 3.275910  0.821757 -0.304491 0.481664  0.563080 0.659119 2 3 0.700000 4 0.300000
0  0.925750 0.963135 3.533325  0.702984 0.010109 0.711133  0.606415 0.647095 2 3 0.700000 4 0.300000
Leo1A
0  1.037750 0.510710 3.275910  0.821757 -0.304491 0.481664  0.563080 0.659119 2 3 0.700000 4 0.300000
0  1.045380 0.882875 3.378755  0.826472 -0.080833 0.557144  0.607910 0.660553 2 3 0.600000 4 0.400000
0  0.925750 0.963135 3.533325  0.702984 0.010109 0.711133  0.606415 0.647095 2 3 0.700000 4 0.300000
Leo1A
0  0.925750 0.963135 3.533325  0.702984 0.010109 0.711133  0.606415 0.647095 2 3 0.700000 4 0.300000
0  1.045380 0.882875 3.378755  0.826472 -0.080833 0.557144  0.607910 0.660553 2 3 0.600000 4 0.400000
0  1.058805 1.237795 3.344725  0.817928 0.164810 0.551210  0.653229 0.669647 2 3 0.600000 4 0.400000
Leo1A
0  0.925750 0.963135 3.533325  0.702984 0.010109 0.711133  0.606415 0.647095 2 3 0.700000 4 0.300000
0  1.058805 1.237795 3.344725  0.817928 0.164810 0.551210  0.653229 0.669647 2 3 0.600000 4 0.400000
0  0.923310 1.352235 3.471225  0.675599 0.268273 0.686728  0.664093 0.656403 2 3 0.700000 4 0.300000
Leo1A
0  0.923310 1.352235 3.471225  0.675599 0.268273 0.686728  0.664093 0.656403 2 3 0.700000 4 0.300000
0  1.058805 1.237795 3.344725  0.817928 0.164810 0.551210  0.653229 0.669647 2 3 0.600000 4 0.400000
0  0.934600 1.714020 3.212740  0.641746 0.561606 0.522265  0.741730 0.659973 2 3 0.700000 4 0.300000
Leo1A
0  0.934600 1.714020 3.212740  0.641746 0.561606 0.522265  0.741730 0.659973 2 3 0.700000 4 0.300000
0  0.744475 1.446840 3.577120  0.502600 0.362322 0.784930  0.667938 0.616028 2 3 0.800000 4 0.200000
0  0.923310 1.352235 3.471225  0.675599 0.268273 0.686728  0.664093 0.656403 2 3 0.700000 4 0.300000
Leo1A
0  0.744475 1.446840 3.577120  0.502600 0.362322 0.784930  0.667938 0.616028 2 3 0.800000 4 0.200000
0  0.934600 1.714020 3.212740  0.641746 0.561606 0.522265  0.741730 0.659973 2 3 0.700000 4 0.300000
0  0.759125 1.782835 3.285220  0.406995 0.702910 0.583329  0.753388 0.618866 2 3 0.800000 4 0.200000
Leo1A
0  0.759125 1.782835 3.285220  0.406995 0.702910 0.583329  0.753388 0.618866 2 3 0.800000 4 0.200000
0  0.934600 1.714020 3.212740  0.641746 0.561606 0.522265  0.741730 0.659973 2 3 0.700000 4 0.300000
0  0.814055 1.913145 3.018190  0.381412 0.871890 0.307138  0.784119 0.659332 2 3 0.700000 4 0.300000
Leo1A
0  0.934600 1.714020 3.212740  0.641746 0.561606 0.522265  0.741730 0.659973 2 3 0.700000 4 0.300000
0  1.005705 1.815645 2.942355  0.654477 0.685181 0.319667  0.754273 0.678345 2 3 0.600000 4 0.400000
0  0.814055 1.913145 3.018190  0.381412 0.871890 0.307138  0.784119 0.659332 2 3 0.700000 4 0.300000
Leo1A
0  0.814055 1.913145 3.018190  0.381412 0.871890 0.307138  0.784119 0.659332 2 3 0.700000 4 0.300000
0  1.005705 1.815645 2.942355  0.654477 0.685181 0.319667  0.754273 0.678345 2 3 0.600000 4 0.400000
0  0.806730 1.989900 2.651215  0.299445 0.951770 0.066829  0.797089 0.705139 2 3 0.700000 4 0.300000
Leo1A
0  0.806730 1.989900 2.651215  0.299445 0.951770 0.066829  0.797089 0.705139 2 3 0.700000 4 0.300000
0  0.542605 2.024385 2.611390  0.093849 0.995580 -0.003630  0.837921 0.704956 2 3 0.800000 4 0.200000
0  0.814055 1.913145 3.018190  0.381412 0.871890 0.307138  0.784119 0.659332 2 3 0.700000 4 0.300000
Leo1A
0  0.647585 2.005005 2.469940  0.057719 0.981439 -0.182886  0.806305 0.717499 2 3 0.600000 4 0.400000
0  0.542605 2.024385 2.611390  0.093849 0.995580 -0.003630  0.837921 0.704956 2 3 0.800000 4 0.200000
0  0.806730 1.989900 2.651215  0.299445 0.951770 0.066829  0.797089 0.705139 2 3 0.700000 4 0.300000
Leo1A
0  1.058805 1.237795 3.344725  0.817928 0.164810 0.551210  0.653229 0.669647 2 3 0.600000 4 0.400000
0  1.078340 1.560060 3.108370  0.814351 0.376165 0.441965  0.730743 0.678345 2 3 0.600000 4 0.400000
0  0.934600 1.714020 3.212740  0.641746 0.561606 0.522265  0.741730 0.659973 2 3 0.700000 4 0.300000
Leo1A
0  0.934600 1.714020 3.212740  0.641746 0.561606 0.522265  0.741730 0.659973 2 3 0.700000 4 0.300000
0  1.078340 1.560060 3.108370  0.814351 0.376165 0.441965  0.730743 0.678345 2 3 0.600000 4 0.400000
0  1.005705 1.815645 2.942355  0.654477 0.685181 0.319667  0.754273 0.678345 2 3 0.600000 4 0.400000
Leo1A
0  0.935670 -0.978090 3.351590  0.770213 0.088189 0.631661  0.344849 0.659668 2 13 0.900000 18 0.100000
0  0.756685 -0.729370 3.489685  0.594261 0.053378 0.802499  0.372436 0.609131 3 13 0.750000 3 0.200000 18 0.050000
0  0.945740 -1.278685 3.360135  0.681680 -0.083906 0.726824  0.302063 0.658997 2 13 0.900000 18 0.100000
Leo1A
0  0.945740 -1.278685 3.360135  0.681680 -0.083906 0.726824  0.302063 0.658997 2 13 0.900000 18 0.100000
0  1.068725 -1.311800 3.205260  0.837782 -0.051442 0.543576  0.290192 0.708130 2 13 0.850000 18 0.150000
0  0.935670 -0.978090 3.351590  0.770213 0.088189 0.631661  0.344849 0.659668 2 13 0.900000 18 0.100000
Leo1A
0  0.935670 -0.978090 3.351590  0.770213 0.088189 0.631661  0.344849 0.659668 2 13 0.900000 18 0.100000
0  1.068725 -1.311800 3.205260  0.837782 -0.051442 0.543576  0.290192 0.708130 2 13 0.850000 18 0.150000
0  1.057740 -0.913085 3.104095  0.929255 0.115151 0.351035  0.330994 0.704987 2 13 0.850000 18 0.150000
Leo1A
0  1.057740 -0.913085 3.104095  0.929255 0.115151 0.351035  0.330994 0.704987 2 13 0.850000 18 0.150000
0  1.068725 -1.311800 3.205260  0.837782 -0.051442 0.543576  0.290192 0.708130 2 13 0.850000 18 0.150000
0  1.115570 -0.990755 2.935790  0.903147 0.285804 0.320378  0.314575 0.731201 2 13 0.800000 18 0.200000
Leo1A
0  1.115570 -0.990755 2.935790  0.903147 0.285804 0.320378  0.314575 0.731201 2 13 0.800000 18 0.200000
0  1.106415 -0.790560 2.811890  0.997523 0.007919 0.069894  0.367676 0.727142 3 13 0.700000 3 0.150000 18 0.150000
0  1.057740 -0.913085 3.104095  0.929255 0.115151 0.351035  0.330994 0.704987 2 13 0.850000 18 0.150000
Leo1A
0  1.096955 -0.901030 2.501830  0.839623 0.516985 -0.166613  0.348145 0.762970 3 13 0.600000 18 0.300000 3 0.100000
0  1.106415 -0.790560 2.811890  0.997523 0.007919 0.069894  0.367676 0.727142 3 13 0.700000 3 0.150000 18 0.150000
0  1.115570 -0.990755 2.935790  0.903147 0.285804 0.320378  0.314575 0.731201 2 13 0.800000 18 0.200000
Leo1A
0  1.106415 -0.790560 2.811890  0.997523 0.007919 0.069894  0.367676 0.727142 3 13 0.700000 3 0.150000 18 0.150000
0  1.096955 -0.901030 2.501830  0.839623 0.516985 -0.166613  0.348145 0.762970 3 13 0.600000 18 0.300000 3 0.100000
0  1.125185 -0.308075 2.786105  0.998911 0.041983 -0.020337  0.439758 0.724060 2 3 0.500000 13 0.500000
Leo1A
0  1.125185 -0.308075 2.786105  0.998911 0.041983 -0.020337  0.439758 0.724060 2 3 0.500000 13 0.500000
0  1.097565 -0.280610 3.005675  0.952018 0.003185 0.306024  0.447784 0.699127 2 3 0.500000 13 0.500000
0  1.106415 -0.790560 2.811890  0.997523 0.007919 0.069894  0.367676 0.727142 3 13 0.700000 3 0.150000 18 0.150000
Leo1A
0  1.092680 -0.142670 3.002320  0.956958 0.111417 0.267989  0.467926 0.699493 2 3 0.700000 13 0.300000
0  1.097565 -0.280610 3.005675  0.952018 0.003185 0.306024  0.447784 0.699127 2 3 0.500000 13 0.500000
0  1.125185 -0.308075 2.786105  0.998911 0.041983 -0.020337  0.439758 0.724060 2 3 0.500000 13 0.500000
Leo1A
0  0.966950 -0.255430 3.244475  0.802491 0.003919 0.596651  0.454224 0.657044 2 3 0.500000 13 0.500000
0  1.097565 -0.280610 3.005675  0.952018 0.003185 0.306024  0.447784 0.699127 2 3 0.500000 13 0.500000
0  1.092680 -0.142670 3.002320  0.956958 0.111417 0.267989  0.467926 0.699493 2 3 0.700000 13 0.300000
Leo1A
0  0.964815 -0.109255 3.251495  0.815458 0.025066 0.578274  0.471832 0.657654 2 3 0.700000 13 0.300000
0  0.966950 -0.255430 3.244475  0.802491 0.003919 0.596651  0.454224 0.657044 2 3 0.500000 13 0.500000
0  1.092680 -0.142670 3.002320  0.956958 0.111417 0.267989  0.467926 0.699493 2 3 0.700000 13 0.300000
Leo1A
0  0.801390 -0.220185 3.398285  0.632616 0.007665 0.774428  0.461243 0.610321 2 3 0.500000 13 0.500000
0  0.966950 -0.255430 3.244475  0.802491 0.003919 0.596651  0.454224 0.657044 2 3 0.500000 13 0.500000
0  0.964815 -0.109255 3.251495  0.815458 0.025066 0.578274  0.471832 0.657654 2 3 0.700000 13 0.300000
Leo1A
0  0.812990 -0.066375 3.403775  0.649682 -0.063870 0.757518  0.479858 0.615509 2 3 0.700000 13 0.300000
0  0.801390 -0.220185 3.398285  0.632616 0.007665 0.774428  0.461243 0.610321 2 3 0.500000 13 0.500000
0  0.964815 -0.109255 3.251495  0.815458 0.025066 0.578274  0.471832 0.657654 2 3 0.700000 13 0.300000
Leo1A
0  0.668640 -0.019380 3.506775  0.454450 -0.137501 0.880096  0.480347 0.577881 2 3 0.700000 13 0.300000
0  0.801390 -0.220185 3.398285  0.632616 0.007665 0.774428  0.461243 0.610321 2 3 0.500000 13 0.500000
0  0.812990 -0.066375 3.403775  0.649682 -0.063870 0.757518  0.479858 0.615509 2 3 0.700000 13 0.300000
Leo1A
0  0.812990 -0.066375 3.403775  0.649682 -0.063870 0.757518  0.479858 0.615509 2 3 0.700000 13 0.300000
0  0.843200 0.263670 3.421785  0.774923 -0.156983 0.612251  0.519806 0.626648 3 3 0.800000 4 0.100000 13 0.100000
0  0.668640 -0.019380 3.506775  0.454450 -0.137501 0.880096  0.480347 0.577881 2 3 0.700000 13 0.300000
Leo1A
0  0.843200 0.263670 3.421785  0.774923 -0.156983 0.612251  0.519806 0.626648 3 3 0.800000 4 0.100000 13 0.100000
0  0.713350 0.368500 3.579560  0.545159 -0.202893 0.813410  0.528809 0.586487 2 3 0.900000 13 0.100000
0  0.668640 -0.019380 3.506775  0.454450 -0.137501 0.880096  0.480347 0.577881 2 3 0.700000 13 0.300000
Leo1A
0  0.843200 0.263670 3.421785  0.774923 -0.156983 0.612251  0.519806 0.626648 3 3 0.800000 4 0.100000 13 0.100000
0  0.778505 0.886840 3.657685  0.538774 -0.048195 0.841070  0.586456 0.609009 2 3 0.800000 4 0.200000
0  0.713350 0.368500 3.579560  0.545159 -0.202893 0.813410  0.528809 0.586487 2 3 0.900000 13 0.100000
Leo1A
0  0.778505 0.886840 3.657685  0.538774 -0.048195 0.841070  0.586456 0.609009 2 3 0.800000 4 0.200000
0  0.592650 0.963135 3.751070  0.342823 -0.003259 0.939394  0.588074 0.579620 2 3 0.900000 4 0.100000
0  0.713350 0.368500 3.579560  0.545159 -0.202893 0.813410  0.528809 0.586487 2 3 0.900000 13 0.100000
Leo1A
0  0.567015 -0.591280 3.587950  0.314957 0.032066 0.948564  0.392517 0.550354 2 13 0.700000 3 0.300000
0  0.668640 -0.190125 3.488160  0.488863 0.010588 0.872297  0.456787 0.579559 2 3 0.500000 13 0.500000
0  0.518190 -0.164335 3.557280  0.311780 0.037198 0.949426  0.454712 0.543701 2 3 0.500000 13 0.500000
Leo1A
0  0.756685 -0.729370 3.489685  0.594261 0.053378 0.802499  0.372436 0.609131 3 13 0.750000 3 0.200000 18 0.050000
0  0.668640 -0.190125 3.488160  0.488863 0.010588 0.872297  0.456787 0.579559 2 3 0.500000 13 0.500000
0  0.567015 -0.591280 3.587950  0.314957 0.032066 0.948564  0.392517 0.550354 2 13 0.700000 3 0.300000
Leo1A
0  0.668640 -0.190125 3.488160  0.488863 0.010588 0.872297  0.456787 0.579559 2 3 0.500000 13 0.500000
0  0.756685 -0.729370 3.489685  0.594261 0.053378 0.802499  0.372436 0.609131 3 13 0.750000 3 0.200000 18 0.050000
0  0.801390 -0.220185 3.398285  0.632616 0.007665 0.774428  0.461243 0.610321 2 3 0.500000 13 0.500000
Leo1A
0  0.801390 -0.220185 3.398285  0.632616 0.007665 0.774428  0.461243 0.610321 2 3 0.500000 13 0.500000
0  0.756685 -0.729370 3.489685  0.594261 0.053378 0.802499  0.372436 0.609131 3 13 0.750000 3 0.200000 18 0.050000
0  0.966950 -0.255430 3.244475  0.802491 0.003919 0.596651  0.454224 0.657044 2 3 0.500000 13 0.500000
Leo1A
0  0.966950 -0.255430 3.244475  0.802491 0.003919 0.596651  0.454224 0.657044 2 3 0.500000 13 0.500000
0  0.756685 -0.729370 3.489685  0.594261 0.053378 0.802499  0.372436 0.609131 3 13 0.750000 3 0.200000 18 0.050000
0  0.945435 -0.644990 3.268890  0.829949 0.041114 0.556323  0.409058 0.656494 3 13 0.850000 3 0.100000 18 0.050000
Leo1A
0  1.097565 -0.280610 3.005675  0.952018 0.003185 0.306024  0.447784 0.699127 2 3 0.500000 13 0.500000
0  0.966950 -0.255430 3.244475  0.802491 0.003919 0.596651  0.454224 0.657044 2 3 0.500000 13 0.500000
0  0.945435 -0.644990 3.268890  0.829949 0.041114 0.556323  0.409058 0.656494 3 13 0.850000 3 0.100000 18 0.050000
Leo1A
0  1.060945 -0.717925 3.035430  0.950262 0.015028 0.311089  0.381897 0.701111 3 13 0.850000 3 0.100000 18 0.050000
0  1.097565 -0.280610 3.005675  0.952018 0.003185 0.306024  0.447784 0.699127 2 3 0.500000 13 0.500000
0  0.945435 -0.644990 3.268890  0.829949 0.041114 0.556323  0.409058 0.656494 3 13 0.850000 3 0.100000 18 0.050000
Leo1A
0  1.097565 -0.280610 3.005675  0.952018 0.003185 0.306024  0.447784 0.699127 2 3 0.500000 13 0.500000
0  1.060945 -0.717925 3.035430  0.950262 0.015028 0.311089  0.381897 0.701111 3 13 0.850000 3 0.100000 18 0.050000
0  1.106415 -0.790560 2.811890  0.997523 0.007919 0.069894  0.367676 0.727142 3 13 0.700000 3 0.150000 18 0.150000
Leo1A
0  1.106415 -0.790560 2.811890  0.997523 0.007919 0.069894  0.367676 0.727142 3 13 0.700000 3 0.150000 18 0.150000
0  1.060945 -0.717925 3.035430  0.950262 0.015028 0.311089  0.381897 0.701111 3 13 0.850000 3 0.100000 18 0.050000
0  1.057740 -0.913085 3.104095  0.929255 0.115151 0.351035  0.330994 0.704987 2 13 0.850000 18 0.150000
Leo1A
0  1.060945 -0.717925 3.035430  0.950262 0.015028 0.311089  0.381897 0.701111 3 13 0.850000 3 0.100000 18 0.050000
0  0.945435 -0.644990 3.268890  0.829949 0.041114 0.556323  0.409058 0.656494 3 13 0.850000 3 0.100000 18 0.050000
0  1.057740 -0.913085 3.104095  0.929255 0.115151 0.351035  0.330994 0.704987 2 13 0.850000 18 0.150000
Leo1A
0  1.057740 -0.913085 3.104095  0.929255 0.115151 0.351035  0.330994 0.704987 2 13 0.850000 18 0.150000
0  0.945435 -0.644990 3.268890  0.829949 0.041114 0.556323  0.409058 0.656494 3 13 0.850000 3 0.100000 18 0.050000
0  0.935670 -0.978090 3.351590  0.770213 0.088189 0.631661  0.344849 0.659668 2 13 0.900000 18 0.100000
Leo1A
0  0.945435 -0.644990 3.268890  0.829949 0.041114 0.556323  0.409058 0.656494 3 13 0.850000 3 0.100000 18 0.050000
0  0.756685 -0.729370 3.489685  0.594261 0.053378 0.802499  0.372436 0.609131 3 13 0.750000 3 0.200000 18 0.050000
0  0.935670 -0.978090 3.351590  0.770213 0.088189 0.631661  0.344849 0.659668 2 13 0.900000 18 0.100000
Leo1A
0  0.668640 -0.019380 3.506775  0.454450 -0.137501 0.880096  0.480347 0.577881 2 3 0.700000 13 0.300000
0  0.713350 0.368500 3.579560  0.545159 -0.202893 0.813410  0.528809 0.586487 2 3 0.900000 13 0.100000
0  0.613710 0.431060 3.636625  0.321181 -0.201494 0.925334  0.534851 0.572662 2 3 0.900000 13 0.100000
Leo1A
0  0.668640 -0.019380 3.506775  0.454450 -0.137501 0.880096  0.480347 0.577881 2 3 0.700000 13 0.300000
0  0.613710 0.431060 3.636625  0.321181 -0.201494 0.925334  0.534851 0.572662 2 3 0.900000 13 0.100000
0  0.521240 0.012665 3.561860  0.236498 -0.134320 0.962303  0.479553 0.546387 2 3 0.700000 13 0.300000
Leo1A
0  0.521240 0.012665 3.561860  0.236498 -0.134320 0.962303  0.479553 0.546387 2 3 0.700000 13 0.300000
0  0.613710 0.431060 3.636625  0.321181 -0.201494 0.925334  0.534851 0.572662 2 3 0.900000 13 0.100000
0  0.459900 0.510560 3.693695  0.158543 -0.208059 0.965182  0.535553 0.533356 2 3 0.900000 13 0.100000
Leo1A
0  0.521240 0.012665 3.561860  0.236498 -0.134320 0.962303  0.479553 0.546387 2 3 0.700000 13 0.300000
0  0.459900 0.510560 3.693695  0.158543 -0.208059 0.965182  0.535553 0.533356 2 3 0.900000 13 0.100000
0  0.284120 0.054475 3.593750  0.083369 -0.098904 0.991598  0.476288 0.496307 2 3 0.700000 13 0.300000
Leo1A
0  0.284120 0.054475 3.593750  0.083369 -0.098904 0.991598  0.476288 0.496307 2 3 0.700000 13 0.300000
0  0.459900 0.510560 3.693695  0.158543 -0.208059 0.965182  0.535553 0.533356 2 3 0.900000 13 0.100000
0  0.277100 0.581665 3.725280  0.075705 -0.200002 0.976866  0.536285 0.496643 2 3 0.900000 13 0.100000
Leo1A
0  0.277100 0.581665 3.725280  0.075705 -0.200002 0.976866  0.536285 0.496643 2 3 0.900000 13 0.100000
0  0.459900 0.510560 3.693695  0.158543 -0.208059 0.965182  0.535553 0.533356 2 3 0.900000 13 0.100000
0  0.276335 1.092375 3.807730  0.113735 0.035898 0.992862  0.593750 0.493713 1 3 1.000000
Leo1A
0  0.276335 1.092375 3.807730  0.113735 0.035898 0.992862  0.593750 0.493713 1 3 1.000000
0  0.459900 0.510560 3.693695  0.158543 -0.208059 0.965182  0.535553 0.533356 2 3 0.900000 13 0.100000
0  0.446320 1.023865 3.788450  0.181502 0.015291 0.983272  0.589844 0.531982 2 3 0.950000 4 0.050000
Leo1A
0  0.276335 1.092375 3.807730  0.113735 0.035898 0.992862  0.593750 0.493713 1 3 1.000000
0  0.446320 1.023865 3.788450  0.181502 0.015291 0.983272  0.589844 0.531982 2 3 0.950000 4 0.050000
0  0.514220 1.521760 3.658905  0.311262 0.451594 0.836169  0.671448 0.550201 2 3 0.900000 4 0.100000
Leo1A
0  0.514220 1.521760 3.658905  0.311262 0.451594 0.836169  0.671448 0.550201 2 3 0.900000 4 0.100000
0  0.446320 1.023865 3.788450  0.181502 0.015291 0.983272  0.589844 0.531982 2 3 0.950000 4 0.050000
0  0.592650 0.963135 3.751070  0.342823 -0.003259 0.939394  0.588074 0.579620 2 3 0.900000 4 0.100000
Leo1A
0  0.446320 1.023865 3.788450  0.181502 0.015291 0.983272  0.589844 0.531982 2 3 0.950000 4 0.050000
0  0.459900 0.510560 3.693695  0.158543 -0.208059 0.965182  0.535553 0.533356 2 3 0.900000 13 0.100000
0  0.592650 0.963135 3.751070  0.342823 -0.003259 0.939394  0.588074 0.579620 2 3 0.900000 4 0.100000
Leo1A
0  0.592650 0.963135 3.751070  0.342823 -0.003259 0.939394  0.588074 0.579620 2 3 0.900000 4 0.100000
0  0.459900 0.510560 3.693695  0.158543 -0.208059 0.965182  0.535553 0.533356 2 3 0.900000 13 0.100000
0  0.613710 0.431060 3.636625  0.321181 -0.201494 0.925334  0.534851 0.572662 2 3 0.900000 13 0.100000
Leo1A
0  0.713350 0.368500 3.579560  0.545159 -0.202893 0.813410  0.528809 0.586487 2 3 0.900000 13 0.100000
0  0.592650 0.963135 3.751070  0.342823 -0.003259 0.939394  0.588074 0.579620 2 3 0.900000 4 0.100000
0  0.613710 0.431060 3.636625  0.321181 -0.201494 0.925334  0.534851 0.572662 2 3 0.900000 13 0.100000
Leo1A
0  0.284120 0.054475 3.593750  0.083369 -0.098904 0.991598  0.476288 0.496307 2 3 0.700000 13 0.300000
0  0.298155 -0.124970 3.601535  0.118703 0.045407 0.991891  0.454529 0.500183 2 3 0.500000 13 0.500000
0  0.521240 0.012665 3.561860  0.236498 -0.134320 0.962303  0.479553 0.546387 2 3 0.700000 13 0.300000
Leo1A
0  0.668640 -0.019380 3.506775  0.454450 -0.137501 0.880096  0.480347 0.577881 2 3 0.700000 13 0.300000
0  0.668640 -0.190125 3.488160  0.488863 0.010588 0.872297  0.456787 0.579559 2 3 0.500000 13 0.500000
0  0.801390 -0.220185 3.398285  0.632616 0.007665 0.774428  0.461243 0.610321 2 3 0.500000 13 0.500000
Leo1A
0  0.521240 0.012665 3.561860  0.236498 -0.134320 0.962303  0.479553 0.546387 2 3 0.700000 13 0.300000
0  0.668640 -0.190125 3.488160  0.488863 0.010588 0.872297  0.456787 0.579559 2 3 0.500000 13 0.500000
0  0.668640 -0.019380 3.506775  0.454450 -0.137501 0.880096  0.480347 0.577881 2 3 0.700000 13 0.300000
Leo1A
0  0.521240 0.012665 3.561860  0.236498 -0.134320 0.962303  0.479553 0.546387 2 3 0.700000 13 0.300000
0  0.518190 -0.164335 3.557280  0.311780 0.037198 0.949426  0.454712 0.543701 2 3 0.500000 13 0.500000
0  0.668640 -0.190125 3.488160  0.488863 0.010588 0.872297  0.456787 0.579559 2 3 0.500000 13 0.500000
Leo1A
0  0.298155 -0.124970 3.601535  0.118703 0.045407 0.991891  0.454529 0.500183 2 3 0.500000 13 0.500000
0  0.518190 -0.164335 3.557280  0.311780 0.037198 0.949426  0.454712 0.543701 2 3 0.500000 13 0.500000
0  0.521240 0.012665 3.561860  0.236498 -0.134320 0.962303  0.479553 0.546387 2 3 0.700000 13 0.300000
Leo1A
0  0.518190 -0.164335 3.557280  0.311780 0.037198 0.949426  0.454712 0.543701 2 3 0.500000 13 0.500000
0  0.298155 -0.124970 3.601535  0.118703 0.045407 0.991891  0.454529 0.500183 2 3 0.500000 13 0.500000
0  0.567015 -0.591280 3.587950  0.314957 0.032066 0.948564  0.392517 0.550354 2 13 0.700000 3 0.300000
Leo1A
0  0.567015 -0.591280 3.587950  0.314957 0.032066 0.948564  0.392517 0.550354 2 13 0.700000 3 0.300000
0  0.298155 -0.124970 3.601535  0.118703 0.045407 0.991891  0.454529 0.500183 2 3 0.500000 13 0.500000
0  0.329895 -0.529175 3.618775  0.092624 0.015774 0.995576  0.405548 0.508942 2 13 0.700000 3 0.300000
Leo1A
0  0.329895 -0.529175 3.618775  0.092624 0.015774 0.995576  0.405548 0.508942 2 13 0.700000 3 0.300000
0  0.298155 -0.124970 3.601535  0.118703 0.045407 0.991891  0.454529 0.500183 2 3 0.500000 13 0.500000
0  0.098115 -0.473635 3.628085  0.048768 0.020263 0.998605  0.409882 0.474854 2 13 0.700000 3 0.300000
Leo1A
0  0.098115 -0.473635 3.628085  0.048768 0.020263 0.998605  0.409882 0.474854 2 13 0.700000 3 0.300000
0  0.298155 -0.124970 3.601535  0.118703 0.045407 0.991891  0.454529 0.500183 2 3 0.500000 13 0.500000
0  0.079805 -0.103760 3.615110  0.073544 0.034311 0.996702  0.456879 0.468475 2 3 0.500000 13 0.500000
Leo1A
0  0.298155 -0.124970 3.601535  0.118703 0.045407 0.991891  0.454529 0.500183 2 3 0.500000 13 0.500000
0  0.284120 0.054475 3.593750  0.083369 -0.098904 0.991598  0.476288 0.496307 2 3 0.700000 13 0.300000
0  0.079805 -0.103760 3.615110  0.073544 0.034311 0.996702  0.456879 0.468475 2 3 0.500000 13 0.500000
Leo1A
0  0.079805 -0.103760 3.615110  0.073544 0.034311 0.996702  0.456879 0.468475 2 3 0.500000 13 0.500000
0  0.284120 0.054475 3.593750  0.083369 -0.098904 0.991598  0.476288 0.496307 2 3 0.700000 13 0.300000
0  0.074005 0.105745 3.612060  0.056626 -0.133062 0.989489  0.483063 0.464905 2 3 0.700000 13 0.300000
Leo1A
0  0.284120 0.054475 3.593750  0.083369 -0.098904 0.991598  0.476288 0.496307 2 3 0.700000 13 0.300000
0  0.277100 0.581665 3.725280  0.075705 -0.200002 0.976866  0.536285 0.496643 2 3 0.900000 13 0.100000
0  0.074005 0.105745 3.612060  0.056626 -0.133062 0.989489  0.483063 0.464905 2 3 0.700000 13 0.300000
Leo1A
0  0.074005 0.105745 3.612060  0.056626 -0.133062 0.989489  0.483063 0.464905 2 3 0.700000 13 0.300000
0  0.277100 0.581665 3.725280  0.075705 -0.200002 0.976866  0.536285 0.496643 2 3 0.900000 13 0.100000
0  0.116270 0.614470 3.742215  0.058132 -0.199808 0.978109  0.538574 0.461548 2 3 0.900000 13 0.100000
Leo1A
0  0.277100 0.581665 3.725280  0.075705 -0.200002 0.976866  0.536285 0.496643 2 3 0.900000 13 0.100000
0  0.276335 1.092375 3.807730  0.113735 0.035898 0.992862  0.593750 0.493713 1 3 1.000000
0  0.116270 0.614470 3.742215  0.058132 -0.199808 0.978109  0.538574 0.461548 2 3 0.900000 13 0.100000
Leo1A
0  0.116270 0.614470 3.742215  0.058132 -0.199808 0.978109  0.538574 0.461548 2 3 0.900000 13 0.100000
0  0.276335 1.092375 3.807730  0.113735 0.035898 0.992862  0.593750 0.493713 1 3 1.000000
0  0.144195 1.136320 3.817650  0.089796 0.075634 0.993084  0.595459 0.460419 1 3 1.000000
Leo1A
0  0.144195 1.136320 3.817650  0.089796 0.075634 0.993084  0.595459 0.460419 1 3 1.000000
0  0.276335 1.092375 3.807730  0.113735 0.035898 0.992862  0.593750 0.493713 1 3 1.000000
0  0.271760 1.566620 3.699850  0.144946 0.504982 0.850873  0.679901 0.484192 1 3 1.000000
Leo1A
0  0.138550 1.574250 3.704735  0.061390 0.530554 0.845425  0.683136 0.458374 1 3 1.000000
0  0.144195 1.136320 3.817650  0.089796 0.075634 0.993084  0.595459 0.460419 1 3 1.000000
0  0.271760 1.566620 3.699850  0.144946 0.504982 0.850873  0.679901 0.484192 1 3 1.000000
Leo1A
0  0.271760 1.566620 3.699850  0.144946 0.504982 0.850873  0.679901 0.484192 1 3 1.000000
0  0.072175 1.871185 3.388115  0.104875 0.801343 0.588941  0.749786 0.464569 1 3 1.000000
0  0.138550 1.574250 3.704735  0.061390 0.530554 0.845425  0.683136 0.458374 1 3 1.000000
Leo1A
0  0.232695 1.892240 3.329060  0.122431 0.847484 0.516509  0.784851 0.520844 1 3 1.000000
0  0.072175 1.871185 3.388115  0.104875 0.801343 0.588941  0.749786 0.464569 1 3 1.000000
0  0.271760 1.566620 3.699850  0.144946 0.504982 0.850873  0.679901 0.484192 1 3 1.000000
Leo1A
0  0.938720 -1.775820 3.183745  0.744600 -0.432809 0.508180  0.215393 0.691284 2 13 0.950000 18 0.050000
0  0.816345 -1.869965 3.250120  0.906977 0.418690 -0.045733  0.167023 0.685791 2 13 0.800000 14 0.200000
0  0.830690 -2.057800 2.834015  0.984179 0.060185 -0.166640  0.133453 0.744781 2 13 0.900000 14 0.100000
Leo1A
0  0.774535 -1.804810 3.337250  0.617557 -0.256520 0.743519  0.218262 0.645569 2 13 0.500000 14 0.500000
0  0.816345 -1.869965 3.250120  0.906977 0.418690 -0.045733  0.167023 0.685791 2 13 0.800000 14 0.200000
0  0.938720 -1.775820 3.183745  0.744600 -0.432809 0.508180  0.215393 0.691284 2 13 0.950000 18 0.050000
Leo1A
0  0.844115 -1.618655 3.356015  0.641086 -0.242711 0.728080  0.252228 0.658173 2 13 0.950000 18 0.050000
0  0.774535 -1.804810 3.337250  0.617557 -0.256520 0.743519  0.218262 0.645569 2 13 0.500000 14 0.500000
0  0.938720 -1.775820 3.183745  0.744600 -0.432809 0.508180  0.215393 0.691284 2 13 0.950000 18 0.050000
Leo1A
0  0.655975 -1.762390 3.438720  0.478091 -0.228245 0.848135  0.239777 0.607575 2 13 0.500000 14 0.500000
0  0.774535 -1.804810 3.337250  0.617557 -0.256520 0.743519  0.218262 0.645569 2 13 0.500000 14 0.500000
0  0.844115 -1.618655 3.356015  0.641086 -0.242711 0.728080  0.252228 0.658173 2 13 0.950000 18 0.050000
Leo1A
0  0.728760 -1.433870 3.478240  0.443805 -0.139058 0.885269  0.278137 0.621918 2 13 0.950000 18 0.050000
0  0.655975 -1.762390 3.438720  0.478091 -0.228245 0.848135  0.239777 0.607575 2 13 0.500000 14 0.500000
0  0.844115 -1.618655 3.356015  0.641086 -0.242711 0.728080  0.252228 0.658173 2 13 0.950000 18 0.050000
Leo1A
0  0.479735 -1.709750 3.527220  0.339173 -0.140408 0.930187  0.242188 0.560059 2 13 0.500000 14 0.500000
0  0.655975 -1.762390 3.438720  0.478091 -0.228245 0.848135  0.239777 0.607575 2 13 0.500000 14 0.500000
0  0.728760 -1.433870 3.478240  0.443805 -0.139058 0.885269  0.278137 0.621918 2 13 0.950000 18 0.050000
Leo1A
0  0.514375 -1.247255 3.568930  0.276316 -0.073289 0.958268  0.303253 0.559509 1 13 1.000000
0  0.479735 -1.709750 3.527220  0.339173 -0.140408 0.930187  0.242188 0.560059 2 13 0.500000 14 0.500000
0  0.728760 -1.433870 3.478240  0.443805 -0.139058 0.885269  0.278137 0.621918 2 13 0.950000 18 0.050000
Leo1A
0  0.514375 -1.247255 3.568930  0.276316 -0.073289 0.958268  0.303253 0.559509 1 13 1.000000
0  0.331725 -1.646575 3.582610  0.317712 -0.090006 0.943906  0.243225 0.508179 2 13 0.500000 14 0.500000
0  0.479735 -1.709750 3.527220  0.339173 -0.140408 0.930187  0.242188 0.560059 2 13 0.500000 14 0.500000
Leo1A
0  0.371705 -1.121215 3.609060  0.161725 -0.008909 0.986796  0.320435 0.510529 1 13 1.000000
0  0.331725 -1.646575 3.582610  0.317712 -0.090006 0.943906  0.243225 0.508179 2 13 0.500000 14 0.500000
0  0.514375 -1.247255 3.568930  0.276316 -0.073289 0.958268  0.303253 0.559509 1 13 1.000000
Leo1A
0  0.331725 -1.646575 3.582610  0.317712 -0.090006 0.943906  0.243225 0.508179 2 13 0.500000 14 0.500000
0  0.371705 -1.121215 3.609060  0.161725 -0.008909 0.986796  0.320435 0.510529 1 13 1.000000
0  0.128175 -1.556550 3.668365  0.280936 -0.026466 0.959362  0.243012 0.490723 2 13 0.500000 14 0.500000
Leo1A
0  0.128175 -1.556550 3.668365  0.280936 -0.026466 0.959362  0.243012 0.490723 2 13 0.500000 14 0.500000
0  0.371705 -1.121215 3.609060  0.161725 -0.008909 0.986796  0.320435 0.510529 1 13 1.000000
0  0.101165 -1.060485 3.621725  0.054502 0.034681 0.997911  0.325775 0.472839 1 13 1.000000
Leo1A
0  0.371705 -1.121215 3.609060  0.161725 -0.008909 0.986796  0.320435 0.510529 1 13 1.000000
0  0.098115 -0.473635 3.628085  0.048768 0.020263 0.998605  0.409882 0.474854 2 13 0.700000 3 0.300000
0  0.101165 -1.060485 3.621725  0.054502 0.034681 0.997911  0.325775 0.472839 1 13 1.000000
Leo1A
0  0.329895 -0.529175 3.618775  0.092624 0.015774 0.995576  0.405548 0.508942 2 13 0.700000 3 0.300000
0  0.098115 -0.473635 3.628085  0.048768 0.020263 0.998605  0.409882 0.474854 2 13 0.700000 3 0.300000
0  0.371705 -1.121215 3.609060  0.161725 -0.008909 0.986796  0.320435 0.510529 1 13 1.000000
Leo1A
0  0.547945 -0.988920 3.574425  0.264838 -0.037780 0.963552  0.336365 0.556122 1 13 1.000000
0  0.329895 -0.529175 3.618775  0.092624 0.015774 0.995576  0.405548 0.508942 2 13 0.700000 3 0.300000
0  0.371705 -1.121215 3.609060  0.161725 -0.008909 0.986796  0.320435 0.510529 1 13 1.000000
Leo1A
0  0.567015 -0.591280 3.587950  0.314957 0.032066 0.948564  0.392517 0.550354 2 13 0.700000 3 0.300000
0  0.329895 -0.529175 3.618775  0.092624 0.015774 0.995576  0.405548 0.508942 2 13 0.700000 3 0.300000
0  0.547945 -0.988920 3.574425  0.264838 -0.037780 0.963552  0.336365 0.556122 1 13 1.000000
Leo1A
0  0.755770 -1.114805 3.493805  0.460750 -0.038209 0.886707  0.320709 0.620514 2 13 0.950000 18 0.050000
0  0.567015 -0.591280 3.587950  0.314957 0.032066 0.948564  0.392517 0.550354 2 13 0.700000 3 0.300000
0  0.547945 -0.988920 3.574425  0.264838 -0.037780 0.963552  0.336365 0.556122 1 13 1.000000
Leo1A
0  0.756685 -0.729370 3.489685  0.594261 0.053378 0.802499  0.372436 0.609131 3 13 0.750000 3 0.200000 18 0.050000
0  0.567015 -0.591280 3.587950  0.314957 0.032066 0.948564  0.392517 0.550354 2 13 0.700000 3 0.300000
0  0.755770 -1.114805 3.493805  0.460750 -0.038209 0.886707  0.320709 0.620514 2 13 0.950000 18 0.050000
Leo1A
0  0.945740 -1.278685 3.360135  0.681680 -0.083906 0.726824  0.302063 0.658997 2 13 0.900000 18 0.100000
0  0.756685 -0.729370 3.489685  0.594261 0.053378 0.802499  0.372436 0.609131 3 13 0.750000 3 0.200000 18 0.050000
0  0.755770 -1.114805 3.493805  0.460750 -0.038209 0.886707  0.320709 0.620514 2 13 0.950000 18 0.050000
Leo1A
0  0.514375 -1.247255 3.568930  0.276316 -0.073289 0.958268  0.303253 0.559509 1 13 1.000000
0  0.547945 -0.988920 3.574425  0.264838 -0.037780 0.963552  0.336365 0.556122 1 13 1.000000
0  0.371705 -1.121215 3.609060  0.161725 -0.008909 0.986796  0.320435 0.510529 1 13 1.000000
Leo1A
0  0.755770 -1.114805 3.493805  0.460750 -0.038209 0.886707  0.320709 0.620514 2 13 0.950000 18 0.050000
0  0.547945 -0.988920 3.574425  0.264838 -0.037780 0.963552  0.336365 0.556122 1 13 1.000000
0  0.514375 -1.247255 3.568930  0.276316 -0.073289 0.958268  0.303253 0.559509 1 13 1.000000
Leo1A
0  0.728760 -1.433870 3.478240  0.443805 -0.139058 0.885269  0.278137 0.621918 2 13 0.950000 18 0.050000
0  0.755770 -1.114805 3.493805  0.460750 -0.038209 0.886707  0.320709 0.620514 2 13 0.950000 18 0.050000
0  0.514375 -1.247255 3.568930  0.276316 -0.073289 0.958268  0.303253 0.559509 1 13 1.000000
Leo1A
0  0.945740 -1.278685 3.360135  0.681680 -0.083906 0.726824  0.302063 0.658997 2 13 0.900000 18 0.100000
0  0.755770 -1.114805 3.493805  0.460750 -0.038209 0.886707  0.320709 0.620514 2 13 0.950000 18 0.050000
0  0.728760 -1.433870 3.478240  0.443805 -0.139058 0.885269  0.278137 0.621918 2 13 0.950000 18 0.050000
Leo1A
0  0.844115 -1.618655 3.356015  0.641086 -0.242711 0.728080  0.252228 0.658173 2 13 0.950000 18 0.050000
0  0.945740 -1.278685 3.360135  0.681680 -0.083906 0.726824  0.302063 0.658997 2 13 0.900000 18 0.100000
0  0.728760 -1.433870 3.478240  0.443805 -0.139058 0.885269  0.278137 0.621918 2 13 0.950000 18 0.050000
Leo1A
0  0.844115 -1.618655 3.356015  0.641086 -0.242711 0.728080  0.252228 0.658173 2 13 0.950000 18 0.050000
0  0.938720 -1.775820 3.183745  0.744600 -0.432809 0.508180  0.215393 0.691284 2 13 0.950000 18 0.050000
0  0.945740 -1.278685 3.360135  0.681680 -0.083906 0.726824  0.302063 0.658997 2 13 0.900000 18 0.100000
Leo1A
0  0.938720 -1.775820 3.183745  0.744600 -0.432809 0.508180  0.215393 0.691284 2 13 0.950000 18 0.050000
0  1.068725 -1.311800 3.205260  0.837782 -0.051442 0.543576  0.290192 0.708130 2 13 0.850000 18 0.150000
0  0.945740 -1.278685 3.360135  0.681680 -0.083906 0.726824  0.302063 0.658997 2 13 0.900000 18 0.100000
Leo1A
0  0.529940 -1.456450 0.394440  -0.900512 0.154951 -0.406286  0.435303 0.081635 2 19 0.700000 20 0.300000
0  0.437470 -1.826325 0.568235  -0.872952 -0.308708 -0.377696  0.380676 0.094482 2 20 0.600000 19 0.400000
0  0.430300 -1.438750 0.477755  -0.914128 0.161165 -0.372017  0.435333 0.094482 2 19 0.700000 20 0.300000
Leo1A
0  0.437470 -1.826325 0.568235  -0.872952 -0.308708 -0.377696  0.380676 0.094482 2 20 0.600000 19 0.400000
0  0.437620 -1.459810 0.666655  -0.833209 0.290235 0.470666  0.435333 0.129486 2 19 0.700000 20 0.300000
0  0.430300 -1.438750 0.477755  -0.914128 0.161165 -0.372017  0.435333 0.094482 2 19 0.700000 20 0.300000
Leo1A
0  0.442505 -1.845705 0.753785  -0.852290 -0.210172 0.478988  0.379913 0.129486 2 19 0.600000 20 0.400000
0  0.437620 -1.459810 0.666655  -0.833209 0.290235 0.470666  0.435333 0.129486 2 19 0.700000 20 0.300000
0  0.437470 -1.826325 0.568235  -0.872952 -0.308708 -0.377696  0.380676 0.094482 2 20 0.600000 19 0.400000
Leo1A
0  0.437620 -1.459810 0.666655  -0.833209 0.290235 0.470666  0.435333 0.129486 2 19 0.700000 20 0.300000
0  0.442505 -1.845705 0.753785  -0.852290 -0.210172 0.478988  0.379913 0.129486 2 19 0.600000 20 0.400000
0  0.536040 -1.769865 0.806885  -0.817290 -0.078926 0.570795  0.382812 0.140930 2 19 0.600000 20 0.400000
Leo1A
0  0.536040 -1.769865 0.806885  -0.817290 -0.078926 0.570795  0.382812 0.140930 2 19 0.600000 20 0.400000
0  0.442505 -1.845705 0.753785  -0.852290 -0.210172 0.478988  0.379913 0.129486 2 19 0.600000 20 0.400000
0  0.721285 -2.032165 0.859985  -0.406716 -0.564860 0.717994  0.322693 0.140930 2 19 0.500000 20 0.500000
Leo1A
0  0.721285 -2.032165 0.859985  -0.406716 -0.564860 0.717994  0.322693 0.140930 2 19 0.500000 20 0.500000
0  0.729980 -2.006075 1.113585  -0.471617 -0.877866 -0.083244  0.323914 0.209229 3 19 0.750000 18 0.150000 20 0.100000
0  0.536040 -1.769865 0.806885  -0.817290 -0.078926 0.570795  0.382812 0.140930 2 19 0.600000 20 0.400000
Leo1A
0  0.729980 -2.006075 1.113585  -0.471617 -0.877866 -0.083244  0.323914 0.209229 3 19 0.750000 18 0.150000 20 0.100000
0  0.545350 -1.751555 1.025085  -0.972929 -0.230428 0.017663  0.380707 0.198578 3 19 0.700000 18 0.200000 20 0.100000
0  0.536040 -1.769865 0.806885  -0.817290 -0.078926 0.570795  0.382812 0.140930 2 19 0.600000 20 0.400000
Leo1A
0  0.729980 -2.006075 1.113585  -0.471617 -0.877866 -0.083244  0.323914 0.209229 3 19 0.750000 18 0.150000 20 0.100000
0  0.711060 -2.066805 1.383515  -0.446341 -0.866838 -0.222199  0.324219 0.241791 2 18 0.500000 19 0.500000
0  0.545350 -1.751555 1.025085  -0.972929 -0.230428 0.017663  0.380707 0.198578 3 19 0.700000 18 0.200000 20 0.100000
Leo1A
0  0.545350 -1.751555 1.025085  -0.972929 -0.230428 0.017663  0.380707 0.198578 3 19 0.700000 18 0.200000 20 0.100000
0  0.711060 -2.066805 1.383515  -0.446341 -0.866838 -0.222199  0.324219 0.241791 2 18 0.500000 19 0.500000
0  0.547180 -1.762085 1.263425  -0.950096 -0.267481 -0.160536  0.377808 0.219147 2 18 0.500000 19 0.500000
Leo1A
0  0.656280 -2.164460 1.784820  0.001550 -0.958837 -0.283953  0.335052 0.292938 3 18 0.450000 13 0.400000 19 0.150000
0  0.547180 -1.762085 1.263425  -0.950096 -0.267481 -0.160536  0.377808 0.219147 2 18 0.500000 19 0.500000
0  0.711060 -2.066805 1.383515  -0.446341 -0.866838 -0.222199  0.324219 0.241791 2 18 0.500000 19 0.500000
Leo1A
0  0.494840 -1.933135 1.528470  -0.146906 -0.535373 -0.831742  0.382019 0.261047 3 13 0.700000 18 0.200000 19 0.100000
0  0.547180 -1.762085 1.263425  -0.950096 -0.267481 -0.160536  0.377808 0.219147 2 18 0.500000 19 0.500000
0  0.656280 -2.164460 1.784820  0.001550 -0.958837 -0.283953  0.335052 0.292938 3 18 0.450000 13 0.400000 19 0.150000
Leo1A
0  0.494840 -1.933135 1.528470  -0.146906 -0.535373 -0.831742  0.382019 0.261047 3 13 0.700000 18 0.200000 19 0.100000
0  0.656280 -2.164460 1.784820  0.001550 -0.958837 -0.283953  0.335052 0.292938 3 18 0.450000 13 0.400000 19 0.150000
0  0.460970 -2.094725 1.597290  0.412772 -0.541793 -0.732175  0.386536 0.281433 2 13 0.900000 18 0.100000
Leo1A
0  0.333710 -1.862490 1.494905  0.216338 -0.165029 -0.962270  0.406677 0.269501 2 13 0.900000 18 0.100000
0  0.494840 -1.933135 1.528470  -0.146906 -0.535373 -0.831742  0.382019 0.261047 3 13 0.700000 18 0.200000 19 0.100000
0  0.460970 -2.094725 1.597290  0.412772 -0.541793 -0.732175  0.386536 0.281433 2 13 0.900000 18 0.100000
Leo1A
0  0.331270 -1.483920 1.448820  0.312745 -0.030190 -0.949357  0.435333 0.264221 2 13 0.900000 18 0.100000
0  0.494840 -1.933135 1.528470  -0.146906 -0.535373 -0.831742  0.382019 0.261047 3 13 0.700000 18 0.200000 19 0.100000
0  0.333710 -1.862490 1.494905  0.216338 -0.165029 -0.962270  0.406677 0.269501 2 13 0.900000 18 0.100000
Leo1A
0  0.491335 -1.512755 1.510010  -0.441067 0.123290 -0.888966  0.435333 0.251221 3 13 0.700000 18 0.200000 19 0.100000
0  0.494840 -1.933135 1.528470  -0.146906 -0.535373 -0.831742  0.382019 0.261047 3 13 0.700000 18 0.200000 19 0.100000
0  0.331270 -1.483920 1.448820  0.312745 -0.030190 -0.949357  0.435333 0.264221 2 13 0.900000 18 0.100000
Leo1A
0  0.545195 -1.484070 1.184845  -0.971091 0.200695 -0.129246  0.435333 0.210541 2 18 0.500000 19 0.500000
0  0.494840 -1.933135 1.528470  -0.146906 -0.535373 -0.831742  0.382019 0.261047 3 13 0.700000 18 0.200000 19 0.100000
0  0.491335 -1.512755 1.510010  -0.441067 0.123290 -0.888966  0.435333 0.251221 3 13 0.700000 18 0.200000 19 0.100000
Leo1A
0  0.545195 -1.484070 1.184845  -0.971091 0.200695 -0.129246  0.435333 0.210541 2 18 0.500000 19 0.500000
0  0.547180 -1.762085 1.263425  -0.950096 -0.267481 -0.160536  0.377808 0.219147 2 18 0.500000 19 0.500000
0  0.494840 -1.933135 1.528470  -0.146906 -0.535373 -0.831742  0.382019 0.261047 3 13 0.700000 18 0.200000 19 0.100000
Leo1A
0  0.571290 -1.479340 0.942995  -0.963345 0.268116 0.008971  0.435333 0.192688 3 19 0.700000 18 0.200000 20 0.100000
0  0.547180 -1.762085 1.263425  -0.950096 -0.267481 -0.160536  0.377808 0.219147 2 18 0.500000 19 0.500000
0  0.545195 -1.484070 1.184845  -0.971091 0.200695 -0.129246  0.435333 0.210541 2 18 0.500000 19 0.500000
Leo1A
0  0.545350 -1.751555 1.025085  -0.972929 -0.230428 0.017663  0.380707 0.198578 3 19 0.700000 18 0.200000 20 0.100000
0  0.547180 -1.762085 1.263425  -0.950096 -0.267481 -0.160536  0.377808 0.219147 2 18 0.500000 19 0.500000
0  0.571290 -1.479340 0.942995  -0.963345 0.268116 0.008971  0.435333 0.192688 3 19 0.700000 18 0.200000 20 0.100000
Leo1A
0  0.536040 -1.769865 0.806885  -0.817290 -0.078926 0.570795  0.382812 0.140930 2 19 0.600000 20 0.400000
0  0.545350 -1.751555 1.025085  -0.972929 -0.230428 0.017663  0.380707 0.198578 3 19 0.700000 18 0.200000 20 0.100000
0  0.571290 -1.479340 0.942995  -0.963345 0.268116 0.008971  0.435333 0.192688 3 19 0.700000 18 0.200000 20 0.100000
Leo1A
0  0.548860 -1.476285 0.732115  -0.752886 0.352538 0.555769  0.435333 0.140930 2 19 0.700000 20 0.300000
0  0.536040 -1.769865 0.806885  -0.817290 -0.078926 0.570795  0.382812 0.140930 2 19 0.600000 20 0.400000
0  0.571290 -1.479340 0.942995  -0.963345 0.268116 0.008971  0.435333 0.192688 3 19 0.700000 18 0.200000 20 0.100000
Leo1A
0  0.437620 -1.459810 0.666655  -0.833209 0.290235 0.470666  0.435333 0.129486 2 19 0.700000 20 0.300000
0  0.536040 -1.769865 0.806885  -0.817290 -0.078926 0.570795  0.382812 0.140930 2 19 0.600000 20 0.400000
0  0.548860 -1.476285 0.732115  -0.752886 0.352538 0.555769  0.435333 0.140930 2 19 0.700000 20 0.300000
Leo1A
0  0.293905 1.010240 -0.001590  -0.701104 0.025555 -0.712601  0.284882 0.744171 1 6 1.000000
0  0.486475 1.591905 0.010315  -0.394547 0.248918 -0.884518  0.278565 0.825500 1 6 1.000000
0  0.662560 0.906480 -0.007540  -0.006534 0.015336 -0.999861  0.247406 0.738922 1 6 1.000000
Leo1A
0  0.486475 1.591905 0.010315  -0.394547 0.248918 -0.884518  0.278565 0.825500 1 6 1.000000
0  0.957055 1.667135 0.005280  0.019521 0.241463 -0.970214  0.236023 0.826965 1 6 1.000000
0  0.662560 0.906480 -0.007540  -0.006534 0.015336 -0.999861  0.247406 0.738922 1 6 1.000000
Leo1A
0  0.662560 0.906480 -0.007540  -0.006534 0.015336 -0.999861  0.247406 0.738922 1 6 1.000000
0  0.957055 1.667135 0.005280  0.019521 0.241463 -0.970214  0.236023 0.826965 1 6 1.000000
0  1.115595 0.905110 -0.007690  0.019965 0.017613 -0.999646  0.215546 0.740021 1 6 1.000000
Leo1A
0  0.957055 1.667135 0.005280  0.019521 0.241463 -0.970214  0.236023 0.826965 1 6 1.000000
0  1.343710 1.569475 0.018860  0.450142 0.225684 -0.863967  0.193451 0.828461 1 6 1.000000
0  1.115595 0.905110 -0.007690  0.019965 0.017613 -0.999646  0.215546 0.740021 1 6 1.000000
Leo1A
0  1.115595 0.905110 -0.007690  0.019965 0.017613 -0.999646  0.215546 0.740021 1 6 1.000000
0  1.343710 1.569475 0.018860  0.450142 0.225684 -0.863967  0.193451 0.828461 1 6 1.000000
0  1.546960 1.007495 0.011995  0.768581 -0.046435 -0.638065  0.181213 0.747803 1 6 1.000000
Leo1A
0  1.179985 0.696215 -0.009065  -0.013358 -0.566649 -0.823851  0.212921 0.723999 1 6 1.000000
0  1.546960 1.007495 0.011995  0.768581 -0.046435 -0.638065  0.181213 0.747803 1 6 1.000000
0  1.483025 0.802110 0.001310  0.581863 -0.412685 -0.700804  0.190857 0.731323 1 6 1.000000
Leo1A
0  1.115595 0.905110 -0.007690  0.019965 0.017613 -0.999646  0.215546 0.740021 1 6 1.000000
0  1.546960 1.007495 0.011995  0.768581 -0.046435 -0.638065  0.181213 0.747803 1 6 1.000000
0  1.179985 0.696215 -0.009065  -0.013358 -0.566649 -0.823851  0.212921 0.723999 1 6 1.000000
Leo1A
0  1.130545 0.719410 -0.009675  0.017576 -0.351539 -0.936008  0.214478 0.727142 1 6 1.000000
0  1.115595 0.905110 -0.007690  0.019965 0.017613 -0.999646  0.215546 0.740021 1 6 1.000000
0  1.179985 0.696215 -0.009065  -0.013358 -0.566649 -0.823851  0.212921 0.723999 1 6 1.000000
Leo1A
0  1.074700 0.686600 -0.009675  0.167071 -0.535032 -0.828148  0.215790 0.723877 1 6 1.000000
0  1.115595 0.905110 -0.007690  0.019965 0.017613 -0.999646  0.215546 0.740021 1 6 1.000000
0  1.130545 0.719410 -0.009675  0.017576 -0.351539 -0.936008  0.214478 0.727142 1 6 1.000000
Leo1A
0  0.713370 0.686905 -0.009675  -0.124194 -0.520544 -0.844755  0.244751 0.722870 1 6 1.000000
0  1.115595 0.905110 -0.007690  0.019965 0.017613 -0.999646  0.215546 0.740021 1 6 1.000000
0  1.074700 0.686600 -0.009675  0.167071 -0.535032 -0.828148  0.215790 0.723877 1 6 1.000000
Leo1A
0  0.662560 0.906480 -0.007540  -0.006534 0.015336 -0.999861  0.247406 0.738922 1 6 1.000000
0  1.115595 0.905110 -0.007690  0.019965 0.017613 -0.999646  0.215546 0.740021 1 6 1.000000
0  0.713370 0.686905 -0.009675  -0.124194 -0.520544 -0.844755  0.244751 0.722870 1 6 1.000000
Leo1A
0  0.649285 0.719560 -0.009675  -0.038326 -0.369890 -0.928285  0.247009 0.726013 1 6 1.000000
0  0.662560 0.906480 -0.007540  -0.006534 0.015336 -0.999861  0.247406 0.738922 1 6 1.000000
0  0.713370 0.686905 -0.009675  -0.124194 -0.520544 -0.844755  0.244751 0.722870 1 6 1.000000
Leo1A
0  0.587485 0.696215 -0.009065  0.006647 -0.582108 -0.813084  0.249420 0.722717 1 6 1.000000
0  0.662560 0.906480 -0.007540  -0.006534 0.015336 -0.999861  0.247406 0.738922 1 6 1.000000
0  0.649285 0.719560 -0.009675  -0.038326 -0.369890 -0.928285  0.247009 0.726013 1 6 1.000000
Leo1A
0  0.662560 0.906480 -0.007540  -0.006534 0.015336 -0.999861  0.247406 0.738922 1 6 1.000000
0  0.587485 0.696215 -0.009065  0.006647 -0.582108 -0.813084  0.249420 0.722717 1 6 1.000000
0  0.293905 1.010240 -0.001590  -0.701104 0.025555 -0.712601  0.284882 0.744171 1 6 1.000000
Leo1A
0  0.293905 1.010240 -0.001590  -0.701104 0.025555 -0.712601  0.284882 0.744171 1 6 1.000000
0  0.587485 0.696215 -0.009065  0.006647 -0.582108 -0.813084  0.249420 0.722717 1 6 1.000000
0  0.318780 0.798755 0.001465  -0.593261 -0.370856 -0.714498  0.272949 0.728485 1 6 1.000000
Leo1A
0  -0.768740 1.981505 2.388305  -0.184511 0.973199 -0.137260  0.557129 0.314178 2 3 0.500000 7 0.500000
0  -0.647585 2.005005 2.469940  -0.057720 0.981438 -0.182887  0.534943 0.354980 2 3 0.600000 7 0.400000
0  -0.472565 1.944120 2.327730  -0.085286 0.865513 -0.493573  0.521820 0.307281 2 3 0.500000 7 0.500000
Leo1A
0  -0.806730 1.989900 2.651215  -0.299446 0.951770 0.066828  0.562988 0.377838 2 3 0.700000 7 0.300000
0  -0.647585 2.005005 2.469940  -0.057720 0.981438 -0.182887  0.534943 0.354980 2 3 0.600000 7 0.400000
0  -0.768740 1.981505 2.388305  -0.184511 0.973199 -0.137260  0.557129 0.314178 2 3 0.500000 7 0.500000
Leo1A
0  -1.056520 1.861570 2.689975  -0.675204 0.732292 0.088588  0.614288 0.374054 2 3 0.600000 7 0.400000
0  -0.806730 1.989900 2.651215  -0.299446 0.951770 0.066828  0.562988 0.377838 2 3 0.700000 7 0.300000
0  -0.768740 1.981505 2.388305  -0.184511 0.973199 -0.137260  0.557129 0.314178 2 3 0.500000 7 0.500000
Leo1A
0  -1.005705 1.815645 2.942355  -0.654476 0.685180 0.319669  0.616058 0.403076 2 3 0.600000 7 0.400000
0  -0.806730 1.989900 2.651215  -0.299446 0.951770 0.066828  0.562988 0.377838 2 3 0.700000 7 0.300000
0  -1.056520 1.861570 2.689975  -0.675204 0.732292 0.088588  0.614288 0.374054 2 3 0.600000 7 0.400000
Leo1A
0  -1.176300 1.638945 2.813265  -0.878524 0.419378 0.228730  0.649658 0.370972 2 3 0.500000 7 0.500000
0  -1.005705 1.815645 2.942355  -0.654476 0.685180 0.319669  0.616058 0.403076 2 3 0.600000 7 0.400000
0  -1.056520 1.861570 2.689975  -0.675204 0.732292 0.088588  0.614288 0.374054 2 3 0.600000 7 0.400000
Leo1A
0  -1.078340 1.560060 3.108370  -0.814348 0.376167 0.441969  0.673004 0.423065 2 3 0.600000 7 0.400000
0  -1.005705 1.815645 2.942355  -0.654476 0.685180 0.319669  0.616058 0.403076 2 3 0.600000 7 0.400000
0  -1.176300 1.638945 2.813265  -0.878524 0.419378 0.228730  0.649658 0.370972 2 3 0.500000 7 0.500000
Leo1A
0  -1.182405 1.328275 3.063965  -0.907934 0.193063 0.371999  0.699951 0.406738 2 3 0.500000 7 0.500000
0  -1.078340 1.560060 3.108370  -0.814348 0.376167 0.441969  0.673004 0.423065 2 3 0.600000 7 0.400000
0  -1.176300 1.638945 2.813265  -0.878524 0.419378 0.228730  0.649658 0.370972 2 3 0.500000 7 0.500000
Leo1A
0  -1.058805 1.237795 3.344725  -0.817927 0.164811 0.551210  0.724731 0.439362 2 3 0.600000 7 0.400000
0  -1.078340 1.560060 3.108370  -0.814348 0.376167 0.441969  0.673004 0.423065 2 3 0.600000 7 0.400000
0  -1.182405 1.328275 3.063965  -0.907934 0.193063 0.371999  0.699951 0.406738 2 3 0.500000 7 0.500000
end
